﻿<?xml version="1.0" encoding="UTF-8"?>
<!-- Copyright 2001-2018 Opta Sportsdata Ltd. All rights reserved. -->
<!-- PRODUCTION HEADER
     produced on:        valde-jobq-a03.nexus.opta.net
     production time:    20181215T181214,721Z
     production module:  Opta::Feed::XML::Soccer::F27
-->
<SoccerFeed act_minute="94" act_period="2" act_second="55" away_team_id="957" away_team_name="Leganés" competition_id="23" competition_name="Spanish La Liga" game_date="2018-12-14 20:00:00" game_id="1009467" home_team_id="176" home_team_name="Celta de Vigo" season_id="2018" season_name="Season 2018/2019" team_id="957" team_name="Leganés">
  <Player cross_lost="0" cross_success="0" jersey_num="17" pass_lost="0" pass_success="2" player_id="90483" player_name="Javier Eraso" position="Substitute" position_id="5" sub_on="80" x="44.94" y="21.68">
    <Player player_id="161030" player_name="Gerard Gumbau">1</Player>
    <Player player_id="47645" player_name="Juanfran">1</Player>
  </Player>
  <Player cross_lost="0" cross_success="0" jersey_num="23" pass_lost="6" pass_success="17" player_id="197326" player_name="Mikel Vesga" position="Midfielder" position_id="3" x="36.11" y="46.59">
    <Player player_id="161030" player_name="Gerard Gumbau">2</Player>
    <Player player_id="234991" player_name="Youssef En-Nesyri">1</Player>
    <Player player_id="223757" player_name="Óscar Rodríguez">4</Player>
    <Player player_id="112540" player_name="Unai Bustinza">1</Player>
    <Player player_id="116132" player_name="Jonathan Silva">3</Player>
    <Player player_id="112991" player_name="Kenneth Omeruo">1</Player>
    <Player player_id="47645" player_name="Juanfran">3</Player>
    <Player player_id="98914" player_name="Guido Carrillo">2</Player>
  </Player>
  <Player cross_lost="1" cross_success="0" jersey_num="6" pass_lost="8" pass_success="9" player_id="161030" player_name="Gerard Gumbau" position="Midfielder" position_id="3" x="44.21" y="66.68">
    <Player player_id="197326" player_name="Mikel Vesga">2</Player>
    <Player player_id="223757" player_name="Óscar Rodríguez">1</Player>
    <Player player_id="53020" player_name="Dimitrios Siovas">2</Player>
    <Player player_id="116132" player_name="Jonathan Silva">3</Player>
    <Player player_id="112991" player_name="Kenneth Omeruo">1</Player>
  </Player>
  <Player cross_lost="0" cross_success="0" jersey_num="18" pass_lost="0" pass_success="0" player_id="197332" player_name="Sabin Merino" position="Substitute" position_id="5" sub_on="90+1" x="4.40" y="46.40" />
  <Player cross_lost="0" cross_success="0" jersey_num="1" pass_lost="15" pass_success="16" player_id="16261" player_name="Iván Cuéllar" position="Goalkeeper" position_id="1" x="8.90" y="47.95">
    <Player player_id="234991" player_name="Youssef En-Nesyri">3</Player>
    <Player player_id="223757" player_name="Óscar Rodríguez">1</Player>
    <Player player_id="53020" player_name="Dimitrios Siovas">5</Player>
    <Player player_id="235652" player_name="Daniel Ojeda">1</Player>
    <Player player_id="98914" player_name="Guido Carrillo">6</Player>
  </Player>
  <Player cross_lost="0" cross_success="0" jersey_num="26" pass_lost="6" pass_success="6" player_id="234991" player_name="Youssef En-Nesyri" position="Forward" position_id="4" sub_off="90+1" x="48.57" y="56.16">
    <Player player_id="234991" player_name="Youssef En-Nesyri">1</Player>
    <Player player_id="223757" player_name="Óscar Rodríguez">2</Player>
    <Player player_id="53020" player_name="Dimitrios Siovas">1</Player>
    <Player player_id="47645" player_name="Juanfran">1</Player>
    <Player player_id="98914" player_name="Guido Carrillo">1</Player>
  </Player>
  <Player cross_lost="0" cross_success="1" jersey_num="27" pass_lost="8" pass_success="12" player_id="223757" player_name="Óscar Rodríguez" position="Midfielder" position_id="3" sub_off="86" x="47.88" y="28.79">
    <Player cross="1" player_id="197326" player_name="Mikel Vesga">3</Player>
    <Player player_id="161030" player_name="Gerard Gumbau">1</Player>
    <Player player_id="234991" player_name="Youssef En-Nesyri">1</Player>
    <Player player_id="116132" player_name="Jonathan Silva">1</Player>
    <Player player_id="47645" player_name="Juanfran">6</Player>
  </Player>
  <Player cross_lost="0" cross_success="0" jersey_num="3" pass_lost="7" pass_success="11" player_id="112540" player_name="Unai Bustinza" position="Defender" position_id="2" x="27.87" y="32.28">
    <Player player_id="197326" player_name="Mikel Vesga">2</Player>
    <Player player_id="16261" player_name="Iván Cuéllar">1</Player>
    <Player player_id="234991" player_name="Youssef En-Nesyri">1</Player>
    <Player player_id="223757" player_name="Óscar Rodríguez">1</Player>
    <Player player_id="47645" player_name="Juanfran">2</Player>
    <Player player_id="112991" player_name="Kenneth Omeruo">1</Player>
    <Player player_id="98914" player_name="Guido Carrillo">3</Player>
  </Player>
  <Player cross_lost="0" cross_success="0" jersey_num="22" pass_lost="7" pass_success="13" player_id="53020" player_name="Dimitrios Siovas" position="Defender" position_id="2" x="23.11" y="75.33">
    <Player player_id="197326" player_name="Mikel Vesga">1</Player>
    <Player player_id="161030" player_name="Gerard Gumbau">1</Player>
    <Player player_id="16261" player_name="Iván Cuéllar">4</Player>
    <Player player_id="234991" player_name="Youssef En-Nesyri">1</Player>
    <Player player_id="223757" player_name="Óscar Rodríguez">1</Player>
    <Player player_id="116132" player_name="Jonathan Silva">3</Player>
    <Player player_id="112991" player_name="Kenneth Omeruo">2</Player>
  </Player>
  <Player cross_lost="0" cross_success="1" jersey_num="5" pass_lost="9" pass_success="7" player_id="116132" player_name="Jonathan Silva" position="Defender" position_id="2" x="33.41" y="88.24">
    <Player player_id="161030" player_name="Gerard Gumbau">2</Player>
    <Player player_id="16261" player_name="Iván Cuéllar">1</Player>
    <Player cross="1" player_id="234991" player_name="Youssef En-Nesyri">1</Player>
    <Player player_id="223757" player_name="Óscar Rodríguez">1</Player>
    <Player player_id="53020" player_name="Dimitrios Siovas">1</Player>
    <Player player_id="98914" player_name="Guido Carrillo">1</Player>
  </Player>
  <Player cross_lost="0" cross_success="0" jersey_num="7" pass_lost="1" pass_success="0" player_id="235652" player_name="Daniel Ojeda" position="Substitute" position_id="5" sub_on="86" x="57.10" y="49.70" />
  <Player cross_lost="0" cross_success="0" jersey_num="24" pass_lost="4" pass_success="6" player_id="112991" player_name="Kenneth Omeruo" position="Defender" position_id="2" x="25.38" y="46.06">
    <Player player_id="161030" player_name="Gerard Gumbau">1</Player>
    <Player player_id="223757" player_name="Óscar Rodríguez">1</Player>
    <Player player_id="112540" player_name="Unai Bustinza">1</Player>
    <Player player_id="53020" player_name="Dimitrios Siovas">3</Player>
  </Player>
  <Player cross_lost="3" cross_success="0" jersey_num="2" pass_lost="4" pass_success="13" player_id="47645" player_name="Juanfran" position="Defender" position_id="2" x="49.05" y="17.39">
    <Player player_id="90483" player_name="Javier Eraso">1</Player>
    <Player player_id="161030" player_name="Gerard Gumbau">1</Player>
    <Player player_id="234991" player_name="Youssef En-Nesyri">4</Player>
    <Player player_id="223757" player_name="Óscar Rodríguez">5</Player>
    <Player player_id="112540" player_name="Unai Bustinza">2</Player>
  </Player>
  <Player cross_lost="0" cross_success="0" jersey_num="9" pass_lost="5" pass_success="12" player_id="98914" player_name="Guido Carrillo" position="Forward" position_id="4" sub_off="80" x="57.51" y="47.48">
    <Player player_id="197326" player_name="Mikel Vesga">1</Player>
    <Player player_id="161030" player_name="Gerard Gumbau">3</Player>
    <Player player_id="223757" player_name="Óscar Rodríguez">2</Player>
    <Player player_id="112540" player_name="Unai Bustinza">1</Player>
    <Player player_id="116132" player_name="Jonathan Silva">1</Player>
    <Player player_id="47645" player_name="Juanfran">3</Player>
    <Player player_id="98914" player_name="Guido Carrillo">1</Player>
  </Player>
</SoccerFeed>