﻿<?xml version="1.0" encoding="UTF-8"?>
<!-- Copyright 2001-2019 Opta Sportsdata Ltd. All rights reserved. -->
<!-- PRODUCTION HEADER
     produced on:        valde-jobq-a03.nexus.opta.net
     production time:    20190219T183621,590Z
     production module:  Opta::Feed::XML::Soccer::F27
-->
<SoccerFeed act_minute="95" act_period="2" act_second="10" away_team_id="173" away_team_name="Alavés" competition_id="23" competition_name="Spanish La Liga" game_date="2019-02-17 19:45:00" game_id="1009549" home_team_id="185" home_team_name="Real Betis" season_id="2018" season_name="Season 2018/2019" team_id="173" team_name="Alavés">
  <Player cross_lost="0" cross_success="0" jersey_num="19" pass_lost="7" pass_success="8" player_id="55378" player_name="Manu García" position="Substitute" position_id="5" sub_on="59" x="35.42" y="55.57">
    <Player player_id="84700" player_name="Darko Brasanac">1</Player>
    <Player player_id="92190" player_name="Jony">2</Player>
    <Player player_id="148011" player_name="Diego Rolan">1</Player>
    <Player player_id="49370" player_name="Víctor Laguardia">2</Player>
    <Player player_id="80956" player_name="Tomás Pina">2</Player>
  </Player>
  <Player cross_lost="0" cross_success="0" jersey_num="12" pass_lost="6" pass_success="14" player_id="168287" player_name="Jonathan Calleri" position="Forward" position_id="4" x="62.82" y="50.14">
    <Player player_id="55378" player_name="Manu García">1</Player>
    <Player player_id="103263" player_name="Takashi Inui">1</Player>
    <Player player_id="90728" player_name="Ximo Navarro">2</Player>
    <Player player_id="55179" player_name="Mubarak Wakaso">1</Player>
    <Player player_id="84700" player_name="Darko Brasanac">4</Player>
    <Player player_id="126119" player_name="Rubén Duarte">1</Player>
    <Player player_id="92190" player_name="Jony">4</Player>
  </Player>
  <Player cross_lost="0" cross_success="0" jersey_num="17" pass_lost="3" pass_success="4" player_id="178873" player_name="Adrián Marín" position="Substitute" position_id="5" sub_on="59" x="20.44" y="77.08">
    <Player player_id="55378" player_name="Manu García">2</Player>
    <Player player_id="168287" player_name="Jonathan Calleri">1</Player>
    <Player player_id="90728" player_name="Ximo Navarro">1</Player>
  </Player>
  <Player cross_lost="0" cross_success="0" jersey_num="1" pass_lost="21" pass_success="14" player_id="91406" player_name="Fernando Pacheco" position="Goalkeeper" position_id="1" x="8.80" y="50.51">
    <Player player_id="55378" player_name="Manu García">2</Player>
    <Player player_id="168287" player_name="Jonathan Calleri">3</Player>
    <Player player_id="90728" player_name="Ximo Navarro">1</Player>
    <Player player_id="103263" player_name="Takashi Inui">1</Player>
    <Player player_id="155335" player_name="Guillermo Maripán">1</Player>
    <Player player_id="55179" player_name="Mubarak Wakaso">1</Player>
    <Player player_id="80956" player_name="Tomás Pina">1</Player>
    <Player player_id="49370" player_name="Víctor Laguardia">4</Player>
  </Player>
  <Player cross_lost="1" cross_success="0" jersey_num="15" pass_lost="3" pass_success="24" player_id="90728" player_name="Ximo Navarro" position="Defender" position_id="2" x="46.66" y="17.15">
    <Player player_id="168287" player_name="Jonathan Calleri">1</Player>
    <Player player_id="91406" player_name="Fernando Pacheco">3</Player>
    <Player player_id="103263" player_name="Takashi Inui">5</Player>
    <Player player_id="55179" player_name="Mubarak Wakaso">1</Player>
    <Player player_id="84700" player_name="Darko Brasanac">5</Player>
    <Player player_id="155335" player_name="Guillermo Maripán">1</Player>
    <Player player_id="148011" player_name="Diego Rolan">1</Player>
    <Player player_id="80956" player_name="Tomás Pina">3</Player>
    <Player player_id="49370" player_name="Víctor Laguardia">4</Player>
  </Player>
  <Player cross_lost="4" cross_success="0" jersey_num="11" pass_lost="6" pass_success="16" player_id="103263" player_name="Takashi Inui" position="Midfielder" position_id="3" sub_off="83" x="58.79" y="23.87">
    <Player player_id="168287" player_name="Jonathan Calleri">1</Player>
    <Player player_id="90728" player_name="Ximo Navarro">6</Player>
    <Player player_id="55179" player_name="Mubarak Wakaso">1</Player>
    <Player player_id="84700" player_name="Darko Brasanac">3</Player>
    <Player player_id="92190" player_name="Jony">2</Player>
    <Player player_id="49370" player_name="Víctor Laguardia">3</Player>
  </Player>
  <Player cross_lost="1" cross_success="0" jersey_num="3" pass_lost="4" pass_success="15" player_id="126119" player_name="Rubén Duarte" position="Defender" position_id="2" sub_off="59" x="40.55" y="82.99">
    <Player player_id="168287" player_name="Jonathan Calleri">3</Player>
    <Player player_id="91406" player_name="Fernando Pacheco">2</Player>
    <Player player_id="155335" player_name="Guillermo Maripán">3</Player>
    <Player player_id="55179" player_name="Mubarak Wakaso">1</Player>
    <Player player_id="92190" player_name="Jony">5</Player>
    <Player player_id="49370" player_name="Víctor Laguardia">1</Player>
  </Player>
  <Player cross_lost="0" cross_success="0" jersey_num="6" pass_lost="4" pass_success="24" player_id="155335" player_name="Guillermo Maripán" position="Defender" position_id="2" x="32.61" y="66.87">
    <Player player_id="91406" player_name="Fernando Pacheco">3</Player>
    <Player player_id="90728" player_name="Ximo Navarro">2</Player>
    <Player player_id="55179" player_name="Mubarak Wakaso">3</Player>
    <Player player_id="126119" player_name="Rubén Duarte">4</Player>
    <Player player_id="92190" player_name="Jony">1</Player>
    <Player player_id="148011" player_name="Diego Rolan">1</Player>
    <Player player_id="49370" player_name="Víctor Laguardia">5</Player>
    <Player player_id="80956" player_name="Tomás Pina">4</Player>
  </Player>
  <Player cross_lost="1" cross_success="0" jersey_num="20" pass_lost="7" pass_success="24" player_id="84700" player_name="Darko Brasanac" position="Midfielder" position_id="3" x="50.59" y="38.11">
    <Player player_id="55378" player_name="Manu García">1</Player>
    <Player player_id="168287" player_name="Jonathan Calleri">4</Player>
    <Player player_id="103263" player_name="Takashi Inui">3</Player>
    <Player player_id="90728" player_name="Ximo Navarro">6</Player>
    <Player player_id="55179" player_name="Mubarak Wakaso">2</Player>
    <Player player_id="155335" player_name="Guillermo Maripán">2</Player>
    <Player player_id="92190" player_name="Jony">3</Player>
    <Player player_id="80956" player_name="Tomás Pina">1</Player>
    <Player player_id="49370" player_name="Víctor Laguardia">2</Player>
  </Player>
  <Player cross_lost="0" cross_success="0" jersey_num="22" pass_lost="4" pass_success="18" player_id="55179" player_name="Mubarak Wakaso" position="Midfielder" position_id="3" sub_off="59" x="48.02" y="63.51">
    <Player player_id="168287" player_name="Jonathan Calleri">1</Player>
    <Player player_id="91406" player_name="Fernando Pacheco">1</Player>
    <Player player_id="84700" player_name="Darko Brasanac">2</Player>
    <Player player_id="126119" player_name="Rubén Duarte">4</Player>
    <Player player_id="155335" player_name="Guillermo Maripán">1</Player>
    <Player player_id="92190" player_name="Jony">4</Player>
    <Player player_id="80956" player_name="Tomás Pina">4</Player>
    <Player player_id="49370" player_name="Víctor Laguardia">1</Player>
  </Player>
  <Player cross_lost="4" cross_success="3" jersey_num="23" pass_lost="10" pass_success="18" player_id="92190" player_name="Jony" position="Midfielder" position_id="3" x="56.24" y="80.51">
    <Player player_id="55378" player_name="Manu García">1</Player>
    <Player player_id="178873" player_name="Adrián Marín">1</Player>
    <Player player_id="103263" player_name="Takashi Inui">1</Player>
    <Player cross="1" player_id="49370" player_name="Víctor Laguardia">0</Player>
    <Player cross="2" player_id="168287" player_name="Jonathan Calleri">4</Player>
    <Player player_id="90728" player_name="Ximo Navarro">1</Player>
    <Player player_id="155335" player_name="Guillermo Maripán">2</Player>
    <Player player_id="84700" player_name="Darko Brasanac">2</Player>
    <Player player_id="126119" player_name="Rubén Duarte">2</Player>
    <Player player_id="55179" player_name="Mubarak Wakaso">2</Player>
    <Player player_id="80956" player_name="Tomás Pina">2</Player>
  </Player>
  <Player cross_lost="0" cross_success="0" jersey_num="9" pass_lost="1" pass_success="3" player_id="148011" player_name="Diego Rolan" position="Substitute" position_id="5" sub_on="83" x="45.17" y="20.39">
    <Player player_id="90728" player_name="Ximo Navarro">1</Player>
    <Player player_id="84700" player_name="Darko Brasanac">1</Player>
    <Player player_id="80956" player_name="Tomás Pina">1</Player>
  </Player>
  <Player cross_lost="0" cross_success="0" jersey_num="5" pass_lost="3" pass_success="30" player_id="49370" player_name="Víctor Laguardia" position="Defender" position_id="2" x="32.42" y="33.78">
    <Player player_id="55378" player_name="Manu García">1</Player>
    <Player player_id="178873" player_name="Adrián Marín">1</Player>
    <Player player_id="103263" player_name="Takashi Inui">3</Player>
    <Player player_id="92190" player_name="Jony">1</Player>
    <Player player_id="168287" player_name="Jonathan Calleri">4</Player>
    <Player player_id="91406" player_name="Fernando Pacheco">4</Player>
    <Player player_id="90728" player_name="Ximo Navarro">1</Player>
    <Player player_id="55179" player_name="Mubarak Wakaso">2</Player>
    <Player player_id="155335" player_name="Guillermo Maripán">3</Player>
    <Player player_id="84700" player_name="Darko Brasanac">3</Player>
    <Player player_id="126119" player_name="Rubén Duarte">1</Player>
    <Player player_id="148011" player_name="Diego Rolan">1</Player>
    <Player player_id="80956" player_name="Tomás Pina">5</Player>
  </Player>
  <Player cross_lost="0" cross_success="0" jersey_num="8" pass_lost="6" pass_success="35" player_id="80956" player_name="Tomás Pina" position="Midfielder" position_id="3" x="44.10" y="53.01">
    <Player player_id="55378" player_name="Manu García">1</Player>
    <Player player_id="103263" player_name="Takashi Inui">3</Player>
    <Player player_id="92190" player_name="Jony">3</Player>
    <Player player_id="49370" player_name="Víctor Laguardia">4</Player>
    <Player player_id="168287" player_name="Jonathan Calleri">3</Player>
    <Player player_id="90728" player_name="Ximo Navarro">5</Player>
    <Player player_id="55179" player_name="Mubarak Wakaso">4</Player>
    <Player player_id="155335" player_name="Guillermo Maripán">7</Player>
    <Player player_id="126119" player_name="Rubén Duarte">3</Player>
    <Player player_id="84700" player_name="Darko Brasanac">1</Player>
    <Player player_id="148011" player_name="Diego Rolan">1</Player>
  </Player>
</SoccerFeed>