﻿<?xml version="1.0" encoding="UTF-8"?>
<!-- Copyright 2001-2018 Opta Sportsdata Ltd. All rights reserved. -->
<!-- PRODUCTION HEADER
     produced on:        valde-jobq-a04.nexus.opta.net
     production time:    20181211T221144,971Z
     production module:  Opta::Feed::XML::Soccer::F27
-->
<SoccerFeed act_minute="93" act_period="2" act_second="58" away_team_id="2893" away_team_name="Girona" competition_id="23" competition_name="Spanish La Liga" game_date="2018-12-10 20:00:00" game_id="1009456" home_team_id="174" home_team_name="Athletic Club" season_id="2018" season_name="Season 2018/2019" team_id="2893" team_name="Girona">
  <Player cross_lost="0" cross_success="0" jersey_num="19" pass_lost="3" pass_success="2" player_id="104448" player_name="Anthony Lozano" position="Substitute" position_id="5" sub_on="72" x="39.63" y="12.16">
    <Player player_id="230046" player_name="Douglas Luiz">1</Player>
    <Player player_id="80077" player_name="Jonás Ramalho">1</Player>
  </Player>
  <Player cross_lost="0" cross_success="0" jersey_num="12" pass_lost="2" pass_success="10" player_id="230046" player_name="Douglas Luiz" position="Substitute" position_id="5" sub_on="62" x="34.45" y="52.54">
    <Player player_id="104448" player_name="Anthony Lozano">2</Player>
    <Player player_id="441164" player_name="Pedro Porro">3</Player>
    <Player player_id="131411" player_name="Pere Pons">2</Player>
    <Player player_id="63904" player_name="Borja García">1</Player>
    <Player player_id="80077" player_name="Jonás Ramalho">2</Player>
  </Player>
  <Player cross_lost="0" cross_success="0" jersey_num="2" pass_lost="5" pass_success="47" player_id="55317" player_name="Bernardo Espinosa" position="Defender" position_id="2" x="27.78" y="47.61">
    <Player player_id="178871" player_name="Aleix García">2</Player>
    <Player player_id="441164" player_name="Pedro Porro">4</Player>
    <Player player_id="63119" player_name="Juanpe">13</Player>
    <Player player_id="131411" player_name="Pere Pons">3</Player>
    <Player player_id="14725" player_name="Gorka Iraizoz">6</Player>
    <Player player_id="63904" player_name="Borja García">3</Player>
    <Player player_id="80077" player_name="Jonás Ramalho">16</Player>
  </Player>
  <Player cross_lost="2" cross_success="0" jersey_num="29" pass_lost="14" pass_success="21" player_id="441164" player_name="Pedro Porro" position="Midfielder" position_id="3" x="41.43" y="17.08">
    <Player player_id="104448" player_name="Anthony Lozano">1</Player>
    <Player player_id="55317" player_name="Bernardo Espinosa">1</Player>
    <Player player_id="441164" player_name="Pedro Porro">1</Player>
    <Player player_id="178871" player_name="Aleix García">2</Player>
    <Player player_id="14725" player_name="Gorka Iraizoz">1</Player>
    <Player player_id="88550" player_name="Portu">6</Player>
    <Player player_id="63904" player_name="Borja García">1</Player>
    <Player player_id="80077" player_name="Jonás Ramalho">7</Player>
    <Player player_id="49464" player_name="Cristhian Stuani">1</Player>
  </Player>
  <Player cross_lost="0" cross_success="2" jersey_num="23" pass_lost="5" pass_success="32" player_id="178871" player_name="Aleix García" position="Midfielder" position_id="3" sub_off="62" x="38.42" y="43.56">
    <Player player_id="55317" player_name="Bernardo Espinosa">2</Player>
    <Player player_id="139472" player_name="Álex Granell">2</Player>
    <Player player_id="131411" player_name="Pere Pons">1</Player>
    <Player player_id="63904" player_name="Borja García">5</Player>
    <Player player_id="441164" player_name="Pedro Porro">4</Player>
    <Player cross="1" player_id="63119" player_name="Juanpe">2</Player>
    <Player player_id="14725" player_name="Gorka Iraizoz">2</Player>
    <Player player_id="88550" player_name="Portu">3</Player>
    <Player player_id="80077" player_name="Jonás Ramalho">10</Player>
    <Player cross="1" player_id="49464" player_name="Cristhian Stuani">1</Player>
  </Player>
  <Player cross_lost="0" cross_success="0" jersey_num="15" pass_lost="11" pass_success="45" player_id="63119" player_name="Juanpe" position="Defender" position_id="2" x="26.82" y="73.77">
    <Player player_id="230046" player_name="Douglas Luiz">2</Player>
    <Player player_id="55317" player_name="Bernardo Espinosa">13</Player>
    <Player player_id="441164" player_name="Pedro Porro">1</Player>
    <Player player_id="178871" player_name="Aleix García">2</Player>
    <Player player_id="131411" player_name="Pere Pons">2</Player>
    <Player player_id="14725" player_name="Gorka Iraizoz">6</Player>
    <Player player_id="139472" player_name="Álex Granell">9</Player>
    <Player player_id="63904" player_name="Borja García">7</Player>
    <Player player_id="80077" player_name="Jonás Ramalho">1</Player>
    <Player player_id="49464" player_name="Cristhian Stuani">2</Player>
  </Player>
  <Player cross_lost="0" cross_success="0" jersey_num="22" pass_lost="0" pass_success="1" player_id="52117" player_name="Seydou Doumbia" position="Substitute" position_id="5" sub_on="89" x="49.90" y="50.00">
    <Player player_id="139472" player_name="Álex Granell">1</Player>
  </Player>
  <Player cross_lost="0" cross_success="0" jersey_num="8" pass_lost="5" pass_success="33" player_id="131411" player_name="Pere Pons" position="Midfielder" position_id="3" x="39.08" y="58.02">
    <Player player_id="55317" player_name="Bernardo Espinosa">2</Player>
    <Player player_id="441164" player_name="Pedro Porro">1</Player>
    <Player player_id="178871" player_name="Aleix García">3</Player>
    <Player player_id="63119" player_name="Juanpe">7</Player>
    <Player player_id="139472" player_name="Álex Granell">6</Player>
    <Player player_id="63904" player_name="Borja García">12</Player>
    <Player player_id="80077" player_name="Jonás Ramalho">2</Player>
  </Player>
  <Player cross_lost="1" cross_success="2" jersey_num="6" pass_lost="11" pass_success="29" player_id="139472" player_name="Álex Granell" position="Midfielder" position_id="3" x="32.51" y="87.16">
    <Player player_id="55317" player_name="Bernardo Espinosa">3</Player>
    <Player cross="1" player_id="441164" player_name="Pedro Porro">1</Player>
    <Player player_id="178871" player_name="Aleix García">3</Player>
    <Player cross="1" player_id="63119" player_name="Juanpe">10</Player>
    <Player player_id="131411" player_name="Pere Pons">5</Player>
    <Player player_id="63904" player_name="Borja García">6</Player>
    <Player player_id="49464" player_name="Cristhian Stuani">1</Player>
  </Player>
  <Player cross_lost="0" cross_success="0" jersey_num="1" pass_lost="12" pass_success="25" player_id="14725" player_name="Gorka Iraizoz" position="Goalkeeper" position_id="1" x="8.40" y="49.35">
    <Player player_id="104448" player_name="Anthony Lozano">1</Player>
    <Player player_id="55317" player_name="Bernardo Espinosa">3</Player>
    <Player player_id="178871" player_name="Aleix García">1</Player>
    <Player player_id="441164" player_name="Pedro Porro">2</Player>
    <Player player_id="63119" player_name="Juanpe">6</Player>
    <Player player_id="139472" player_name="Álex Granell">3</Player>
    <Player player_id="63904" player_name="Borja García">1</Player>
    <Player player_id="80077" player_name="Jonás Ramalho">5</Player>
    <Player player_id="49464" player_name="Cristhian Stuani">3</Player>
  </Player>
  <Player cross_lost="2" cross_success="0" jersey_num="9" pass_lost="6" pass_success="7" player_id="88550" player_name="Portu" position="Forward" position_id="4" sub_off="72" x="59.41" y="20.29">
    <Player player_id="55317" player_name="Bernardo Espinosa">1</Player>
    <Player player_id="441164" player_name="Pedro Porro">4</Player>
    <Player player_id="131411" player_name="Pere Pons">1</Player>
    <Player player_id="80077" player_name="Jonás Ramalho">1</Player>
  </Player>
  <Player cross_lost="0" cross_success="0" jersey_num="10" pass_lost="3" pass_success="32" player_id="63904" player_name="Borja García" position="Forward" position_id="4" x="46.22" y="76.62">
    <Player player_id="230046" player_name="Douglas Luiz">1</Player>
    <Player player_id="55317" player_name="Bernardo Espinosa">2</Player>
    <Player player_id="178871" player_name="Aleix García">4</Player>
    <Player player_id="441164" player_name="Pedro Porro">2</Player>
    <Player player_id="63119" player_name="Juanpe">4</Player>
    <Player player_id="139472" player_name="Álex Granell">9</Player>
    <Player player_id="131411" player_name="Pere Pons">9</Player>
    <Player player_id="49464" player_name="Cristhian Stuani">1</Player>
  </Player>
  <Player cross_lost="0" cross_success="0" jersey_num="4" pass_lost="9" pass_success="45" player_id="80077" player_name="Jonás Ramalho" position="Defender" position_id="2" x="27.56" y="25.17">
    <Player player_id="104448" player_name="Anthony Lozano">2</Player>
    <Player player_id="230046" player_name="Douglas Luiz">4</Player>
    <Player player_id="55317" player_name="Bernardo Espinosa">12</Player>
    <Player player_id="441164" player_name="Pedro Porro">6</Player>
    <Player player_id="178871" player_name="Aleix García">9</Player>
    <Player player_id="139472" player_name="Álex Granell">1</Player>
    <Player player_id="131411" player_name="Pere Pons">4</Player>
    <Player player_id="14725" player_name="Gorka Iraizoz">1</Player>
    <Player player_id="88550" player_name="Portu">5</Player>
    <Player player_id="49464" player_name="Cristhian Stuani">1</Player>
  </Player>
  <Player cross_lost="0" cross_success="0" jersey_num="7" pass_lost="3" pass_success="6" player_id="49464" player_name="Cristhian Stuani" position="Forward" position_id="4" sub_off="89" x="55.25" y="56.40">
    <Player player_id="139472" player_name="Álex Granell">1</Player>
    <Player player_id="131411" player_name="Pere Pons">1</Player>
    <Player player_id="88550" player_name="Portu">1</Player>
    <Player player_id="63904" player_name="Borja García">3</Player>
  </Player>
</SoccerFeed>