﻿<?xml version="1.0" encoding="UTF-8"?>
<!-- Copyright 2001-2019 Opta Sportsdata Ltd. All rights reserved. -->
<!-- PRODUCTION HEADER
     produced on:        valde-jobq-a04.nexus.opta.net
     production time:    20190226T141334,302Z
     production module:  Opta::Feed::XML::Soccer::F27
-->
<SoccerFeed act_minute="94" act_period="2" act_second="59" away_team_id="191" away_team_name="Valencia CF" competition_id="23" competition_name="Spanish La Liga" game_date="2019-02-24 11:00:00" game_id="1009562" home_team_id="957" home_team_name="Leganés" season_id="2018" season_name="Season 2018/2019" team_id="957" team_name="Leganés">
  <Player cross_lost="2" cross_success="1" jersey_num="23" pass_lost="11" pass_success="24" player_id="197326" player_name="Mikel Vesga" position="Midfielder" position_id="3" sub_off="71" x="56.21" y="66.04">
    <Player cross="1" player_id="234991" player_name="Youssef En-Nesyri">0</Player>
    <Player player_id="67527" player_name="Allan Nyom">4</Player>
    <Player player_id="59945" player_name="Rubén Pérez">6</Player>
    <Player player_id="53020" player_name="Dimitrios Siovas">4</Player>
    <Player player_id="68690" player_name="Martin Braithwaite">2</Player>
    <Player player_id="223757" player_name="Óscar Rodríguez">1</Player>
    <Player player_id="112540" player_name="Unai Bustinza">1</Player>
    <Player player_id="205606" player_name="Vasyl Kravets">2</Player>
    <Player player_id="40380" player_name="Nabil El Zhar">1</Player>
    <Player player_id="112991" player_name="Kenneth Omeruo">3</Player>
  </Player>
  <Player cross_lost="0" cross_success="0" jersey_num="25" pass_lost="1" pass_success="10" player_id="68690" player_name="Martin Braithwaite" position="Forward" position_id="4" x="75.21" y="53.23">
    <Player player_id="197326" player_name="Mikel Vesga">3</Player>
    <Player player_id="234991" player_name="Youssef En-Nesyri">2</Player>
    <Player player_id="223757" player_name="Óscar Rodríguez">2</Player>
    <Player player_id="59945" player_name="Rubén Pérez">1</Player>
    <Player player_id="40380" player_name="Nabil El Zhar">2</Player>
  </Player>
  <Player cross_lost="0" cross_success="0" jersey_num="1" pass_lost="7" pass_success="28" player_id="16261" player_name="Iván Cuéllar" position="Goalkeeper" position_id="1" x="12.99" y="52.52">
    <Player player_id="197326" player_name="Mikel Vesga">1</Player>
    <Player player_id="234991" player_name="Youssef En-Nesyri">5</Player>
    <Player player_id="223757" player_name="Óscar Rodríguez">2</Player>
    <Player player_id="67527" player_name="Allan Nyom">6</Player>
    <Player player_id="59945" player_name="Rubén Pérez">3</Player>
    <Player player_id="112540" player_name="Unai Bustinza">1</Player>
    <Player player_id="53020" player_name="Dimitrios Siovas">5</Player>
    <Player player_id="47645" player_name="Juanfran">1</Player>
    <Player player_id="112991" player_name="Kenneth Omeruo">3</Player>
    <Player player_id="98914" player_name="Guido Carrillo">1</Player>
  </Player>
  <Player cross_lost="2" cross_success="0" jersey_num="26" pass_lost="6" pass_success="12" player_id="234991" player_name="Youssef En-Nesyri" position="Forward" position_id="4" x="69.61" y="52.83">
    <Player player_id="197326" player_name="Mikel Vesga">1</Player>
    <Player player_id="68690" player_name="Martin Braithwaite">2</Player>
    <Player player_id="67527" player_name="Allan Nyom">3</Player>
    <Player player_id="223757" player_name="Óscar Rodríguez">2</Player>
    <Player player_id="112540" player_name="Unai Bustinza">1</Player>
    <Player player_id="205606" player_name="Vasyl Kravets">3</Player>
  </Player>
  <Player cross_lost="2" cross_success="1" jersey_num="12" pass_lost="5" pass_success="32" player_id="67527" player_name="Allan Nyom" position="Midfielder" position_id="3" x="52.65" y="31.06">
    <Player player_id="197326" player_name="Mikel Vesga">7</Player>
    <Player player_id="234991" player_name="Youssef En-Nesyri">2</Player>
    <Player player_id="59945" player_name="Rubén Pérez">2</Player>
    <Player player_id="53020" player_name="Dimitrios Siovas">2</Player>
    <Player player_id="47645" player_name="Juanfran">2</Player>
    <Player cross="1" player_id="68690" player_name="Martin Braithwaite">0</Player>
    <Player player_id="16261" player_name="Iván Cuéllar">1</Player>
    <Player player_id="223757" player_name="Óscar Rodríguez">7</Player>
    <Player player_id="112540" player_name="Unai Bustinza">5</Player>
    <Player player_id="40380" player_name="Nabil El Zhar">1</Player>
    <Player player_id="112991" player_name="Kenneth Omeruo">2</Player>
    <Player player_id="98914" player_name="Guido Carrillo">1</Player>
  </Player>
  <Player cross_lost="9" cross_success="1" jersey_num="27" pass_lost="6" pass_success="22" player_id="223757" player_name="Óscar Rodríguez" position="Midfielder" position_id="3" x="59.34" y="54.86">
    <Player cross="1" player_id="197326" player_name="Mikel Vesga">0</Player>
    <Player player_id="234991" player_name="Youssef En-Nesyri">1</Player>
    <Player player_id="67527" player_name="Allan Nyom">6</Player>
    <Player player_id="59945" player_name="Rubén Pérez">2</Player>
    <Player player_id="53020" player_name="Dimitrios Siovas">2</Player>
    <Player player_id="16261" player_name="Iván Cuéllar">1</Player>
    <Player player_id="112540" player_name="Unai Bustinza">5</Player>
    <Player player_id="205606" player_name="Vasyl Kravets">4</Player>
    <Player player_id="98914" player_name="Guido Carrillo">1</Player>
  </Player>
  <Player cross_lost="0" cross_success="0" jersey_num="21" pass_lost="7" pass_success="42" player_id="59945" player_name="Rubén Pérez" position="Midfielder" position_id="3" x="48.33" y="43.07">
    <Player player_id="197326" player_name="Mikel Vesga">6</Player>
    <Player player_id="234991" player_name="Youssef En-Nesyri">2</Player>
    <Player player_id="67527" player_name="Allan Nyom">4</Player>
    <Player player_id="53020" player_name="Dimitrios Siovas">4</Player>
    <Player player_id="47645" player_name="Juanfran">3</Player>
    <Player player_id="68690" player_name="Martin Braithwaite">1</Player>
    <Player player_id="223757" player_name="Óscar Rodríguez">3</Player>
    <Player player_id="112540" player_name="Unai Bustinza">10</Player>
    <Player player_id="205606" player_name="Vasyl Kravets">2</Player>
    <Player player_id="40380" player_name="Nabil El Zhar">2</Player>
    <Player player_id="112991" player_name="Kenneth Omeruo">5</Player>
  </Player>
  <Player cross_lost="3" cross_success="1" jersey_num="3" pass_lost="8" pass_success="41" player_id="112540" player_name="Unai Bustinza" position="Defender" position_id="2" sub_off="80" x="47.15" y="16.32">
    <Player cross="1" player_id="197326" player_name="Mikel Vesga">0</Player>
    <Player player_id="234991" player_name="Youssef En-Nesyri">4</Player>
    <Player player_id="67527" player_name="Allan Nyom">7</Player>
    <Player player_id="59945" player_name="Rubén Pérez">9</Player>
    <Player player_id="53020" player_name="Dimitrios Siovas">1</Player>
    <Player player_id="68690" player_name="Martin Braithwaite">3</Player>
    <Player player_id="16261" player_name="Iván Cuéllar">1</Player>
    <Player player_id="223757" player_name="Óscar Rodríguez">1</Player>
    <Player player_id="40380" player_name="Nabil El Zhar">4</Player>
    <Player player_id="112991" player_name="Kenneth Omeruo">11</Player>
  </Player>
  <Player cross_lost="0" cross_success="1" jersey_num="14" pass_lost="7" pass_success="16" player_id="205606" player_name="Vasyl Kravets" position="Midfielder" position_id="3" sub_off="65" x="51.84" y="87.77">
    <Player player_id="197326" player_name="Mikel Vesga">2</Player>
    <Player player_id="68690" player_name="Martin Braithwaite">1</Player>
    <Player player_id="16261" player_name="Iván Cuéllar">2</Player>
    <Player cross="1" player_id="234991" player_name="Youssef En-Nesyri">0</Player>
    <Player player_id="223757" player_name="Óscar Rodríguez">7</Player>
    <Player player_id="59945" player_name="Rubén Pérez">1</Player>
    <Player player_id="53020" player_name="Dimitrios Siovas">2</Player>
    <Player player_id="112991" player_name="Kenneth Omeruo">1</Player>
  </Player>
  <Player cross_lost="3" cross_success="2" jersey_num="10" pass_lost="1" pass_success="8" player_id="40380" player_name="Nabil El Zhar" position="Substitute" position_id="5" sub_on="65" x="72.90" y="21.92">
    <Player cross="1" player_id="234991" player_name="Youssef En-Nesyri">0</Player>
    <Player player_id="59945" player_name="Rubén Pérez">3</Player>
    <Player player_id="112540" player_name="Unai Bustinza">3</Player>
    <Player player_id="47645" player_name="Juanfran">2</Player>
    <Player cross="1" player_id="98914" player_name="Guido Carrillo">0</Player>
  </Player>
  <Player cross_lost="0" cross_success="0" jersey_num="22" pass_lost="9" pass_success="45" player_id="53020" player_name="Dimitrios Siovas" position="Defender" position_id="2" x="40.37" y="77.61">
    <Player player_id="197326" player_name="Mikel Vesga">3</Player>
    <Player player_id="68690" player_name="Martin Braithwaite">2</Player>
    <Player player_id="16261" player_name="Iván Cuéllar">6</Player>
    <Player player_id="234991" player_name="Youssef En-Nesyri">5</Player>
    <Player player_id="67527" player_name="Allan Nyom">4</Player>
    <Player player_id="223757" player_name="Óscar Rodríguez">4</Player>
    <Player player_id="59945" player_name="Rubén Pérez">4</Player>
    <Player player_id="205606" player_name="Vasyl Kravets">5</Player>
    <Player player_id="112991" player_name="Kenneth Omeruo">12</Player>
  </Player>
  <Player cross_lost="1" cross_success="2" jersey_num="2" pass_lost="1" pass_success="8" player_id="47645" player_name="Juanfran" position="Substitute" position_id="5" sub_on="80" x="56.12" y="15.67">
    <Player player_id="16261" player_name="Iván Cuéllar">2</Player>
    <Player cross="2" player_id="234991" player_name="Youssef En-Nesyri">0</Player>
    <Player player_id="59945" player_name="Rubén Pérez">1</Player>
    <Player player_id="40380" player_name="Nabil El Zhar">5</Player>
  </Player>
  <Player cross_lost="0" cross_success="0" jersey_num="24" pass_lost="8" pass_success="48" player_id="112991" player_name="Kenneth Omeruo" position="Defender" position_id="2" x="35.80" y="43.35">
    <Player player_id="197326" player_name="Mikel Vesga">2</Player>
    <Player player_id="16261" player_name="Iván Cuéllar">4</Player>
    <Player player_id="223757" player_name="Óscar Rodríguez">1</Player>
    <Player player_id="67527" player_name="Allan Nyom">2</Player>
    <Player player_id="59945" player_name="Rubén Pérez">8</Player>
    <Player player_id="112540" player_name="Unai Bustinza">17</Player>
    <Player player_id="53020" player_name="Dimitrios Siovas">14</Player>
  </Player>
  <Player cross_lost="0" cross_success="0" jersey_num="9" pass_lost="0" pass_success="3" player_id="98914" player_name="Guido Carrillo" position="Substitute" position_id="5" sub_on="71" x="75.53" y="54.57">
    <Player player_id="223757" player_name="Óscar Rodríguez">1</Player>
    <Player player_id="234991" player_name="Youssef En-Nesyri">2</Player>
  </Player>
</SoccerFeed>