﻿<?xml version="1.0" encoding="UTF-8"?>
<!-- Copyright 2001-2018 Opta Sportsdata Ltd. All rights reserved. -->
<!-- PRODUCTION HEADER
     produced on:        valde-jobq-a02.nexus.opta.net
     production time:    20180916T210220,18Z
     production module:  Opta::Feed::XML::Soccer::F27
-->
<SoccerFeed act_minute="94" act_period="2" act_second="6" away_team_id="186" away_team_name="Real Madrid" competition_id="23" competition_name="Spanish La Liga" game_date="2018-09-15 19:45:00" game_id="1009346" home_team_id="174" home_team_name="Athletic Club" season_id="2018" season_name="Season 2018/2019" team_id="186" team_name="Real Madrid">
  <Player cross_lost="0" cross_success="0" jersey_num="4" pass_lost="4" pass_success="66" player_id="17861" player_name="Sergio Ramos" position="Defender" position_id="2" x="36.74" y="72.38">
    <Player player_id="182539" player_name="Dani Ceballos">5</Player>
    <Player player_id="44989" player_name="Toni Kroos">18</Player>
    <Player player_id="80209" player_name="Isco">4</Player>
    <Player player_id="61256" player_name="Casemiro">6</Player>
    <Player player_id="19927" player_name="Karim Benzema">6</Player>
    <Player player_id="174292" player_name="Marco Asensio">6</Player>
    <Player player_id="90152" player_name="Raphael Varane">7</Player>
    <Player player_id="37055" player_name="Luka Modric">4</Player>
    <Player player_id="60772" player_name="Thibaut Courtois">3</Player>
    <Player player_id="39563" player_name="Marcelo">7</Player>
  </Player>
  <Player cross_lost="0" cross_success="0" jersey_num="24" pass_lost="3" pass_success="25" player_id="182539" player_name="Dani Ceballos" position="Midfielder" position_id="3" sub_off="45" x="55.40" y="69.95">
    <Player player_id="17861" player_name="Sergio Ramos">2</Player>
    <Player player_id="44989" player_name="Toni Kroos">7</Player>
    <Player player_id="36903" player_name="Gareth Bale">2</Player>
    <Player player_id="19927" player_name="Karim Benzema">1</Player>
    <Player player_id="174292" player_name="Marco Asensio">1</Player>
    <Player player_id="37055" player_name="Luka Modric">3</Player>
    <Player player_id="90152" player_name="Raphael Varane">2</Player>
    <Player player_id="39563" player_name="Marcelo">7</Player>
  </Player>
  <Player cross_lost="1" cross_success="1" jersey_num="8" pass_lost="3" pass_success="71" player_id="44989" player_name="Toni Kroos" position="Midfielder" position_id="3" x="44.94" y="54.55">
    <Player player_id="17861" player_name="Sergio Ramos">14</Player>
    <Player player_id="88483" player_name="Daniel Carvajal">8</Player>
    <Player cross="1" player_id="36903" player_name="Gareth Bale">4</Player>
    <Player player_id="107593" player_name="Lucas Vázquez">1</Player>
    <Player player_id="19927" player_name="Karim Benzema">3</Player>
    <Player player_id="90152" player_name="Raphael Varane">5</Player>
    <Player player_id="182539" player_name="Dani Ceballos">11</Player>
    <Player player_id="80209" player_name="Isco">2</Player>
    <Player player_id="61256" player_name="Casemiro">4</Player>
    <Player player_id="174292" player_name="Marco Asensio">2</Player>
    <Player player_id="37055" player_name="Luka Modric">9</Player>
    <Player player_id="39563" player_name="Marcelo">5</Player>
    <Player player_id="60772" player_name="Thibaut Courtois">2</Player>
  </Player>
  <Player cross_lost="1" cross_success="0" jersey_num="22" pass_lost="2" pass_success="16" player_id="80209" player_name="Isco" position="Substitute" position_id="5" sub_on="61" x="56.20" y="52.30">
    <Player player_id="17861" player_name="Sergio Ramos">1</Player>
    <Player player_id="44989" player_name="Toni Kroos">2</Player>
    <Player player_id="88483" player_name="Daniel Carvajal">1</Player>
    <Player player_id="107593" player_name="Lucas Vázquez">3</Player>
    <Player player_id="19927" player_name="Karim Benzema">2</Player>
    <Player player_id="90152" player_name="Raphael Varane">3</Player>
    <Player player_id="61256" player_name="Casemiro">1</Player>
    <Player player_id="174292" player_name="Marco Asensio">2</Player>
    <Player player_id="39563" player_name="Marcelo">1</Player>
  </Player>
  <Player cross_lost="4" cross_success="1" jersey_num="11" pass_lost="5" pass_success="19" player_id="36903" player_name="Gareth Bale" position="Forward" position_id="4" sub_off="75" x="67.57" y="37.28">
    <Player player_id="17861" player_name="Sergio Ramos">1</Player>
    <Player player_id="44989" player_name="Toni Kroos">1</Player>
    <Player player_id="88483" player_name="Daniel Carvajal">4</Player>
    <Player player_id="90152" player_name="Raphael Varane">3</Player>
    <Player player_id="182539" player_name="Dani Ceballos">1</Player>
    <Player cross="1" player_id="80209" player_name="Isco">0</Player>
    <Player player_id="61256" player_name="Casemiro">1</Player>
    <Player player_id="174292" player_name="Marco Asensio">2</Player>
    <Player player_id="37055" player_name="Luka Modric">5</Player>
    <Player player_id="39563" player_name="Marcelo">1</Player>
  </Player>
  <Player cross_lost="3" cross_success="1" jersey_num="2" pass_lost="4" pass_success="56" player_id="88483" player_name="Daniel Carvajal" position="Defender" position_id="2" x="48.95" y="14.11">
    <Player player_id="17861" player_name="Sergio Ramos">8</Player>
    <Player player_id="44989" player_name="Toni Kroos">6</Player>
    <Player cross="1" player_id="36903" player_name="Gareth Bale">5</Player>
    <Player player_id="107593" player_name="Lucas Vázquez">4</Player>
    <Player player_id="19927" player_name="Karim Benzema">3</Player>
    <Player player_id="90152" player_name="Raphael Varane">10</Player>
    <Player player_id="80209" player_name="Isco">1</Player>
    <Player player_id="61256" player_name="Casemiro">1</Player>
    <Player player_id="174292" player_name="Marco Asensio">9</Player>
    <Player player_id="37055" player_name="Luka Modric">2</Player>
    <Player player_id="60772" player_name="Thibaut Courtois">6</Player>
    <Player player_id="39563" player_name="Marcelo">1</Player>
  </Player>
  <Player cross_lost="0" cross_success="0" jersey_num="14" pass_lost="4" pass_success="24" player_id="61256" player_name="Casemiro" position="Substitute" position_id="5" sub_on="45" x="45.53" y="50.31">
    <Player player_id="17861" player_name="Sergio Ramos">5</Player>
    <Player player_id="44989" player_name="Toni Kroos">2</Player>
    <Player player_id="36903" player_name="Gareth Bale">2</Player>
    <Player player_id="107593" player_name="Lucas Vázquez">2</Player>
    <Player player_id="19927" player_name="Karim Benzema">2</Player>
    <Player player_id="90152" player_name="Raphael Varane">3</Player>
    <Player player_id="80209" player_name="Isco">1</Player>
    <Player player_id="174292" player_name="Marco Asensio">2</Player>
    <Player player_id="37055" player_name="Luka Modric">1</Player>
    <Player player_id="39563" player_name="Marcelo">4</Player>
  </Player>
  <Player cross_lost="2" cross_success="0" jersey_num="17" pass_lost="3" pass_success="8" player_id="107593" player_name="Lucas Vázquez" position="Substitute" position_id="5" sub_on="75" x="65.55" y="26.68">
    <Player player_id="17861" player_name="Sergio Ramos">1</Player>
    <Player player_id="80209" player_name="Isco">1</Player>
    <Player player_id="88483" player_name="Daniel Carvajal">3</Player>
    <Player player_id="61256" player_name="Casemiro">2</Player>
    <Player player_id="90152" player_name="Raphael Varane">1</Player>
  </Player>
  <Player cross_lost="2" cross_success="0" jersey_num="20" pass_lost="6" pass_success="39" player_id="174292" player_name="Marco Asensio" position="Forward" position_id="4" x="62.47" y="52.89">
    <Player player_id="17861" player_name="Sergio Ramos">1</Player>
    <Player player_id="44989" player_name="Toni Kroos">6</Player>
    <Player player_id="36903" player_name="Gareth Bale">2</Player>
    <Player player_id="88483" player_name="Daniel Carvajal">6</Player>
    <Player player_id="19927" player_name="Karim Benzema">2</Player>
    <Player player_id="90152" player_name="Raphael Varane">6</Player>
    <Player player_id="182539" player_name="Dani Ceballos">3</Player>
    <Player player_id="80209" player_name="Isco">1</Player>
    <Player player_id="61256" player_name="Casemiro">2</Player>
    <Player player_id="37055" player_name="Luka Modric">3</Player>
    <Player player_id="39563" player_name="Marcelo">7</Player>
  </Player>
  <Player cross_lost="2" cross_success="0" jersey_num="9" pass_lost="8" pass_success="28" player_id="19927" player_name="Karim Benzema" position="Forward" position_id="4" x="63.65" y="50.52">
    <Player player_id="44989" player_name="Toni Kroos">5</Player>
    <Player player_id="36903" player_name="Gareth Bale">1</Player>
    <Player player_id="88483" player_name="Daniel Carvajal">3</Player>
    <Player player_id="90152" player_name="Raphael Varane">4</Player>
    <Player player_id="182539" player_name="Dani Ceballos">2</Player>
    <Player player_id="80209" player_name="Isco">2</Player>
    <Player player_id="61256" player_name="Casemiro">1</Player>
    <Player player_id="174292" player_name="Marco Asensio">3</Player>
    <Player player_id="37055" player_name="Luka Modric">3</Player>
    <Player player_id="39563" player_name="Marcelo">4</Player>
  </Player>
  <Player cross_lost="1" cross_success="0" jersey_num="10" pass_lost="4" pass_success="32" player_id="37055" player_name="Luka Modric" position="Midfielder" position_id="3" sub_off="61" x="54.34" y="43.00">
    <Player player_id="44989" player_name="Toni Kroos">3</Player>
    <Player player_id="88483" player_name="Daniel Carvajal">6</Player>
    <Player player_id="36903" player_name="Gareth Bale">3</Player>
    <Player player_id="19927" player_name="Karim Benzema">2</Player>
    <Player player_id="90152" player_name="Raphael Varane">2</Player>
    <Player player_id="182539" player_name="Dani Ceballos">2</Player>
    <Player player_id="61256" player_name="Casemiro">1</Player>
    <Player player_id="174292" player_name="Marco Asensio">8</Player>
    <Player player_id="39563" player_name="Marcelo">5</Player>
  </Player>
  <Player cross_lost="0" cross_success="0" jersey_num="5" pass_lost="7" pass_success="73" player_id="90152" player_name="Raphael Varane" position="Defender" position_id="2" x="35.16" y="31.58">
    <Player player_id="17861" player_name="Sergio Ramos">8</Player>
    <Player player_id="44989" player_name="Toni Kroos">6</Player>
    <Player player_id="36903" player_name="Gareth Bale">3</Player>
    <Player player_id="88483" player_name="Daniel Carvajal">19</Player>
    <Player player_id="107593" player_name="Lucas Vázquez">2</Player>
    <Player player_id="19927" player_name="Karim Benzema">7</Player>
    <Player player_id="80209" player_name="Isco">3</Player>
    <Player player_id="61256" player_name="Casemiro">2</Player>
    <Player player_id="174292" player_name="Marco Asensio">7</Player>
    <Player player_id="37055" player_name="Luka Modric">3</Player>
    <Player player_id="60772" player_name="Thibaut Courtois">9</Player>
    <Player player_id="39563" player_name="Marcelo">4</Player>
  </Player>
  <Player cross_lost="0" cross_success="0" jersey_num="25" pass_lost="6" pass_success="27" player_id="60772" player_name="Thibaut Courtois" position="Goalkeeper" position_id="1" x="8.82" y="50.01">
    <Player player_id="17861" player_name="Sergio Ramos">7</Player>
    <Player player_id="44989" player_name="Toni Kroos">1</Player>
    <Player player_id="36903" player_name="Gareth Bale">1</Player>
    <Player player_id="88483" player_name="Daniel Carvajal">2</Player>
    <Player player_id="61256" player_name="Casemiro">1</Player>
    <Player player_id="174292" player_name="Marco Asensio">1</Player>
    <Player player_id="19927" player_name="Karim Benzema">1</Player>
    <Player player_id="90152" player_name="Raphael Varane">12</Player>
    <Player player_id="39563" player_name="Marcelo">1</Player>
  </Player>
  <Player cross_lost="0" cross_success="0" jersey_num="12" pass_lost="11" pass_success="42" player_id="39563" player_name="Marcelo" position="Defender" position_id="2" x="52.46" y="87.56">
    <Player player_id="182539" player_name="Dani Ceballos">1</Player>
    <Player player_id="17861" player_name="Sergio Ramos">7</Player>
    <Player player_id="44989" player_name="Toni Kroos">9</Player>
    <Player player_id="80209" player_name="Isco">2</Player>
    <Player player_id="36903" player_name="Gareth Bale">5</Player>
    <Player player_id="61256" player_name="Casemiro">1</Player>
    <Player player_id="19927" player_name="Karim Benzema">5</Player>
    <Player player_id="174292" player_name="Marco Asensio">5</Player>
    <Player player_id="37055" player_name="Luka Modric">2</Player>
    <Player player_id="90152" player_name="Raphael Varane">5</Player>
  </Player>
</SoccerFeed>