﻿<?xml version="1.0" encoding="UTF-8"?>
<!-- Copyright 2001-2019 Opta Sportsdata Ltd. All rights reserved. -->
<!-- PRODUCTION HEADER
     produced on:        valde-jobq-a02.nexus.opta.net
     production time:    20190102T170746,839Z
     production module:  Opta::Feed::XML::Soccer::F27
-->
<SoccerFeed act_minute="96" act_period="2" act_second="24" away_team_id="855" away_team_name="Levante" competition_id="23" competition_name="Spanish La Liga" game_date="2018-12-23 17:30:00" game_id="1009484" home_team_id="184" home_team_name="Rayo Vallecano" season_id="2018" season_name="Season 2018/2019" team_id="855" team_name="Levante">
  <Player cross_lost="2" cross_success="0" jersey_num="24" pass_lost="8" pass_success="57" player_id="88952" player_name="José Campaña" position="Midfielder" position_id="3" x="50.60" y="53.20">
    <Player player_id="165375" player_name="José Luis Morales">5</Player>
    <Player player_id="55268" player_name="Coke">14</Player>
    <Player player_id="196739" player_name="Enis Bardhi">3</Player>
    <Player player_id="220093" player_name="Rober Pier">3</Player>
    <Player player_id="77039" player_name="Toño">8</Player>
    <Player player_id="199248" player_name="Borja Mayoral">9</Player>
    <Player player_id="86168" player_name="Rubén Rochina">11</Player>
    <Player player_id="90400" player_name="Sergio Postigo">4</Player>
  </Player>
  <Player cross_lost="1" cross_success="0" jersey_num="11" pass_lost="9" pass_success="22" player_id="165375" player_name="José Luis Morales" position="Midfielder" position_id="3" x="58.46" y="57.63">
    <Player player_id="88952" player_name="José Campaña">7</Player>
    <Player player_id="55268" player_name="Coke">2</Player>
    <Player player_id="109702" player_name="Roger Martí">5</Player>
    <Player player_id="196739" player_name="Enis Bardhi">1</Player>
    <Player player_id="199248" player_name="Borja Mayoral">2</Player>
    <Player player_id="77039" player_name="Toño">2</Player>
    <Player player_id="86168" player_name="Rubén Rochina">3</Player>
  </Player>
  <Player cross_lost="2" cross_success="2" jersey_num="12" pass_lost="12" pass_success="26" player_id="55268" player_name="Coke" position="Defender" position_id="2" sub_off="88" x="54.28" y="12.89">
    <Player player_id="88952" player_name="José Campaña">4</Player>
    <Player player_id="165375" player_name="José Luis Morales">3</Player>
    <Player player_id="181441" player_name="Moses Simon">1</Player>
    <Player player_id="196739" player_name="Enis Bardhi">2</Player>
    <Player player_id="199248" player_name="Borja Mayoral">4</Player>
    <Player player_id="90400" player_name="Sergio Postigo">6</Player>
    <Player cross="2" player_id="109702" player_name="Roger Martí">0</Player>
    <Player player_id="77039" player_name="Toño">1</Player>
    <Player player_id="86168" player_name="Rubén Rochina">5</Player>
  </Player>
  <Player cross_lost="1" cross_success="0" jersey_num="7" pass_lost="1" pass_success="7" player_id="181441" player_name="Moses Simon" position="Substitute" position_id="5" sub_on="78" x="62.47" y="28.01">
    <Player player_id="88952" player_name="José Campaña">1</Player>
    <Player player_id="165375" player_name="José Luis Morales">1</Player>
    <Player player_id="55268" player_name="Coke">2</Player>
    <Player player_id="192050" player_name="Raphael Dwamena">1</Player>
    <Player player_id="90400" player_name="Sergio Postigo">1</Player>
    <Player player_id="194764" player_name="Emmanuel Boateng">1</Player>
  </Player>
  <Player cross_lost="0" cross_success="0" jersey_num="9" pass_lost="8" pass_success="17" player_id="109702" player_name="Roger Martí" position="Forward" position_id="4" sub_off="78" x="64.82" y="54.25">
    <Player player_id="165375" player_name="José Luis Morales">6</Player>
    <Player player_id="55268" player_name="Coke">1</Player>
    <Player player_id="196739" player_name="Enis Bardhi">2</Player>
    <Player player_id="77039" player_name="Toño">2</Player>
    <Player player_id="86168" player_name="Rubén Rochina">4</Player>
    <Player player_id="90400" player_name="Sergio Postigo">2</Player>
  </Player>
  <Player cross_lost="0" cross_success="0" jersey_num="20" pass_lost="2" pass_success="2" player_id="192050" player_name="Raphael Dwamena" position="Substitute" position_id="5" sub_on="78" x="49.62" y="53.38">
    <Player player_id="181441" player_name="Moses Simon">1</Player>
    <Player player_id="199248" player_name="Borja Mayoral">1</Player>
  </Player>
  <Player cross_lost="1" cross_success="0" jersey_num="10" pass_lost="6" pass_success="23" player_id="196739" player_name="Enis Bardhi" position="Midfielder" position_id="3" sub_off="78" x="48.47" y="49.76">
    <Player player_id="88952" player_name="José Campaña">3</Player>
    <Player player_id="55268" player_name="Coke">4</Player>
    <Player player_id="109702" player_name="Roger Martí">1</Player>
    <Player player_id="220093" player_name="Rober Pier">2</Player>
    <Player player_id="77039" player_name="Toño">4</Player>
    <Player player_id="86168" player_name="Rubén Rochina">4</Player>
    <Player player_id="90400" player_name="Sergio Postigo">5</Player>
  </Player>
  <Player cross_lost="0" cross_success="0" jersey_num="4" pass_lost="3" pass_success="28" player_id="220093" player_name="Rober Pier" position="Defender" position_id="2" x="40.82" y="63.83">
    <Player player_id="88952" player_name="José Campaña">3</Player>
    <Player player_id="165375" player_name="José Luis Morales">1</Player>
    <Player player_id="55268" player_name="Coke">1</Player>
    <Player player_id="181441" player_name="Moses Simon">2</Player>
    <Player player_id="109702" player_name="Roger Martí">1</Player>
    <Player player_id="196739" player_name="Enis Bardhi">5</Player>
    <Player player_id="199248" player_name="Borja Mayoral">1</Player>
    <Player player_id="77039" player_name="Toño">5</Player>
    <Player player_id="86168" player_name="Rubén Rochina">4</Player>
    <Player player_id="90400" player_name="Sergio Postigo">5</Player>
  </Player>
  <Player cross_lost="1" cross_success="0" jersey_num="2" pass_lost="6" pass_success="18" player_id="199248" player_name="Borja Mayoral" position="Forward" position_id="4" x="70.35" y="53.24">
    <Player player_id="88952" player_name="José Campaña">3</Player>
    <Player player_id="165375" player_name="José Luis Morales">3</Player>
    <Player player_id="55268" player_name="Coke">3</Player>
    <Player player_id="196739" player_name="Enis Bardhi">1</Player>
    <Player player_id="220093" player_name="Rober Pier">1</Player>
    <Player player_id="77039" player_name="Toño">1</Player>
    <Player player_id="86168" player_name="Rubén Rochina">5</Player>
    <Player player_id="90400" player_name="Sergio Postigo">1</Player>
  </Player>
  <Player cross_lost="1" cross_success="0" jersey_num="3" pass_lost="14" pass_success="26" player_id="77039" player_name="Toño" position="Defender" position_id="2" x="45.65" y="82.32">
    <Player player_id="88952" player_name="José Campaña">8</Player>
    <Player player_id="165375" player_name="José Luis Morales">4</Player>
    <Player player_id="109702" player_name="Roger Martí">4</Player>
    <Player player_id="196739" player_name="Enis Bardhi">2</Player>
    <Player player_id="220093" player_name="Rober Pier">3</Player>
    <Player player_id="199248" player_name="Borja Mayoral">1</Player>
    <Player player_id="86168" player_name="Rubén Rochina">4</Player>
  </Player>
  <Player cross_lost="9" cross_success="1" jersey_num="16" pass_lost="20" pass_success="38" player_id="86168" player_name="Rubén Rochina" position="Midfielder" position_id="3" x="60.74" y="43.20">
    <Player player_id="88952" player_name="José Campaña">6</Player>
    <Player player_id="165375" player_name="José Luis Morales">5</Player>
    <Player player_id="181441" player_name="Moses Simon">2</Player>
    <Player player_id="196739" player_name="Enis Bardhi">3</Player>
    <Player player_id="220093" player_name="Rober Pier">1</Player>
    <Player cross="1" player_id="199248" player_name="Borja Mayoral">3</Player>
    <Player player_id="90400" player_name="Sergio Postigo">3</Player>
    <Player player_id="55268" player_name="Coke">8</Player>
    <Player player_id="109702" player_name="Roger Martí">1</Player>
    <Player player_id="77039" player_name="Toño">6</Player>
  </Player>
  <Player cross_lost="0" cross_success="0" jersey_num="13" pass_lost="5" pass_success="15" player_id="49442" player_name="Oier Olazábal" position="Goalkeeper" position_id="1" x="5.53" y="50.09">
    <Player player_id="88952" player_name="José Campaña">3</Player>
    <Player player_id="55268" player_name="Coke">3</Player>
    <Player player_id="192050" player_name="Raphael Dwamena">1</Player>
    <Player player_id="220093" player_name="Rober Pier">5</Player>
    <Player player_id="77039" player_name="Toño">1</Player>
    <Player player_id="90400" player_name="Sergio Postigo">2</Player>
  </Player>
  <Player cross_lost="0" cross_success="0" jersey_num="15" pass_lost="11" pass_success="40" player_id="90400" player_name="Sergio Postigo" position="Defender" position_id="2" x="40.74" y="39.44">
    <Player player_id="88952" player_name="José Campaña">5</Player>
    <Player player_id="181441" player_name="Moses Simon">1</Player>
    <Player player_id="196739" player_name="Enis Bardhi">2</Player>
    <Player player_id="220093" player_name="Rober Pier">5</Player>
    <Player player_id="199248" player_name="Borja Mayoral">3</Player>
    <Player player_id="49442" player_name="Oier Olazábal">1</Player>
    <Player player_id="55268" player_name="Coke">7</Player>
    <Player player_id="109702" player_name="Roger Martí">5</Player>
    <Player player_id="192050" player_name="Raphael Dwamena">2</Player>
    <Player player_id="77039" player_name="Toño">3</Player>
    <Player player_id="86168" player_name="Rubén Rochina">6</Player>
  </Player>
  <Player cross_lost="0" cross_success="0" jersey_num="21" pass_lost="0" pass_success="0" player_id="194764" player_name="Emmanuel Boateng" position="Substitute" position_id="5" sub_on="88" x="82.10" y="22.97" />
</SoccerFeed>