﻿<?xml version="1.0" encoding="UTF-8"?>
<!-- Copyright 2001-2018 Opta Sportsdata Ltd. All rights reserved. -->
<!-- PRODUCTION HEADER
     produced on:        valde-jobq-a01.nexus.opta.net
     production time:    20181104T125705,893Z
     production module:  Opta::Feed::XML::Soccer::F27
-->
<SoccerFeed act_minute="93" act_period="2" act_second="58" away_team_id="175" away_team_name="Atlético de Madrid" competition_id="23" competition_name="Spanish La Liga" game_date="2018-11-03 12:00:00" game_id="1009421" home_team_id="957" home_team_name="Leganés" season_id="2018" season_name="Season 2018/2019" team_id="175" team_name="Atlético de Madrid">
  <Player cross_lost="0" cross_success="0" jersey_num="23" pass_lost="2" pass_success="7" player_id="86399" player_name="Vitolo" position="Substitute" position_id="5" sub_on="65" x="56.31" y="55.16">
    <Player player_id="102383" player_name="Santiago Arias">1</Player>
    <Player player_id="76650" player_name="Antoine Griezmann">4</Player>
    <Player player_id="167199" player_name="Thomas Partey">1</Player>
    <Player player_id="18595" player_name="Filipe Luís">1</Player>
  </Player>
  <Player cross_lost="0" cross_success="0" jersey_num="15" pass_lost="7" pass_success="41" player_id="65807" player_name="Stefan Savic" position="Defender" position_id="2" x="33.81" y="28.74">
    <Player player_id="86399" player_name="Vitolo">1</Player>
    <Player player_id="89335" player_name="Saúl Ñíguez">4</Player>
    <Player player_id="102383" player_name="Santiago Arias">4</Player>
    <Player player_id="81352" player_name="Jan Oblak">9</Player>
    <Player player_id="154310" player_name="Gelson Martins">1</Player>
    <Player player_id="174888" player_name="Lucas Hernández">6</Player>
    <Player player_id="167449" player_name="Thomas Lemar">1</Player>
    <Player player_id="76650" player_name="Antoine Griezmann">1</Player>
    <Player player_id="220566" player_name="Rodrigo">9</Player>
    <Player player_id="18595" player_name="Filipe Luís">5</Player>
  </Player>
  <Player cross_lost="0" cross_success="0" jersey_num="8" pass_lost="13" pass_success="41" player_id="89335" player_name="Saúl Ñíguez" position="Midfielder" position_id="3" x="47.54" y="49.21">
    <Player player_id="65807" player_name="Stefan Savic">5</Player>
    <Player player_id="154310" player_name="Gelson Martins">1</Player>
    <Player player_id="102383" player_name="Santiago Arias">7</Player>
    <Player player_id="174888" player_name="Lucas Hernández">6</Player>
    <Player player_id="167449" player_name="Thomas Lemar">3</Player>
    <Player player_id="76650" player_name="Antoine Griezmann">4</Player>
    <Player player_id="220566" player_name="Rodrigo">5</Player>
    <Player player_id="18595" player_name="Filipe Luís">5</Player>
    <Player player_id="156223" player_name="Ángel Correa">5</Player>
  </Player>
  <Player cross_lost="0" cross_success="0" jersey_num="9" pass_lost="0" pass_success="0" player_id="50401" player_name="Nikola Kalinic" position="Substitute" position_id="5" sub_on="88" x="78.50" y="57.90" />
  <Player cross_lost="0" cross_success="0" jersey_num="13" pass_lost="13" pass_success="15" player_id="81352" player_name="Jan Oblak" position="Goalkeeper" position_id="1" x="9.65" y="48.14">
    <Player player_id="89335" player_name="Saúl Ñíguez">1</Player>
    <Player player_id="65807" player_name="Stefan Savic">3</Player>
    <Player player_id="154310" player_name="Gelson Martins">1</Player>
    <Player player_id="174888" player_name="Lucas Hernández">5</Player>
    <Player player_id="167199" player_name="Thomas Partey">1</Player>
    <Player player_id="18595" player_name="Filipe Luís">4</Player>
  </Player>
  <Player cross_lost="3" cross_success="0" jersey_num="4" pass_lost="12" pass_success="29" player_id="102383" player_name="Santiago Arias" position="Defender" position_id="2" x="51.90" y="10.41">
    <Player player_id="65807" player_name="Stefan Savic">7</Player>
    <Player player_id="154310" player_name="Gelson Martins">1</Player>
    <Player player_id="81352" player_name="Jan Oblak">1</Player>
    <Player player_id="167449" player_name="Thomas Lemar">2</Player>
    <Player player_id="76650" player_name="Antoine Griezmann">3</Player>
    <Player player_id="220566" player_name="Rodrigo">9</Player>
    <Player player_id="156223" player_name="Ángel Correa">6</Player>
  </Player>
  <Player cross_lost="0" cross_success="0" jersey_num="18" pass_lost="4" pass_success="15" player_id="154310" player_name="Gelson Martins" position="Forward" position_id="4" sub_off="88" x="64.44" y="62.07">
    <Player player_id="89335" player_name="Saúl Ñíguez">2</Player>
    <Player player_id="102383" player_name="Santiago Arias">2</Player>
    <Player player_id="174888" player_name="Lucas Hernández">1</Player>
    <Player player_id="167449" player_name="Thomas Lemar">3</Player>
    <Player player_id="76650" player_name="Antoine Griezmann">2</Player>
    <Player player_id="220566" player_name="Rodrigo">2</Player>
    <Player player_id="18595" player_name="Filipe Luís">1</Player>
    <Player player_id="156223" player_name="Ángel Correa">2</Player>
  </Player>
  <Player cross_lost="0" cross_success="0" jersey_num="21" pass_lost="8" pass_success="38" player_id="174888" player_name="Lucas Hernández" position="Defender" position_id="2" x="30.91" y="68.40">
    <Player player_id="65807" player_name="Stefan Savic">5</Player>
    <Player player_id="89335" player_name="Saúl Ñíguez">5</Player>
    <Player player_id="154310" player_name="Gelson Martins">1</Player>
    <Player player_id="81352" player_name="Jan Oblak">3</Player>
    <Player player_id="167449" player_name="Thomas Lemar">2</Player>
    <Player player_id="76650" player_name="Antoine Griezmann">2</Player>
    <Player player_id="220566" player_name="Rodrigo">11</Player>
    <Player player_id="18595" player_name="Filipe Luís">8</Player>
    <Player player_id="156223" player_name="Ángel Correa">1</Player>
  </Player>
  <Player cross_lost="4" cross_success="2" jersey_num="11" pass_lost="6" pass_success="25" player_id="167449" player_name="Thomas Lemar" position="Midfielder" position_id="3" sub_off="72" x="53.95" y="69.09">
    <Player cross="2" player_id="65807" player_name="Stefan Savic">1</Player>
    <Player player_id="102383" player_name="Santiago Arias">1</Player>
    <Player player_id="76650" player_name="Antoine Griezmann">6</Player>
    <Player player_id="89335" player_name="Saúl Ñíguez">2</Player>
    <Player player_id="154310" player_name="Gelson Martins">1</Player>
    <Player player_id="174888" player_name="Lucas Hernández">2</Player>
    <Player player_id="220566" player_name="Rodrigo">3</Player>
    <Player player_id="18595" player_name="Filipe Luís">8</Player>
    <Player player_id="156223" player_name="Ángel Correa">1</Player>
  </Player>
  <Player cross_lost="0" cross_success="0" jersey_num="14" pass_lost="11" pass_success="56" player_id="220566" player_name="Rodrigo" position="Midfielder" position_id="3" x="43.31" y="42.05">
    <Player player_id="86399" player_name="Vitolo">5</Player>
    <Player player_id="89335" player_name="Saúl Ñíguez">10</Player>
    <Player player_id="65807" player_name="Stefan Savic">8</Player>
    <Player player_id="154310" player_name="Gelson Martins">1</Player>
    <Player player_id="102383" player_name="Santiago Arias">8</Player>
    <Player player_id="174888" player_name="Lucas Hernández">5</Player>
    <Player player_id="167449" player_name="Thomas Lemar">7</Player>
    <Player player_id="76650" player_name="Antoine Griezmann">6</Player>
    <Player player_id="18595" player_name="Filipe Luís">6</Player>
  </Player>
  <Player cross_lost="2" cross_success="1" jersey_num="7" pass_lost="13" pass_success="27" player_id="76650" player_name="Antoine Griezmann" position="Forward" position_id="4" x="62.78" y="50.08">
    <Player player_id="86399" player_name="Vitolo">1</Player>
    <Player player_id="89335" player_name="Saúl Ñíguez">3</Player>
    <Player player_id="154310" player_name="Gelson Martins">3</Player>
    <Player player_id="102383" player_name="Santiago Arias">5</Player>
    <Player player_id="174888" player_name="Lucas Hernández">2</Player>
    <Player player_id="167449" player_name="Thomas Lemar">6</Player>
    <Player cross="1" player_id="220566" player_name="Rodrigo">2</Player>
    <Player player_id="167199" player_name="Thomas Partey">1</Player>
    <Player player_id="18595" player_name="Filipe Luís">2</Player>
    <Player player_id="156223" player_name="Ángel Correa">2</Player>
  </Player>
  <Player cross_lost="0" cross_success="0" jersey_num="5" pass_lost="3" pass_success="7" player_id="167199" player_name="Thomas Partey" position="Substitute" position_id="5" sub_on="72" x="35.79" y="65.19">
    <Player player_id="89335" player_name="Saúl Ñíguez">1</Player>
    <Player player_id="76650" player_name="Antoine Griezmann">2</Player>
    <Player player_id="220566" player_name="Rodrigo">1</Player>
    <Player player_id="18595" player_name="Filipe Luís">3</Player>
  </Player>
  <Player cross_lost="2" cross_success="1" jersey_num="3" pass_lost="13" pass_success="42" player_id="18595" player_name="Filipe Luís" position="Defender" position_id="2" x="47.36" y="83.51">
    <Player player_id="86399" player_name="Vitolo">3</Player>
    <Player player_id="65807" player_name="Stefan Savic">2</Player>
    <Player player_id="167449" player_name="Thomas Lemar">7</Player>
    <Player player_id="76650" player_name="Antoine Griezmann">7</Player>
    <Player player_id="89335" player_name="Saúl Ñíguez">6</Player>
    <Player player_id="154310" player_name="Gelson Martins">8</Player>
    <Player player_id="81352" player_name="Jan Oblak">1</Player>
    <Player player_id="174888" player_name="Lucas Hernández">5</Player>
    <Player player_id="220566" player_name="Rodrigo">2</Player>
    <Player cross="1" player_id="156223" player_name="Ángel Correa">1</Player>
  </Player>
  <Player cross_lost="0" cross_success="0" jersey_num="10" pass_lost="9" pass_success="10" player_id="156223" player_name="Ángel Correa" position="Midfielder" position_id="3" sub_off="65" x="63.22" y="30.85">
    <Player player_id="89335" player_name="Saúl Ñíguez">2</Player>
    <Player player_id="102383" player_name="Santiago Arias">4</Player>
    <Player player_id="154310" player_name="Gelson Martins">3</Player>
    <Player player_id="220566" player_name="Rodrigo">1</Player>
  </Player>
</SoccerFeed>