﻿<?xml version="1.0" encoding="UTF-8"?>
<!-- Copyright 2001-2019 Opta Sportsdata Ltd. All rights reserved. -->
<!-- PRODUCTION HEADER
     produced on:        valde-jobq-a03.nexus.opta.net
     production time:    20190226T141410,472Z
     production module:  Opta::Feed::XML::Soccer::F27
-->
<SoccerFeed act_minute="93" act_period="2" act_second="9" away_team_id="449" away_team_name="Villarreal" competition_id="23" competition_name="Spanish La Liga" game_date="2019-02-24 15:15:00" game_id="1009558" home_team_id="175" home_team_name="Atlético de Madrid" season_id="2018" season_name="Season 2018/2019" team_id="449" team_name="Villarreal">
  <Player cross_lost="5" cross_success="0" jersey_num="2" pass_lost="2" pass_success="30" player_id="76610" player_name="Mario Gaspar" position="Midfielder" position_id="3" x="50.52" y="21.74">
    <Player player_id="96084" player_name="Álvaro González">13</Player>
    <Player player_id="19524" player_name="Santi Cazorla">3</Player>
    <Player player_id="241160" player_name="Santiago Cáseres">5</Player>
    <Player player_id="111274" player_name="Carlos Bacca">1</Player>
    <Player player_id="93721" player_name="Gerard Moreno">1</Player>
    <Player player_id="54513" player_name="Vicente Iborra">1</Player>
    <Player player_id="121221" player_name="Ramiro Funes Mori">1</Player>
    <Player player_id="193454" player_name="Karl Toko Ekambi">3</Player>
    <Player player_id="218328" player_name="Samuel Chukwueze">2</Player>
  </Player>
  <Player cross_lost="2" cross_success="0" jersey_num="3" pass_lost="13" pass_success="46" player_id="96084" player_name="Álvaro González" position="Defender" position_id="2" x="43.41" y="29.60">
    <Player player_id="76610" player_name="Mario Gaspar">10</Player>
    <Player player_id="48772" player_name="Sergio Asenjo">3</Player>
    <Player player_id="93721" player_name="Gerard Moreno">2</Player>
    <Player player_id="54513" player_name="Vicente Iborra">4</Player>
    <Player player_id="193454" player_name="Karl Toko Ekambi">3</Player>
    <Player player_id="51948" player_name="Víctor Ruiz">4</Player>
    <Player player_id="19524" player_name="Santi Cazorla">2</Player>
    <Player player_id="241160" player_name="Santiago Cáseres">4</Player>
    <Player player_id="208380" player_name="Alfonso Pedraza">1</Player>
    <Player player_id="121221" player_name="Ramiro Funes Mori">13</Player>
  </Player>
  <Player cross_lost="0" cross_success="0" jersey_num="6" pass_lost="10" pass_success="66" player_id="51948" player_name="Víctor Ruiz" position="Defender" position_id="2" x="39.22" y="71.05">
    <Player player_id="96084" player_name="Álvaro González">5</Player>
    <Player player_id="19524" player_name="Santi Cazorla">14</Player>
    <Player player_id="241160" player_name="Santiago Cáseres">6</Player>
    <Player player_id="48772" player_name="Sergio Asenjo">5</Player>
    <Player player_id="93721" player_name="Gerard Moreno">2</Player>
    <Player player_id="54513" player_name="Vicente Iborra">12</Player>
    <Player player_id="217593" player_name="Pablo Fornals">1</Player>
    <Player player_id="208380" player_name="Alfonso Pedraza">9</Player>
    <Player player_id="193454" player_name="Karl Toko Ekambi">5</Player>
    <Player player_id="121221" player_name="Ramiro Funes Mori">7</Player>
  </Player>
  <Player cross_lost="5" cross_success="2" jersey_num="19" pass_lost="12" pass_success="60" player_id="19524" player_name="Santi Cazorla" position="Midfielder" position_id="3" x="50.18" y="66.60">
    <Player player_id="76610" player_name="Mario Gaspar">6</Player>
    <Player player_id="96084" player_name="Álvaro González">3</Player>
    <Player cross="2" player_id="51948" player_name="Víctor Ruiz">9</Player>
    <Player player_id="241160" player_name="Santiago Cáseres">8</Player>
    <Player player_id="111274" player_name="Carlos Bacca">3</Player>
    <Player player_id="54513" player_name="Vicente Iborra">7</Player>
    <Player player_id="208380" player_name="Alfonso Pedraza">15</Player>
    <Player player_id="193454" player_name="Karl Toko Ekambi">4</Player>
    <Player player_id="121221" player_name="Ramiro Funes Mori">1</Player>
    <Player player_id="218328" player_name="Samuel Chukwueze">4</Player>
  </Player>
  <Player cross_lost="0" cross_success="0" jersey_num="5" pass_lost="2" pass_success="49" player_id="241160" player_name="Santiago Cáseres" position="Midfielder" position_id="3" sub_off="76" x="44.45" y="58.81">
    <Player player_id="76610" player_name="Mario Gaspar">3</Player>
    <Player player_id="111274" player_name="Carlos Bacca">5</Player>
    <Player player_id="54513" player_name="Vicente Iborra">2</Player>
    <Player player_id="193454" player_name="Karl Toko Ekambi">1</Player>
    <Player player_id="218328" player_name="Samuel Chukwueze">2</Player>
    <Player player_id="96084" player_name="Álvaro González">9</Player>
    <Player player_id="51948" player_name="Víctor Ruiz">8</Player>
    <Player player_id="19524" player_name="Santi Cazorla">11</Player>
    <Player player_id="208380" player_name="Alfonso Pedraza">4</Player>
    <Player player_id="121221" player_name="Ramiro Funes Mori">4</Player>
  </Player>
  <Player cross_lost="0" cross_success="0" jersey_num="1" pass_lost="3" pass_success="25" player_id="48772" player_name="Sergio Asenjo" position="Goalkeeper" position_id="1" x="7.71" y="48.88">
    <Player player_id="96084" player_name="Álvaro González">5</Player>
    <Player player_id="76610" player_name="Mario Gaspar">3</Player>
    <Player player_id="51948" player_name="Víctor Ruiz">8</Player>
    <Player player_id="19524" player_name="Santi Cazorla">1</Player>
    <Player player_id="241160" player_name="Santiago Cáseres">2</Player>
    <Player player_id="111274" player_name="Carlos Bacca">1</Player>
    <Player player_id="54513" player_name="Vicente Iborra">1</Player>
    <Player player_id="208380" player_name="Alfonso Pedraza">2</Player>
    <Player player_id="121221" player_name="Ramiro Funes Mori">1</Player>
  </Player>
  <Player cross_lost="0" cross_success="0" jersey_num="9" pass_lost="5" pass_success="4" player_id="111274" player_name="Carlos Bacca" position="Forward" position_id="4" sub_off="68" x="62.01" y="51.62">
    <Player player_id="19524" player_name="Santi Cazorla">1</Player>
    <Player player_id="241160" player_name="Santiago Cáseres">1</Player>
    <Player player_id="193454" player_name="Karl Toko Ekambi">1</Player>
    <Player player_id="218328" player_name="Samuel Chukwueze">1</Player>
  </Player>
  <Player cross_lost="0" cross_success="1" jersey_num="7" pass_lost="1" pass_success="7" player_id="93721" player_name="Gerard Moreno" position="Substitute" position_id="5" sub_on="68" x="67.12" y="51.39">
    <Player player_id="96084" player_name="Álvaro González">1</Player>
    <Player player_id="76610" player_name="Mario Gaspar">1</Player>
    <Player player_id="19524" player_name="Santi Cazorla">1</Player>
    <Player cross="1" player_id="54513" player_name="Vicente Iborra">0</Player>
    <Player player_id="208380" player_name="Alfonso Pedraza">1</Player>
    <Player player_id="193454" player_name="Karl Toko Ekambi">2</Player>
    <Player player_id="218328" player_name="Samuel Chukwueze">1</Player>
  </Player>
  <Player cross_lost="0" cross_success="0" jersey_num="10" pass_lost="4" pass_success="36" player_id="54513" player_name="Vicente Iborra" position="Midfielder" position_id="3" x="50.62" y="57.18">
    <Player player_id="96084" player_name="Álvaro González">2</Player>
    <Player player_id="76610" player_name="Mario Gaspar">4</Player>
    <Player player_id="51948" player_name="Víctor Ruiz">4</Player>
    <Player player_id="19524" player_name="Santi Cazorla">7</Player>
    <Player player_id="241160" player_name="Santiago Cáseres">3</Player>
    <Player player_id="111274" player_name="Carlos Bacca">2</Player>
    <Player player_id="93721" player_name="Gerard Moreno">1</Player>
    <Player player_id="217593" player_name="Pablo Fornals">2</Player>
    <Player player_id="208380" player_name="Alfonso Pedraza">5</Player>
    <Player player_id="121221" player_name="Ramiro Funes Mori">1</Player>
    <Player player_id="193454" player_name="Karl Toko Ekambi">5</Player>
  </Player>
  <Player cross_lost="0" cross_success="0" jersey_num="8" pass_lost="0" pass_success="7" player_id="217593" player_name="Pablo Fornals" position="Substitute" position_id="5" sub_on="76" x="70.88" y="82.60">
    <Player player_id="54513" player_name="Vicente Iborra">4</Player>
    <Player player_id="96084" player_name="Álvaro González">1</Player>
    <Player player_id="208380" player_name="Alfonso Pedraza">2</Player>
  </Player>
  <Player cross_lost="3" cross_success="1" jersey_num="16" pass_lost="9" pass_success="31" player_id="208380" player_name="Alfonso Pedraza" position="Midfielder" position_id="3" x="57.17" y="86.64">
    <Player cross="1" player_id="76610" player_name="Mario Gaspar">0</Player>
    <Player player_id="111274" player_name="Carlos Bacca">1</Player>
    <Player player_id="54513" player_name="Vicente Iborra">2</Player>
    <Player player_id="217593" player_name="Pablo Fornals">2</Player>
    <Player player_id="193454" player_name="Karl Toko Ekambi">2</Player>
    <Player player_id="96084" player_name="Álvaro González">1</Player>
    <Player player_id="51948" player_name="Víctor Ruiz">8</Player>
    <Player player_id="19524" player_name="Santi Cazorla">12</Player>
    <Player player_id="241160" player_name="Santiago Cáseres">3</Player>
  </Player>
  <Player cross_lost="1" cross_success="0" jersey_num="17" pass_lost="4" pass_success="17" player_id="193454" player_name="Karl Toko Ekambi" position="Forward" position_id="4" x="63.28" y="59.48">
    <Player player_id="76610" player_name="Mario Gaspar">3</Player>
    <Player player_id="111274" player_name="Carlos Bacca">1</Player>
    <Player player_id="93721" player_name="Gerard Moreno">1</Player>
    <Player player_id="217593" player_name="Pablo Fornals">1</Player>
    <Player player_id="96084" player_name="Álvaro González">1</Player>
    <Player player_id="51948" player_name="Víctor Ruiz">1</Player>
    <Player player_id="19524" player_name="Santi Cazorla">5</Player>
    <Player player_id="241160" player_name="Santiago Cáseres">2</Player>
    <Player player_id="208380" player_name="Alfonso Pedraza">1</Player>
    <Player player_id="121221" player_name="Ramiro Funes Mori">1</Player>
  </Player>
  <Player cross_lost="0" cross_success="0" jersey_num="4" pass_lost="2" pass_success="28" player_id="121221" player_name="Ramiro Funes Mori" position="Defender" position_id="2" sub_off="56" x="31.28" y="48.58">
    <Player player_id="96084" player_name="Álvaro González">7</Player>
    <Player player_id="51948" player_name="Víctor Ruiz">13</Player>
    <Player player_id="19524" player_name="Santi Cazorla">3</Player>
    <Player player_id="241160" player_name="Santiago Cáseres">2</Player>
    <Player player_id="48772" player_name="Sergio Asenjo">2</Player>
    <Player player_id="54513" player_name="Vicente Iborra">1</Player>
  </Player>
  <Player cross_lost="1" cross_success="0" jersey_num="30" pass_lost="1" pass_success="10" player_id="218328" player_name="Samuel Chukwueze" position="Substitute" position_id="5" sub_on="56" x="70.68" y="30.51">
    <Player player_id="96084" player_name="Álvaro González">2</Player>
    <Player player_id="19524" player_name="Santi Cazorla">2</Player>
    <Player player_id="241160" player_name="Santiago Cáseres">1</Player>
    <Player player_id="111274" player_name="Carlos Bacca">1</Player>
    <Player player_id="93721" player_name="Gerard Moreno">1</Player>
    <Player player_id="54513" player_name="Vicente Iborra">1</Player>
    <Player player_id="217593" player_name="Pablo Fornals">1</Player>
    <Player player_id="193454" player_name="Karl Toko Ekambi">1</Player>
  </Player>
</SoccerFeed>