﻿<?xml version="1.0" encoding="UTF-8"?>
<!-- Copyright 2001-2019 Opta Sportsdata Ltd. All rights reserved. -->
<!-- PRODUCTION HEADER
     produced on:        valde-jobq-a02.nexus.opta.net
     production time:    20190122T174650,151Z
     production module:  Opta::Feed::XML::Soccer::F27
-->
<SoccerFeed act_minute="93" act_period="2" act_second="3" away_team_id="191" away_team_name="Valencia CF" competition_id="23" competition_name="Spanish La Liga" game_date="2019-01-19 19:45:00" game_id="1009508" home_team_id="176" home_team_name="Celta de Vigo" season_id="2018" season_name="Season 2018/2019" team_id="176" team_name="Celta de Vigo">
  <Player cross_lost="0" cross_success="0" jersey_num="13" pass_lost="11" pass_success="29" player_id="106539" player_name="Rubén Blanco" position="Goalkeeper" position_id="1" x="8.89" y="50.10">
    <Player player_id="101820" player_name="Stanislav Lobotka">2</Player>
    <Player player_id="100868" player_name="Néstor Araújo">7</Player>
    <Player player_id="76508" player_name="Hugo Mallo">2</Player>
    <Player player_id="54794" player_name="Facundo Roncaglia">13</Player>
    <Player player_id="105064" player_name="Jozabed Sánchez">2</Player>
    <Player player_id="215206" player_name="Maxi Gómez">1</Player>
    <Player player_id="142276" player_name="Pione Sisto">2</Player>
  </Player>
  <Player cross_lost="0" cross_success="0" jersey_num="14" pass_lost="7" pass_success="56" player_id="101820" player_name="Stanislav Lobotka" position="Midfielder" position_id="3" sub_off="89" x="45.92" y="56.39">
    <Player player_id="76508" player_name="Hugo Mallo">5</Player>
    <Player player_id="54794" player_name="Facundo Roncaglia">9</Player>
    <Player player_id="178880" player_name="Brais Méndez">5</Player>
    <Player player_id="215206" player_name="Maxi Gómez">3</Player>
    <Player player_id="142276" player_name="Pione Sisto">7</Player>
    <Player player_id="106539" player_name="Rubén Blanco">1</Player>
    <Player player_id="100868" player_name="Néstor Araújo">9</Player>
    <Player player_id="128198" player_name="Sofiane Boufal">4</Player>
    <Player player_id="105064" player_name="Jozabed Sánchez">10</Player>
    <Player player_id="105488" player_name="David Juncà">3</Player>
  </Player>
  <Player cross_lost="1" cross_success="0" jersey_num="16" pass_lost="1" pass_success="1" player_id="166973" player_name="Andrew Hjulsager" position="Substitute" position_id="5" sub_on="82" x="36.81" y="85.54">
    <Player player_id="100868" player_name="Néstor Araújo">1</Player>
  </Player>
  <Player cross_lost="0" cross_success="0" jersey_num="4" pass_lost="11" pass_success="60" player_id="100868" player_name="Néstor Araújo" position="Defender" position_id="2" x="29.37" y="70.65">
    <Player player_id="101820" player_name="Stanislav Lobotka">8</Player>
    <Player player_id="106539" player_name="Rubén Blanco">10</Player>
    <Player player_id="128198" player_name="Sofiane Boufal">1</Player>
    <Player player_id="220046" player_name="Emre Mor">1</Player>
    <Player player_id="76508" player_name="Hugo Mallo">2</Player>
    <Player player_id="54794" player_name="Facundo Roncaglia">5</Player>
    <Player player_id="105064" player_name="Jozabed Sánchez">8</Player>
    <Player player_id="178880" player_name="Brais Méndez">3</Player>
    <Player player_id="142276" player_name="Pione Sisto">7</Player>
    <Player player_id="105488" player_name="David Juncà">15</Player>
  </Player>
  <Player cross_lost="0" cross_success="0" jersey_num="19" pass_lost="6" pass_success="31" player_id="128198" player_name="Sofiane Boufal" position="Midfielder" position_id="3" sub_off="71" x="55.18" y="36.99">
    <Player player_id="101820" player_name="Stanislav Lobotka">2</Player>
    <Player player_id="76508" player_name="Hugo Mallo">5</Player>
    <Player player_id="54794" player_name="Facundo Roncaglia">1</Player>
    <Player player_id="105064" player_name="Jozabed Sánchez">5</Player>
    <Player player_id="178880" player_name="Brais Méndez">9</Player>
    <Player player_id="215206" player_name="Maxi Gómez">1</Player>
    <Player player_id="142276" player_name="Pione Sisto">6</Player>
    <Player player_id="105488" player_name="David Juncà">2</Player>
  </Player>
  <Player cross_lost="0" cross_success="0" jersey_num="8" pass_lost="0" pass_success="1" player_id="234511" player_name="Fran Beltrán" position="Substitute" position_id="5" sub_on="89" x="26.90" y="62.10">
    <Player player_id="54794" player_name="Facundo Roncaglia">1</Player>
  </Player>
  <Player cross_lost="0" cross_success="0" jersey_num="7" pass_lost="2" pass_success="3" player_id="220046" player_name="Emre Mor" position="Substitute" position_id="5" sub_on="71" x="49.89" y="35.24">
    <Player player_id="54794" player_name="Facundo Roncaglia">1</Player>
    <Player player_id="105064" player_name="Jozabed Sánchez">1</Player>
    <Player player_id="105488" player_name="David Juncà">1</Player>
  </Player>
  <Player cross_lost="4" cross_success="1" jersey_num="2" pass_lost="10" pass_success="43" player_id="76508" player_name="Hugo Mallo" position="Defender" position_id="2" x="44.57" y="11.31">
    <Player player_id="106539" player_name="Rubén Blanco">3</Player>
    <Player player_id="101820" player_name="Stanislav Lobotka">4</Player>
    <Player player_id="128198" player_name="Sofiane Boufal">11</Player>
    <Player player_id="220046" player_name="Emre Mor">1</Player>
    <Player player_id="54794" player_name="Facundo Roncaglia">3</Player>
    <Player cross="1" player_id="105064" player_name="Jozabed Sánchez">8</Player>
    <Player player_id="178880" player_name="Brais Méndez">7</Player>
    <Player player_id="142276" player_name="Pione Sisto">2</Player>
    <Player player_id="215206" player_name="Maxi Gómez">4</Player>
  </Player>
  <Player cross_lost="0" cross_success="0" jersey_num="24" pass_lost="7" pass_success="46" player_id="54794" player_name="Facundo Roncaglia" position="Defender" position_id="2" x="30.71" y="29.00">
    <Player player_id="106539" player_name="Rubén Blanco">9</Player>
    <Player player_id="101820" player_name="Stanislav Lobotka">7</Player>
    <Player player_id="100868" player_name="Néstor Araújo">7</Player>
    <Player player_id="128198" player_name="Sofiane Boufal">3</Player>
    <Player player_id="220046" player_name="Emre Mor">1</Player>
    <Player player_id="76508" player_name="Hugo Mallo">12</Player>
    <Player player_id="105064" player_name="Jozabed Sánchez">4</Player>
    <Player player_id="142276" player_name="Pione Sisto">1</Player>
    <Player player_id="105488" player_name="David Juncà">2</Player>
  </Player>
  <Player cross_lost="0" cross_success="0" jersey_num="21" pass_lost="10" pass_success="54" player_id="105064" player_name="Jozabed Sánchez" position="Midfielder" position_id="3" x="44.13" y="49.16">
    <Player player_id="101820" player_name="Stanislav Lobotka">10</Player>
    <Player player_id="166973" player_name="Andrew Hjulsager">1</Player>
    <Player player_id="100868" player_name="Néstor Araújo">11</Player>
    <Player player_id="128198" player_name="Sofiane Boufal">2</Player>
    <Player player_id="76508" player_name="Hugo Mallo">6</Player>
    <Player player_id="54794" player_name="Facundo Roncaglia">9</Player>
    <Player player_id="178880" player_name="Brais Méndez">5</Player>
    <Player player_id="105488" player_name="David Juncà">5</Player>
    <Player player_id="142276" player_name="Pione Sisto">5</Player>
  </Player>
  <Player cross_lost="2" cross_success="2" jersey_num="23" pass_lost="8" pass_success="39" player_id="178880" player_name="Brais Méndez" position="Midfielder" position_id="3" x="59.06" y="43.55">
    <Player player_id="101820" player_name="Stanislav Lobotka">8</Player>
    <Player cross="2" player_id="100868" player_name="Néstor Araújo">1</Player>
    <Player player_id="128198" player_name="Sofiane Boufal">5</Player>
    <Player player_id="76508" player_name="Hugo Mallo">7</Player>
    <Player player_id="54794" player_name="Facundo Roncaglia">1</Player>
    <Player player_id="105064" player_name="Jozabed Sánchez">7</Player>
    <Player player_id="215206" player_name="Maxi Gómez">2</Player>
    <Player player_id="142276" player_name="Pione Sisto">6</Player>
    <Player player_id="105488" player_name="David Juncà">2</Player>
  </Player>
  <Player cross_lost="0" cross_success="0" jersey_num="9" pass_lost="5" pass_success="15" player_id="215206" player_name="Maxi Gómez" position="Forward" position_id="4" x="57.10" y="46.44">
    <Player player_id="101820" player_name="Stanislav Lobotka">1</Player>
    <Player player_id="128198" player_name="Sofiane Boufal">4</Player>
    <Player player_id="220046" player_name="Emre Mor">1</Player>
    <Player player_id="76508" player_name="Hugo Mallo">3</Player>
    <Player player_id="54794" player_name="Facundo Roncaglia">2</Player>
    <Player player_id="178880" player_name="Brais Méndez">2</Player>
    <Player player_id="105488" player_name="David Juncà">1</Player>
    <Player player_id="142276" player_name="Pione Sisto">1</Player>
  </Player>
  <Player cross_lost="1" cross_success="0" jersey_num="17" pass_lost="4" pass_success="46" player_id="105488" player_name="David Juncà" position="Defender" position_id="2" x="42.83" y="89.03">
    <Player player_id="101820" player_name="Stanislav Lobotka">5</Player>
    <Player player_id="100868" player_name="Néstor Araújo">10</Player>
    <Player player_id="128198" player_name="Sofiane Boufal">3</Player>
    <Player player_id="105064" player_name="Jozabed Sánchez">5</Player>
    <Player player_id="178880" player_name="Brais Méndez">2</Player>
    <Player player_id="215206" player_name="Maxi Gómez">5</Player>
    <Player player_id="142276" player_name="Pione Sisto">16</Player>
  </Player>
  <Player cross_lost="0" cross_success="0" jersey_num="11" pass_lost="8" pass_success="44" player_id="142276" player_name="Pione Sisto" position="Midfielder" position_id="3" sub_off="82" x="55.84" y="70.34">
    <Player player_id="101820" player_name="Stanislav Lobotka">8</Player>
    <Player player_id="100868" player_name="Néstor Araújo">1</Player>
    <Player player_id="128198" player_name="Sofiane Boufal">3</Player>
    <Player player_id="76508" player_name="Hugo Mallo">5</Player>
    <Player player_id="54794" player_name="Facundo Roncaglia">1</Player>
    <Player player_id="105064" player_name="Jozabed Sánchez">5</Player>
    <Player player_id="178880" player_name="Brais Méndez">10</Player>
    <Player player_id="215206" player_name="Maxi Gómez">1</Player>
    <Player player_id="105488" player_name="David Juncà">10</Player>
  </Player>
</SoccerFeed>