﻿<?xml version="1.0" encoding="UTF-8"?>
<!-- Copyright 2001-2019 Opta Sportsdata Ltd. All rights reserved. -->
<!-- PRODUCTION HEADER
     produced on:        valde-jobq-a02.nexus.opta.net
     production time:    20190108T130727,265Z
     production module:  Opta::Feed::XML::Soccer::F27
-->
<SoccerFeed act_minute="96" act_period="2" act_second="8" away_team_id="174" away_team_name="Athletic Club" competition_id="23" competition_name="Spanish La Liga" game_date="2019-01-07 20:00:00" game_id="1009490" home_team_id="176" home_team_name="Celta de Vigo" season_id="2018" season_name="Season 2018/2019" team_id="176" team_name="Celta de Vigo">
  <Player cross_lost="0" cross_success="0" jersey_num="14" pass_lost="1" pass_success="42" player_id="101820" player_name="Stanislav Lobotka" position="Midfielder" position_id="3" sub_off="64" x="46.04" y="55.95">
    <Player player_id="106539" player_name="Rubén Blanco">2</Player>
    <Player player_id="100868" player_name="Néstor Araújo">6</Player>
    <Player player_id="128198" player_name="Sofiane Boufal">4</Player>
    <Player player_id="101394" player_name="Okay Yokuslu">3</Player>
    <Player player_id="234511" player_name="Fran Beltrán">3</Player>
    <Player player_id="76508" player_name="Hugo Mallo">2</Player>
    <Player player_id="55117" player_name="Gustavo Cabral">8</Player>
    <Player player_id="178880" player_name="Brais Méndez">5</Player>
    <Player player_id="105488" player_name="David Juncà">9</Player>
  </Player>
  <Player cross_lost="0" cross_success="0" jersey_num="13" pass_lost="7" pass_success="29" player_id="106539" player_name="Rubén Blanco" position="Goalkeeper" position_id="1" x="12.98" y="51.74">
    <Player player_id="101820" player_name="Stanislav Lobotka">1</Player>
    <Player player_id="100868" player_name="Néstor Araújo">6</Player>
    <Player player_id="101394" player_name="Okay Yokuslu">3</Player>
    <Player player_id="55117" player_name="Gustavo Cabral">12</Player>
    <Player player_id="142276" player_name="Pione Sisto">1</Player>
    <Player player_id="215206" player_name="Maxi Gómez">4</Player>
    <Player player_id="105488" player_name="David Juncà">2</Player>
  </Player>
  <Player cross_lost="0" cross_success="1" jersey_num="16" pass_lost="2" pass_success="7" player_id="166973" player_name="Andrew Hjulsager" position="Substitute" position_id="5" sub_on="80" x="57.53" y="13.60">
    <Player cross="1" player_id="101394" player_name="Okay Yokuslu">0</Player>
    <Player player_id="76508" player_name="Hugo Mallo">3</Player>
    <Player player_id="55117" player_name="Gustavo Cabral">1</Player>
    <Player player_id="178880" player_name="Brais Méndez">1</Player>
    <Player player_id="142276" player_name="Pione Sisto">2</Player>
  </Player>
  <Player cross_lost="0" cross_success="0" jersey_num="32" pass_lost="1" pass_success="3" player_id="217846" player_name="Dennis Eckert" position="Substitute" position_id="5" sub_on="74" x="76.80" y="50.71">
    <Player player_id="166973" player_name="Andrew Hjulsager">1</Player>
    <Player player_id="105488" player_name="David Juncà">1</Player>
    <Player player_id="142276" player_name="Pione Sisto">1</Player>
  </Player>
  <Player cross_lost="0" cross_success="0" jersey_num="4" pass_lost="10" pass_success="77" player_id="100868" player_name="Néstor Araújo" position="Defender" position_id="2" x="36.89" y="72.27">
    <Player player_id="76508" player_name="Hugo Mallo">2</Player>
    <Player player_id="178880" player_name="Brais Méndez">4</Player>
    <Player player_id="142276" player_name="Pione Sisto">2</Player>
    <Player player_id="215206" player_name="Maxi Gómez">3</Player>
    <Player player_id="101820" player_name="Stanislav Lobotka">6</Player>
    <Player player_id="106539" player_name="Rubén Blanco">5</Player>
    <Player player_id="217846" player_name="Dennis Eckert">1</Player>
    <Player player_id="128198" player_name="Sofiane Boufal">7</Player>
    <Player player_id="101394" player_name="Okay Yokuslu">10</Player>
    <Player player_id="234511" player_name="Fran Beltrán">6</Player>
    <Player player_id="55117" player_name="Gustavo Cabral">13</Player>
    <Player player_id="105488" player_name="David Juncà">18</Player>
  </Player>
  <Player cross_lost="1" cross_success="0" jersey_num="19" pass_lost="9" pass_success="36" player_id="128198" player_name="Sofiane Boufal" position="Midfielder" position_id="3" sub_off="74" x="59.23" y="63.70">
    <Player player_id="76508" player_name="Hugo Mallo">4</Player>
    <Player player_id="178880" player_name="Brais Méndez">5</Player>
    <Player player_id="215206" player_name="Maxi Gómez">7</Player>
    <Player player_id="101820" player_name="Stanislav Lobotka">4</Player>
    <Player player_id="100868" player_name="Néstor Araújo">4</Player>
    <Player player_id="101394" player_name="Okay Yokuslu">3</Player>
    <Player player_id="234511" player_name="Fran Beltrán">2</Player>
    <Player player_id="55117" player_name="Gustavo Cabral">3</Player>
    <Player player_id="105488" player_name="David Juncà">4</Player>
  </Player>
  <Player cross_lost="0" cross_success="0" jersey_num="5" pass_lost="11" pass_success="72" player_id="101394" player_name="Okay Yokuslu" position="Midfielder" position_id="3" x="39.29" y="45.29">
    <Player player_id="76508" player_name="Hugo Mallo">9</Player>
    <Player player_id="178880" player_name="Brais Méndez">15</Player>
    <Player player_id="142276" player_name="Pione Sisto">1</Player>
    <Player player_id="215206" player_name="Maxi Gómez">1</Player>
    <Player player_id="101820" player_name="Stanislav Lobotka">6</Player>
    <Player player_id="106539" player_name="Rubén Blanco">2</Player>
    <Player player_id="166973" player_name="Andrew Hjulsager">1</Player>
    <Player player_id="100868" player_name="Néstor Araújo">12</Player>
    <Player player_id="128198" player_name="Sofiane Boufal">8</Player>
    <Player player_id="234511" player_name="Fran Beltrán">2</Player>
    <Player player_id="55117" player_name="Gustavo Cabral">10</Player>
    <Player player_id="105488" player_name="David Juncà">5</Player>
  </Player>
  <Player cross_lost="1" cross_success="0" jersey_num="8" pass_lost="0" pass_success="28" player_id="234511" player_name="Fran Beltrán" position="Midfielder" position_id="3" sub_off="80" x="59.94" y="54.87">
    <Player player_id="101820" player_name="Stanislav Lobotka">1</Player>
    <Player player_id="100868" player_name="Néstor Araújo">4</Player>
    <Player player_id="101394" player_name="Okay Yokuslu">2</Player>
    <Player player_id="128198" player_name="Sofiane Boufal">4</Player>
    <Player player_id="55117" player_name="Gustavo Cabral">2</Player>
    <Player player_id="178880" player_name="Brais Méndez">4</Player>
    <Player player_id="142276" player_name="Pione Sisto">1</Player>
    <Player player_id="215206" player_name="Maxi Gómez">1</Player>
    <Player player_id="105488" player_name="David Juncà">9</Player>
  </Player>
  <Player cross_lost="5" cross_success="3" jersey_num="2" pass_lost="16" pass_success="39" player_id="76508" player_name="Hugo Mallo" position="Defender" position_id="2" x="51.50" y="13.82">
    <Player player_id="106539" player_name="Rubén Blanco">2</Player>
    <Player player_id="101820" player_name="Stanislav Lobotka">3</Player>
    <Player player_id="166973" player_name="Andrew Hjulsager">3</Player>
    <Player player_id="128198" player_name="Sofiane Boufal">5</Player>
    <Player cross="1" player_id="101394" player_name="Okay Yokuslu">4</Player>
    <Player player_id="234511" player_name="Fran Beltrán">2</Player>
    <Player player_id="55117" player_name="Gustavo Cabral">6</Player>
    <Player player_id="178880" player_name="Brais Méndez">10</Player>
    <Player cross="2" player_id="215206" player_name="Maxi Gómez">4</Player>
  </Player>
  <Player cross_lost="0" cross_success="0" jersey_num="22" pass_lost="4" pass_success="76" player_id="55117" player_name="Gustavo Cabral" position="Defender" position_id="2" x="38.37" y="35.55">
    <Player player_id="76508" player_name="Hugo Mallo">14</Player>
    <Player player_id="178880" player_name="Brais Méndez">15</Player>
    <Player player_id="142276" player_name="Pione Sisto">2</Player>
    <Player player_id="215206" player_name="Maxi Gómez">1</Player>
    <Player player_id="101820" player_name="Stanislav Lobotka">5</Player>
    <Player player_id="106539" player_name="Rubén Blanco">4</Player>
    <Player player_id="166973" player_name="Andrew Hjulsager">1</Player>
    <Player player_id="100868" player_name="Néstor Araújo">13</Player>
    <Player player_id="101394" player_name="Okay Yokuslu">15</Player>
    <Player player_id="128198" player_name="Sofiane Boufal">3</Player>
    <Player player_id="234511" player_name="Fran Beltrán">2</Player>
    <Player player_id="105488" player_name="David Juncà">1</Player>
  </Player>
  <Player cross_lost="3" cross_success="2" jersey_num="23" pass_lost="13" pass_success="51" player_id="178880" player_name="Brais Méndez" position="Midfielder" position_id="3" x="54.71" y="29.75">
    <Player player_id="76508" player_name="Hugo Mallo">7</Player>
    <Player player_id="142276" player_name="Pione Sisto">2</Player>
    <Player cross="1" player_id="215206" player_name="Maxi Gómez">4</Player>
    <Player player_id="101820" player_name="Stanislav Lobotka">4</Player>
    <Player player_id="166973" player_name="Andrew Hjulsager">2</Player>
    <Player player_id="100868" player_name="Néstor Araújo">4</Player>
    <Player player_id="101394" player_name="Okay Yokuslu">10</Player>
    <Player player_id="128198" player_name="Sofiane Boufal">3</Player>
    <Player player_id="234511" player_name="Fran Beltrán">6</Player>
    <Player cross="1" player_id="55117" player_name="Gustavo Cabral">7</Player>
    <Player player_id="105488" player_name="David Juncà">2</Player>
  </Player>
  <Player cross_lost="0" cross_success="1" jersey_num="11" pass_lost="2" pass_success="13" player_id="142276" player_name="Pione Sisto" position="Substitute" position_id="5" sub_on="64" x="56.45" y="61.99">
    <Player cross="1" player_id="76508" player_name="Hugo Mallo">1</Player>
    <Player player_id="178880" player_name="Brais Méndez">1</Player>
    <Player player_id="215206" player_name="Maxi Gómez">1</Player>
    <Player player_id="217846" player_name="Dennis Eckert">1</Player>
    <Player player_id="166973" player_name="Andrew Hjulsager">1</Player>
    <Player player_id="100868" player_name="Néstor Araújo">4</Player>
    <Player player_id="101394" player_name="Okay Yokuslu">1</Player>
    <Player player_id="128198" player_name="Sofiane Boufal">1</Player>
    <Player player_id="55117" player_name="Gustavo Cabral">1</Player>
    <Player player_id="105488" player_name="David Juncà">1</Player>
  </Player>
  <Player cross_lost="6" cross_success="3" jersey_num="17" pass_lost="2" pass_success="50" player_id="105488" player_name="David Juncà" position="Defender" position_id="2" x="52.07" y="87.19">
    <Player player_id="76508" player_name="Hugo Mallo">1</Player>
    <Player player_id="178880" player_name="Brais Méndez">1</Player>
    <Player player_id="142276" player_name="Pione Sisto">5</Player>
    <Player cross="1" player_id="215206" player_name="Maxi Gómez">1</Player>
    <Player player_id="101820" player_name="Stanislav Lobotka">11</Player>
    <Player player_id="106539" player_name="Rubén Blanco">3</Player>
    <Player player_id="217846" player_name="Dennis Eckert">1</Player>
    <Player player_id="100868" player_name="Néstor Araújo">9</Player>
    <Player cross="1" player_id="128198" player_name="Sofiane Boufal">6</Player>
    <Player player_id="101394" player_name="Okay Yokuslu">4</Player>
    <Player cross="1" player_id="234511" player_name="Fran Beltrán">6</Player>
    <Player player_id="55117" player_name="Gustavo Cabral">2</Player>
  </Player>
  <Player cross_lost="0" cross_success="0" jersey_num="9" pass_lost="6" pass_success="22" player_id="215206" player_name="Maxi Gómez" position="Forward" position_id="4" x="63.12" y="49.05">
    <Player player_id="101820" player_name="Stanislav Lobotka">1</Player>
    <Player player_id="100868" player_name="Néstor Araújo">1</Player>
    <Player player_id="101394" player_name="Okay Yokuslu">3</Player>
    <Player player_id="128198" player_name="Sofiane Boufal">7</Player>
    <Player player_id="76508" player_name="Hugo Mallo">5</Player>
    <Player player_id="55117" player_name="Gustavo Cabral">1</Player>
    <Player player_id="178880" player_name="Brais Méndez">3</Player>
    <Player player_id="105488" player_name="David Juncà">1</Player>
  </Player>
</SoccerFeed>