﻿<?xml version="1.0" encoding="UTF-8"?>
<!-- Copyright 2001-2019 Opta Sportsdata Ltd. All rights reserved. -->
<!-- PRODUCTION HEADER
     produced on:        valde-jobq-a03.nexus.opta.net
     production time:    20190213T190705,652Z
     production module:  Opta::Feed::XML::Soccer::F27
-->
<SoccerFeed act_minute="95" act_period="2" act_second="46" away_team_id="178" away_team_name="Barcelona" competition_id="23" competition_name="Spanish La Liga" game_date="2019-02-10 19:45:00" game_id="1009538" home_team_id="174" home_team_name="Athletic Club" season_id="2018" season_name="Season 2018/2019" team_id="178" team_name="Barcelona">
  <Player cross_lost="0" cross_success="0" jersey_num="15" pass_lost="12" pass_success="50" player_id="171101" player_name="Clément Lenglet" position="Defender" position_id="2" sub_off="88" x="33.84" y="72.19">
    <Player player_id="171101" player_name="Clément Lenglet">1</Player>
    <Player player_id="84583" player_name="Coutinho">7</Player>
    <Player player_id="18221" player_name="Gerard Piqué">10</Player>
    <Player player_id="77318" player_name="Marc-André ter Stegen">3</Player>
    <Player player_id="54104" player_name="Sergio Busquets">5</Player>
    <Player player_id="39336" player_name="Luis Suárez">1</Player>
    <Player player_id="42565" player_name="Arturo Vidal">4</Player>
    <Player player_id="19054" player_name="Lionel Messi">1</Player>
    <Player player_id="200402" player_name="Nélson Semedo">8</Player>
    <Player player_id="34703" player_name="Ivan Rakitic">10</Player>
  </Player>
  <Player cross_lost="0" cross_success="0" jersey_num="3" pass_lost="4" pass_success="66" player_id="18221" player_name="Gerard Piqué" position="Defender" position_id="2" x="34.82" y="34.45">
    <Player player_id="171101" player_name="Clément Lenglet">9</Player>
    <Player player_id="84583" player_name="Coutinho">2</Player>
    <Player player_id="200402" player_name="Nélson Semedo">1</Player>
    <Player player_id="179271" player_name="Carles Aleñá">7</Player>
    <Player player_id="77318" player_name="Marc-André ter Stegen">5</Player>
    <Player player_id="54104" player_name="Sergio Busquets">14</Player>
    <Player player_id="34703" player_name="Ivan Rakitic">6</Player>
    <Player player_id="42565" player_name="Arturo Vidal">6</Player>
    <Player player_id="19054" player_name="Lionel Messi">3</Player>
    <Player player_id="86157" player_name="Sergi Roberto">13</Player>
  </Player>
  <Player cross_lost="2" cross_success="0" jersey_num="7" pass_lost="6" pass_success="39" player_id="84583" player_name="Coutinho" position="Forward" position_id="4" sub_off="75" x="59.99" y="66.13">
    <Player player_id="171101" player_name="Clément Lenglet">1</Player>
    <Player player_id="18221" player_name="Gerard Piqué">1</Player>
    <Player player_id="179271" player_name="Carles Aleñá">2</Player>
    <Player player_id="54104" player_name="Sergio Busquets">5</Player>
    <Player player_id="39336" player_name="Luis Suárez">3</Player>
    <Player player_id="19054" player_name="Lionel Messi">10</Player>
    <Player player_id="86157" player_name="Sergi Roberto">3</Player>
    <Player player_id="200402" player_name="Nélson Semedo">10</Player>
    <Player player_id="34703" player_name="Ivan Rakitic">4</Player>
  </Player>
  <Player cross_lost="0" cross_success="0" jersey_num="2" pass_lost="8" pass_success="46" player_id="200402" player_name="Nélson Semedo" position="Defender" position_id="2" x="50.87" y="86.57">
    <Player player_id="171101" player_name="Clément Lenglet">3</Player>
    <Player player_id="84583" player_name="Coutinho">10</Player>
    <Player player_id="18221" player_name="Gerard Piqué">3</Player>
    <Player player_id="77318" player_name="Marc-André ter Stegen">2</Player>
    <Player player_id="54104" player_name="Sergio Busquets">3</Player>
    <Player player_id="39336" player_name="Luis Suárez">3</Player>
    <Player player_id="34703" player_name="Ivan Rakitic">13</Player>
    <Player player_id="219438" player_name="Ousmane Dembélé">3</Player>
    <Player player_id="42565" player_name="Arturo Vidal">3</Player>
    <Player player_id="86157" player_name="Sergi Roberto">1</Player>
    <Player player_id="19054" player_name="Lionel Messi">2</Player>
  </Player>
  <Player cross_lost="0" cross_success="0" jersey_num="21" pass_lost="1" pass_success="34" player_id="179271" player_name="Carles Aleñá" position="Substitute" position_id="5" sub_on="63" x="58.65" y="30.24">
    <Player player_id="171101" player_name="Clément Lenglet">1</Player>
    <Player player_id="18221" player_name="Gerard Piqué">1</Player>
    <Player player_id="54104" player_name="Sergio Busquets">6</Player>
    <Player player_id="39336" player_name="Luis Suárez">2</Player>
    <Player player_id="34703" player_name="Ivan Rakitic">4</Player>
    <Player player_id="219438" player_name="Ousmane Dembélé">1</Player>
    <Player player_id="19054" player_name="Lionel Messi">5</Player>
    <Player player_id="86157" player_name="Sergi Roberto">14</Player>
  </Player>
  <Player cross_lost="0" cross_success="0" jersey_num="1" pass_lost="4" pass_success="33" player_id="77318" player_name="Marc-André ter Stegen" position="Goalkeeper" position_id="1" x="9.66" y="48.95">
    <Player player_id="171101" player_name="Clément Lenglet">8</Player>
    <Player player_id="18221" player_name="Gerard Piqué">10</Player>
    <Player player_id="200402" player_name="Nélson Semedo">2</Player>
    <Player player_id="54104" player_name="Sergio Busquets">3</Player>
    <Player player_id="39336" player_name="Luis Suárez">2</Player>
    <Player player_id="34703" player_name="Ivan Rakitic">1</Player>
    <Player player_id="42565" player_name="Arturo Vidal">1</Player>
    <Player player_id="19054" player_name="Lionel Messi">1</Player>
    <Player player_id="86157" player_name="Sergi Roberto">5</Player>
  </Player>
  <Player cross_lost="0" cross_success="0" jersey_num="5" pass_lost="5" pass_success="77" player_id="54104" player_name="Sergio Busquets" position="Midfielder" position_id="3" x="43.93" y="50.30">
    <Player player_id="171101" player_name="Clément Lenglet">6</Player>
    <Player player_id="18221" player_name="Gerard Piqué">10</Player>
    <Player player_id="84583" player_name="Coutinho">5</Player>
    <Player player_id="179271" player_name="Carles Aleñá">4</Player>
    <Player player_id="77318" player_name="Marc-André ter Stegen">2</Player>
    <Player player_id="39336" player_name="Luis Suárez">1</Player>
    <Player player_id="42565" player_name="Arturo Vidal">10</Player>
    <Player player_id="86157" player_name="Sergi Roberto">3</Player>
    <Player player_id="19054" player_name="Lionel Messi">18</Player>
    <Player player_id="200402" player_name="Nélson Semedo">6</Player>
    <Player player_id="34703" player_name="Ivan Rakitic">10</Player>
    <Player player_id="219438" player_name="Ousmane Dembélé">1</Player>
  </Player>
  <Player cross_lost="1" cross_success="0" jersey_num="9" pass_lost="10" pass_success="23" player_id="39336" player_name="Luis Suárez" position="Forward" position_id="4" x="70.90" y="52.92">
    <Player player_id="84583" player_name="Coutinho">2</Player>
    <Player player_id="179271" player_name="Carles Aleñá">2</Player>
    <Player player_id="54104" player_name="Sergio Busquets">2</Player>
    <Player player_id="34703" player_name="Ivan Rakitic">5</Player>
    <Player player_id="219438" player_name="Ousmane Dembélé">2</Player>
    <Player player_id="19054" player_name="Lionel Messi">5</Player>
    <Player player_id="86157" player_name="Sergi Roberto">5</Player>
  </Player>
  <Player cross_lost="2" cross_success="0" jersey_num="4" pass_lost="11" pass_success="77" player_id="34703" player_name="Ivan Rakitic" position="Midfielder" position_id="3" x="51.93" y="64.03">
    <Player player_id="171101" player_name="Clément Lenglet">4</Player>
    <Player player_id="84583" player_name="Coutinho">15</Player>
    <Player player_id="18221" player_name="Gerard Piqué">4</Player>
    <Player player_id="179271" player_name="Carles Aleñá">2</Player>
    <Player player_id="77318" player_name="Marc-André ter Stegen">1</Player>
    <Player player_id="54104" player_name="Sergio Busquets">9</Player>
    <Player player_id="39336" player_name="Luis Suárez">2</Player>
    <Player player_id="42565" player_name="Arturo Vidal">4</Player>
    <Player player_id="15943" player_name="Thomas Vermaelen">1</Player>
    <Player player_id="19054" player_name="Lionel Messi">4</Player>
    <Player player_id="86157" player_name="Sergi Roberto">9</Player>
    <Player player_id="200402" player_name="Nélson Semedo">20</Player>
    <Player player_id="219438" player_name="Ousmane Dembélé">2</Player>
  </Player>
  <Player cross_lost="0" cross_success="0" jersey_num="11" pass_lost="1" pass_success="4" player_id="219438" player_name="Ousmane Dembélé" position="Substitute" position_id="5" sub_on="75" x="73.91" y="70.89">
    <Player player_id="200402" player_name="Nélson Semedo">1</Player>
    <Player player_id="179271" player_name="Carles Aleñá">1</Player>
    <Player player_id="39336" player_name="Luis Suárez">1</Player>
    <Player player_id="34703" player_name="Ivan Rakitic">1</Player>
  </Player>
  <Player cross_lost="0" cross_success="0" jersey_num="22" pass_lost="5" pass_success="42" player_id="42565" player_name="Arturo Vidal" position="Midfielder" position_id="3" sub_off="63" x="51.19" y="37.12">
    <Player player_id="171101" player_name="Clément Lenglet">4</Player>
    <Player player_id="18221" player_name="Gerard Piqué">7</Player>
    <Player player_id="200402" player_name="Nélson Semedo">1</Player>
    <Player player_id="54104" player_name="Sergio Busquets">8</Player>
    <Player player_id="39336" player_name="Luis Suárez">2</Player>
    <Player player_id="34703" player_name="Ivan Rakitic">2</Player>
    <Player player_id="19054" player_name="Lionel Messi">10</Player>
    <Player player_id="86157" player_name="Sergi Roberto">8</Player>
  </Player>
  <Player cross_lost="0" cross_success="0" jersey_num="24" pass_lost="0" pass_success="1" player_id="15943" player_name="Thomas Vermaelen" position="Substitute" position_id="5" sub_on="88" x="40.20" y="57.20">
    <Player player_id="18221" player_name="Gerard Piqué">1</Player>
  </Player>
  <Player cross_lost="1" cross_success="0" jersey_num="20" pass_lost="2" pass_success="69" player_id="86157" player_name="Sergi Roberto" position="Defender" position_id="2" x="57.32" y="16.32">
    <Player player_id="171101" player_name="Clément Lenglet">4</Player>
    <Player player_id="84583" player_name="Coutinho">1</Player>
    <Player player_id="18221" player_name="Gerard Piqué">7</Player>
    <Player player_id="179271" player_name="Carles Aleñá">11</Player>
    <Player player_id="77318" player_name="Marc-André ter Stegen">7</Player>
    <Player player_id="54104" player_name="Sergio Busquets">4</Player>
    <Player player_id="39336" player_name="Luis Suárez">4</Player>
    <Player player_id="42565" player_name="Arturo Vidal">10</Player>
    <Player player_id="19054" player_name="Lionel Messi">16</Player>
    <Player player_id="34703" player_name="Ivan Rakitic">5</Player>
  </Player>
  <Player cross_lost="2" cross_success="2" jersey_num="10" pass_lost="15" pass_success="57" player_id="19054" player_name="Lionel Messi" position="Forward" position_id="4" x="65.44" y="38.46">
    <Player player_id="171101" player_name="Clément Lenglet">1</Player>
    <Player player_id="18221" player_name="Gerard Piqué">2</Player>
    <Player player_id="84583" player_name="Coutinho">7</Player>
    <Player player_id="179271" player_name="Carles Aleñá">4</Player>
    <Player player_id="54104" player_name="Sergio Busquets">4</Player>
    <Player player_id="39336" player_name="Luis Suárez">11</Player>
    <Player cross="2" player_id="42565" player_name="Arturo Vidal">3</Player>
    <Player player_id="86157" player_name="Sergi Roberto">11</Player>
    <Player player_id="200402" player_name="Nélson Semedo">1</Player>
    <Player player_id="34703" player_name="Ivan Rakitic">12</Player>
    <Player player_id="219438" player_name="Ousmane Dembélé">1</Player>
  </Player>
</SoccerFeed>