﻿<?xml version="1.0" encoding="UTF-8"?>
<!-- Copyright 2001-2018 Opta Sportsdata Ltd. All rights reserved. -->
<!-- PRODUCTION HEADER
     produced on:        valde-jobq-a03.nexus.opta.net
     production time:    20181206T151600,759Z
     production module:  Opta::Feed::XML::Soccer::F27
-->
<SoccerFeed act_minute="94" act_period="2" act_second="4" away_team_id="174" away_team_name="Athletic Club" competition_id="23" competition_name="Spanish La Liga" game_date="2018-12-03 20:00:00" game_id="1009451" home_team_id="855" home_team_name="Levante" season_id="2018" season_name="Season 2018/2019" team_id="174" team_name="Athletic Club">
  <Player cross_lost="3" cross_success="1" jersey_num="7" pass_lost="3" pass_success="42" player_id="38394" player_name="Beñat Etxebarria" position="Midfielder" position_id="3" sub_off="70" x="46.53" y="42.52">
    <Player player_id="242830" player_name="Unai Núñez">5</Player>
    <Player player_id="59062" player_name="Óscar De Marcos">8</Player>
    <Player player_id="14464" player_name="Aritz Aduriz">2</Player>
    <Player player_id="89292" player_name="Iago Herrerín">2</Player>
    <Player cross="1" player_id="42995" player_name="Mikel San José">3</Player>
    <Player player_id="90318" player_name="Íñigo Martínez">4</Player>
    <Player player_id="76012" player_name="Iker Muniain">10</Player>
    <Player player_id="242831" player_name="Peru Nolaskoain">7</Player>
    <Player player_id="191788" player_name="Cristian Ganea">1</Player>
  </Player>
  <Player cross_lost="1" cross_success="0" jersey_num="3" pass_lost="5" pass_success="42" player_id="242830" player_name="Unai Núñez" position="Defender" position_id="2" x="37.02" y="27.59">
    <Player player_id="38394" player_name="Beñat Etxebarria">4</Player>
    <Player player_id="90318" player_name="Íñigo Martínez">3</Player>
    <Player player_id="42995" player_name="Mikel San José">2</Player>
    <Player player_id="59062" player_name="Óscar De Marcos">10</Player>
    <Player player_id="197334" player_name="Iñaki Williams">4</Player>
    <Player player_id="14464" player_name="Aritz Aduriz">1</Player>
    <Player player_id="140266" player_name="Ander Capa">1</Player>
    <Player player_id="76012" player_name="Iker Muniain">4</Player>
    <Player player_id="242831" player_name="Peru Nolaskoain">9</Player>
    <Player player_id="89292" player_name="Iago Herrerín">4</Player>
  </Player>
  <Player cross_lost="2" cross_success="0" jersey_num="22" pass_lost="2" pass_success="8" player_id="18498" player_name="Raúl García" position="Substitute" position_id="5" sub_on="70" x="63.60" y="48.13">
    <Player player_id="59062" player_name="Óscar De Marcos">3</Player>
    <Player player_id="47665" player_name="Markel Susaeta">3</Player>
    <Player player_id="140266" player_name="Ander Capa">1</Player>
    <Player player_id="76012" player_name="Iker Muniain">1</Player>
  </Player>
  <Player cross_lost="0" cross_success="0" jersey_num="4" pass_lost="5" pass_success="39" player_id="90318" player_name="Íñigo Martínez" position="Defender" position_id="2" x="41.62" y="75.76">
    <Player player_id="242830" player_name="Unai Núñez">2</Player>
    <Player player_id="59062" player_name="Óscar De Marcos">3</Player>
    <Player player_id="197334" player_name="Iñaki Williams">1</Player>
    <Player player_id="14464" player_name="Aritz Aduriz">2</Player>
    <Player player_id="140266" player_name="Ander Capa">2</Player>
    <Player player_id="89292" player_name="Iago Herrerín">3</Player>
    <Player player_id="38394" player_name="Beñat Etxebarria">2</Player>
    <Player player_id="42995" player_name="Mikel San José">3</Player>
    <Player player_id="47665" player_name="Markel Susaeta">2</Player>
    <Player player_id="242831" player_name="Peru Nolaskoain">10</Player>
    <Player player_id="76012" player_name="Iker Muniain">8</Player>
    <Player player_id="191788" player_name="Cristian Ganea">1</Player>
  </Player>
  <Player cross_lost="0" cross_success="1" jersey_num="6" pass_lost="11" pass_success="27" player_id="42995" player_name="Mikel San José" position="Midfielder" position_id="3" x="54.06" y="54.76">
    <Player player_id="242830" player_name="Unai Núñez">2</Player>
    <Player player_id="18498" player_name="Raúl García">1</Player>
    <Player player_id="90318" player_name="Íñigo Martínez">3</Player>
    <Player player_id="59062" player_name="Óscar De Marcos">2</Player>
    <Player player_id="197334" player_name="Iñaki Williams">4</Player>
    <Player player_id="14464" player_name="Aritz Aduriz">5</Player>
    <Player player_id="140266" player_name="Ander Capa">1</Player>
    <Player player_id="76012" player_name="Iker Muniain">5</Player>
    <Player player_id="242831" player_name="Peru Nolaskoain">3</Player>
    <Player cross="1" player_id="191788" player_name="Cristian Ganea">1</Player>
  </Player>
  <Player cross_lost="4" cross_success="0" jersey_num="18" pass_lost="13" pass_success="27" player_id="59062" player_name="Óscar De Marcos" position="Midfielder" position_id="3" x="47.55" y="30.83">
    <Player player_id="38394" player_name="Beñat Etxebarria">2</Player>
    <Player player_id="242830" player_name="Unai Núñez">2</Player>
    <Player player_id="18498" player_name="Raúl García">1</Player>
    <Player player_id="90318" player_name="Íñigo Martínez">3</Player>
    <Player player_id="42995" player_name="Mikel San José">3</Player>
    <Player player_id="197334" player_name="Iñaki Williams">7</Player>
    <Player player_id="14464" player_name="Aritz Aduriz">1</Player>
    <Player player_id="242831" player_name="Peru Nolaskoain">1</Player>
    <Player player_id="76012" player_name="Iker Muniain">7</Player>
  </Player>
  <Player cross_lost="4" cross_success="0" jersey_num="9" pass_lost="8" pass_success="20" player_id="197334" player_name="Iñaki Williams" position="Forward" position_id="4" x="64.44" y="43.46">
    <Player player_id="38394" player_name="Beñat Etxebarria">4</Player>
    <Player player_id="242830" player_name="Unai Núñez">1</Player>
    <Player player_id="42995" player_name="Mikel San José">5</Player>
    <Player player_id="59062" player_name="Óscar De Marcos">1</Player>
    <Player player_id="140266" player_name="Ander Capa">1</Player>
    <Player player_id="47665" player_name="Markel Susaeta">2</Player>
    <Player player_id="76012" player_name="Iker Muniain">4</Player>
    <Player player_id="191788" player_name="Cristian Ganea">2</Player>
  </Player>
  <Player cross_lost="0" cross_success="0" jersey_num="20" pass_lost="8" pass_success="8" player_id="14464" player_name="Aritz Aduriz" position="Forward" position_id="4" sub_off="77" x="69.22" y="49.40">
    <Player player_id="90318" player_name="Íñigo Martínez">1</Player>
    <Player player_id="59062" player_name="Óscar De Marcos">1</Player>
    <Player player_id="197334" player_name="Iñaki Williams">2</Player>
    <Player player_id="76012" player_name="Iker Muniain">3</Player>
    <Player player_id="191788" player_name="Cristian Ganea">1</Player>
  </Player>
  <Player cross_lost="0" cross_success="0" jersey_num="21" pass_lost="0" pass_success="8" player_id="140266" player_name="Ander Capa" position="Substitute" position_id="5" sub_on="77" x="49.55" y="16.22">
    <Player player_id="242830" player_name="Unai Núñez">1</Player>
    <Player player_id="47665" player_name="Markel Susaeta">1</Player>
    <Player player_id="18498" player_name="Raúl García">3</Player>
    <Player player_id="76012" player_name="Iker Muniain">2</Player>
    <Player player_id="89292" player_name="Iago Herrerín">1</Player>
  </Player>
  <Player cross_lost="2" cross_success="1" jersey_num="14" pass_lost="2" pass_success="8" player_id="47665" player_name="Markel Susaeta" position="Substitute" position_id="5" sub_on="50" x="61.15" y="57.33">
    <Player player_id="242830" player_name="Unai Núñez">1</Player>
    <Player cross="1" player_id="18498" player_name="Raúl García">1</Player>
    <Player player_id="42995" player_name="Mikel San José">3</Player>
    <Player player_id="140266" player_name="Ander Capa">2</Player>
    <Player player_id="76012" player_name="Iker Muniain">1</Player>
  </Player>
  <Player cross_lost="0" cross_success="0" jersey_num="31" pass_lost="5" pass_success="43" player_id="242831" player_name="Peru Nolaskoain" position="Defender" position_id="2" sent_off="75" x="30.08" y="51.99">
    <Player player_id="242830" player_name="Unai Núñez">9</Player>
    <Player player_id="59062" player_name="Óscar De Marcos">3</Player>
    <Player player_id="197334" player_name="Iñaki Williams">1</Player>
    <Player player_id="14464" player_name="Aritz Aduriz">1</Player>
    <Player player_id="89292" player_name="Iago Herrerín">4</Player>
    <Player player_id="38394" player_name="Beñat Etxebarria">9</Player>
    <Player player_id="90318" player_name="Íñigo Martínez">8</Player>
    <Player player_id="42995" player_name="Mikel San José">3</Player>
    <Player player_id="18498" player_name="Raúl García">1</Player>
    <Player player_id="76012" player_name="Iker Muniain">3</Player>
  </Player>
  <Player cross_lost="2" cross_success="0" jersey_num="10" pass_lost="9" pass_success="40" player_id="76012" player_name="Iker Muniain" position="Forward" position_id="4" x="58.39" y="51.49">
    <Player player_id="242830" player_name="Unai Núñez">5</Player>
    <Player player_id="59062" player_name="Óscar De Marcos">4</Player>
    <Player player_id="197334" player_name="Iñaki Williams">10</Player>
    <Player player_id="14464" player_name="Aritz Aduriz">2</Player>
    <Player player_id="38394" player_name="Beñat Etxebarria">4</Player>
    <Player player_id="18498" player_name="Raúl García">2</Player>
    <Player player_id="42995" player_name="Mikel San José">4</Player>
    <Player player_id="90318" player_name="Íñigo Martínez">3</Player>
    <Player player_id="47665" player_name="Markel Susaeta">3</Player>
    <Player player_id="242831" player_name="Peru Nolaskoain">1</Player>
    <Player player_id="76012" player_name="Iker Muniain">1</Player>
    <Player player_id="191788" player_name="Cristian Ganea">1</Player>
  </Player>
  <Player cross_lost="0" cross_success="0" jersey_num="13" pass_lost="15" pass_success="20" player_id="89292" player_name="Iago Herrerín" position="Goalkeeper" position_id="1" x="9.92" y="46.40">
    <Player player_id="242830" player_name="Unai Núñez">2</Player>
    <Player player_id="18498" player_name="Raúl García">3</Player>
    <Player player_id="90318" player_name="Íñigo Martínez">3</Player>
    <Player player_id="59062" player_name="Óscar De Marcos">1</Player>
    <Player player_id="197334" player_name="Iñaki Williams">1</Player>
    <Player player_id="14464" player_name="Aritz Aduriz">2</Player>
    <Player player_id="76012" player_name="Iker Muniain">3</Player>
    <Player player_id="242831" player_name="Peru Nolaskoain">5</Player>
  </Player>
  <Player cross_lost="1" cross_success="0" jersey_num="2" pass_lost="0" pass_success="9" player_id="191788" player_name="Cristian Ganea" position="Midfielder" position_id="3" sub_off="50" x="53.65" y="83.21">
    <Player player_id="38394" player_name="Beñat Etxebarria">2</Player>
    <Player player_id="90318" player_name="Íñigo Martínez">2</Player>
    <Player player_id="42995" player_name="Mikel San José">1</Player>
    <Player player_id="197334" player_name="Iñaki Williams">1</Player>
    <Player player_id="14464" player_name="Aritz Aduriz">1</Player>
    <Player player_id="76012" player_name="Iker Muniain">1</Player>
    <Player player_id="242831" player_name="Peru Nolaskoain">1</Player>
  </Player>
</SoccerFeed>