﻿<?xml version="1.0" encoding="UTF-8"?>
<!-- Copyright 2001-2018 Opta Sportsdata Ltd. All rights reserved. -->
<!-- PRODUCTION HEADER
     produced on:        valde-jobq-a02.nexus.opta.net
     production time:    20181217T174300,332Z
     production module:  Opta::Feed::XML::Soccer::F27
-->
<SoccerFeed act_minute="94" act_period="2" act_second="1" away_team_id="185" away_team_name="Real Betis" competition_id="23" competition_name="Spanish La Liga" game_date="2018-12-16 15:15:00" game_id="1009473" home_team_id="177" home_team_name="Espanyol" season_id="2018" season_name="Season 2018/2019" team_id="177" team_name="Espanyol">
  <Player cross_lost="0" cross_success="0" jersey_num="11" pass_lost="5" pass_success="10" player_id="109269" player_name="Leo Baptistao" position="Forward" position_id="4" sub_off="78" x="60.48" y="41.16">
    <Player player_id="46998" player_name="Esteban Granero">1</Player>
    <Player player_id="202044" player_name="Borja Iglesias">1</Player>
    <Player player_id="17679" player_name="Sergio García">3</Player>
    <Player player_id="446990" player_name="Adrià Pedrosa">1</Player>
    <Player player_id="234370" player_name="Marc Roca">1</Player>
    <Player player_id="99128" player_name="Óscar Duarte">1</Player>
    <Player player_id="73109" player_name="Hernán Pérez">1</Player>
    <Player player_id="48832" player_name="Roberto Rosales">1</Player>
  </Player>
  <Player cross_lost="0" cross_success="0" jersey_num="10" pass_lost="2" pass_success="4" player_id="169007" player_name="Sergi Darder" position="Substitute" position_id="5" sub_on="69" x="39.82" y="57.42">
    <Player player_id="17679" player_name="Sergio García">1</Player>
    <Player player_id="446990" player_name="Adrià Pedrosa">2</Player>
    <Player player_id="51271" player_name="Pablo Piatti">1</Player>
  </Player>
  <Player cross_lost="0" cross_success="0" jersey_num="15" pass_lost="6" pass_success="29" player_id="11129" player_name="David López" position="Defender" position_id="2" x="38.08" y="26.41">
    <Player player_id="46998" player_name="Esteban Granero">2</Player>
    <Player player_id="99128" player_name="Óscar Duarte">2</Player>
    <Player player_id="16021" player_name="Diego López">2</Player>
    <Player player_id="73109" player_name="Hernán Pérez">1</Player>
    <Player player_id="48832" player_name="Roberto Rosales">4</Player>
    <Player player_id="109269" player_name="Leo Baptistao">2</Player>
    <Player player_id="169007" player_name="Sergi Darder">2</Player>
    <Player player_id="49267" player_name="Víctor Sánchez">4</Player>
    <Player player_id="202044" player_name="Borja Iglesias">2</Player>
    <Player player_id="17679" player_name="Sergio García">3</Player>
    <Player player_id="446990" player_name="Adrià Pedrosa">2</Player>
    <Player player_id="234370" player_name="Marc Roca">3</Player>
  </Player>
  <Player cross_lost="0" cross_success="0" jersey_num="19" pass_lost="0" pass_success="2" player_id="51271" player_name="Pablo Piatti" position="Substitute" position_id="5" sub_on="78" x="62.32" y="81.12">
    <Player player_id="17679" player_name="Sergio García">1</Player>
    <Player player_id="446990" player_name="Adrià Pedrosa">1</Player>
  </Player>
  <Player cross_lost="0" cross_success="0" jersey_num="23" pass_lost="4" pass_success="24" player_id="46998" player_name="Esteban Granero" position="Midfielder" position_id="3" sub_off="69" x="48.92" y="55.39">
    <Player player_id="109269" player_name="Leo Baptistao">1</Player>
    <Player player_id="11129" player_name="David López">3</Player>
    <Player player_id="202044" player_name="Borja Iglesias">3</Player>
    <Player player_id="17679" player_name="Sergio García">2</Player>
    <Player player_id="234370" player_name="Marc Roca">5</Player>
    <Player player_id="446990" player_name="Adrià Pedrosa">2</Player>
    <Player player_id="99128" player_name="Óscar Duarte">3</Player>
    <Player player_id="73109" player_name="Hernán Pérez">1</Player>
    <Player player_id="48832" player_name="Roberto Rosales">4</Player>
  </Player>
  <Player cross_lost="0" cross_success="0" jersey_num="4" pass_lost="5" pass_success="21" player_id="49267" player_name="Víctor Sánchez" position="Midfielder" position_id="3" x="42.70" y="35.22">
    <Player player_id="109269" player_name="Leo Baptistao">3</Player>
    <Player player_id="169007" player_name="Sergi Darder">1</Player>
    <Player player_id="11129" player_name="David López">3</Player>
    <Player player_id="46998" player_name="Esteban Granero">3</Player>
    <Player player_id="202044" player_name="Borja Iglesias">1</Player>
    <Player player_id="17679" player_name="Sergio García">1</Player>
    <Player player_id="446990" player_name="Adrià Pedrosa">2</Player>
    <Player player_id="234370" player_name="Marc Roca">2</Player>
    <Player player_id="73109" player_name="Hernán Pérez">2</Player>
    <Player player_id="48832" player_name="Roberto Rosales">3</Player>
  </Player>
  <Player cross_lost="0" cross_success="0" jersey_num="7" pass_lost="3" pass_success="12" player_id="202044" player_name="Borja Iglesias" position="Forward" position_id="4" sub_off="55" x="61.29" y="43.95">
    <Player player_id="109269" player_name="Leo Baptistao">2</Player>
    <Player player_id="11129" player_name="David López">2</Player>
    <Player player_id="46998" player_name="Esteban Granero">2</Player>
    <Player player_id="49267" player_name="Víctor Sánchez">1</Player>
    <Player player_id="17679" player_name="Sergio García">1</Player>
    <Player player_id="446990" player_name="Adrià Pedrosa">1</Player>
    <Player player_id="234370" player_name="Marc Roca">3</Player>
  </Player>
  <Player cross_lost="0" cross_success="1" jersey_num="9" pass_lost="8" pass_success="11" player_id="17679" player_name="Sergio García" position="Forward" position_id="4" x="61.09" y="62.65">
    <Player player_id="109269" player_name="Leo Baptistao">2</Player>
    <Player player_id="11129" player_name="David López">1</Player>
    <Player player_id="46998" player_name="Esteban Granero">2</Player>
    <Player player_id="49267" player_name="Víctor Sánchez">1</Player>
    <Player player_id="202044" player_name="Borja Iglesias">1</Player>
    <Player player_id="234370" player_name="Marc Roca">1</Player>
    <Player player_id="446990" player_name="Adrià Pedrosa">2</Player>
    <Player player_id="73109" player_name="Hernán Pérez">1</Player>
    <Player cross="1" player_id="48832" player_name="Roberto Rosales">0</Player>
  </Player>
  <Player cross_lost="0" cross_success="0" jersey_num="21" pass_lost="3" pass_success="29" player_id="234370" player_name="Marc Roca" position="Midfielder" position_id="3" x="42.94" y="54.35">
    <Player player_id="169007" player_name="Sergi Darder">1</Player>
    <Player player_id="11129" player_name="David López">4</Player>
    <Player player_id="46998" player_name="Esteban Granero">5</Player>
    <Player player_id="49267" player_name="Víctor Sánchez">4</Player>
    <Player player_id="202044" player_name="Borja Iglesias">1</Player>
    <Player player_id="17679" player_name="Sergio García">1</Player>
    <Player player_id="446990" player_name="Adrià Pedrosa">5</Player>
    <Player player_id="99128" player_name="Óscar Duarte">3</Player>
    <Player player_id="16021" player_name="Diego López">2</Player>
    <Player player_id="73109" player_name="Hernán Pérez">1</Player>
    <Player player_id="48832" player_name="Roberto Rosales">2</Player>
  </Player>
  <Player cross_lost="1" cross_success="0" jersey_num="28" pass_lost="3" pass_success="19" player_id="446990" player_name="Adrià Pedrosa" position="Defender" position_id="2" x="46.61" y="84.78">
    <Player player_id="109269" player_name="Leo Baptistao">2</Player>
    <Player player_id="169007" player_name="Sergi Darder">1</Player>
    <Player player_id="11129" player_name="David López">2</Player>
    <Player player_id="46998" player_name="Esteban Granero">1</Player>
    <Player player_id="202044" player_name="Borja Iglesias">2</Player>
    <Player player_id="17679" player_name="Sergio García">4</Player>
    <Player player_id="234370" player_name="Marc Roca">2</Player>
    <Player player_id="99128" player_name="Óscar Duarte">4</Player>
    <Player player_id="16021" player_name="Diego López">1</Player>
  </Player>
  <Player cross_lost="0" cross_success="0" jersey_num="6" pass_lost="2" pass_success="26" player_id="99128" player_name="Óscar Duarte" position="Defender" position_id="2" x="30.33" y="66.20">
    <Player player_id="11129" player_name="David López">5</Player>
    <Player player_id="46998" player_name="Esteban Granero">3</Player>
    <Player player_id="49267" player_name="Víctor Sánchez">2</Player>
    <Player player_id="202044" player_name="Borja Iglesias">3</Player>
    <Player player_id="234370" player_name="Marc Roca">2</Player>
    <Player player_id="446990" player_name="Adrià Pedrosa">5</Player>
    <Player player_id="16021" player_name="Diego López">4</Player>
    <Player player_id="48832" player_name="Roberto Rosales">1</Player>
  </Player>
  <Player cross_lost="0" cross_success="0" jersey_num="13" pass_lost="10" pass_success="19" player_id="16021" player_name="Diego López" position="Goalkeeper" position_id="1" x="9.06" y="50.33">
    <Player player_id="109269" player_name="Leo Baptistao">2</Player>
    <Player player_id="11129" player_name="David López">3</Player>
    <Player player_id="49267" player_name="Víctor Sánchez">1</Player>
    <Player player_id="202044" player_name="Borja Iglesias">1</Player>
    <Player player_id="17679" player_name="Sergio García">2</Player>
    <Player player_id="234370" player_name="Marc Roca">2</Player>
    <Player player_id="446990" player_name="Adrià Pedrosa">2</Player>
    <Player player_id="99128" player_name="Óscar Duarte">3</Player>
    <Player player_id="73109" player_name="Hernán Pérez">2</Player>
    <Player player_id="48832" player_name="Roberto Rosales">1</Player>
  </Player>
  <Player cross_lost="4" cross_success="0" jersey_num="17" pass_lost="2" pass_success="1" player_id="73109" player_name="Hernán Pérez" position="Substitute" position_id="5" sub_on="55" x="66.61" y="15.81">
    <Player player_id="17679" player_name="Sergio García">1</Player>
  </Player>
  <Player cross_lost="0" cross_success="0" jersey_num="8" pass_lost="9" pass_success="13" player_id="48832" player_name="Roberto Rosales" position="Defender" position_id="2" x="41.18" y="13.02">
    <Player player_id="11129" player_name="David López">2</Player>
    <Player player_id="46998" player_name="Esteban Granero">2</Player>
    <Player player_id="49267" player_name="Víctor Sánchez">3</Player>
    <Player player_id="202044" player_name="Borja Iglesias">1</Player>
    <Player player_id="17679" player_name="Sergio García">1</Player>
    <Player player_id="234370" player_name="Marc Roca">2</Player>
    <Player player_id="73109" player_name="Hernán Pérez">2</Player>
  </Player>
</SoccerFeed>