﻿<?xml version="1.0" encoding="UTF-8"?>
<!-- Copyright 2001-2019 Opta Sportsdata Ltd. All rights reserved. -->
<!-- PRODUCTION HEADER
     produced on:        valde-jobq-a01.nexus.opta.net
     production time:    20190102T170232,984Z
     production module:  Opta::Feed::XML::Soccer::F27
-->
<SoccerFeed act_minute="93" act_period="2" act_second="38" away_team_id="192" away_team_name="Real Valladolid" competition_id="23" competition_name="Spanish La Liga" game_date="2018-12-22 19:45:00" game_id="1009476" home_team_id="174" home_team_name="Athletic Club" season_id="2018" season_name="Season 2018/2019" team_id="192" team_name="Real Valladolid">
  <Player cross_lost="0" cross_success="0" jersey_num="9" pass_lost="5" pass_success="14" player_id="168636" player_name="Enes Ünal" position="Forward" position_id="4" x="62.59" y="49.50">
    <Player player_id="173219" player_name="Leo Suárez">3</Player>
    <Player player_id="96771" player_name="Rubén Alcaraz">2</Player>
    <Player player_id="58876" player_name="Míchel">1</Player>
    <Player player_id="96785" player_name="Óscar Plano">3</Player>
    <Player player_id="90394" player_name="Nacho">1</Player>
    <Player player_id="59944" player_name="Keko">4</Player>
  </Player>
  <Player cross_lost="0" cross_success="0" jersey_num="4" pass_lost="6" pass_success="63" player_id="58819" player_name="Kiko Olivas" position="Defender" position_id="2" x="32.79" y="23.29">
    <Player player_id="168636" player_name="Enes Ünal">1</Player>
    <Player player_id="96771" player_name="Rubén Alcaraz">13</Player>
    <Player player_id="87804" player_name="Antoñito">4</Player>
    <Player player_id="87815" player_name="Javi Moyano">5</Player>
    <Player player_id="153867" player_name="Daniele Verde">2</Player>
    <Player player_id="59944" player_name="Keko">4</Player>
    <Player player_id="86148" player_name="Jordi Masip">9</Player>
    <Player player_id="173219" player_name="Leo Suárez">2</Player>
    <Player player_id="58876" player_name="Míchel">8</Player>
    <Player player_id="241869" player_name="Fernando Calero">12</Player>
    <Player player_id="96785" player_name="Óscar Plano">2</Player>
    <Player player_id="90394" player_name="Nacho">1</Player>
  </Player>
  <Player cross_lost="0" cross_success="0" jersey_num="32" pass_lost="2" pass_success="9" player_id="173219" player_name="Leo Suárez" position="Forward" position_id="4" sub_off="60" x="57.45" y="42.93">
    <Player player_id="168636" player_name="Enes Ünal">1</Player>
    <Player player_id="96771" player_name="Rubén Alcaraz">2</Player>
    <Player player_id="58876" player_name="Míchel">2</Player>
    <Player player_id="87815" player_name="Javi Moyano">1</Player>
    <Player player_id="96785" player_name="Óscar Plano">1</Player>
    <Player player_id="90394" player_name="Nacho">2</Player>
  </Player>
  <Player cross_lost="1" cross_success="0" jersey_num="14" pass_lost="13" pass_success="59" player_id="96771" player_name="Rubén Alcaraz" position="Midfielder" position_id="3" x="35.09" y="46.58">
    <Player player_id="168636" player_name="Enes Ünal">1</Player>
    <Player player_id="11602" player_name="Borja Fernández">2</Player>
    <Player player_id="87804" player_name="Antoñito">2</Player>
    <Player player_id="87815" player_name="Javi Moyano">6</Player>
    <Player player_id="153867" player_name="Daniele Verde">1</Player>
    <Player player_id="86148" player_name="Jordi Masip">4</Player>
    <Player player_id="59944" player_name="Keko">3</Player>
    <Player player_id="58819" player_name="Kiko Olivas">14</Player>
    <Player player_id="58876" player_name="Míchel">8</Player>
    <Player player_id="241869" player_name="Fernando Calero">12</Player>
    <Player player_id="96785" player_name="Óscar Plano">2</Player>
    <Player player_id="90394" player_name="Nacho">4</Player>
  </Player>
  <Player cross_lost="0" cross_success="0" jersey_num="8" pass_lost="1" pass_success="9" player_id="11602" player_name="Borja Fernández" position="Substitute" position_id="5" sub_on="74" x="47.82" y="39.56">
    <Player player_id="58819" player_name="Kiko Olivas">1</Player>
    <Player player_id="58876" player_name="Míchel">1</Player>
    <Player player_id="87804" player_name="Antoñito">2</Player>
    <Player player_id="96785" player_name="Óscar Plano">1</Player>
    <Player player_id="241869" player_name="Fernando Calero">1</Player>
    <Player player_id="90394" player_name="Nacho">2</Player>
    <Player player_id="153867" player_name="Daniele Verde">1</Player>
  </Player>
  <Player cross_lost="2" cross_success="0" jersey_num="21" pass_lost="9" pass_success="56" player_id="58876" player_name="Míchel" position="Midfielder" position_id="3" x="41.76" y="40.40">
    <Player player_id="168636" player_name="Enes Ünal">1</Player>
    <Player player_id="96771" player_name="Rubén Alcaraz">9</Player>
    <Player player_id="11602" player_name="Borja Fernández">1</Player>
    <Player player_id="87815" player_name="Javi Moyano">4</Player>
    <Player player_id="153867" player_name="Daniele Verde">3</Player>
    <Player player_id="86148" player_name="Jordi Masip">1</Player>
    <Player player_id="59944" player_name="Keko">4</Player>
    <Player player_id="173219" player_name="Leo Suárez">3</Player>
    <Player player_id="58819" player_name="Kiko Olivas">10</Player>
    <Player player_id="241869" player_name="Fernando Calero">9</Player>
    <Player player_id="96785" player_name="Óscar Plano">6</Player>
    <Player player_id="90394" player_name="Nacho">5</Player>
  </Player>
  <Player cross_lost="2" cross_success="0" jersey_num="18" pass_lost="2" pass_success="8" player_id="87804" player_name="Antoñito" position="Substitute" position_id="5" sub_on="75" x="52.79" y="8.03">
    <Player player_id="168636" player_name="Enes Ünal">1</Player>
    <Player player_id="58819" player_name="Kiko Olivas">4</Player>
    <Player player_id="11602" player_name="Borja Fernández">1</Player>
    <Player player_id="58876" player_name="Míchel">1</Player>
    <Player player_id="96785" player_name="Óscar Plano">1</Player>
  </Player>
  <Player cross_lost="0" cross_success="0" jersey_num="17" pass_lost="7" pass_success="28" player_id="87815" player_name="Javi Moyano" position="Defender" position_id="2" sub_off="74" x="44.36" y="9.83">
    <Player player_id="168636" player_name="Enes Ünal">3</Player>
    <Player player_id="173219" player_name="Leo Suárez">1</Player>
    <Player player_id="58819" player_name="Kiko Olivas">4</Player>
    <Player player_id="96771" player_name="Rubén Alcaraz">1</Player>
    <Player player_id="58876" player_name="Míchel">5</Player>
    <Player player_id="90394" player_name="Nacho">1</Player>
    <Player player_id="153867" player_name="Daniele Verde">2</Player>
    <Player player_id="59944" player_name="Keko">11</Player>
  </Player>
  <Player cross_lost="0" cross_success="0" jersey_num="10" pass_lost="6" pass_success="14" player_id="96785" player_name="Óscar Plano" position="Midfielder" position_id="3" x="45.22" y="71.73">
    <Player player_id="168636" player_name="Enes Ünal">2</Player>
    <Player player_id="96771" player_name="Rubén Alcaraz">1</Player>
    <Player player_id="58876" player_name="Míchel">1</Player>
    <Player player_id="87804" player_name="Antoñito">1</Player>
    <Player player_id="87815" player_name="Javi Moyano">2</Player>
    <Player player_id="90394" player_name="Nacho">5</Player>
    <Player player_id="153867" player_name="Daniele Verde">1</Player>
    <Player player_id="59944" player_name="Keko">1</Player>
  </Player>
  <Player cross_lost="0" cross_success="0" jersey_num="5" pass_lost="7" pass_success="54" player_id="241869" player_name="Fernando Calero" position="Defender" position_id="2" x="32.27" y="69.92">
    <Player player_id="168636" player_name="Enes Ünal">3</Player>
    <Player player_id="173219" player_name="Leo Suárez">1</Player>
    <Player player_id="58819" player_name="Kiko Olivas">9</Player>
    <Player player_id="96771" player_name="Rubén Alcaraz">14</Player>
    <Player player_id="11602" player_name="Borja Fernández">2</Player>
    <Player player_id="58876" player_name="Míchel">10</Player>
    <Player player_id="96785" player_name="Óscar Plano">2</Player>
    <Player player_id="90394" player_name="Nacho">9</Player>
    <Player player_id="86148" player_name="Jordi Masip">4</Player>
  </Player>
  <Player cross_lost="3" cross_success="1" jersey_num="22" pass_lost="11" pass_success="26" player_id="90394" player_name="Nacho" position="Defender" position_id="2" x="41.62" y="83.04">
    <Player player_id="58819" player_name="Kiko Olivas">2</Player>
    <Player player_id="173219" player_name="Leo Suárez">1</Player>
    <Player player_id="96771" player_name="Rubén Alcaraz">4</Player>
    <Player player_id="58876" player_name="Míchel">5</Player>
    <Player player_id="87815" player_name="Javi Moyano">1</Player>
    <Player player_id="241869" player_name="Fernando Calero">9</Player>
    <Player player_id="153867" player_name="Daniele Verde">2</Player>
    <Player cross="1" player_id="59944" player_name="Keko">2</Player>
  </Player>
  <Player cross_lost="1" cross_success="0" jersey_num="11" pass_lost="2" pass_success="11" player_id="153867" player_name="Daniele Verde" position="Substitute" position_id="5" sub_on="60" x="65.38" y="22.21">
    <Player player_id="168636" player_name="Enes Ünal">1</Player>
    <Player player_id="58819" player_name="Kiko Olivas">2</Player>
    <Player player_id="96771" player_name="Rubén Alcaraz">1</Player>
    <Player player_id="58876" player_name="Míchel">1</Player>
    <Player player_id="87804" player_name="Antoñito">1</Player>
    <Player player_id="87815" player_name="Javi Moyano">1</Player>
    <Player player_id="90394" player_name="Nacho">2</Player>
    <Player player_id="59944" player_name="Keko">2</Player>
  </Player>
  <Player cross_lost="0" cross_success="0" jersey_num="1" pass_lost="13" pass_success="27" player_id="86148" player_name="Jordi Masip" position="Goalkeeper" position_id="1" x="11.77" y="47.33">
    <Player player_id="168636" player_name="Enes Ünal">6</Player>
    <Player player_id="58819" player_name="Kiko Olivas">4</Player>
    <Player player_id="96771" player_name="Rubén Alcaraz">5</Player>
    <Player player_id="11602" player_name="Borja Fernández">2</Player>
    <Player player_id="58876" player_name="Míchel">1</Player>
    <Player player_id="87815" player_name="Javi Moyano">4</Player>
    <Player player_id="241869" player_name="Fernando Calero">2</Player>
    <Player player_id="90394" player_name="Nacho">1</Player>
  </Player>
  <Player cross_lost="3" cross_success="1" jersey_num="24" pass_lost="10" pass_success="16" player_id="59944" player_name="Keko" position="Midfielder" position_id="3" sub_off="75" x="59.40" y="17.35">
    <Player cross="1" player_id="168636" player_name="Enes Ünal">2</Player>
    <Player player_id="173219" player_name="Leo Suárez">2</Player>
    <Player player_id="58819" player_name="Kiko Olivas">3</Player>
    <Player player_id="96771" player_name="Rubén Alcaraz">2</Player>
    <Player player_id="87815" player_name="Javi Moyano">6</Player>
    <Player player_id="86148" player_name="Jordi Masip">1</Player>
  </Player>
</SoccerFeed>