﻿<?xml version="1.0" encoding="UTF-8"?>
<!-- Copyright 2001-2018 Opta Sportsdata Ltd. All rights reserved. -->
<!-- PRODUCTION HEADER
     produced on:        valde-jobq-a01.nexus.opta.net
     production time:    20180821T185655,921Z
     production module:  Opta::Feed::XML::Soccer::F27
-->
<SoccerFeed act_minute="94" act_period="2" act_second="56" away_team_id="188" away_team_name="Real Sociedad" competition_id="23" competition_name="Spanish La Liga" game_date="2018-08-18 19:15:00" game_id="1009325" home_team_id="449" home_team_name="Villarreal" season_id="2018" season_name="Season 2018/2019" team_id="188" team_name="Real Sociedad">
  <Player cross_lost="0" cross_success="0" jersey_num="4" pass_lost="12" pass_success="37" player_id="84086" player_name="Asier Illarramendi" position="Midfielder" position_id="3" x="39.53" y="38.69">
    <Player player_id="195384" player_name="Mikel Merino">4</Player>
    <Player player_id="222784" player_name="Theo Hernández">1</Player>
    <Player player_id="149915" player_name="Diego Llorente">4</Player>
    <Player player_id="54371" player_name="David Zurutuza">2</Player>
    <Player player_id="90328" player_name="Rubén Pardo">2</Player>
    <Player player_id="73314" player_name="Willian José">4</Player>
    <Player player_id="98821" player_name="Joseba Zaldua">11</Player>
    <Player player_id="49656" player_name="Héctor Moreno">3</Player>
    <Player player_id="106921" player_name="Gerónimo Rulli">4</Player>
    <Player player_id="216475" player_name="Igor Zubeldia">2</Player>
  </Player>
  <Player cross_lost="1" cross_success="0" jersey_num="8" pass_lost="6" pass_success="21" player_id="195384" player_name="Mikel Merino" position="Midfielder" position_id="3" sub_off="59" x="54.29" y="77.73">
    <Player player_id="84086" player_name="Asier Illarramendi">1</Player>
    <Player player_id="219000" player_name="Mikel Oyarzabal">1</Player>
    <Player player_id="222784" player_name="Theo Hernández">3</Player>
    <Player player_id="90328" player_name="Rubén Pardo">3</Player>
    <Player player_id="73314" player_name="Willian José">5</Player>
    <Player player_id="98821" player_name="Joseba Zaldua">1</Player>
    <Player player_id="49656" player_name="Héctor Moreno">1</Player>
    <Player player_id="216475" player_name="Igor Zubeldia">6</Player>
  </Player>
  <Player cross_lost="0" cross_success="0" jersey_num="10" pass_lost="4" pass_success="9" player_id="219000" player_name="Mikel Oyarzabal" position="Midfielder" position_id="3" sub_off="80" x="64.88" y="22.09">
    <Player player_id="84086" player_name="Asier Illarramendi">2</Player>
    <Player player_id="195384" player_name="Mikel Merino">1</Player>
    <Player player_id="54371" player_name="David Zurutuza">1</Player>
    <Player player_id="90328" player_name="Rubén Pardo">1</Player>
    <Player player_id="73314" player_name="Willian José">1</Player>
    <Player player_id="98821" player_name="Joseba Zaldua">1</Player>
    <Player player_id="49656" player_name="Héctor Moreno">1</Player>
    <Player player_id="216475" player_name="Igor Zubeldia">1</Player>
  </Player>
  <Player cross_lost="0" cross_success="0" jersey_num="15" pass_lost="0" pass_success="3" player_id="200957" player_name="Aritz Elustondo" position="Substitute" position_id="5" sub_on="80" x="19.17" y="34.01">
    <Player player_id="80287" player_name="Juanmi">1</Player>
    <Player player_id="98821" player_name="Joseba Zaldua">1</Player>
    <Player player_id="106921" player_name="Gerónimo Rulli">1</Player>
  </Player>
  <Player cross_lost="0" cross_success="0" jersey_num="19" pass_lost="8" pass_success="29" player_id="222784" player_name="Theo Hernández" position="Defender" position_id="2" x="39.65" y="86.92">
    <Player player_id="84086" player_name="Asier Illarramendi">1</Player>
    <Player player_id="195384" player_name="Mikel Merino">3</Player>
    <Player player_id="219000" player_name="Mikel Oyarzabal">2</Player>
    <Player player_id="54371" player_name="David Zurutuza">2</Player>
    <Player player_id="90328" player_name="Rubén Pardo">1</Player>
    <Player player_id="80287" player_name="Juanmi">1</Player>
    <Player player_id="73314" player_name="Willian José">6</Player>
    <Player player_id="98821" player_name="Joseba Zaldua">3</Player>
    <Player player_id="49656" player_name="Héctor Moreno">7</Player>
    <Player player_id="216475" player_name="Igor Zubeldia">3</Player>
  </Player>
  <Player cross_lost="0" cross_success="0" jersey_num="3" pass_lost="6" pass_success="37" player_id="149915" player_name="Diego Llorente" position="Defender" position_id="2" x="35.94" y="37.59">
    <Player player_id="84086" player_name="Asier Illarramendi">7</Player>
    <Player player_id="195384" player_name="Mikel Merino">1</Player>
    <Player player_id="222784" player_name="Theo Hernández">2</Player>
    <Player player_id="98821" player_name="Joseba Zaldua">6</Player>
    <Player player_id="106921" player_name="Gerónimo Rulli">7</Player>
    <Player player_id="49656" player_name="Héctor Moreno">13</Player>
    <Player player_id="216475" player_name="Igor Zubeldia">1</Player>
  </Player>
  <Player cross_lost="0" cross_success="0" jersey_num="17" pass_lost="5" pass_success="6" player_id="54371" player_name="David Zurutuza" position="Substitute" position_id="5" sub_on="59" x="36.27" y="77.87">
    <Player player_id="222784" player_name="Theo Hernández">1</Player>
    <Player player_id="73314" player_name="Willian José">1</Player>
    <Player player_id="98821" player_name="Joseba Zaldua">2</Player>
    <Player player_id="216475" player_name="Igor Zubeldia">1</Player>
    <Player player_id="49656" player_name="Héctor Moreno">1</Player>
  </Player>
  <Player cross_lost="3" cross_success="3" jersey_num="14" pass_lost="5" pass_success="19" player_id="90328" player_name="Rubén Pardo" position="Forward" position_id="4" sub_off="68" x="59.13" y="54.86">
    <Player player_id="195384" player_name="Mikel Merino">3</Player>
    <Player player_id="219000" player_name="Mikel Oyarzabal">3</Player>
    <Player player_id="222784" player_name="Theo Hernández">2</Player>
    <Player player_id="73314" player_name="Willian José">1</Player>
    <Player cross="1" player_id="216475" player_name="Igor Zubeldia">1</Player>
    <Player cross="2" player_id="149915" player_name="Diego Llorente">1</Player>
    <Player player_id="98821" player_name="Joseba Zaldua">6</Player>
    <Player player_id="49656" player_name="Héctor Moreno">2</Player>
  </Player>
  <Player cross_lost="0" cross_success="0" jersey_num="7" pass_lost="1" pass_success="7" player_id="80287" player_name="Juanmi" position="Substitute" position_id="5" sub_on="68" x="44.19" y="40.46">
    <Player player_id="200957" player_name="Aritz Elustondo">1</Player>
    <Player player_id="222784" player_name="Theo Hernández">1</Player>
    <Player player_id="73314" player_name="Willian José">1</Player>
    <Player player_id="98821" player_name="Joseba Zaldua">2</Player>
    <Player player_id="216475" player_name="Igor Zubeldia">2</Player>
  </Player>
  <Player cross_lost="1" cross_success="0" jersey_num="12" pass_lost="6" pass_success="24" player_id="73314" player_name="Willian José" position="Forward" position_id="4" x="56.07" y="65.14">
    <Player player_id="84086" player_name="Asier Illarramendi">5</Player>
    <Player player_id="195384" player_name="Mikel Merino">3</Player>
    <Player player_id="222784" player_name="Theo Hernández">7</Player>
    <Player player_id="54371" player_name="David Zurutuza">1</Player>
    <Player player_id="90328" player_name="Rubén Pardo">4</Player>
    <Player player_id="98821" player_name="Joseba Zaldua">2</Player>
    <Player player_id="216475" player_name="Igor Zubeldia">2</Player>
  </Player>
  <Player cross_lost="3" cross_success="2" jersey_num="2" pass_lost="5" pass_success="33" player_id="98821" player_name="Joseba Zaldua" position="Defender" position_id="2" x="49.56" y="12.59">
    <Player player_id="84086" player_name="Asier Illarramendi">7</Player>
    <Player cross="1" player_id="195384" player_name="Mikel Merino">0</Player>
    <Player player_id="219000" player_name="Mikel Oyarzabal">9</Player>
    <Player player_id="200957" player_name="Aritz Elustondo">1</Player>
    <Player player_id="54371" player_name="David Zurutuza">1</Player>
    <Player cross="1" player_id="73314" player_name="Willian José">2</Player>
    <Player player_id="216475" player_name="Igor Zubeldia">1</Player>
    <Player player_id="149915" player_name="Diego Llorente">10</Player>
    <Player player_id="90328" player_name="Rubén Pardo">1</Player>
    <Player player_id="80287" player_name="Juanmi">1</Player>
  </Player>
  <Player cross_lost="0" cross_success="0" jersey_num="6" pass_lost="5" pass_success="51" player_id="49656" player_name="Héctor Moreno" position="Defender" position_id="2" x="33.18" y="74.67">
    <Player player_id="84086" player_name="Asier Illarramendi">4</Player>
    <Player player_id="195384" player_name="Mikel Merino">2</Player>
    <Player player_id="222784" player_name="Theo Hernández">10</Player>
    <Player player_id="149915" player_name="Diego Llorente">18</Player>
    <Player player_id="90328" player_name="Rubén Pardo">2</Player>
    <Player player_id="73314" player_name="Willian José">4</Player>
    <Player player_id="98821" player_name="Joseba Zaldua">1</Player>
    <Player player_id="216475" player_name="Igor Zubeldia">3</Player>
    <Player player_id="106921" player_name="Gerónimo Rulli">7</Player>
  </Player>
  <Player cross_lost="0" cross_success="0" jersey_num="5" pass_lost="7" pass_success="34" player_id="216475" player_name="Igor Zubeldia" position="Midfielder" position_id="3" x="38.82" y="67.65">
    <Player player_id="84086" player_name="Asier Illarramendi">2</Player>
    <Player player_id="195384" player_name="Mikel Merino">1</Player>
    <Player player_id="219000" player_name="Mikel Oyarzabal">2</Player>
    <Player player_id="222784" player_name="Theo Hernández">7</Player>
    <Player player_id="73314" player_name="Willian José">1</Player>
    <Player player_id="149915" player_name="Diego Llorente">3</Player>
    <Player player_id="90328" player_name="Rubén Pardo">3</Player>
    <Player player_id="80287" player_name="Juanmi">1</Player>
    <Player player_id="98821" player_name="Joseba Zaldua">4</Player>
    <Player player_id="49656" player_name="Héctor Moreno">9</Player>
    <Player player_id="106921" player_name="Gerónimo Rulli">1</Player>
  </Player>
  <Player cross_lost="0" cross_success="0" jersey_num="1" pass_lost="22" pass_success="23" player_id="106921" player_name="Gerónimo Rulli" position="Goalkeeper" position_id="1" x="8.89" y="51.73">
    <Player player_id="195384" player_name="Mikel Merino">5</Player>
    <Player player_id="149915" player_name="Diego Llorente">1</Player>
    <Player player_id="222784" player_name="Theo Hernández">1</Player>
    <Player player_id="54371" player_name="David Zurutuza">2</Player>
    <Player player_id="80287" player_name="Juanmi">1</Player>
    <Player player_id="73314" player_name="Willian José">3</Player>
    <Player player_id="98821" player_name="Joseba Zaldua">2</Player>
    <Player player_id="216475" player_name="Igor Zubeldia">2</Player>
    <Player player_id="49656" player_name="Héctor Moreno">6</Player>
  </Player>
</SoccerFeed>