﻿<?xml version="1.0" encoding="UTF-8"?>
<!-- Copyright 2001-2019 Opta Sportsdata Ltd. All rights reserved. -->
<!-- PRODUCTION HEADER
     produced on:        valde-jobq-a04.nexus.opta.net
     production time:    20190213T190550,647Z
     production module:  Opta::Feed::XML::Soccer::F27
-->
<SoccerFeed act_minute="92" act_period="2" act_second="6" away_team_id="185" away_team_name="Real Betis" competition_id="23" competition_name="Spanish La Liga" game_date="2019-02-10 11:00:00" game_id="1009542" home_team_id="957" home_team_name="Leganés" season_id="2018" season_name="Season 2018/2019" team_id="957" team_name="Leganés">
  <Player cross_lost="0" cross_success="0" jersey_num="25" pass_lost="5" pass_success="12" player_id="68690" player_name="Martin Braithwaite" position="Forward" position_id="4" x="66.28" y="61.60">
    <Player player_id="234991" player_name="Youssef En-Nesyri">3</Player>
    <Player player_id="91338" player_name="Recio">2</Player>
    <Player player_id="223757" player_name="Óscar Rodríguez">2</Player>
    <Player player_id="59945" player_name="Rubén Pérez">2</Player>
    <Player player_id="116132" player_name="Jonathan Silva">2</Player>
    <Player player_id="47645" player_name="Juanfran">1</Player>
  </Player>
  <Player cross_lost="1" cross_success="1" jersey_num="23" pass_lost="4" pass_success="12" player_id="197326" player_name="Mikel Vesga" position="Midfielder" position_id="3" sub_off="72" x="50.39" y="72.79">
    <Player cross="1" player_id="234991" player_name="Youssef En-Nesyri">0</Player>
    <Player player_id="91338" player_name="Recio">3</Player>
    <Player player_id="112540" player_name="Unai Bustinza">1</Player>
    <Player player_id="53020" player_name="Dimitrios Siovas">1</Player>
    <Player player_id="116132" player_name="Jonathan Silva">3</Player>
    <Player player_id="47645" player_name="Juanfran">1</Player>
    <Player player_id="112991" player_name="Kenneth Omeruo">3</Player>
  </Player>
  <Player cross_lost="0" cross_success="0" jersey_num="1" pass_lost="5" pass_success="18" player_id="16261" player_name="Iván Cuéllar" position="Goalkeeper" position_id="1" x="12.16" y="52.72">
    <Player player_id="68690" player_name="Martin Braithwaite">2</Player>
    <Player player_id="234991" player_name="Youssef En-Nesyri">4</Player>
    <Player player_id="100867" player_name="Diego Reyes">2</Player>
    <Player player_id="91338" player_name="Recio">1</Player>
    <Player player_id="223757" player_name="Óscar Rodríguez">1</Player>
    <Player player_id="59945" player_name="Rubén Pérez">1</Player>
    <Player player_id="53020" player_name="Dimitrios Siovas">3</Player>
    <Player player_id="116132" player_name="Jonathan Silva">1</Player>
    <Player player_id="47645" player_name="Juanfran">3</Player>
  </Player>
  <Player cross_lost="2" cross_success="0" jersey_num="26" pass_lost="8" pass_success="10" player_id="234991" player_name="Youssef En-Nesyri" position="Forward" position_id="4" sub_off="83" x="66.10" y="53.90">
    <Player player_id="68690" player_name="Martin Braithwaite">2</Player>
    <Player player_id="91338" player_name="Recio">2</Player>
    <Player player_id="59945" player_name="Rubén Pérez">1</Player>
    <Player player_id="53020" player_name="Dimitrios Siovas">1</Player>
    <Player player_id="116132" player_name="Jonathan Silva">3</Player>
    <Player player_id="47645" player_name="Juanfran">1</Player>
  </Player>
  <Player cross_lost="0" cross_success="0" jersey_num="4" pass_lost="1" pass_success="13" player_id="100867" player_name="Diego Reyes" position="Substitute" position_id="5" sub_on="77" x="44.95" y="12.31">
    <Player player_id="16261" player_name="Iván Cuéllar">1</Player>
    <Player player_id="223757" player_name="Óscar Rodríguez">2</Player>
    <Player player_id="59945" player_name="Rubén Pérez">4</Player>
    <Player player_id="112540" player_name="Unai Bustinza">4</Player>
    <Player player_id="53020" player_name="Dimitrios Siovas">1</Player>
    <Player player_id="112991" player_name="Kenneth Omeruo">1</Player>
  </Player>
  <Player cross_lost="0" cross_success="0" jersey_num="8" pass_lost="5" pass_success="29" player_id="91338" player_name="Recio" position="Midfielder" position_id="3" x="50.91" y="60.15">
    <Player player_id="68690" player_name="Martin Braithwaite">3</Player>
    <Player player_id="197326" player_name="Mikel Vesga">3</Player>
    <Player player_id="234991" player_name="Youssef En-Nesyri">3</Player>
    <Player player_id="223757" player_name="Óscar Rodríguez">2</Player>
    <Player player_id="59945" player_name="Rubén Pérez">4</Player>
    <Player player_id="152582" player_name="Michael Santos">1</Player>
    <Player player_id="53020" player_name="Dimitrios Siovas">4</Player>
    <Player player_id="116132" player_name="Jonathan Silva">3</Player>
    <Player player_id="47645" player_name="Juanfran">2</Player>
    <Player player_id="112991" player_name="Kenneth Omeruo">4</Player>
  </Player>
  <Player cross_lost="5" cross_success="0" jersey_num="27" pass_lost="7" pass_success="23" player_id="223757" player_name="Óscar Rodríguez" position="Midfielder" position_id="3" x="60.61" y="29.55">
    <Player player_id="197326" player_name="Mikel Vesga">1</Player>
    <Player player_id="234991" player_name="Youssef En-Nesyri">2</Player>
    <Player player_id="91338" player_name="Recio">3</Player>
    <Player player_id="59945" player_name="Rubén Pérez">2</Player>
    <Player player_id="53020" player_name="Dimitrios Siovas">2</Player>
    <Player player_id="47645" player_name="Juanfran">6</Player>
    <Player player_id="68690" player_name="Martin Braithwaite">3</Player>
    <Player player_id="16261" player_name="Iván Cuéllar">1</Player>
    <Player player_id="100867" player_name="Diego Reyes">2</Player>
    <Player player_id="112991" player_name="Kenneth Omeruo">1</Player>
  </Player>
  <Player cross_lost="0" cross_success="0" jersey_num="21" pass_lost="0" pass_success="20" player_id="59945" player_name="Rubén Pérez" position="Substitute" position_id="5" sub_on="72" x="46.58" y="52.00">
    <Player player_id="68690" player_name="Martin Braithwaite">1</Player>
    <Player player_id="91338" player_name="Recio">6</Player>
    <Player player_id="100867" player_name="Diego Reyes">4</Player>
    <Player player_id="223757" player_name="Óscar Rodríguez">5</Player>
    <Player player_id="152582" player_name="Michael Santos">1</Player>
    <Player player_id="112540" player_name="Unai Bustinza">1</Player>
    <Player player_id="112991" player_name="Kenneth Omeruo">2</Player>
  </Player>
  <Player cross_lost="0" cross_success="0" jersey_num="20" pass_lost="0" pass_success="2" player_id="152582" player_name="Michael Santos" position="Substitute" position_id="5" sub_on="83" x="57.65" y="54.15">
    <Player player_id="59945" player_name="Rubén Pérez">1</Player>
    <Player player_id="68690" player_name="Martin Braithwaite">1</Player>
  </Player>
  <Player cross_lost="1" cross_success="1" jersey_num="3" pass_lost="4" pass_success="16" player_id="112540" player_name="Unai Bustinza" position="Defender" position_id="2" x="47.74" y="18.42">
    <Player cross="1" player_id="234991" player_name="Youssef En-Nesyri">0</Player>
    <Player player_id="91338" player_name="Recio">1</Player>
    <Player player_id="59945" player_name="Rubén Pérez">1</Player>
    <Player player_id="47645" player_name="Juanfran">3</Player>
    <Player player_id="68690" player_name="Martin Braithwaite">1</Player>
    <Player player_id="16261" player_name="Iván Cuéllar">1</Player>
    <Player player_id="100867" player_name="Diego Reyes">2</Player>
    <Player player_id="223757" player_name="Óscar Rodríguez">4</Player>
    <Player player_id="112540" player_name="Unai Bustinza">1</Player>
    <Player player_id="112991" player_name="Kenneth Omeruo">2</Player>
  </Player>
  <Player cross_lost="1" cross_success="0" jersey_num="22" pass_lost="9" pass_success="23" player_id="53020" player_name="Dimitrios Siovas" position="Defender" position_id="2" x="37.71" y="81.36">
    <Player player_id="197326" player_name="Mikel Vesga">2</Player>
    <Player player_id="234991" player_name="Youssef En-Nesyri">4</Player>
    <Player player_id="91338" player_name="Recio">2</Player>
    <Player player_id="59945" player_name="Rubén Pérez">1</Player>
    <Player player_id="68690" player_name="Martin Braithwaite">3</Player>
    <Player player_id="16261" player_name="Iván Cuéllar">1</Player>
    <Player player_id="100867" player_name="Diego Reyes">1</Player>
    <Player player_id="112540" player_name="Unai Bustinza">1</Player>
    <Player player_id="116132" player_name="Jonathan Silva">4</Player>
    <Player player_id="112991" player_name="Kenneth Omeruo">4</Player>
  </Player>
  <Player cross_lost="3" cross_success="2" jersey_num="5" pass_lost="6" pass_success="14" player_id="116132" player_name="Jonathan Silva" position="Defender" position_id="2" x="51.38" y="83.65">
    <Player player_id="68690" player_name="Martin Braithwaite">2</Player>
    <Player player_id="197326" player_name="Mikel Vesga">2</Player>
    <Player cross="1" player_id="234991" player_name="Youssef En-Nesyri">4</Player>
    <Player player_id="91338" player_name="Recio">2</Player>
    <Player player_id="223757" player_name="Óscar Rodríguez">1</Player>
    <Player player_id="59945" player_name="Rubén Pérez">1</Player>
    <Player player_id="53020" player_name="Dimitrios Siovas">2</Player>
    <Player cross="1" player_id="47645" player_name="Juanfran">0</Player>
  </Player>
  <Player cross_lost="0" cross_success="0" jersey_num="24" pass_lost="5" pass_success="18" player_id="112991" player_name="Kenneth Omeruo" position="Defender" position_id="2" x="29.12" y="56.69">
    <Player player_id="197326" player_name="Mikel Vesga">1</Player>
    <Player player_id="234991" player_name="Youssef En-Nesyri">1</Player>
    <Player player_id="91338" player_name="Recio">1</Player>
    <Player player_id="59945" player_name="Rubén Pérez">1</Player>
    <Player player_id="152582" player_name="Michael Santos">1</Player>
    <Player player_id="53020" player_name="Dimitrios Siovas">4</Player>
    <Player player_id="47645" player_name="Juanfran">1</Player>
    <Player player_id="16261" player_name="Iván Cuéllar">3</Player>
    <Player player_id="100867" player_name="Diego Reyes">2</Player>
    <Player player_id="112540" player_name="Unai Bustinza">1</Player>
    <Player player_id="116132" player_name="Jonathan Silva">2</Player>
  </Player>
  <Player cross_lost="0" cross_success="0" jersey_num="2" pass_lost="5" pass_success="19" player_id="47645" player_name="Juanfran" position="Defender" position_id="2" sub_off="77" x="55.11" y="13.81">
    <Player player_id="68690" player_name="Martin Braithwaite">1</Player>
    <Player player_id="234991" player_name="Youssef En-Nesyri">6</Player>
    <Player player_id="223757" player_name="Óscar Rodríguez">7</Player>
    <Player player_id="112540" player_name="Unai Bustinza">4</Player>
    <Player player_id="116132" player_name="Jonathan Silva">1</Player>
  </Player>
</SoccerFeed>