﻿<?xml version="1.0" encoding="UTF-8"?>
<!-- Copyright 2001-2018 Opta Sportsdata Ltd. All rights reserved. -->
<!-- PRODUCTION HEADER
     produced on:        valde-jobq-a04.nexus.opta.net
     production time:    20181128T103631,217Z
     production module:  Opta::Feed::XML::Soccer::F27
-->
<SoccerFeed act_minute="92" act_period="2" act_second="25" away_team_id="173" away_team_name="Alavés" competition_id="23" competition_name="Spanish La Liga" game_date="2018-08-18 21:15:00" game_id="1009322" home_team_id="178" home_team_name="Barcelona" season_id="2018" season_name="Season 2018/2019" team_id="173" team_name="Alavés">
  <Player cross_lost="1" cross_success="1" jersey_num="19" pass_lost="5" pass_success="14" player_id="55378" player_name="Manu García" position="Midfielder" position_id="3" x="40.60" y="60.84">
    <Player player_id="163817" player_name="Burgui">1</Player>
    <Player player_id="148245" player_name="Daniel Torres">1</Player>
    <Player player_id="178873" player_name="Adrián Marín">1</Player>
    <Player player_id="84471" player_name="Ibai Gómez">2</Player>
    <Player player_id="92190" player_name="Jony">2</Player>
    <Player player_id="49370" player_name="Víctor Laguardia">1</Player>
    <Player cross="1" player_id="112994" player_name="Rubén Sobrino">1</Player>
    <Player player_id="126119" player_name="Rubén Duarte">3</Player>
    <Player player_id="155335" player_name="Guillermo Maripán">1</Player>
    <Player player_id="83091" player_name="Borja Bastón">1</Player>
  </Player>
  <Player cross_lost="1" cross_success="0" jersey_num="21" pass_lost="9" pass_success="8" player_id="246162" player_name="Martín Aguirregabiria" position="Defender" position_id="2" x="27.56" y="21.36">
    <Player player_id="112994" player_name="Rubén Sobrino">1</Player>
    <Player player_id="126119" player_name="Rubén Duarte">1</Player>
    <Player player_id="84471" player_name="Ibai Gómez">3</Player>
    <Player player_id="55179" player_name="Mubarak Wakaso">2</Player>
    <Player player_id="49370" player_name="Víctor Laguardia">1</Player>
  </Player>
  <Player cross_lost="1" cross_success="0" jersey_num="7" pass_lost="3" pass_success="14" player_id="112994" player_name="Rubén Sobrino" position="Forward" position_id="4" sub_off="71" x="50.14" y="52.01">
    <Player player_id="246162" player_name="Martín Aguirregabiria">2</Player>
    <Player player_id="148245" player_name="Daniel Torres">1</Player>
    <Player player_id="55179" player_name="Mubarak Wakaso">3</Player>
    <Player player_id="84471" player_name="Ibai Gómez">4</Player>
    <Player player_id="92190" player_name="Jony">4</Player>
  </Player>
  <Player cross_lost="0" cross_success="0" jersey_num="14" pass_lost="2" pass_success="10" player_id="163817" player_name="Burgui" position="Substitute" position_id="5" sub_on="71" x="44.01" y="43.46">
    <Player player_id="55378" player_name="Manu García">1</Player>
    <Player player_id="246162" player_name="Martín Aguirregabiria">1</Player>
    <Player player_id="178873" player_name="Adrián Marín">1</Player>
    <Player player_id="84471" player_name="Ibai Gómez">2</Player>
    <Player player_id="55179" player_name="Mubarak Wakaso">1</Player>
    <Player player_id="126119" player_name="Rubén Duarte">2</Player>
    <Player player_id="155335" player_name="Guillermo Maripán">1</Player>
    <Player player_id="83091" player_name="Borja Bastón">1</Player>
  </Player>
  <Player cross_lost="0" cross_success="0" jersey_num="16" pass_lost="2" pass_success="13" player_id="148245" player_name="Daniel Torres" position="Midfielder" position_id="3" sub_off="68" x="34.62" y="61.73">
    <Player player_id="55378" player_name="Manu García">1</Player>
    <Player player_id="246162" player_name="Martín Aguirregabiria">1</Player>
    <Player player_id="112994" player_name="Rubén Sobrino">2</Player>
    <Player player_id="84471" player_name="Ibai Gómez">1</Player>
    <Player player_id="55179" player_name="Mubarak Wakaso">1</Player>
    <Player player_id="155335" player_name="Guillermo Maripán">2</Player>
    <Player player_id="126119" player_name="Rubén Duarte">4</Player>
    <Player player_id="92190" player_name="Jony">1</Player>
  </Player>
  <Player cross_lost="0" cross_success="0" jersey_num="17" pass_lost="1" pass_success="4" player_id="178873" player_name="Adrián Marín" position="Substitute" position_id="5" sub_on="68" x="44.98" y="75.02">
    <Player player_id="163817" player_name="Burgui">2</Player>
    <Player player_id="126119" player_name="Rubén Duarte">2</Player>
  </Player>
  <Player cross_lost="0" cross_success="0" jersey_num="1" pass_lost="14" pass_success="13" player_id="91406" player_name="Fernando Pacheco" position="Goalkeeper" position_id="1" x="7.71" y="49.24">
    <Player player_id="55378" player_name="Manu García">2</Player>
    <Player player_id="112994" player_name="Rubén Sobrino">2</Player>
    <Player player_id="148245" player_name="Daniel Torres">1</Player>
    <Player player_id="84471" player_name="Ibai Gómez">2</Player>
    <Player player_id="155335" player_name="Guillermo Maripán">3</Player>
    <Player player_id="83091" player_name="Borja Bastón">1</Player>
    <Player player_id="49370" player_name="Víctor Laguardia">2</Player>
  </Player>
  <Player cross_lost="0" cross_success="0" jersey_num="6" pass_lost="5" pass_success="11" player_id="155335" player_name="Guillermo Maripán" position="Defender" position_id="2" x="19.22" y="58.06">
    <Player player_id="55378" player_name="Manu García">1</Player>
    <Player player_id="163817" player_name="Burgui">1</Player>
    <Player player_id="148245" player_name="Daniel Torres">2</Player>
    <Player player_id="91406" player_name="Fernando Pacheco">3</Player>
    <Player player_id="126119" player_name="Rubén Duarte">2</Player>
    <Player player_id="84471" player_name="Ibai Gómez">2</Player>
  </Player>
  <Player cross_lost="0" cross_success="0" jersey_num="3" pass_lost="7" pass_success="14" player_id="126119" player_name="Rubén Duarte" position="Defender" position_id="2" x="27.41" y="74.62">
    <Player player_id="55378" player_name="Manu García">1</Player>
    <Player player_id="163817" player_name="Burgui">3</Player>
    <Player player_id="148245" player_name="Daniel Torres">3</Player>
    <Player player_id="178873" player_name="Adrián Marín">2</Player>
    <Player player_id="155335" player_name="Guillermo Maripán">1</Player>
    <Player player_id="55179" player_name="Mubarak Wakaso">1</Player>
    <Player player_id="92190" player_name="Jony">3</Player>
  </Player>
  <Player cross_lost="0" cross_success="0" jersey_num="22" pass_lost="8" pass_success="15" player_id="55179" player_name="Mubarak Wakaso" position="Midfielder" position_id="3" x="37.81" y="31.53">
    <Player player_id="55378" player_name="Manu García">2</Player>
    <Player player_id="112994" player_name="Rubén Sobrino">1</Player>
    <Player player_id="246162" player_name="Martín Aguirregabiria">2</Player>
    <Player player_id="163817" player_name="Burgui">1</Player>
    <Player player_id="148245" player_name="Daniel Torres">1</Player>
    <Player player_id="91406" player_name="Fernando Pacheco">1</Player>
    <Player player_id="84471" player_name="Ibai Gómez">5</Player>
    <Player player_id="92190" player_name="Jony">1</Player>
    <Player player_id="49370" player_name="Víctor Laguardia">1</Player>
  </Player>
  <Player cross_lost="1" cross_success="0" jersey_num="11" pass_lost="12" pass_success="22" player_id="84471" player_name="Ibai Gómez" position="Midfielder" position_id="3" x="39.10" y="26.27">
    <Player player_id="55378" player_name="Manu García">1</Player>
    <Player player_id="246162" player_name="Martín Aguirregabiria">5</Player>
    <Player player_id="112994" player_name="Rubén Sobrino">5</Player>
    <Player player_id="163817" player_name="Burgui">1</Player>
    <Player player_id="178873" player_name="Adrián Marín">1</Player>
    <Player player_id="55179" player_name="Mubarak Wakaso">8</Player>
    <Player player_id="92190" player_name="Jony">1</Player>
  </Player>
  <Player cross_lost="0" cross_success="0" jersey_num="18" pass_lost="2" pass_success="4" player_id="83091" player_name="Borja Bastón" position="Substitute" position_id="5" sub_on="68" x="36.19" y="40.96">
    <Player player_id="55378" player_name="Manu García">1</Player>
    <Player player_id="163817" player_name="Burgui">3</Player>
  </Player>
  <Player cross_lost="3" cross_success="0" jersey_num="23" pass_lost="2" pass_success="6" player_id="92190" player_name="Jony" position="Midfielder" position_id="3" sub_off="68" x="46.94" y="80.07">
    <Player player_id="55378" player_name="Manu García">2</Player>
    <Player player_id="155335" player_name="Guillermo Maripán">2</Player>
    <Player player_id="126119" player_name="Rubén Duarte">2</Player>
  </Player>
  <Player cross_lost="0" cross_success="0" jersey_num="5" pass_lost="5" pass_success="6" player_id="49370" player_name="Víctor Laguardia" position="Defender" position_id="2" x="20.11" y="39.32">
    <Player player_id="55378" player_name="Manu García">1</Player>
    <Player player_id="55179" player_name="Mubarak Wakaso">2</Player>
    <Player player_id="155335" player_name="Guillermo Maripán">1</Player>
    <Player player_id="84471" player_name="Ibai Gómez">1</Player>
    <Player player_id="83091" player_name="Borja Bastón">1</Player>
  </Player>
</SoccerFeed>