﻿<?xml version="1.0" encoding="UTF-8"?>
<!-- Copyright 2001-2018 Opta Sportsdata Ltd. All rights reserved. -->
<!-- PRODUCTION HEADER
     produced on:        valde-jobq-a03.nexus.opta.net
     production time:    20181009T083421,251Z
     production module:  Opta::Feed::XML::Soccer::F27
-->
<SoccerFeed act_minute="95" act_period="2" act_second="15" away_team_id="173" away_team_name="Alavés" competition_id="23" competition_name="Spanish La Liga" game_date="2018-09-30 17:30:00" game_id="1009381" home_team_id="855" home_team_name="Levante" season_id="2018" season_name="Season 2018/2019" team_id="855" team_name="Levante">
  <Player cross_lost="0" cross_success="0" jersey_num="23" pass_lost="6" pass_success="7" player_id="163784" player_name="Jason" position="Midfielder" position_id="3" sub_off="60" x="57.52" y="19.67">
    <Player player_id="88952" player_name="José Campaña">2</Player>
    <Player player_id="165375" player_name="José Luis Morales">2</Player>
    <Player player_id="86168" player_name="Rubén Rochina">1</Player>
    <Player player_id="169586" player_name="Erick Cabaco">1</Player>
    <Player player_id="106551" player_name="Sanjin Prcic">1</Player>
  </Player>
  <Player cross_lost="6" cross_success="2" jersey_num="24" pass_lost="7" pass_success="19" player_id="88952" player_name="José Campaña" position="Midfielder" position_id="3" x="52.39" y="65.65">
    <Player player_id="163784" player_name="Jason">4</Player>
    <Player player_id="165375" player_name="José Luis Morales">6</Player>
    <Player player_id="181441" player_name="Moses Simon">1</Player>
    <Player player_id="220093" player_name="Rober Pier">1</Player>
    <Player player_id="77039" player_name="Toño">4</Player>
    <Player player_id="86168" player_name="Rubén Rochina">1</Player>
    <Player player_id="106551" player_name="Sanjin Prcic">1</Player>
    <Player cross="2" player_id="194764" player_name="Emmanuel Boateng">1</Player>
  </Player>
  <Player cross_lost="0" cross_success="0" jersey_num="6" pass_lost="1" pass_success="2" player_id="169201" player_name="Chema Rodríguez" position="Substitute" position_id="5" sub_on="72" x="31.28" y="57.96">
    <Player player_id="181441" player_name="Moses Simon">1</Player>
    <Player player_id="77039" player_name="Toño">1</Player>
  </Player>
  <Player cross_lost="3" cross_success="0" jersey_num="11" pass_lost="5" pass_success="18" player_id="165375" player_name="José Luis Morales" position="Forward" position_id="4" x="65.13" y="56.55">
    <Player player_id="163784" player_name="Jason">1</Player>
    <Player player_id="88952" player_name="José Campaña">5</Player>
    <Player player_id="165375" player_name="José Luis Morales">1</Player>
    <Player player_id="181441" player_name="Moses Simon">1</Player>
    <Player player_id="220093" player_name="Rober Pier">1</Player>
    <Player player_id="77039" player_name="Toño">3</Player>
    <Player player_id="86168" player_name="Rubén Rochina">2</Player>
    <Player player_id="90400" player_name="Sergio Postigo">1</Player>
    <Player player_id="106551" player_name="Sanjin Prcic">1</Player>
    <Player player_id="194764" player_name="Emmanuel Boateng">2</Player>
  </Player>
  <Player cross_lost="0" cross_success="0" jersey_num="7" pass_lost="5" pass_success="9" player_id="181441" player_name="Moses Simon" position="Substitute" position_id="5" sub_on="60" x="41.09" y="14.41">
    <Player player_id="165375" player_name="José Luis Morales">3</Player>
    <Player player_id="78323" player_name="Cheick Doukouré">2</Player>
    <Player player_id="106551" player_name="Sanjin Prcic">3</Player>
    <Player player_id="194764" player_name="Emmanuel Boateng">1</Player>
  </Player>
  <Player cross_lost="0" cross_success="0" jersey_num="4" pass_lost="5" pass_success="23" player_id="220093" player_name="Rober Pier" position="Defender" position_id="2" x="33.11" y="68.20">
    <Player player_id="88952" player_name="José Campaña">1</Player>
    <Player player_id="163784" player_name="Jason">1</Player>
    <Player player_id="77039" player_name="Toño">6</Player>
    <Player player_id="86168" player_name="Rubén Rochina">2</Player>
    <Player player_id="169586" player_name="Erick Cabaco">1</Player>
    <Player player_id="78323" player_name="Cheick Doukouré">1</Player>
    <Player player_id="90400" player_name="Sergio Postigo">5</Player>
    <Player player_id="106551" player_name="Sanjin Prcic">5</Player>
    <Player player_id="194764" player_name="Emmanuel Boateng">1</Player>
  </Player>
  <Player cross_lost="2" cross_success="0" jersey_num="3" pass_lost="4" pass_success="31" player_id="77039" player_name="Toño" position="Midfielder" position_id="3" x="51.99" y="87.83">
    <Player player_id="88952" player_name="José Campaña">6</Player>
    <Player player_id="169201" player_name="Chema Rodríguez">1</Player>
    <Player player_id="165375" player_name="José Luis Morales">6</Player>
    <Player player_id="220093" player_name="Rober Pier">4</Player>
    <Player player_id="86168" player_name="Rubén Rochina">5</Player>
    <Player player_id="90400" player_name="Sergio Postigo">3</Player>
    <Player player_id="106551" player_name="Sanjin Prcic">5</Player>
    <Player player_id="194764" player_name="Emmanuel Boateng">1</Player>
  </Player>
  <Player cross_lost="3" cross_success="2" jersey_num="16" pass_lost="8" pass_success="17" player_id="86168" player_name="Rubén Rochina" position="Midfielder" position_id="3" sub_off="83" x="52.83" y="58.88">
    <Player cross="1" player_id="163784" player_name="Jason">3</Player>
    <Player player_id="88952" player_name="José Campaña">2</Player>
    <Player cross="1" player_id="165375" player_name="José Luis Morales">3</Player>
    <Player player_id="181441" player_name="Moses Simon">4</Player>
    <Player player_id="77039" player_name="Toño">2</Player>
    <Player player_id="90400" player_name="Sergio Postigo">1</Player>
    <Player player_id="106551" player_name="Sanjin Prcic">2</Player>
  </Player>
  <Player cross_lost="0" cross_success="0" jersey_num="13" pass_lost="15" pass_success="6" player_id="49442" player_name="Oier Olazábal" position="Goalkeeper" position_id="1" x="10.32" y="46.65">
    <Player player_id="220093" player_name="Rober Pier">3</Player>
    <Player player_id="77039" player_name="Toño">1</Player>
    <Player player_id="106551" player_name="Sanjin Prcic">1</Player>
    <Player player_id="194764" player_name="Emmanuel Boateng">1</Player>
  </Player>
  <Player cross_lost="0" cross_success="0" jersey_num="18" pass_lost="13" pass_success="15" player_id="169586" player_name="Erick Cabaco" position="Defender" position_id="2" sub_off="72" x="34.04" y="23.14">
    <Player player_id="88952" player_name="José Campaña">2</Player>
    <Player player_id="163784" player_name="Jason">3</Player>
    <Player player_id="165375" player_name="José Luis Morales">2</Player>
    <Player player_id="77039" player_name="Toño">1</Player>
    <Player player_id="86168" player_name="Rubén Rochina">1</Player>
    <Player player_id="49442" player_name="Oier Olazábal">3</Player>
    <Player player_id="90400" player_name="Sergio Postigo">2</Player>
    <Player player_id="194764" player_name="Emmanuel Boateng">1</Player>
  </Player>
  <Player cross_lost="0" cross_success="0" jersey_num="5" pass_lost="1" pass_success="1" player_id="78323" player_name="Cheick Doukouré" position="Substitute" position_id="5" sub_on="83" x="49.29" y="23.73">
    <Player player_id="181441" player_name="Moses Simon">1</Player>
  </Player>
  <Player cross_lost="0" cross_success="0" jersey_num="8" pass_lost="8" pass_success="27" player_id="106551" player_name="Sanjin Prcic" position="Midfielder" position_id="3" x="42.19" y="51.68">
    <Player player_id="163784" player_name="Jason">2</Player>
    <Player player_id="88952" player_name="José Campaña">3</Player>
    <Player player_id="165375" player_name="José Luis Morales">2</Player>
    <Player player_id="181441" player_name="Moses Simon">1</Player>
    <Player player_id="77039" player_name="Toño">8</Player>
    <Player player_id="86168" player_name="Rubén Rochina">5</Player>
    <Player player_id="169586" player_name="Erick Cabaco">2</Player>
    <Player player_id="90400" player_name="Sergio Postigo">1</Player>
    <Player player_id="194764" player_name="Emmanuel Boateng">3</Player>
  </Player>
  <Player cross_lost="0" cross_success="0" jersey_num="15" pass_lost="5" pass_success="22" player_id="90400" player_name="Sergio Postigo" position="Defender" position_id="2" x="34.59" y="59.22">
    <Player player_id="88952" player_name="José Campaña">1</Player>
    <Player player_id="165375" player_name="José Luis Morales">2</Player>
    <Player player_id="220093" player_name="Rober Pier">3</Player>
    <Player player_id="77039" player_name="Toño">2</Player>
    <Player player_id="86168" player_name="Rubén Rochina">1</Player>
    <Player player_id="49442" player_name="Oier Olazábal">3</Player>
    <Player player_id="169586" player_name="Erick Cabaco">6</Player>
    <Player player_id="106551" player_name="Sanjin Prcic">3</Player>
    <Player player_id="194764" player_name="Emmanuel Boateng">1</Player>
  </Player>
  <Player cross_lost="0" cross_success="0" jersey_num="21" pass_lost="4" pass_success="6" player_id="194764" player_name="Emmanuel Boateng" position="Forward" position_id="4" x="65.63" y="50.54">
    <Player player_id="88952" player_name="José Campaña">2</Player>
    <Player player_id="165375" player_name="José Luis Morales">1</Player>
    <Player player_id="77039" player_name="Toño">3</Player>
  </Player>
</SoccerFeed>