﻿<?xml version="1.0" encoding="UTF-8"?>
<!-- Copyright 2001-2019 Opta Sportsdata Ltd. All rights reserved. -->
<!-- PRODUCTION HEADER
     produced on:        valde-jobq-a03.nexus.opta.net
     production time:    20190226T141506,121Z
     production module:  Opta::Feed::XML::Soccer::F27
-->
<SoccerFeed act_minute="94" act_period="2" act_second="3" away_team_id="186" away_team_name="Real Madrid" competition_id="23" competition_name="Spanish La Liga" game_date="2019-02-24 19:45:00" game_id="1009563" home_team_id="855" home_team_name="Levante" season_id="2018" season_name="Season 2018/2019" team_id="186" team_name="Real Madrid">
  <Player cross_lost="0" cross_success="0" jersey_num="15" pass_lost="1" pass_success="13" player_id="223255" player_name="Federico Valverde" position="Substitute" position_id="5" sub_on="69" x="50.26" y="59.62">
    <Player player_id="88483" player_name="Daniel Carvajal">2</Player>
    <Player player_id="61256" player_name="Casemiro">1</Player>
    <Player player_id="107593" player_name="Lucas Vázquez">3</Player>
    <Player player_id="174292" player_name="Marco Asensio">2</Player>
    <Player player_id="90152" player_name="Raphael Varane">1</Player>
    <Player player_id="37055" player_name="Luka Modric">4</Player>
  </Player>
  <Player cross_lost="2" cross_success="2" jersey_num="8" pass_lost="1" pass_success="52" player_id="44989" player_name="Toni Kroos" position="Midfielder" position_id="3" sub_off="69" x="47.41" y="69.43">
    <Player player_id="88483" player_name="Daniel Carvajal">3</Player>
    <Player player_id="107593" player_name="Lucas Vázquez">2</Player>
    <Player cross="1" player_id="19927" player_name="Karim Benzema">5</Player>
    <Player player_id="88477" player_name="Nacho">5</Player>
    <Player cross="1" player_id="90152" player_name="Raphael Varane">5</Player>
    <Player player_id="61256" player_name="Casemiro">9</Player>
    <Player player_id="199249" player_name="Sergio Reguilón">13</Player>
    <Player player_id="37055" player_name="Luka Modric">4</Player>
    <Player player_id="246333" player_name="Vinícius Júnior">5</Player>
    <Player player_id="60772" player_name="Thibaut Courtois">1</Player>
  </Player>
  <Player cross_lost="0" cross_success="0" jersey_num="11" pass_lost="3" pass_success="4" player_id="36903" player_name="Gareth Bale" position="Substitute" position_id="5" sub_on="74" x="69.61" y="27.44">
    <Player player_id="107593" player_name="Lucas Vázquez">1</Player>
    <Player player_id="199249" player_name="Sergio Reguilón">1</Player>
    <Player player_id="90152" player_name="Raphael Varane">1</Player>
    <Player player_id="37055" player_name="Luka Modric">1</Player>
  </Player>
  <Player cross_lost="0" cross_success="0" jersey_num="2" pass_lost="12" pass_success="68" player_id="88483" player_name="Daniel Carvajal" position="Defender" position_id="2" x="50.10" y="15.80">
    <Player player_id="223255" player_name="Federico Valverde">2</Player>
    <Player player_id="44989" player_name="Toni Kroos">1</Player>
    <Player player_id="61256" player_name="Casemiro">9</Player>
    <Player player_id="107593" player_name="Lucas Vázquez">19</Player>
    <Player player_id="19927" player_name="Karim Benzema">4</Player>
    <Player player_id="88477" player_name="Nacho">6</Player>
    <Player player_id="90152" player_name="Raphael Varane">6</Player>
    <Player player_id="37055" player_name="Luka Modric">17</Player>
    <Player player_id="60772" player_name="Thibaut Courtois">4</Player>
  </Player>
  <Player cross_lost="0" cross_success="0" jersey_num="14" pass_lost="5" pass_success="48" player_id="61256" player_name="Casemiro" position="Midfielder" position_id="3" x="45.00" y="42.92">
    <Player player_id="223255" player_name="Federico Valverde">2</Player>
    <Player player_id="44989" player_name="Toni Kroos">10</Player>
    <Player player_id="36903" player_name="Gareth Bale">2</Player>
    <Player player_id="88483" player_name="Daniel Carvajal">13</Player>
    <Player player_id="107593" player_name="Lucas Vázquez">4</Player>
    <Player player_id="19927" player_name="Karim Benzema">1</Player>
    <Player player_id="199249" player_name="Sergio Reguilón">3</Player>
    <Player player_id="90152" player_name="Raphael Varane">3</Player>
    <Player player_id="88477" player_name="Nacho">3</Player>
    <Player player_id="37055" player_name="Luka Modric">7</Player>
  </Player>
  <Player cross_lost="1" cross_success="0" jersey_num="17" pass_lost="8" pass_success="38" player_id="107593" player_name="Lucas Vázquez" position="Forward" position_id="4" x="57.06" y="23.32">
    <Player player_id="223255" player_name="Federico Valverde">1</Player>
    <Player player_id="36903" player_name="Gareth Bale">3</Player>
    <Player player_id="88483" player_name="Daniel Carvajal">11</Player>
    <Player player_id="61256" player_name="Casemiro">6</Player>
    <Player player_id="174292" player_name="Marco Asensio">1</Player>
    <Player player_id="19927" player_name="Karim Benzema">6</Player>
    <Player player_id="88477" player_name="Nacho">1</Player>
    <Player player_id="90152" player_name="Raphael Varane">2</Player>
    <Player player_id="37055" player_name="Luka Modric">5</Player>
    <Player player_id="246333" player_name="Vinícius Júnior">2</Player>
  </Player>
  <Player cross_lost="0" cross_success="0" jersey_num="20" pass_lost="1" pass_success="3" player_id="174292" player_name="Marco Asensio" position="Substitute" position_id="5" sub_on="83" x="77.10" y="88.80">
    <Player player_id="223255" player_name="Federico Valverde">1</Player>
    <Player player_id="36903" player_name="Gareth Bale">1</Player>
    <Player player_id="107593" player_name="Lucas Vázquez">1</Player>
  </Player>
  <Player cross_lost="0" cross_success="0" jersey_num="9" pass_lost="6" pass_success="25" player_id="19927" player_name="Karim Benzema" position="Forward" position_id="4" sub_off="74" x="63.77" y="42.53">
    <Player player_id="44989" player_name="Toni Kroos">3</Player>
    <Player player_id="88483" player_name="Daniel Carvajal">5</Player>
    <Player player_id="61256" player_name="Casemiro">2</Player>
    <Player player_id="107593" player_name="Lucas Vázquez">6</Player>
    <Player player_id="199249" player_name="Sergio Reguilón">1</Player>
    <Player player_id="37055" player_name="Luka Modric">3</Player>
    <Player player_id="246333" player_name="Vinícius Júnior">5</Player>
  </Player>
  <Player cross_lost="0" cross_success="1" jersey_num="23" pass_lost="13" pass_success="33" player_id="199249" player_name="Sergio Reguilón" position="Defender" position_id="2" x="40.47" y="81.94">
    <Player player_id="223255" player_name="Federico Valverde">3</Player>
    <Player player_id="44989" player_name="Toni Kroos">7</Player>
    <Player player_id="36903" player_name="Gareth Bale">1</Player>
    <Player player_id="61256" player_name="Casemiro">1</Player>
    <Player cross="1" player_id="107593" player_name="Lucas Vázquez">0</Player>
    <Player player_id="88477" player_name="Nacho">10</Player>
    <Player player_id="246333" player_name="Vinícius Júnior">9</Player>
    <Player player_id="60772" player_name="Thibaut Courtois">2</Player>
  </Player>
  <Player cross_lost="0" cross_success="0" jersey_num="6" pass_lost="4" pass_success="46" player_id="88477" player_name="Nacho" position="Defender" position_id="2" sent_off="86" x="33.32" y="67.50">
    <Player player_id="223255" player_name="Federico Valverde">1</Player>
    <Player player_id="44989" player_name="Toni Kroos">14</Player>
    <Player player_id="199249" player_name="Sergio Reguilón">13</Player>
    <Player player_id="90152" player_name="Raphael Varane">9</Player>
    <Player player_id="37055" player_name="Luka Modric">5</Player>
    <Player player_id="60772" player_name="Thibaut Courtois">4</Player>
  </Player>
  <Player cross_lost="0" cross_success="0" jersey_num="5" pass_lost="4" pass_success="45" player_id="90152" player_name="Raphael Varane" position="Defender" position_id="2" x="31.98" y="31.12">
    <Player player_id="223255" player_name="Federico Valverde">1</Player>
    <Player player_id="44989" player_name="Toni Kroos">2</Player>
    <Player player_id="36903" player_name="Gareth Bale">1</Player>
    <Player player_id="88483" player_name="Daniel Carvajal">16</Player>
    <Player player_id="107593" player_name="Lucas Vázquez">4</Player>
    <Player player_id="19927" player_name="Karim Benzema">1</Player>
    <Player player_id="88477" player_name="Nacho">12</Player>
    <Player player_id="37055" player_name="Luka Modric">3</Player>
    <Player player_id="60772" player_name="Thibaut Courtois">5</Player>
  </Player>
  <Player cross_lost="1" cross_success="2" jersey_num="10" pass_lost="4" pass_success="52" player_id="37055" player_name="Luka Modric" position="Midfielder" position_id="3" x="53.11" y="33.92">
    <Player player_id="44989" player_name="Toni Kroos">3</Player>
    <Player player_id="88483" player_name="Daniel Carvajal">14</Player>
    <Player player_id="107593" player_name="Lucas Vázquez">7</Player>
    <Player player_id="19927" player_name="Karim Benzema">5</Player>
    <Player cross="1" player_id="90152" player_name="Raphael Varane">3</Player>
    <Player player_id="88477" player_name="Nacho">1</Player>
    <Player player_id="61256" player_name="Casemiro">11</Player>
    <Player player_id="199249" player_name="Sergio Reguilón">4</Player>
    <Player cross="1" player_id="246333" player_name="Vinícius Júnior">4</Player>
  </Player>
  <Player cross_lost="0" cross_success="1" jersey_num="28" pass_lost="10" pass_success="17" player_id="246333" player_name="Vinícius Júnior" position="Forward" position_id="4" sub_off="83" x="68.48" y="76.14">
    <Player player_id="223255" player_name="Federico Valverde">1</Player>
    <Player player_id="44989" player_name="Toni Kroos">6</Player>
    <Player player_id="107593" player_name="Lucas Vázquez">2</Player>
    <Player player_id="19927" player_name="Karim Benzema">5</Player>
    <Player cross="1" player_id="199249" player_name="Sergio Reguilón">3</Player>
  </Player>
  <Player cross_lost="0" cross_success="0" jersey_num="25" pass_lost="11" pass_success="21" player_id="60772" player_name="Thibaut Courtois" position="Goalkeeper" position_id="1" x="8.25" y="49.74">
    <Player player_id="36903" player_name="Gareth Bale">1</Player>
    <Player player_id="88483" player_name="Daniel Carvajal">2</Player>
    <Player player_id="61256" player_name="Casemiro">3</Player>
    <Player player_id="107593" player_name="Lucas Vázquez">1</Player>
    <Player player_id="19927" player_name="Karim Benzema">1</Player>
    <Player player_id="199249" player_name="Sergio Reguilón">2</Player>
    <Player player_id="37055" player_name="Luka Modric">1</Player>
    <Player player_id="88477" player_name="Nacho">4</Player>
    <Player player_id="90152" player_name="Raphael Varane">5</Player>
    <Player player_id="246333" player_name="Vinícius Júnior">1</Player>
  </Player>
</SoccerFeed>