﻿<?xml version="1.0" encoding="UTF-8"?>
<!-- Copyright 2001-2019 Opta Sportsdata Ltd. All rights reserved. -->
<!-- PRODUCTION HEADER
     produced on:        valde-jobq-a03.nexus.opta.net
     production time:    20190219T182512,325Z
     production module:  Opta::Feed::XML::Soccer::F27
-->
<SoccerFeed act_minute="92" act_period="2" act_second="4" away_team_id="855" away_team_name="Levante" competition_id="23" competition_name="Spanish La Liga" game_date="2019-02-16 12:00:00" game_id="1009547" home_team_id="176" home_team_name="Celta de Vigo" season_id="2018" season_name="Season 2018/2019" team_id="855" team_name="Levante">
  <Player cross_lost="1" cross_success="0" jersey_num="24" pass_lost="4" pass_success="43" player_id="88952" player_name="José Campaña" position="Midfielder" position_id="3" x="41.65" y="55.61">
    <Player player_id="165375" player_name="José Luis Morales">2</Player>
    <Player player_id="80993" player_name="Aitor Fernández">2</Player>
    <Player player_id="181441" player_name="Moses Simon">4</Player>
    <Player player_id="116206" player_name="Rúben Vezo">6</Player>
    <Player player_id="196739" player_name="Enis Bardhi">8</Player>
    <Player player_id="220093" player_name="Rober Pier">2</Player>
    <Player player_id="199248" player_name="Borja Mayoral">5</Player>
    <Player player_id="78323" player_name="Cheick Doukouré">3</Player>
    <Player player_id="83564" player_name="Antonio Luna">1</Player>
    <Player player_id="55268" player_name="Coke">5</Player>
    <Player player_id="192050" player_name="Raphael Dwamena">1</Player>
    <Player player_id="86168" player_name="Rubén Rochina">4</Player>
  </Player>
  <Player cross_lost="0" cross_success="0" jersey_num="6" pass_lost="2" pass_success="2" player_id="169201" player_name="Chema Rodríguez" position="Substitute" position_id="5" sub_on="79" x="50.48" y="77.32">
    <Player player_id="83564" player_name="Antonio Luna">1</Player>
    <Player player_id="196739" player_name="Enis Bardhi">1</Player>
  </Player>
  <Player cross_lost="0" cross_success="0" jersey_num="11" pass_lost="3" pass_success="11" player_id="165375" player_name="José Luis Morales" position="Forward" position_id="4" sub_off="84" x="61.12" y="46.36">
    <Player player_id="88952" player_name="José Campaña">1</Player>
    <Player player_id="83564" player_name="Antonio Luna">3</Player>
    <Player player_id="55268" player_name="Coke">2</Player>
    <Player player_id="181441" player_name="Moses Simon">2</Player>
    <Player player_id="196739" player_name="Enis Bardhi">1</Player>
    <Player player_id="86168" player_name="Rubén Rochina">1</Player>
    <Player player_id="78323" player_name="Cheick Doukouré">1</Player>
  </Player>
  <Player cross_lost="1" cross_success="0" jersey_num="22" pass_lost="8" pass_success="29" player_id="83564" player_name="Antonio Luna" position="Midfielder" position_id="3" x="41.76" y="88.10">
    <Player player_id="88952" player_name="José Campaña">7</Player>
    <Player player_id="169201" player_name="Chema Rodríguez">2</Player>
    <Player player_id="55268" player_name="Coke">5</Player>
    <Player player_id="80993" player_name="Aitor Fernández">1</Player>
    <Player player_id="116206" player_name="Rúben Vezo">1</Player>
    <Player player_id="196739" player_name="Enis Bardhi">7</Player>
    <Player player_id="220093" player_name="Rober Pier">1</Player>
    <Player player_id="199248" player_name="Borja Mayoral">3</Player>
    <Player player_id="86168" player_name="Rubén Rochina">1</Player>
    <Player player_id="78323" player_name="Cheick Doukouré">1</Player>
  </Player>
  <Player cross_lost="0" cross_success="0" jersey_num="12" pass_lost="5" pass_success="30" player_id="55268" player_name="Coke" position="Defender" position_id="2" sub_off="79" x="33.77" y="73.39">
    <Player player_id="88952" player_name="José Campaña">7</Player>
    <Player player_id="165375" player_name="José Luis Morales">1</Player>
    <Player player_id="83564" player_name="Antonio Luna">13</Player>
    <Player player_id="80993" player_name="Aitor Fernández">3</Player>
    <Player player_id="116206" player_name="Rúben Vezo">1</Player>
    <Player player_id="196739" player_name="Enis Bardhi">1</Player>
    <Player player_id="220093" player_name="Rober Pier">1</Player>
    <Player player_id="199248" player_name="Borja Mayoral">1</Player>
    <Player player_id="78323" player_name="Cheick Doukouré">2</Player>
  </Player>
  <Player cross_lost="0" cross_success="0" jersey_num="25" pass_lost="15" pass_success="14" player_id="80993" player_name="Aitor Fernández" position="Goalkeeper" position_id="1" x="8.68" y="50.46">
    <Player player_id="88952" player_name="José Campaña">1</Player>
    <Player player_id="83564" player_name="Antonio Luna">3</Player>
    <Player player_id="55268" player_name="Coke">5</Player>
    <Player player_id="116206" player_name="Rúben Vezo">2</Player>
    <Player player_id="181441" player_name="Moses Simon">1</Player>
    <Player player_id="196739" player_name="Enis Bardhi">1</Player>
    <Player player_id="86168" player_name="Rubén Rochina">1</Player>
  </Player>
  <Player cross_lost="0" cross_success="0" jersey_num="14" pass_lost="5" pass_success="19" player_id="116206" player_name="Rúben Vezo" position="Defender" position_id="2" x="33.36" y="25.55">
    <Player player_id="88952" player_name="José Campaña">4</Player>
    <Player player_id="169201" player_name="Chema Rodríguez">2</Player>
    <Player player_id="80993" player_name="Aitor Fernández">1</Player>
    <Player player_id="181441" player_name="Moses Simon">2</Player>
    <Player player_id="220093" player_name="Rober Pier">6</Player>
    <Player player_id="86168" player_name="Rubén Rochina">2</Player>
    <Player player_id="78323" player_name="Cheick Doukouré">2</Player>
  </Player>
  <Player cross_lost="2" cross_success="0" jersey_num="7" pass_lost="5" pass_success="14" player_id="181441" player_name="Moses Simon" position="Midfielder" position_id="3" x="58.75" y="15.79">
    <Player player_id="88952" player_name="José Campaña">1</Player>
    <Player player_id="165375" player_name="José Luis Morales">4</Player>
    <Player player_id="116206" player_name="Rúben Vezo">2</Player>
    <Player player_id="196739" player_name="Enis Bardhi">1</Player>
    <Player player_id="220093" player_name="Rober Pier">2</Player>
    <Player player_id="199248" player_name="Borja Mayoral">1</Player>
    <Player player_id="78323" player_name="Cheick Doukouré">2</Player>
  </Player>
  <Player cross_lost="0" cross_success="0" jersey_num="20" pass_lost="1" pass_success="3" player_id="192050" player_name="Raphael Dwamena" position="Substitute" position_id="5" sub_on="84" x="69.34" y="27.25">
    <Player player_id="88952" player_name="José Campaña">2</Player>
    <Player player_id="196739" player_name="Enis Bardhi">1</Player>
  </Player>
  <Player cross_lost="2" cross_success="0" jersey_num="10" pass_lost="4" pass_success="25" player_id="196739" player_name="Enis Bardhi" position="Midfielder" position_id="3" x="51.21" y="64.24">
    <Player player_id="88952" player_name="José Campaña">3</Player>
    <Player player_id="165375" player_name="José Luis Morales">2</Player>
    <Player player_id="181441" player_name="Moses Simon">1</Player>
    <Player player_id="220093" player_name="Rober Pier">1</Player>
    <Player player_id="199248" player_name="Borja Mayoral">5</Player>
    <Player player_id="78323" player_name="Cheick Doukouré">3</Player>
    <Player player_id="83564" player_name="Antonio Luna">4</Player>
    <Player player_id="55268" player_name="Coke">2</Player>
    <Player player_id="192050" player_name="Raphael Dwamena">1</Player>
    <Player player_id="86168" player_name="Rubén Rochina">3</Player>
  </Player>
  <Player cross_lost="0" cross_success="0" jersey_num="4" pass_lost="3" pass_success="23" player_id="220093" player_name="Rober Pier" position="Defender" position_id="2" x="31.07" y="51.99">
    <Player player_id="88952" player_name="José Campaña">4</Player>
    <Player player_id="165375" player_name="José Luis Morales">1</Player>
    <Player player_id="83564" player_name="Antonio Luna">1</Player>
    <Player player_id="55268" player_name="Coke">7</Player>
    <Player player_id="80993" player_name="Aitor Fernández">1</Player>
    <Player player_id="116206" player_name="Rúben Vezo">4</Player>
    <Player player_id="196739" player_name="Enis Bardhi">1</Player>
    <Player player_id="199248" player_name="Borja Mayoral">2</Player>
    <Player player_id="86168" player_name="Rubén Rochina">1</Player>
    <Player player_id="78323" player_name="Cheick Doukouré">1</Player>
  </Player>
  <Player cross_lost="0" cross_success="0" jersey_num="2" pass_lost="1" pass_success="20" player_id="199248" player_name="Borja Mayoral" position="Forward" position_id="4" x="58.76" y="55.64">
    <Player player_id="88952" player_name="José Campaña">3</Player>
    <Player player_id="83564" player_name="Antonio Luna">2</Player>
    <Player player_id="165375" player_name="José Luis Morales">1</Player>
    <Player player_id="55268" player_name="Coke">2</Player>
    <Player player_id="181441" player_name="Moses Simon">3</Player>
    <Player player_id="196739" player_name="Enis Bardhi">3</Player>
    <Player player_id="86168" player_name="Rubén Rochina">4</Player>
    <Player player_id="78323" player_name="Cheick Doukouré">1</Player>
  </Player>
  <Player cross_lost="2" cross_success="3" jersey_num="16" pass_lost="5" pass_success="19" player_id="86168" player_name="Rubén Rochina" position="Midfielder" position_id="3" sub_off="59" x="49.96" y="40.10">
    <Player player_id="88952" player_name="José Campaña">4</Player>
    <Player player_id="165375" player_name="José Luis Morales">5</Player>
    <Player player_id="116206" player_name="Rúben Vezo">1</Player>
    <Player cross="1" player_id="181441" player_name="Moses Simon">3</Player>
    <Player player_id="196739" player_name="Enis Bardhi">1</Player>
    <Player cross="1" player_id="220093" player_name="Rober Pier">1</Player>
    <Player player_id="199248" player_name="Borja Mayoral">3</Player>
    <Player cross="1" player_id="55268" player_name="Coke">0</Player>
  </Player>
  <Player cross_lost="0" cross_success="0" jersey_num="5" pass_lost="1" pass_success="16" player_id="78323" player_name="Cheick Doukouré" position="Substitute" position_id="5" sub_on="59" x="54.30" y="43.03">
    <Player player_id="88952" player_name="José Campaña">2</Player>
    <Player player_id="83564" player_name="Antonio Luna">1</Player>
    <Player player_id="116206" player_name="Rúben Vezo">2</Player>
    <Player player_id="181441" player_name="Moses Simon">3</Player>
    <Player player_id="192050" player_name="Raphael Dwamena">1</Player>
    <Player player_id="196739" player_name="Enis Bardhi">1</Player>
    <Player player_id="220093" player_name="Rober Pier">5</Player>
    <Player player_id="199248" player_name="Borja Mayoral">1</Player>
  </Player>
</SoccerFeed>