﻿<?xml version="1.0" encoding="UTF-8"?>
<!-- Copyright 2001-2019 Opta Sportsdata Ltd. All rights reserved. -->
<!-- PRODUCTION HEADER
     produced on:        valde-jobq-a03.nexus.opta.net
     production time:    20190203T195309,850Z
     production module:  Opta::Feed::XML::Soccer::F27
-->
<SoccerFeed act_minute="93" act_period="2" act_second="0" away_team_id="174" away_team_name="Athletic Club" competition_id="23" competition_name="Spanish La Liga" game_date="2019-02-02 15:15:00" game_id="1009531" home_team_id="188" home_team_name="Real Sociedad" season_id="2018" season_name="Season 2018/2019" team_id="188" team_name="Real Sociedad">
  <Player cross_lost="1" cross_success="0" jersey_num="4" pass_lost="11" pass_success="23" player_id="84086" player_name="Asier Illarramendi" position="Midfielder" position_id="3" sub_off="76" x="41.39" y="41.88">
    <Player player_id="195384" player_name="Mikel Merino">1</Player>
    <Player player_id="219000" player_name="Mikel Oyarzabal">1</Player>
    <Player player_id="222784" player_name="Theo Hernández">2</Player>
    <Player player_id="54371" player_name="David Zurutuza">1</Player>
    <Player player_id="73314" player_name="Willian José">1</Player>
    <Player player_id="61814" player_name="Raúl Navas">3</Player>
    <Player player_id="154976" player_name="Adnan Januzaj">3</Player>
    <Player player_id="149915" player_name="Diego Llorente">6</Player>
    <Player player_id="98821" player_name="Joseba Zaldua">4</Player>
    <Player player_id="106921" player_name="Gerónimo Rulli">1</Player>
  </Player>
  <Player cross_lost="4" cross_success="2" jersey_num="11" pass_lost="7" pass_success="18" player_id="154976" player_name="Adnan Januzaj" position="Forward" position_id="4" sub_off="82" x="61.19" y="13.12">
    <Player player_id="84086" player_name="Asier Illarramendi">1</Player>
    <Player player_id="195384" player_name="Mikel Merino">5</Player>
    <Player player_id="219000" player_name="Mikel Oyarzabal">3</Player>
    <Player cross="1" player_id="222784" player_name="Theo Hernández">1</Player>
    <Player player_id="98821" player_name="Joseba Zaldua">8</Player>
    <Player cross="1" player_id="61814" player_name="Raúl Navas">0</Player>
  </Player>
  <Player cross_lost="0" cross_success="1" jersey_num="8" pass_lost="9" pass_success="27" player_id="195384" player_name="Mikel Merino" position="Midfielder" position_id="3" x="52.62" y="29.82">
    <Player player_id="84086" player_name="Asier Illarramendi">1</Player>
    <Player player_id="219000" player_name="Mikel Oyarzabal">2</Player>
    <Player player_id="54371" player_name="David Zurutuza">1</Player>
    <Player cross="1" player_id="73314" player_name="Willian José">4</Player>
    <Player player_id="61814" player_name="Raúl Navas">2</Player>
    <Player player_id="216475" player_name="Igor Zubeldia">1</Player>
    <Player player_id="154976" player_name="Adnan Januzaj">11</Player>
    <Player player_id="149915" player_name="Diego Llorente">1</Player>
    <Player player_id="98821" player_name="Joseba Zaldua">3</Player>
    <Player player_id="106921" player_name="Gerónimo Rulli">1</Player>
  </Player>
  <Player cross_lost="0" cross_success="1" jersey_num="24" pass_lost="0" pass_success="0" player_id="108438" player_name="Sandro Ramírez" position="Substitute" position_id="5" sub_on="82" x="45.35" y="52.80">
    <Player cross="1" player_id="73314" player_name="Willian José">0</Player>
  </Player>
  <Player cross_lost="1" cross_success="0" jersey_num="10" pass_lost="7" pass_success="15" player_id="219000" player_name="Mikel Oyarzabal" position="Forward" position_id="4" x="58.66" y="75.87">
    <Player player_id="84086" player_name="Asier Illarramendi">1</Player>
    <Player player_id="149915" player_name="Diego Llorente">1</Player>
    <Player player_id="222784" player_name="Theo Hernández">6</Player>
    <Player player_id="54371" player_name="David Zurutuza">4</Player>
    <Player player_id="73314" player_name="Willian José">2</Player>
    <Player player_id="61814" player_name="Raúl Navas">1</Player>
  </Player>
  <Player cross_lost="0" cross_success="0" jersey_num="19" pass_lost="6" pass_success="23" player_id="222784" player_name="Theo Hernández" position="Defender" position_id="2" x="37.55" y="82.75">
    <Player player_id="84086" player_name="Asier Illarramendi">3</Player>
    <Player player_id="195384" player_name="Mikel Merino">1</Player>
    <Player player_id="219000" player_name="Mikel Oyarzabal">6</Player>
    <Player player_id="149915" player_name="Diego Llorente">2</Player>
    <Player player_id="54371" player_name="David Zurutuza">4</Player>
    <Player player_id="61814" player_name="Raúl Navas">6</Player>
    <Player player_id="216475" player_name="Igor Zubeldia">1</Player>
  </Player>
  <Player cross_lost="0" cross_success="0" jersey_num="3" pass_lost="10" pass_success="37" player_id="149915" player_name="Diego Llorente" position="Defender" position_id="2" x="31.91" y="29.71">
    <Player player_id="84086" player_name="Asier Illarramendi">5</Player>
    <Player player_id="195384" player_name="Mikel Merino">4</Player>
    <Player player_id="154976" player_name="Adnan Januzaj">5</Player>
    <Player player_id="54371" player_name="David Zurutuza">2</Player>
    <Player player_id="73314" player_name="Willian José">1</Player>
    <Player player_id="98821" player_name="Joseba Zaldua">4</Player>
    <Player player_id="61814" player_name="Raúl Navas">9</Player>
    <Player player_id="216475" player_name="Igor Zubeldia">1</Player>
    <Player player_id="106921" player_name="Gerónimo Rulli">6</Player>
  </Player>
  <Player cross_lost="0" cross_success="0" jersey_num="17" pass_lost="12" pass_success="25" player_id="54371" player_name="David Zurutuza" position="Midfielder" position_id="3" x="41.82" y="62.66">
    <Player player_id="84086" player_name="Asier Illarramendi">1</Player>
    <Player player_id="195384" player_name="Mikel Merino">3</Player>
    <Player player_id="154976" player_name="Adnan Januzaj">3</Player>
    <Player player_id="219000" player_name="Mikel Oyarzabal">4</Player>
    <Player player_id="149915" player_name="Diego Llorente">4</Player>
    <Player player_id="222784" player_name="Theo Hernández">5</Player>
    <Player player_id="73314" player_name="Willian José">3</Player>
    <Player player_id="98821" player_name="Joseba Zaldua">1</Player>
    <Player player_id="61814" player_name="Raúl Navas">1</Player>
  </Player>
  <Player cross_lost="0" cross_success="0" jersey_num="12" pass_lost="6" pass_success="10" player_id="73314" player_name="Willian José" position="Forward" position_id="4" sub_off="88" x="57.27" y="52.93">
    <Player player_id="154976" player_name="Adnan Januzaj">1</Player>
    <Player player_id="195384" player_name="Mikel Merino">5</Player>
    <Player player_id="219000" player_name="Mikel Oyarzabal">1</Player>
    <Player player_id="98821" player_name="Joseba Zaldua">1</Player>
    <Player player_id="61814" player_name="Raúl Navas">2</Player>
  </Player>
  <Player cross_lost="0" cross_success="1" jersey_num="2" pass_lost="8" pass_success="24" player_id="98821" player_name="Joseba Zaldua" position="Defender" position_id="2" x="43.06" y="13.30">
    <Player player_id="84086" player_name="Asier Illarramendi">2</Player>
    <Player player_id="195384" player_name="Mikel Merino">3</Player>
    <Player player_id="154976" player_name="Adnan Januzaj">10</Player>
    <Player cross="1" player_id="219000" player_name="Mikel Oyarzabal">0</Player>
    <Player player_id="149915" player_name="Diego Llorente">3</Player>
    <Player player_id="54371" player_name="David Zurutuza">1</Player>
    <Player player_id="73314" player_name="Willian José">1</Player>
    <Player player_id="106921" player_name="Gerónimo Rulli">4</Player>
  </Player>
  <Player cross_lost="0" cross_success="0" jersey_num="22" pass_lost="11" pass_success="36" player_id="61814" player_name="Raúl Navas" position="Defender" position_id="2" x="31.53" y="67.18">
    <Player player_id="84086" player_name="Asier Illarramendi">3</Player>
    <Player player_id="195384" player_name="Mikel Merino">2</Player>
    <Player player_id="219000" player_name="Mikel Oyarzabal">3</Player>
    <Player player_id="149915" player_name="Diego Llorente">8</Player>
    <Player player_id="222784" player_name="Theo Hernández">8</Player>
    <Player player_id="54371" player_name="David Zurutuza">6</Player>
    <Player player_id="73314" player_name="Willian José">1</Player>
    <Player player_id="98821" player_name="Joseba Zaldua">1</Player>
    <Player player_id="106921" player_name="Gerónimo Rulli">4</Player>
  </Player>
  <Player cross_lost="0" cross_success="0" jersey_num="6" pass_lost="0" pass_success="0" player_id="49656" player_name="Héctor Moreno" position="Substitute" position_id="5" sub_on="88" x="26.60" y="91.05" />
  <Player cross_lost="0" cross_success="0" jersey_num="5" pass_lost="0" pass_success="4" player_id="216475" player_name="Igor Zubeldia" position="Substitute" position_id="5" sub_on="76" x="39.91" y="67.60">
    <Player player_id="195384" player_name="Mikel Merino">1</Player>
    <Player player_id="98821" player_name="Joseba Zaldua">1</Player>
    <Player player_id="61814" player_name="Raúl Navas">1</Player>
    <Player player_id="149915" player_name="Diego Llorente">1</Player>
  </Player>
  <Player cross_lost="0" cross_success="0" jersey_num="1" pass_lost="18" pass_success="23" player_id="106921" player_name="Gerónimo Rulli" position="Goalkeeper" position_id="1" x="9.98" y="49.87">
    <Player player_id="84086" player_name="Asier Illarramendi">1</Player>
    <Player player_id="195384" player_name="Mikel Merino">4</Player>
    <Player player_id="154976" player_name="Adnan Januzaj">1</Player>
    <Player player_id="219000" player_name="Mikel Oyarzabal">2</Player>
    <Player player_id="222784" player_name="Theo Hernández">1</Player>
    <Player player_id="149915" player_name="Diego Llorente">6</Player>
    <Player player_id="73314" player_name="Willian José">1</Player>
    <Player player_id="98821" player_name="Joseba Zaldua">3</Player>
    <Player player_id="61814" player_name="Raúl Navas">4</Player>
  </Player>
</SoccerFeed>