﻿<?xml version="1.0" encoding="UTF-8"?>
<!-- Copyright 2001-2018 Opta Sportsdata Ltd. All rights reserved. -->
<!-- PRODUCTION HEADER
     produced on:        valde-jobq-a01.nexus.opta.net
     production time:    20180821T185816,407Z
     production module:  Opta::Feed::XML::Soccer::F27
-->
<SoccerFeed act_minute="94" act_period="2" act_second="2" away_team_id="179" away_team_name="Sevilla" competition_id="23" competition_name="Spanish La Liga" game_date="2018-08-19 19:15:00" game_id="1009321" home_team_id="184" home_team_name="Rayo Vallecano" season_id="2018" season_name="Season 2018/2019" team_id="184" team_name="Rayo Vallecano">
  <Player cross_lost="0" cross_success="0" jersey_num="5" pass_lost="5" pass_success="47" player_id="55185" player_name="Chechu Dorado" position="Defender" position_id="2" x="35.20" y="66.75">
    <Player player_id="73684" player_name="Tito">4</Player>
    <Player player_id="80789" player_name="Jordi Amat">4</Player>
    <Player player_id="48415" player_name="Alberto García">3</Player>
    <Player player_id="132161" player_name="Adrián Embarba">4</Player>
    <Player player_id="40721" player_name="Óscar Trejo">6</Player>
    <Player player_id="165796" player_name="Álvaro Medrán">6</Player>
    <Player player_id="106468" player_name="Álex Moreno">8</Player>
    <Player player_id="103860" player_name="Abdoulaye Ba">10</Player>
    <Player player_id="114323" player_name="José Pozo">2</Player>
  </Player>
  <Player cross_lost="1" cross_success="1" jersey_num="2" pass_lost="7" pass_success="44" player_id="73684" player_name="Tito" position="Defender" position_id="2" x="40.58" y="12.44">
    <Player player_id="98901" player_name="Luis Advíncula">4</Player>
    <Player player_id="40389" player_name="Javi Guerra">1</Player>
    <Player cross="1" player_id="40721" player_name="Óscar Trejo">0</Player>
    <Player player_id="165796" player_name="Álvaro Medrán">5</Player>
    <Player player_id="103860" player_name="Abdoulaye Ba">8</Player>
    <Player player_id="59325" player_name="Gaël Kakuta">11</Player>
    <Player player_id="55185" player_name="Chechu Dorado">3</Player>
    <Player player_id="80789" player_name="Jordi Amat">1</Player>
    <Player player_id="48415" player_name="Alberto García">2</Player>
    <Player player_id="106468" player_name="Álex Moreno">1</Player>
    <Player player_id="114323" player_name="José Pozo">8</Player>
  </Player>
  <Player cross_lost="0" cross_success="0" jersey_num="17" pass_lost="0" pass_success="6" player_id="98901" player_name="Luis Advíncula" position="Substitute" position_id="5" sub_on="76" x="62.49" y="9.30">
    <Player player_id="73684" player_name="Tito">1</Player>
    <Player player_id="80789" player_name="Jordi Amat">2</Player>
    <Player player_id="59325" player_name="Gaël Kakuta">3</Player>
  </Player>
  <Player cross_lost="0" cross_success="0" jersey_num="16" pass_lost="3" pass_success="28" player_id="80789" player_name="Jordi Amat" position="Midfielder" position_id="3" x="42.87" y="43.04">
    <Player player_id="55185" player_name="Chechu Dorado">4</Player>
    <Player player_id="73684" player_name="Tito">5</Player>
    <Player player_id="132161" player_name="Adrián Embarba">1</Player>
    <Player player_id="40721" player_name="Óscar Trejo">3</Player>
    <Player player_id="165796" player_name="Álvaro Medrán">5</Player>
    <Player player_id="106468" player_name="Álex Moreno">1</Player>
    <Player player_id="103860" player_name="Abdoulaye Ba">5</Player>
    <Player player_id="114323" player_name="José Pozo">2</Player>
    <Player player_id="59325" player_name="Gaël Kakuta">2</Player>
  </Player>
  <Player cross_lost="0" cross_success="0" jersey_num="1" pass_lost="9" pass_success="22" player_id="48415" player_name="Alberto García" position="Goalkeeper" position_id="1" x="8.23" y="52.79">
    <Player player_id="55185" player_name="Chechu Dorado">5</Player>
    <Player player_id="73684" player_name="Tito">3</Player>
    <Player player_id="80789" player_name="Jordi Amat">1</Player>
    <Player player_id="132161" player_name="Adrián Embarba">2</Player>
    <Player player_id="40721" player_name="Óscar Trejo">1</Player>
    <Player player_id="165796" player_name="Álvaro Medrán">4</Player>
    <Player player_id="106468" player_name="Álex Moreno">1</Player>
    <Player player_id="103860" player_name="Abdoulaye Ba">4</Player>
    <Player player_id="114323" player_name="José Pozo">1</Player>
  </Player>
  <Player cross_lost="4" cross_success="2" jersey_num="11" pass_lost="7" pass_success="16" player_id="132161" player_name="Adrián Embarba" position="Midfielder" position_id="3" x="63.50" y="73.27">
    <Player player_id="73684" player_name="Tito">1</Player>
    <Player cross="1" player_id="80789" player_name="Jordi Amat">2</Player>
    <Player player_id="165796" player_name="Álvaro Medrán">4</Player>
    <Player player_id="40721" player_name="Óscar Trejo">4</Player>
    <Player player_id="106468" player_name="Álex Moreno">4</Player>
    <Player cross="1" player_id="59325" player_name="Gaël Kakuta">0</Player>
    <Player player_id="114323" player_name="José Pozo">1</Player>
  </Player>
  <Player cross_lost="0" cross_success="0" jersey_num="24" pass_lost="0" pass_success="7" player_id="40389" player_name="Javi Guerra" position="Substitute" position_id="5" sub_on="68" x="61.79" y="38.14">
    <Player player_id="73684" player_name="Tito">1</Player>
    <Player player_id="80789" player_name="Jordi Amat">1</Player>
    <Player player_id="132161" player_name="Adrián Embarba">1</Player>
    <Player player_id="40721" player_name="Óscar Trejo">2</Player>
    <Player player_id="106468" player_name="Álex Moreno">1</Player>
    <Player player_id="59325" player_name="Gaël Kakuta">1</Player>
  </Player>
  <Player cross_lost="1" cross_success="0" jersey_num="8" pass_lost="6" pass_success="36" player_id="40721" player_name="Óscar Trejo" position="Forward" position_id="4" x="59.51" y="49.87">
    <Player player_id="73684" player_name="Tito">4</Player>
    <Player player_id="132161" player_name="Adrián Embarba">8</Player>
    <Player player_id="40389" player_name="Javi Guerra">2</Player>
    <Player player_id="165796" player_name="Álvaro Medrán">1</Player>
    <Player player_id="103860" player_name="Abdoulaye Ba">1</Player>
    <Player player_id="59325" player_name="Gaël Kakuta">9</Player>
    <Player player_id="55185" player_name="Chechu Dorado">3</Player>
    <Player player_id="80789" player_name="Jordi Amat">2</Player>
    <Player player_id="106468" player_name="Álex Moreno">3</Player>
    <Player player_id="114323" player_name="José Pozo">3</Player>
  </Player>
  <Player cross_lost="1" cross_success="0" jersey_num="4" pass_lost="6" pass_success="32" player_id="165796" player_name="Álvaro Medrán" position="Midfielder" position_id="3" sub_off="68" x="45.66" y="48.46">
    <Player player_id="73684" player_name="Tito">7</Player>
    <Player player_id="132161" player_name="Adrián Embarba">5</Player>
    <Player player_id="40721" player_name="Óscar Trejo">1</Player>
    <Player player_id="103860" player_name="Abdoulaye Ba">3</Player>
    <Player player_id="59325" player_name="Gaël Kakuta">4</Player>
    <Player player_id="55185" player_name="Chechu Dorado">3</Player>
    <Player player_id="80789" player_name="Jordi Amat">3</Player>
    <Player player_id="106468" player_name="Álex Moreno">4</Player>
    <Player player_id="114323" player_name="José Pozo">2</Player>
  </Player>
  <Player cross_lost="2" cross_success="0" jersey_num="7" pass_lost="6" pass_success="24" player_id="106468" player_name="Álex Moreno" position="Defender" position_id="2" x="47.67" y="83.62">
    <Player player_id="55185" player_name="Chechu Dorado">5</Player>
    <Player player_id="80789" player_name="Jordi Amat">2</Player>
    <Player player_id="132161" player_name="Adrián Embarba">2</Player>
    <Player player_id="165796" player_name="Álvaro Medrán">1</Player>
    <Player player_id="40721" player_name="Óscar Trejo">8</Player>
    <Player player_id="59325" player_name="Gaël Kakuta">1</Player>
    <Player player_id="114323" player_name="José Pozo">5</Player>
  </Player>
  <Player cross_lost="0" cross_success="0" jersey_num="21" pass_lost="4" pass_success="44" player_id="103860" player_name="Abdoulaye Ba" position="Defender" position_id="2" x="29.67" y="33.96">
    <Player player_id="55185" player_name="Chechu Dorado">13</Player>
    <Player player_id="73684" player_name="Tito">14</Player>
    <Player player_id="98901" player_name="Luis Advíncula">2</Player>
    <Player player_id="80789" player_name="Jordi Amat">2</Player>
    <Player player_id="48415" player_name="Alberto García">2</Player>
    <Player player_id="132161" player_name="Adrián Embarba">1</Player>
    <Player player_id="40389" player_name="Javi Guerra">1</Player>
    <Player player_id="165796" player_name="Álvaro Medrán">4</Player>
    <Player player_id="40721" player_name="Óscar Trejo">4</Player>
    <Player player_id="103860" player_name="Abdoulaye Ba">1</Player>
  </Player>
  <Player cross_lost="3" cross_success="1" jersey_num="10" pass_lost="8" pass_success="25" player_id="59325" player_name="Gaël Kakuta" position="Midfielder" position_id="3" x="61.12" y="20.17">
    <Player player_id="73684" player_name="Tito">5</Player>
    <Player player_id="98901" player_name="Luis Advíncula">1</Player>
    <Player cross="1" player_id="132161" player_name="Adrián Embarba">0</Player>
    <Player player_id="40389" player_name="Javi Guerra">3</Player>
    <Player player_id="40721" player_name="Óscar Trejo">5</Player>
    <Player player_id="165796" player_name="Álvaro Medrán">4</Player>
    <Player player_id="48415" player_name="Alberto García">1</Player>
    <Player player_id="106468" player_name="Álex Moreno">1</Player>
    <Player player_id="114323" player_name="José Pozo">5</Player>
  </Player>
  <Player cross_lost="1" cross_success="0" jersey_num="22" pass_lost="3" pass_success="25" player_id="114323" player_name="José Pozo" position="Midfielder" position_id="3" sub_off="76" x="58.58" y="41.53">
    <Player player_id="73684" player_name="Tito">1</Player>
    <Player player_id="132161" player_name="Adrián Embarba">4</Player>
    <Player player_id="165796" player_name="Álvaro Medrán">3</Player>
    <Player player_id="40721" player_name="Óscar Trejo">5</Player>
    <Player player_id="103860" player_name="Abdoulaye Ba">2</Player>
    <Player player_id="59325" player_name="Gaël Kakuta">6</Player>
    <Player player_id="55185" player_name="Chechu Dorado">1</Player>
    <Player player_id="80789" player_name="Jordi Amat">1</Player>
    <Player player_id="106468" player_name="Álex Moreno">2</Player>
  </Player>
</SoccerFeed>