﻿<?xml version="1.0" encoding="UTF-8"?>
<!-- Copyright 2001-2018 Opta Sportsdata Ltd. All rights reserved. -->
<!-- PRODUCTION HEADER
     produced on:        valde-jobq-a02.nexus.opta.net
     production time:    20181009T213103,489Z
     production module:  Opta::Feed::XML::Soccer::F27
-->
<SoccerFeed act_minute="93" act_period="2" act_second="4" away_team_id="176" away_team_name="Celta de Vigo" competition_id="23" competition_name="Spanish La Liga" game_date="2018-10-07 17:30:00" game_id="1009393" home_team_id="179" home_team_name="Sevilla" season_id="2018" season_name="Season 2018/2019" team_id="179" team_name="Sevilla">
  <Player cross_lost="0" cross_success="0" jersey_num="1" pass_lost="6" pass_success="18" player_id="51945" player_name="Tomás Vaclik" position="Goalkeeper" position_id="1" x="8.09" y="47.53">
    <Player player_id="46479" player_name="Daniel Carriço">1</Player>
    <Player player_id="49309" player_name="Éver Banega">2</Player>
    <Player player_id="88484" player_name="Pablo Sarabia">1</Player>
    <Player player_id="17740" player_name="Jesús Navas">1</Player>
    <Player player_id="86151" player_name="Sergi Gómez">1</Player>
    <Player player_id="165811" player_name="André Silva">4</Player>
    <Player player_id="100731" player_name="Franco Vázquez">2</Player>
    <Player player_id="80758" player_name="Quincy Promes">1</Player>
    <Player player_id="48714" player_name="Simon Kjaer">5</Player>
  </Player>
  <Player cross_lost="1" cross_success="0" jersey_num="6" pass_lost="9" pass_success="39" player_id="46479" player_name="Daniel Carriço" position="Defender" position_id="2" x="36.29" y="27.70">
    <Player player_id="51945" player_name="Tomás Vaclik">2</Player>
    <Player player_id="88484" player_name="Pablo Sarabia">3</Player>
    <Player player_id="49309" player_name="Éver Banega">9</Player>
    <Player player_id="17740" player_name="Jesús Navas">5</Player>
    <Player player_id="165811" player_name="André Silva">6</Player>
    <Player player_id="100731" player_name="Franco Vázquez">1</Player>
    <Player player_id="80758" player_name="Quincy Promes">1</Player>
    <Player player_id="48714" player_name="Simon Kjaer">8</Player>
    <Player player_id="83912" player_name="Wissam Ben Yedder">3</Player>
    <Player player_id="106899" player_name="Roque Mesa">1</Player>
  </Player>
  <Player cross_lost="4" cross_success="0" jersey_num="17" pass_lost="5" pass_success="38" player_id="88484" player_name="Pablo Sarabia" position="Midfielder" position_id="3" x="54.98" y="37.39">
    <Player player_id="46479" player_name="Daniel Carriço">3</Player>
    <Player player_id="49309" player_name="Éver Banega">6</Player>
    <Player player_id="193922" player_name="Guilherme Arana">2</Player>
    <Player player_id="17740" player_name="Jesús Navas">13</Player>
    <Player player_id="86151" player_name="Sergi Gómez">1</Player>
    <Player player_id="165811" player_name="André Silva">1</Player>
    <Player player_id="100731" player_name="Franco Vázquez">7</Player>
    <Player player_id="48714" player_name="Simon Kjaer">1</Player>
    <Player player_id="83912" player_name="Wissam Ben Yedder">3</Player>
    <Player player_id="106899" player_name="Roque Mesa">1</Player>
  </Player>
  <Player cross_lost="4" cross_success="0" jersey_num="23" pass_lost="3" pass_success="30" player_id="193922" player_name="Guilherme Arana" position="Midfielder" position_id="3" x="51.22" y="78.00">
    <Player player_id="46479" player_name="Daniel Carriço">1</Player>
    <Player player_id="193922" player_name="Guilherme Arana">1</Player>
    <Player player_id="88484" player_name="Pablo Sarabia">2</Player>
    <Player player_id="49309" player_name="Éver Banega">8</Player>
    <Player player_id="86151" player_name="Sergi Gómez">4</Player>
    <Player player_id="165811" player_name="André Silva">1</Player>
    <Player player_id="100731" player_name="Franco Vázquez">12</Player>
    <Player player_id="48714" player_name="Simon Kjaer">1</Player>
  </Player>
  <Player cross_lost="6" cross_success="1" jersey_num="10" pass_lost="5" pass_success="65" player_id="49309" player_name="Éver Banega" position="Midfielder" position_id="3" sub_off="90+2" x="43.57" y="52.24">
    <Player player_id="46479" player_name="Daniel Carriço">8</Player>
    <Player player_id="17740" player_name="Jesús Navas">12</Player>
    <Player player_id="100731" player_name="Franco Vázquez">10</Player>
    <Player player_id="80758" player_name="Quincy Promes">1</Player>
    <Player player_id="193922" player_name="Guilherme Arana">9</Player>
    <Player player_id="88484" player_name="Pablo Sarabia">9</Player>
    <Player cross="1" player_id="86151" player_name="Sergi Gómez">8</Player>
    <Player player_id="165811" player_name="André Silva">1</Player>
    <Player player_id="48714" player_name="Simon Kjaer">2</Player>
    <Player player_id="83912" player_name="Wissam Ben Yedder">5</Player>
  </Player>
  <Player cross_lost="8" cross_success="2" jersey_num="16" pass_lost="10" pass_success="37" player_id="17740" player_name="Jesús Navas" position="Midfielder" position_id="3" x="56.19" y="14.00">
    <Player player_id="51945" player_name="Tomás Vaclik">2</Player>
    <Player player_id="46479" player_name="Daniel Carriço">10</Player>
    <Player player_id="100731" player_name="Franco Vázquez">2</Player>
    <Player player_id="80758" player_name="Quincy Promes">1</Player>
    <Player cross="1" player_id="88484" player_name="Pablo Sarabia">9</Player>
    <Player player_id="49309" player_name="Éver Banega">5</Player>
    <Player player_id="86151" player_name="Sergi Gómez">1</Player>
    <Player player_id="165811" player_name="André Silva">1</Player>
    <Player cross="1" player_id="48714" player_name="Simon Kjaer">3</Player>
    <Player player_id="83912" player_name="Wissam Ben Yedder">3</Player>
  </Player>
  <Player cross_lost="0" cross_success="0" jersey_num="3" pass_lost="6" pass_success="30" player_id="86151" player_name="Sergi Gómez" position="Defender" position_id="2" x="35.67" y="70.08">
    <Player player_id="51945" player_name="Tomás Vaclik">5</Player>
    <Player player_id="46479" player_name="Daniel Carriço">1</Player>
    <Player player_id="88484" player_name="Pablo Sarabia">2</Player>
    <Player player_id="193922" player_name="Guilherme Arana">5</Player>
    <Player player_id="49309" player_name="Éver Banega">3</Player>
    <Player player_id="17740" player_name="Jesús Navas">1</Player>
    <Player player_id="165811" player_name="André Silva">2</Player>
    <Player player_id="100731" player_name="Franco Vázquez">7</Player>
    <Player player_id="48714" player_name="Simon Kjaer">4</Player>
  </Player>
  <Player cross_lost="0" cross_success="0" jersey_num="12" pass_lost="9" pass_success="16" player_id="165811" player_name="André Silva" position="Forward" position_id="4" x="61.02" y="52.52">
    <Player player_id="193922" player_name="Guilherme Arana">2</Player>
    <Player player_id="49309" player_name="Éver Banega">3</Player>
    <Player player_id="88484" player_name="Pablo Sarabia">5</Player>
    <Player player_id="17740" player_name="Jesús Navas">1</Player>
    <Player player_id="100731" player_name="Franco Vázquez">2</Player>
    <Player player_id="83912" player_name="Wissam Ben Yedder">3</Player>
  </Player>
  <Player cross_lost="2" cross_success="0" jersey_num="22" pass_lost="8" pass_success="41" player_id="100731" player_name="Franco Vázquez" position="Midfielder" position_id="3" x="50.38" y="67.03">
    <Player player_id="193922" player_name="Guilherme Arana">5</Player>
    <Player player_id="88484" player_name="Pablo Sarabia">7</Player>
    <Player player_id="49309" player_name="Éver Banega">8</Player>
    <Player player_id="17740" player_name="Jesús Navas">3</Player>
    <Player player_id="86151" player_name="Sergi Gómez">3</Player>
    <Player player_id="165811" player_name="André Silva">3</Player>
    <Player player_id="48714" player_name="Simon Kjaer">2</Player>
    <Player player_id="83912" player_name="Wissam Ben Yedder">8</Player>
    <Player player_id="106899" player_name="Roque Mesa">2</Player>
  </Player>
  <Player cross_lost="0" cross_success="0" jersey_num="21" pass_lost="3" pass_success="2" player_id="80758" player_name="Quincy Promes" position="Substitute" position_id="5" sub_on="79" x="78.40" y="46.30">
    <Player player_id="88484" player_name="Pablo Sarabia">1</Player>
    <Player player_id="17740" player_name="Jesús Navas">1</Player>
  </Player>
  <Player cross_lost="0" cross_success="0" jersey_num="4" pass_lost="3" pass_success="32" player_id="48714" player_name="Simon Kjaer" position="Defender" position_id="2" x="29.33" y="49.01">
    <Player player_id="51945" player_name="Tomás Vaclik">2</Player>
    <Player player_id="46479" player_name="Daniel Carriço">9</Player>
    <Player player_id="193922" player_name="Guilherme Arana">2</Player>
    <Player player_id="49309" player_name="Éver Banega">8</Player>
    <Player player_id="17740" player_name="Jesús Navas">1</Player>
    <Player player_id="86151" player_name="Sergi Gómez">6</Player>
    <Player player_id="165811" player_name="André Silva">1</Player>
    <Player player_id="100731" player_name="Franco Vázquez">2</Player>
    <Player player_id="83912" player_name="Wissam Ben Yedder">1</Player>
  </Player>
  <Player cross_lost="0" cross_success="0" jersey_num="9" pass_lost="2" pass_success="22" player_id="83912" player_name="Wissam Ben Yedder" position="Forward" position_id="4" sub_off="79" x="69.52" y="47.38">
    <Player player_id="46479" player_name="Daniel Carriço">2</Player>
    <Player player_id="88484" player_name="Pablo Sarabia">3</Player>
    <Player player_id="193922" player_name="Guilherme Arana">5</Player>
    <Player player_id="49309" player_name="Éver Banega">1</Player>
    <Player player_id="17740" player_name="Jesús Navas">8</Player>
    <Player player_id="165811" player_name="André Silva">1</Player>
    <Player player_id="100731" player_name="Franco Vázquez">2</Player>
  </Player>
  <Player cross_lost="0" cross_success="0" jersey_num="7" pass_lost="0" pass_success="5" player_id="106899" player_name="Roque Mesa" position="Substitute" position_id="5" sub_on="90+2" x="55.74" y="38.18">
    <Player player_id="17740" player_name="Jesús Navas">3</Player>
    <Player player_id="86151" player_name="Sergi Gómez">1</Player>
  </Player>
</SoccerFeed>