﻿<?xml version="1.0" encoding="UTF-8"?>
<!-- Copyright 2001-2018 Opta Sportsdata Ltd. All rights reserved. -->
<!-- PRODUCTION HEADER
     produced on:        valde-jobq-a01.nexus.opta.net
     production time:    20181210T150136,149Z
     production module:  Opta::Feed::XML::Soccer::F27
-->
<SoccerFeed act_minute="94" act_period="2" act_second="4" away_team_id="192" away_team_name="Real Valladolid" competition_id="23" competition_name="Spanish La Liga" game_date="2018-12-09 17:30:00" game_id="1009460" home_team_id="188" home_team_name="Real Sociedad" season_id="2018" season_name="Season 2018/2019" team_id="192" team_name="Real Valladolid">
  <Player cross_lost="0" cross_success="0" jersey_num="9" pass_lost="5" pass_success="15" player_id="168636" player_name="Enes Ünal" position="Forward" position_id="4" sub_off="79" x="56.56" y="55.51">
    <Player player_id="58819" player_name="Kiko Olivas">1</Player>
    <Player player_id="96771" player_name="Rubén Alcaraz">2</Player>
    <Player player_id="58876" player_name="Míchel">2</Player>
    <Player player_id="242290" player_name="Toni Villa">5</Player>
    <Player player_id="96785" player_name="Óscar Plano">1</Player>
    <Player player_id="241869" player_name="Fernando Calero">1</Player>
    <Player player_id="90394" player_name="Nacho">2</Player>
    <Player player_id="59944" player_name="Keko">1</Player>
  </Player>
  <Player cross_lost="0" cross_success="0" jersey_num="4" pass_lost="3" pass_success="12" player_id="58819" player_name="Kiko Olivas" position="Defender" position_id="2" x="19.15" y="36.72">
    <Player player_id="168636" player_name="Enes Ünal">1</Player>
    <Player player_id="96771" player_name="Rubén Alcaraz">3</Player>
    <Player player_id="58876" player_name="Míchel">1</Player>
    <Player player_id="241869" player_name="Fernando Calero">1</Player>
    <Player player_id="90394" player_name="Nacho">1</Player>
    <Player player_id="86148" player_name="Jordi Masip">5</Player>
  </Player>
  <Player cross_lost="1" cross_success="0" jersey_num="14" pass_lost="6" pass_success="21" player_id="96771" player_name="Rubén Alcaraz" position="Midfielder" position_id="3" x="38.73" y="61.50">
    <Player player_id="168636" player_name="Enes Ünal">2</Player>
    <Player player_id="58819" player_name="Kiko Olivas">2</Player>
    <Player player_id="58876" player_name="Míchel">4</Player>
    <Player player_id="87804" player_name="Antoñito">1</Player>
    <Player player_id="52686" player_name="Duje Cop">1</Player>
    <Player player_id="241869" player_name="Fernando Calero">1</Player>
    <Player player_id="96785" player_name="Óscar Plano">2</Player>
    <Player player_id="90394" player_name="Nacho">5</Player>
    <Player player_id="86148" player_name="Jordi Masip">2</Player>
  </Player>
  <Player cross_lost="0" cross_success="0" jersey_num="8" pass_lost="1" pass_success="0" player_id="11602" player_name="Borja Fernández" position="Substitute" position_id="5" sub_on="75" x="16.45" y="51.70" />
  <Player cross_lost="4" cross_success="1" jersey_num="21" pass_lost="6" pass_success="24" player_id="58876" player_name="Míchel" position="Midfielder" position_id="3" sub_off="90" x="49.56" y="48.95">
    <Player cross="1" player_id="168636" player_name="Enes Ünal">1</Player>
    <Player player_id="96771" player_name="Rubén Alcaraz">1</Player>
    <Player player_id="87804" player_name="Antoñito">3</Player>
    <Player player_id="86148" player_name="Jordi Masip">1</Player>
    <Player player_id="59944" player_name="Keko">6</Player>
    <Player player_id="58819" player_name="Kiko Olivas">1</Player>
    <Player player_id="241869" player_name="Fernando Calero">2</Player>
    <Player player_id="96785" player_name="Óscar Plano">4</Player>
    <Player player_id="90394" player_name="Nacho">5</Player>
  </Player>
  <Player cross_lost="2" cross_success="0" jersey_num="19" pass_lost="9" pass_success="13" player_id="242290" player_name="Toni Villa" position="Forward" position_id="4" sub_off="75" x="53.13" y="37.21">
    <Player player_id="168636" player_name="Enes Ünal">1</Player>
    <Player player_id="58876" player_name="Míchel">5</Player>
    <Player player_id="242290" player_name="Toni Villa">1</Player>
    <Player player_id="96785" player_name="Óscar Plano">2</Player>
    <Player player_id="241869" player_name="Fernando Calero">1</Player>
    <Player player_id="90394" player_name="Nacho">2</Player>
    <Player player_id="59944" player_name="Keko">1</Player>
  </Player>
  <Player cross_lost="0" cross_success="0" jersey_num="18" pass_lost="6" pass_success="10" player_id="87804" player_name="Antoñito" position="Defender" position_id="2" x="41.37" y="12.57">
    <Player player_id="58819" player_name="Kiko Olivas">1</Player>
    <Player player_id="96771" player_name="Rubén Alcaraz">1</Player>
    <Player player_id="58876" player_name="Míchel">4</Player>
    <Player player_id="242290" player_name="Toni Villa">2</Player>
    <Player player_id="59944" player_name="Keko">2</Player>
  </Player>
  <Player cross_lost="0" cross_success="0" jersey_num="20" pass_lost="1" pass_success="1" player_id="52686" player_name="Duje Cop" position="Substitute" position_id="5" sub_on="79" x="45.98" y="52.27">
    <Player player_id="59944" player_name="Keko">1</Player>
  </Player>
  <Player cross_lost="1" cross_success="1" jersey_num="10" pass_lost="4" pass_success="14" player_id="96785" player_name="Óscar Plano" position="Midfielder" position_id="3" x="44.94" y="70.24">
    <Player player_id="96771" player_name="Rubén Alcaraz">5</Player>
    <Player cross="1" player_id="242290" player_name="Toni Villa">2</Player>
    <Player player_id="87804" player_name="Antoñito">1</Player>
    <Player player_id="52686" player_name="Duje Cop">1</Player>
    <Player player_id="241869" player_name="Fernando Calero">1</Player>
    <Player player_id="90394" player_name="Nacho">1</Player>
    <Player player_id="59944" player_name="Keko">3</Player>
  </Player>
  <Player cross_lost="0" cross_success="0" jersey_num="5" pass_lost="1" pass_success="15" player_id="241869" player_name="Fernando Calero" position="Defender" position_id="2" x="26.33" y="64.20">
    <Player player_id="168636" player_name="Enes Ünal">2</Player>
    <Player player_id="58819" player_name="Kiko Olivas">2</Player>
    <Player player_id="96771" player_name="Rubén Alcaraz">3</Player>
    <Player player_id="58876" player_name="Míchel">1</Player>
    <Player player_id="87804" player_name="Antoñito">2</Player>
    <Player player_id="90394" player_name="Nacho">2</Player>
    <Player player_id="86148" player_name="Jordi Masip">3</Player>
  </Player>
  <Player cross_lost="0" cross_success="0" jersey_num="23" pass_lost="2" pass_success="0" player_id="198906" player_name="Anuar Mohamed" position="Substitute" position_id="5" sub_on="90" x="23.17" y="70.63" />
  <Player cross_lost="4" cross_success="0" jersey_num="22" pass_lost="14" pass_success="16" player_id="90394" player_name="Nacho" position="Defender" position_id="2" x="33.50" y="80.57">
    <Player player_id="168636" player_name="Enes Ünal">2</Player>
    <Player player_id="96771" player_name="Rubén Alcaraz">1</Player>
    <Player player_id="58876" player_name="Míchel">1</Player>
    <Player player_id="87804" player_name="Antoñito">1</Player>
    <Player player_id="242290" player_name="Toni Villa">1</Player>
    <Player player_id="96785" player_name="Óscar Plano">2</Player>
    <Player player_id="241869" player_name="Fernando Calero">5</Player>
    <Player player_id="59944" player_name="Keko">3</Player>
  </Player>
  <Player cross_lost="1" cross_success="0" jersey_num="24" pass_lost="4" pass_success="16" player_id="59944" player_name="Keko" position="Midfielder" position_id="3" x="55.67" y="24.86">
    <Player player_id="168636" player_name="Enes Ünal">2</Player>
    <Player player_id="58819" player_name="Kiko Olivas">2</Player>
    <Player player_id="96771" player_name="Rubén Alcaraz">1</Player>
    <Player player_id="58876" player_name="Míchel">1</Player>
    <Player player_id="242290" player_name="Toni Villa">4</Player>
    <Player player_id="87804" player_name="Antoñito">1</Player>
    <Player player_id="96785" player_name="Óscar Plano">1</Player>
    <Player player_id="90394" player_name="Nacho">3</Player>
  </Player>
  <Player cross_lost="0" cross_success="0" jersey_num="1" pass_lost="26" pass_success="14" player_id="86148" player_name="Jordi Masip" position="Goalkeeper" position_id="1" x="8.19" y="47.29">
    <Player player_id="168636" player_name="Enes Ünal">6</Player>
    <Player player_id="87804" player_name="Antoñito">1</Player>
    <Player player_id="52686" player_name="Duje Cop">2</Player>
    <Player player_id="241869" player_name="Fernando Calero">1</Player>
    <Player player_id="96785" player_name="Óscar Plano">3</Player>
    <Player player_id="90394" player_name="Nacho">1</Player>
  </Player>
</SoccerFeed>