﻿<?xml version="1.0" encoding="UTF-8"?>
<!-- Copyright 2001-2019 Opta Sportsdata Ltd. All rights reserved. -->
<!-- PRODUCTION HEADER
     produced on:        valde-jobq-a04.nexus.opta.net
     production time:    20190226T141309,962Z
     production module:  Opta::Feed::XML::Soccer::F27
-->
<SoccerFeed act_minute="93" act_period="2" act_second="56" away_team_id="953" away_team_name="Eibar" competition_id="23" competition_name="Spanish La Liga" game_date="2019-02-23 19:45:00" game_id="1009557" home_team_id="174" home_team_name="Athletic Club" season_id="2018" season_name="Season 2018/2019" team_id="174" team_name="Athletic Club">
  <Player cross_lost="3" cross_success="4" jersey_num="7" pass_lost="7" pass_success="26" player_id="38394" player_name="Beñat Etxebarria" position="Midfielder" position_id="3" sub_off="63" x="45.90" y="50.56">
    <Player player_id="140264" player_name="Dani García">2</Player>
    <Player player_id="59062" player_name="Óscar De Marcos">3</Player>
    <Player player_id="42670" player_name="Yuri">5</Player>
    <Player cross="1" player_id="197334" player_name="Iñaki Williams">0</Player>
    <Player player_id="140266" player_name="Ander Capa">5</Player>
    <Player player_id="89292" player_name="Iago Herrerín">2</Player>
    <Player cross="1" player_id="18498" player_name="Raúl García">2</Player>
    <Player cross="2" player_id="90318" player_name="Íñigo Martínez">3</Player>
    <Player player_id="197319" player_name="Yeray Álvarez">2</Player>
    <Player player_id="76012" player_name="Iker Muniain">2</Player>
  </Player>
  <Player cross_lost="0" cross_success="0" jersey_num="16" pass_lost="19" pass_success="28" player_id="140264" player_name="Dani García" position="Midfielder" position_id="3" x="44.11" y="44.62">
    <Player player_id="38394" player_name="Beñat Etxebarria">3</Player>
    <Player player_id="18498" player_name="Raúl García">2</Player>
    <Player player_id="90318" player_name="Íñigo Martínez">2</Player>
    <Player player_id="42670" player_name="Yuri">1</Player>
    <Player player_id="59062" player_name="Óscar De Marcos">3</Player>
    <Player player_id="197319" player_name="Yeray Álvarez">5</Player>
    <Player player_id="197334" player_name="Iñaki Williams">2</Player>
    <Player player_id="140266" player_name="Ander Capa">5</Player>
    <Player player_id="76012" player_name="Iker Muniain">5</Player>
  </Player>
  <Player cross_lost="0" cross_success="0" jersey_num="6" pass_lost="1" pass_success="2" player_id="42995" player_name="Mikel San José" position="Substitute" position_id="5" sub_on="63" x="46.40" y="48.07">
    <Player player_id="59062" player_name="Óscar De Marcos">2</Player>
  </Player>
  <Player cross_lost="0" cross_success="0" jersey_num="4" pass_lost="14" pass_success="22" player_id="90318" player_name="Íñigo Martínez" position="Defender" position_id="2" x="37.40" y="72.21">
    <Player player_id="38394" player_name="Beñat Etxebarria">1</Player>
    <Player player_id="140264" player_name="Dani García">3</Player>
    <Player player_id="18498" player_name="Raúl García">2</Player>
    <Player player_id="59062" player_name="Óscar De Marcos">1</Player>
    <Player player_id="42670" player_name="Yuri">4</Player>
    <Player player_id="197319" player_name="Yeray Álvarez">2</Player>
    <Player player_id="197334" player_name="Iñaki Williams">2</Player>
    <Player player_id="76012" player_name="Iker Muniain">1</Player>
    <Player player_id="89292" player_name="Iago Herrerín">6</Player>
  </Player>
  <Player cross_lost="2" cross_success="0" jersey_num="22" pass_lost="18" pass_success="17" player_id="18498" player_name="Raúl García" position="Midfielder" position_id="3" sub_off="72" x="57.60" y="41.35">
    <Player player_id="140264" player_name="Dani García">1</Player>
    <Player player_id="42670" player_name="Yuri">1</Player>
    <Player player_id="59062" player_name="Óscar De Marcos">3</Player>
    <Player player_id="197334" player_name="Iñaki Williams">3</Player>
    <Player player_id="140266" player_name="Ander Capa">5</Player>
    <Player player_id="76012" player_name="Iker Muniain">4</Player>
  </Player>
  <Player cross_lost="1" cross_success="0" jersey_num="12" pass_lost="14" pass_success="21" player_id="42670" player_name="Yuri" position="Defender" position_id="2" x="39.56" y="83.93">
    <Player player_id="38394" player_name="Beñat Etxebarria">3</Player>
    <Player player_id="140264" player_name="Dani García">1</Player>
    <Player player_id="90318" player_name="Íñigo Martínez">2</Player>
    <Player player_id="18498" player_name="Raúl García">3</Player>
    <Player player_id="42670" player_name="Yuri">1</Player>
    <Player player_id="197319" player_name="Yeray Álvarez">1</Player>
    <Player player_id="197334" player_name="Iñaki Williams">1</Player>
    <Player player_id="194625" player_name="Kenan Kodro">1</Player>
    <Player player_id="76012" player_name="Iker Muniain">7</Player>
    <Player player_id="89292" player_name="Iago Herrerín">1</Player>
  </Player>
  <Player cross_lost="1" cross_success="0" jersey_num="18" pass_lost="12" pass_success="15" player_id="59062" player_name="Óscar De Marcos" position="Midfielder" position_id="3" x="62.25" y="20.82">
    <Player player_id="140264" player_name="Dani García">3</Player>
    <Player player_id="18498" player_name="Raúl García">2</Player>
    <Player player_id="197319" player_name="Yeray Álvarez">1</Player>
    <Player player_id="197334" player_name="Iñaki Williams">3</Player>
    <Player player_id="140266" player_name="Ander Capa">5</Player>
    <Player player_id="194625" player_name="Kenan Kodro">1</Player>
  </Player>
  <Player cross_lost="0" cross_success="0" jersey_num="5" pass_lost="7" pass_success="17" player_id="197319" player_name="Yeray Álvarez" position="Defender" position_id="2" x="28.49" y="29.64">
    <Player player_id="38394" player_name="Beñat Etxebarria">2</Player>
    <Player player_id="18498" player_name="Raúl García">1</Player>
    <Player player_id="90318" player_name="Íñigo Martínez">3</Player>
    <Player player_id="59062" player_name="Óscar De Marcos">2</Player>
    <Player player_id="197334" player_name="Iñaki Williams">1</Player>
    <Player player_id="140266" player_name="Ander Capa">2</Player>
    <Player player_id="76012" player_name="Iker Muniain">1</Player>
    <Player player_id="89292" player_name="Iago Herrerín">5</Player>
  </Player>
  <Player cross_lost="0" cross_success="0" jersey_num="9" pass_lost="10" pass_success="13" player_id="197334" player_name="Iñaki Williams" position="Forward" position_id="4" x="66.76" y="40.93">
    <Player player_id="38394" player_name="Beñat Etxebarria">1</Player>
    <Player player_id="140264" player_name="Dani García">2</Player>
    <Player player_id="42995" player_name="Mikel San José">1</Player>
    <Player player_id="18498" player_name="Raúl García">2</Player>
    <Player player_id="42670" player_name="Yuri">1</Player>
    <Player player_id="59062" player_name="Óscar De Marcos">3</Player>
    <Player player_id="76012" player_name="Iker Muniain">3</Player>
  </Player>
  <Player cross_lost="0" cross_success="0" jersey_num="19" pass_lost="0" pass_success="0" player_id="84471" player_name="Ibai Gómez" position="Substitute" position_id="5" sub_on="90" x="68.55" y="59.80" />
  <Player cross_lost="2" cross_success="1" jersey_num="21" pass_lost="17" pass_success="21" player_id="140266" player_name="Ander Capa" position="Defender" position_id="2" x="43.25" y="15.05">
    <Player player_id="38394" player_name="Beñat Etxebarria">1</Player>
    <Player player_id="140264" player_name="Dani García">4</Player>
    <Player player_id="42995" player_name="Mikel San José">1</Player>
    <Player cross="1" player_id="18498" player_name="Raúl García">3</Player>
    <Player player_id="59062" player_name="Óscar De Marcos">4</Player>
    <Player player_id="197319" player_name="Yeray Álvarez">3</Player>
    <Player player_id="197334" player_name="Iñaki Williams">3</Player>
    <Player player_id="76012" player_name="Iker Muniain">2</Player>
  </Player>
  <Player cross_lost="0" cross_success="0" jersey_num="2" pass_lost="2" pass_success="6" player_id="194625" player_name="Kenan Kodro" position="Substitute" position_id="5" sub_on="72" x="67.24" y="48.05">
    <Player player_id="140264" player_name="Dani García">2</Player>
    <Player player_id="59062" player_name="Óscar De Marcos">1</Player>
    <Player player_id="42670" player_name="Yuri">1</Player>
    <Player player_id="197334" player_name="Iñaki Williams">1</Player>
    <Player player_id="140266" player_name="Ander Capa">1</Player>
  </Player>
  <Player cross_lost="2" cross_success="2" jersey_num="10" pass_lost="5" pass_success="22" player_id="76012" player_name="Iker Muniain" position="Midfielder" position_id="3" sub_off="90" x="52.99" y="80.01">
    <Player player_id="140264" player_name="Dani García">3</Player>
    <Player player_id="59062" player_name="Óscar De Marcos">1</Player>
    <Player player_id="42670" player_name="Yuri">3</Player>
    <Player player_id="197334" player_name="Iñaki Williams">2</Player>
    <Player player_id="140266" player_name="Ander Capa">1</Player>
    <Player player_id="38394" player_name="Beñat Etxebarria">4</Player>
    <Player cross="1" player_id="18498" player_name="Raúl García">5</Player>
    <Player cross="1" player_id="90318" player_name="Íñigo Martínez">1</Player>
    <Player player_id="194625" player_name="Kenan Kodro">1</Player>
    <Player player_id="76012" player_name="Iker Muniain">1</Player>
  </Player>
  <Player cross_lost="0" cross_success="0" jersey_num="13" pass_lost="12" pass_success="14" player_id="89292" player_name="Iago Herrerín" position="Goalkeeper" position_id="1" x="10.34" y="47.90">
    <Player player_id="18498" player_name="Raúl García">5</Player>
    <Player player_id="90318" player_name="Íñigo Martínez">2</Player>
    <Player player_id="42670" player_name="Yuri">2</Player>
    <Player player_id="197319" player_name="Yeray Álvarez">1</Player>
    <Player player_id="197334" player_name="Iñaki Williams">1</Player>
    <Player player_id="140266" player_name="Ander Capa">1</Player>
    <Player player_id="194625" player_name="Kenan Kodro">1</Player>
    <Player player_id="76012" player_name="Iker Muniain">1</Player>
  </Player>
</SoccerFeed>