﻿<?xml version="1.0" encoding="UTF-8"?>
<!-- Copyright 2001-2018 Opta Sportsdata Ltd. All rights reserved. -->
<!-- PRODUCTION HEADER
     produced on:        valde-jobq-a04.nexus.opta.net
     production time:    20181202T203036,850Z
     production module:  Opta::Feed::XML::Soccer::F27
-->
<SoccerFeed act_minute="97" act_period="2" act_second="1" away_team_id="177" away_team_name="Espanyol" competition_id="23" competition_name="Spanish La Liga" game_date="2018-12-01 17:30:00" game_id="1009454" home_team_id="1450" home_team_name="Getafe" season_id="2018" season_name="Season 2018/2019" team_id="1450" team_name="Getafe">
  <Player cross_lost="1" cross_success="0" jersey_num="8" pass_lost="2" pass_success="16" player_id="80795" player_name="Francisco Portillo" position="Substitute" position_id="5" sub_on="54" x="56.40" y="44.40">
    <Player player_id="225463" player_name="Amath Ndiaye">1</Player>
    <Player player_id="56419" player_name="Ángel Rodríguez">1</Player>
    <Player player_id="76555" player_name="Jorge Molina">3</Player>
    <Player player_id="99005" player_name="Damián Suárez">6</Player>
    <Player player_id="39621" player_name="Vitorino Antunes">4</Player>
  </Player>
  <Player cross_lost="2" cross_success="0" jersey_num="11" pass_lost="4" pass_success="11" player_id="225463" player_name="Amath Ndiaye" position="Midfielder" position_id="3" x="62.38" y="70.70">
    <Player player_id="198499" player_name="Nemanja Maksimovic">1</Player>
    <Player player_id="99005" player_name="Damián Suárez">1</Player>
    <Player player_id="76555" player_name="Jorge Molina">4</Player>
    <Player player_id="151978" player_name="Sebastián Cristóforo">1</Player>
    <Player player_id="149838" player_name="Djené Dakonam">1</Player>
    <Player player_id="39621" player_name="Vitorino Antunes">1</Player>
    <Player player_id="109270" player_name="Jaime Mata">1</Player>
    <Player player_id="171222" player_name="Mauro Arambarri">1</Player>
  </Player>
  <Player cross_lost="0" cross_success="0" jersey_num="13" pass_lost="20" pass_success="13" player_id="175204" player_name="David Soria" position="Goalkeeper" position_id="1" x="10.83" y="48.35">
    <Player player_id="225463" player_name="Amath Ndiaye">2</Player>
    <Player player_id="98976" player_name="Bruno González">2</Player>
    <Player player_id="76555" player_name="Jorge Molina">1</Player>
    <Player player_id="99005" player_name="Damián Suárez">1</Player>
    <Player player_id="149838" player_name="Djené Dakonam">1</Player>
    <Player player_id="109270" player_name="Jaime Mata">6</Player>
  </Player>
  <Player cross_lost="0" cross_success="0" jersey_num="20" pass_lost="2" pass_success="23" player_id="198499" player_name="Nemanja Maksimovic" position="Midfielder" position_id="3" x="48.78" y="60.64">
    <Player player_id="80795" player_name="Francisco Portillo">2</Player>
    <Player player_id="225463" player_name="Amath Ndiaye">1</Player>
    <Player player_id="98976" player_name="Bruno González">3</Player>
    <Player player_id="99005" player_name="Damián Suárez">1</Player>
    <Player player_id="76555" player_name="Jorge Molina">1</Player>
    <Player player_id="149838" player_name="Djené Dakonam">2</Player>
    <Player player_id="39621" player_name="Vitorino Antunes">8</Player>
    <Player player_id="109270" player_name="Jaime Mata">3</Player>
    <Player player_id="171222" player_name="Mauro Arambarri">2</Player>
  </Player>
  <Player cross_lost="0" cross_success="0" jersey_num="9" pass_lost="1" pass_success="3" player_id="56419" player_name="Ángel Rodríguez" position="Substitute" position_id="5" sub_on="76" x="66.30" y="52.43">
    <Player player_id="76555" player_name="Jorge Molina">2</Player>
    <Player player_id="99005" player_name="Damián Suárez">1</Player>
  </Player>
  <Player cross_lost="0" cross_success="0" jersey_num="4" pass_lost="7" pass_success="20" player_id="98976" player_name="Bruno González" position="Defender" position_id="2" x="27.93" y="63.18">
    <Player player_id="225463" player_name="Amath Ndiaye">1</Player>
    <Player player_id="198499" player_name="Nemanja Maksimovic">2</Player>
    <Player player_id="175204" player_name="David Soria">9</Player>
    <Player player_id="151978" player_name="Sebastián Cristóforo">1</Player>
    <Player player_id="39621" player_name="Vitorino Antunes">4</Player>
    <Player player_id="109270" player_name="Jaime Mata">2</Player>
    <Player player_id="96767" player_name="Dimitri Foulquier">1</Player>
  </Player>
  <Player cross_lost="3" cross_success="2" jersey_num="22" pass_lost="9" pass_success="31" player_id="99005" player_name="Damián Suárez" position="Defender" position_id="2" x="48.98" y="14.29">
    <Player cross="1" player_id="198499" player_name="Nemanja Maksimovic">2</Player>
    <Player player_id="175204" player_name="David Soria">2</Player>
    <Player player_id="56419" player_name="Ángel Rodríguez">2</Player>
    <Player player_id="39621" player_name="Vitorino Antunes">2</Player>
    <Player player_id="171222" player_name="Mauro Arambarri">6</Player>
    <Player cross="1" player_id="96767" player_name="Dimitri Foulquier">5</Player>
    <Player player_id="80795" player_name="Francisco Portillo">3</Player>
    <Player player_id="225463" player_name="Amath Ndiaye">2</Player>
    <Player player_id="98976" player_name="Bruno González">1</Player>
    <Player player_id="76555" player_name="Jorge Molina">3</Player>
    <Player player_id="149838" player_name="Djené Dakonam">3</Player>
  </Player>
  <Player cross_lost="1" cross_success="0" jersey_num="19" pass_lost="9" pass_success="14" player_id="76555" player_name="Jorge Molina" position="Forward" position_id="4" x="71.51" y="46.61">
    <Player player_id="80795" player_name="Francisco Portillo">2</Player>
    <Player player_id="198499" player_name="Nemanja Maksimovic">1</Player>
    <Player player_id="225463" player_name="Amath Ndiaye">2</Player>
    <Player player_id="99005" player_name="Damián Suárez">3</Player>
    <Player player_id="151978" player_name="Sebastián Cristóforo">2</Player>
    <Player player_id="39621" player_name="Vitorino Antunes">2</Player>
    <Player player_id="109270" player_name="Jaime Mata">1</Player>
    <Player player_id="96767" player_name="Dimitri Foulquier">1</Player>
  </Player>
  <Player cross_lost="0" cross_success="0" jersey_num="15" pass_lost="0" pass_success="4" player_id="151978" player_name="Sebastián Cristóforo" position="Substitute" position_id="5" sub_on="87" x="35.39" y="59.29">
    <Player player_id="80795" player_name="Francisco Portillo">1</Player>
    <Player player_id="225463" player_name="Amath Ndiaye">1</Player>
    <Player player_id="56419" player_name="Ángel Rodríguez">1</Player>
    <Player player_id="39621" player_name="Vitorino Antunes">1</Player>
  </Player>
  <Player cross_lost="0" cross_success="0" injury="90+3" jersey_num="2" pass_lost="6" pass_success="26" player_id="149838" player_name="Djené Dakonam" position="Defender" position_id="2" x="27.87" y="33.27">
    <Player player_id="198499" player_name="Nemanja Maksimovic">1</Player>
    <Player player_id="175204" player_name="David Soria">3</Player>
    <Player player_id="39621" player_name="Vitorino Antunes">5</Player>
    <Player player_id="109270" player_name="Jaime Mata">2</Player>
    <Player player_id="171222" player_name="Mauro Arambarri">1</Player>
    <Player player_id="96767" player_name="Dimitri Foulquier">2</Player>
    <Player player_id="80795" player_name="Francisco Portillo">1</Player>
    <Player player_id="225463" player_name="Amath Ndiaye">2</Player>
    <Player player_id="98976" player_name="Bruno González">5</Player>
    <Player player_id="99005" player_name="Damián Suárez">3</Player>
    <Player player_id="76555" player_name="Jorge Molina">1</Player>
  </Player>
  <Player cross_lost="5" cross_success="1" jersey_num="3" pass_lost="18" pass_success="23" player_id="39621" player_name="Vitorino Antunes" position="Defender" position_id="2" x="48.48" y="85.96">
    <Player player_id="175204" player_name="David Soria">1</Player>
    <Player player_id="198499" player_name="Nemanja Maksimovic">3</Player>
    <Player player_id="56419" player_name="Ángel Rodríguez">2</Player>
    <Player player_id="109270" player_name="Jaime Mata">2</Player>
    <Player player_id="80795" player_name="Francisco Portillo">3</Player>
    <Player player_id="225463" player_name="Amath Ndiaye">5</Player>
    <Player player_id="98976" player_name="Bruno González">2</Player>
    <Player cross="1" player_id="76555" player_name="Jorge Molina">4</Player>
    <Player player_id="149838" player_name="Djené Dakonam">1</Player>
  </Player>
  <Player cross_lost="0" cross_success="0" jersey_num="7" pass_lost="6" pass_success="16" player_id="109270" player_name="Jaime Mata" position="Forward" position_id="4" sub_off="76" x="61.97" y="66.83">
    <Player player_id="198499" player_name="Nemanja Maksimovic">1</Player>
    <Player player_id="225463" player_name="Amath Ndiaye">3</Player>
    <Player player_id="98976" player_name="Bruno González">1</Player>
    <Player player_id="76555" player_name="Jorge Molina">1</Player>
    <Player player_id="99005" player_name="Damián Suárez">2</Player>
    <Player player_id="149838" player_name="Djené Dakonam">1</Player>
    <Player player_id="39621" player_name="Vitorino Antunes">5</Player>
    <Player player_id="171222" player_name="Mauro Arambarri">2</Player>
  </Player>
  <Player cross_lost="0" cross_success="0" jersey_num="18" pass_lost="9" pass_success="22" player_id="171222" player_name="Mauro Arambarri" position="Midfielder" position_id="3" sub_off="87" x="51.99" y="44.25">
    <Player player_id="225463" player_name="Amath Ndiaye">2</Player>
    <Player player_id="98976" player_name="Bruno González">3</Player>
    <Player player_id="76555" player_name="Jorge Molina">3</Player>
    <Player player_id="99005" player_name="Damián Suárez">6</Player>
    <Player player_id="149838" player_name="Djené Dakonam">2</Player>
    <Player player_id="39621" player_name="Vitorino Antunes">2</Player>
    <Player player_id="109270" player_name="Jaime Mata">2</Player>
    <Player player_id="96767" player_name="Dimitri Foulquier">2</Player>
  </Player>
  <Player cross_lost="0" cross_success="0" jersey_num="24" pass_lost="6" pass_success="10" player_id="96767" player_name="Dimitri Foulquier" position="Midfielder" position_id="3" sub_off="54" x="58.01" y="25.73">
    <Player player_id="225463" player_name="Amath Ndiaye">1</Player>
    <Player player_id="99005" player_name="Damián Suárez">4</Player>
    <Player player_id="149838" player_name="Djené Dakonam">3</Player>
    <Player player_id="171222" player_name="Mauro Arambarri">2</Player>
  </Player>
</SoccerFeed>