﻿<?xml version="1.0" encoding="UTF-8"?>
<!-- Copyright 2001-2018 Opta Sportsdata Ltd. All rights reserved. -->
<!-- PRODUCTION HEADER
     produced on:        valde-jobq-a04.nexus.opta.net
     production time:    20180925T201825,737Z
     production module:  Opta::Feed::XML::Soccer::F27
-->
<SoccerFeed act_minute="95" act_period="2" act_second="10" away_team_id="173" away_team_name="Alavés" competition_id="23" competition_name="Spanish La Liga" game_date="2018-09-22 12:00:00" game_id="1009361" home_team_id="184" home_team_name="Rayo Vallecano" season_id="2018" season_name="Season 2018/2019" team_id="184" team_name="Rayo Vallecano">
  <Player cross_lost="0" cross_success="0" jersey_num="15" pass_lost="0" pass_success="3" player_id="91953" player_name="Álex Alegría" position="Substitute" position_id="5" sub_on="70" x="82.04" y="68.04">
    <Player player_id="132161" player_name="Adrián Embarba">1</Player>
    <Player player_id="106468" player_name="Álex Moreno">2</Player>
  </Player>
  <Player cross_lost="1" cross_success="0" jersey_num="17" pass_lost="3" pass_success="33" player_id="98901" player_name="Luis Advíncula" position="Defender" position_id="2" x="41.02" y="20.69">
    <Player player_id="40721" player_name="Óscar Trejo">3</Player>
    <Player player_id="151885" player_name="Emiliano Velázquez">2</Player>
    <Player player_id="119403" player_name="Raúl de Tomás">2</Player>
    <Player player_id="165682" player_name="Álvaro García">2</Player>
    <Player player_id="103860" player_name="Abdoulaye Ba">3</Player>
    <Player player_id="59325" player_name="Gaël Kakuta">1</Player>
    <Player player_id="80789" player_name="Jordi Amat">1</Player>
    <Player player_id="48415" player_name="Alberto García">1</Player>
    <Player player_id="102738" player_name="Giannelli Imbula">11</Player>
    <Player player_id="106468" player_name="Álex Moreno">3</Player>
    <Player player_id="28644" player_name="Gorka Elustondo">4</Player>
  </Player>
  <Player cross_lost="0" cross_success="0" jersey_num="16" pass_lost="10" pass_success="34" player_id="80789" player_name="Jordi Amat" position="Defender" position_id="2" x="35.12" y="70.01">
    <Player player_id="98901" player_name="Luis Advíncula">1</Player>
    <Player player_id="102738" player_name="Giannelli Imbula">5</Player>
    <Player player_id="132161" player_name="Adrián Embarba">2</Player>
    <Player player_id="40721" player_name="Óscar Trejo">1</Player>
    <Player player_id="151885" player_name="Emiliano Velázquez">1</Player>
    <Player player_id="106468" player_name="Álex Moreno">5</Player>
    <Player player_id="28644" player_name="Gorka Elustondo">7</Player>
    <Player player_id="165682" player_name="Álvaro García">1</Player>
    <Player player_id="103860" player_name="Abdoulaye Ba">8</Player>
    <Player player_id="59325" player_name="Gaël Kakuta">3</Player>
  </Player>
  <Player cross_lost="0" cross_success="0" jersey_num="12" pass_lost="6" pass_success="50" player_id="102738" player_name="Giannelli Imbula" position="Midfielder" position_id="3" x="49.87" y="49.56">
    <Player player_id="98901" player_name="Luis Advíncula">12</Player>
    <Player player_id="132161" player_name="Adrián Embarba">1</Player>
    <Player player_id="40721" player_name="Óscar Trejo">7</Player>
    <Player player_id="151885" player_name="Emiliano Velázquez">2</Player>
    <Player player_id="119403" player_name="Raúl de Tomás">3</Player>
    <Player player_id="103860" player_name="Abdoulaye Ba">2</Player>
    <Player player_id="165682" player_name="Álvaro García">3</Player>
    <Player player_id="59325" player_name="Gaël Kakuta">5</Player>
    <Player player_id="80789" player_name="Jordi Amat">2</Player>
    <Player player_id="106468" player_name="Álex Moreno">10</Player>
    <Player player_id="28644" player_name="Gorka Elustondo">3</Player>
  </Player>
  <Player cross_lost="0" cross_success="0" jersey_num="1" pass_lost="5" pass_success="15" player_id="48415" player_name="Alberto García" position="Goalkeeper" position_id="1" x="9.87" y="49.75">
    <Player player_id="91953" player_name="Álex Alegría">1</Player>
    <Player player_id="80789" player_name="Jordi Amat">1</Player>
    <Player player_id="98901" player_name="Luis Advíncula">2</Player>
    <Player player_id="102738" player_name="Giannelli Imbula">3</Player>
    <Player player_id="151885" player_name="Emiliano Velázquez">1</Player>
    <Player player_id="106468" player_name="Álex Moreno">1</Player>
    <Player player_id="119403" player_name="Raúl de Tomás">1</Player>
    <Player player_id="28644" player_name="Gorka Elustondo">1</Player>
    <Player player_id="103860" player_name="Abdoulaye Ba">4</Player>
  </Player>
  <Player cross_lost="4" cross_success="1" jersey_num="11" pass_lost="1" pass_success="4" player_id="132161" player_name="Adrián Embarba" position="Substitute" position_id="5" sub_on="57" x="56.01" y="54.98">
    <Player player_id="80789" player_name="Jordi Amat">3</Player>
    <Player player_id="106468" player_name="Álex Moreno">1</Player>
    <Player cross="1" player_id="151885" player_name="Emiliano Velázquez">0</Player>
  </Player>
  <Player cross_lost="0" cross_success="0" jersey_num="8" pass_lost="5" pass_success="32" player_id="40721" player_name="Óscar Trejo" position="Midfielder" position_id="3" sub_off="70" x="59.93" y="62.45">
    <Player player_id="80789" player_name="Jordi Amat">1</Player>
    <Player player_id="102738" player_name="Giannelli Imbula">5</Player>
    <Player player_id="132161" player_name="Adrián Embarba">1</Player>
    <Player player_id="106468" player_name="Álex Moreno">9</Player>
    <Player player_id="119403" player_name="Raúl de Tomás">1</Player>
    <Player player_id="28644" player_name="Gorka Elustondo">1</Player>
    <Player player_id="165682" player_name="Álvaro García">8</Player>
    <Player player_id="59325" player_name="Gaël Kakuta">6</Player>
  </Player>
  <Player cross_lost="0" cross_success="0" jersey_num="20" pass_lost="3" pass_success="6" player_id="151885" player_name="Emiliano Velázquez" position="Substitute" position_id="5" sub_on="73" x="55.29" y="41.91">
    <Player player_id="91953" player_name="Álex Alegría">1</Player>
    <Player player_id="98901" player_name="Luis Advíncula">1</Player>
    <Player player_id="80789" player_name="Jordi Amat">2</Player>
    <Player player_id="106468" player_name="Álex Moreno">1</Player>
    <Player player_id="119403" player_name="Raúl de Tomás">1</Player>
  </Player>
  <Player cross_lost="3" cross_success="1" jersey_num="7" pass_lost="10" pass_success="41" player_id="106468" player_name="Álex Moreno" position="Defender" position_id="2" x="54.90" y="86.31">
    <Player player_id="132161" player_name="Adrián Embarba">1</Player>
    <Player player_id="40721" player_name="Óscar Trejo">8</Player>
    <Player cross="1" player_id="119403" player_name="Raúl de Tomás">2</Player>
    <Player player_id="165682" player_name="Álvaro García">4</Player>
    <Player player_id="59325" player_name="Gaël Kakuta">11</Player>
    <Player player_id="91953" player_name="Álex Alegría">1</Player>
    <Player player_id="80789" player_name="Jordi Amat">2</Player>
    <Player player_id="102738" player_name="Giannelli Imbula">7</Player>
    <Player player_id="48415" player_name="Alberto García">1</Player>
    <Player player_id="28644" player_name="Gorka Elustondo">4</Player>
  </Player>
  <Player cross_lost="0" cross_success="0" jersey_num="9" pass_lost="2" pass_success="12" player_id="119403" player_name="Raúl de Tomás" position="Forward" position_id="4" x="59.98" y="56.03">
    <Player player_id="80789" player_name="Jordi Amat">1</Player>
    <Player player_id="98901" player_name="Luis Advíncula">1</Player>
    <Player player_id="102738" player_name="Giannelli Imbula">2</Player>
    <Player player_id="132161" player_name="Adrián Embarba">1</Player>
    <Player player_id="40721" player_name="Óscar Trejo">2</Player>
    <Player player_id="106468" player_name="Álex Moreno">2</Player>
    <Player player_id="28644" player_name="Gorka Elustondo">2</Player>
    <Player player_id="165682" player_name="Álvaro García">1</Player>
  </Player>
  <Player cross_lost="0" cross_success="1" jersey_num="6" pass_lost="6" pass_success="33" player_id="28644" player_name="Gorka Elustondo" position="Midfielder" position_id="3" sub_off="73" x="37.74" y="47.82">
    <Player player_id="98901" player_name="Luis Advíncula">4</Player>
    <Player player_id="40721" player_name="Óscar Trejo">5</Player>
    <Player player_id="119403" player_name="Raúl de Tomás">1</Player>
    <Player cross="1" player_id="165682" player_name="Álvaro García">3</Player>
    <Player player_id="103860" player_name="Abdoulaye Ba">4</Player>
    <Player player_id="59325" player_name="Gaël Kakuta">3</Player>
    <Player player_id="80789" player_name="Jordi Amat">5</Player>
    <Player player_id="102738" player_name="Giannelli Imbula">5</Player>
    <Player player_id="106468" player_name="Álex Moreno">3</Player>
  </Player>
  <Player cross_lost="0" cross_success="0" jersey_num="21" pass_lost="4" pass_success="24" player_id="103860" player_name="Abdoulaye Ba" position="Defender" position_id="2" sent_off="35" x="28.81" y="32.47">
    <Player player_id="80789" player_name="Jordi Amat">7</Player>
    <Player player_id="98901" player_name="Luis Advíncula">10</Player>
    <Player player_id="102738" player_name="Giannelli Imbula">1</Player>
    <Player player_id="48415" player_name="Alberto García">1</Player>
    <Player player_id="106468" player_name="Álex Moreno">1</Player>
    <Player player_id="28644" player_name="Gorka Elustondo">2</Player>
    <Player player_id="59325" player_name="Gaël Kakuta">2</Player>
  </Player>
  <Player cross_lost="6" cross_success="0" jersey_num="18" pass_lost="7" pass_success="14" player_id="165682" player_name="Álvaro García" position="Midfielder" position_id="3" sub_off="57" x="69.76" y="65.97">
    <Player player_id="98901" player_name="Luis Advíncula">2</Player>
    <Player player_id="40721" player_name="Óscar Trejo">4</Player>
    <Player player_id="106468" player_name="Álex Moreno">5</Player>
    <Player player_id="119403" player_name="Raúl de Tomás">2</Player>
    <Player player_id="28644" player_name="Gorka Elustondo">1</Player>
  </Player>
  <Player cross_lost="10" cross_success="1" jersey_num="10" pass_lost="4" pass_success="19" player_id="59325" player_name="Gaël Kakuta" position="Midfielder" position_id="3" x="59.21" y="51.23">
    <Player player_id="98901" player_name="Luis Advíncula">2</Player>
    <Player player_id="40721" player_name="Óscar Trejo">4</Player>
    <Player cross="1" player_id="165682" player_name="Álvaro García">0</Player>
    <Player player_id="91953" player_name="Álex Alegría">2</Player>
    <Player player_id="80789" player_name="Jordi Amat">2</Player>
    <Player player_id="102738" player_name="Giannelli Imbula">4</Player>
    <Player player_id="48415" player_name="Alberto García">1</Player>
    <Player player_id="106468" player_name="Álex Moreno">3</Player>
    <Player player_id="28644" player_name="Gorka Elustondo">1</Player>
  </Player>
</SoccerFeed>