﻿<?xml version="1.0" encoding="UTF-8"?>
<!-- Copyright 2001-2018 Opta Sportsdata Ltd. All rights reserved. -->
<!-- PRODUCTION HEADER
     produced on:        valde-jobq-a01.nexus.opta.net
     production time:    20181010T172952,72Z
     production module:  Opta::Feed::XML::Soccer::F27
-->
<SoccerFeed act_minute="95" act_period="2" act_second="20" away_team_id="953" away_team_name="Eibar" competition_id="23" competition_name="Spanish La Liga" game_date="2018-10-06 12:00:00" game_id="1009394" home_team_id="2893" home_team_name="Girona" season_id="2018" season_name="Season 2018/2019" team_id="953" team_name="Eibar">
  <Player cross_lost="0" cross_success="0" jersey_num="1" pass_lost="18" pass_success="12" player_id="94618" player_name="Marko Dmitrovic" position="Goalkeeper" position_id="1" x="10.14" y="53.33">
    <Player player_id="61597" player_name="Kike García">4</Player>
    <Player player_id="80791" player_name="Sergi Enrich">5</Player>
    <Player player_id="87026" player_name="Anaitz Arbilla">1</Player>
    <Player player_id="86349" player_name="Charles">1</Player>
    <Player player_id="59140" player_name="Cote">1</Player>
  </Player>
  <Player cross_lost="8" cross_success="2" jersey_num="24" pass_lost="7" pass_success="32" player_id="195364" player_name="Joan Jordán" position="Midfielder" position_id="3" x="55.27" y="54.19">
    <Player cross="1" player_id="80791" player_name="Sergi Enrich">7</Player>
    <Player cross="1" player_id="87026" player_name="Anaitz Arbilla">4</Player>
    <Player player_id="87499" player_name="Paulo Oliveira">3</Player>
    <Player player_id="61597" player_name="Kike García">1</Player>
    <Player player_id="27672" player_name="Pape Diop">2</Player>
    <Player player_id="126290" player_name="Rubén Peña">3</Player>
    <Player player_id="48854" player_name="Fabián Orellana">6</Player>
    <Player player_id="86349" player_name="Charles">1</Player>
    <Player player_id="59140" player_name="Cote">1</Player>
    <Player player_id="126510" player_name="Pablo De Blasis">3</Player>
  </Player>
  <Player cross_lost="0" cross_success="0" jersey_num="17" pass_lost="7" pass_success="10" player_id="61597" player_name="Kike García" position="Substitute" position_id="5" sub_on="71" x="76.17" y="64.38">
    <Player player_id="195364" player_name="Joan Jordán">1</Player>
    <Player player_id="80791" player_name="Sergi Enrich">1</Player>
    <Player player_id="27672" player_name="Pape Diop">1</Player>
    <Player player_id="48854" player_name="Fabián Orellana">1</Player>
    <Player player_id="59140" player_name="Cote">3</Player>
    <Player player_id="179268" player_name="Marc Cucurella">3</Player>
  </Player>
  <Player cross_lost="0" cross_success="0" jersey_num="9" pass_lost="7" pass_success="26" player_id="80791" player_name="Sergi Enrich" position="Forward" position_id="4" sub_off="85" x="67.89" y="52.95">
    <Player player_id="195364" player_name="Joan Jordán">3</Player>
    <Player player_id="27672" player_name="Pape Diop">3</Player>
    <Player player_id="87026" player_name="Anaitz Arbilla">1</Player>
    <Player player_id="126290" player_name="Rubén Peña">3</Player>
    <Player player_id="48854" player_name="Fabián Orellana">7</Player>
    <Player player_id="86349" player_name="Charles">1</Player>
    <Player player_id="59140" player_name="Cote">1</Player>
    <Player player_id="126510" player_name="Pablo De Blasis">7</Player>
  </Player>
  <Player cross_lost="0" cross_success="0" jersey_num="6" pass_lost="1" pass_success="1" player_id="83578" player_name="Sergio Álvarez" position="Substitute" position_id="5" sub_on="85" x="50.18" y="51.42">
    <Player player_id="126510" player_name="Pablo De Blasis">1</Player>
  </Player>
  <Player cross_lost="0" cross_success="0" jersey_num="8" pass_lost="7" pass_success="26" player_id="27672" player_name="Pape Diop" position="Midfielder" position_id="3" x="56.25" y="47.02">
    <Player player_id="195364" player_name="Joan Jordán">2</Player>
    <Player player_id="61597" player_name="Kike García">2</Player>
    <Player player_id="80791" player_name="Sergi Enrich">3</Player>
    <Player player_id="48854" player_name="Fabián Orellana">2</Player>
    <Player player_id="87026" player_name="Anaitz Arbilla">4</Player>
    <Player player_id="126290" player_name="Rubén Peña">5</Player>
    <Player player_id="86349" player_name="Charles">2</Player>
    <Player player_id="59140" player_name="Cote">5</Player>
    <Player player_id="126510" player_name="Pablo De Blasis">1</Player>
  </Player>
  <Player cross_lost="3" cross_success="1" jersey_num="14" pass_lost="5" pass_success="17" player_id="48854" player_name="Fabián Orellana" position="Midfielder" position_id="3" sub_off="77" x="61.61" y="18.09">
    <Player player_id="61597" player_name="Kike García">2</Player>
    <Player cross="1" player_id="80791" player_name="Sergi Enrich">3</Player>
    <Player player_id="126290" player_name="Rubén Peña">8</Player>
    <Player player_id="86349" player_name="Charles">3</Player>
    <Player player_id="126510" player_name="Pablo De Blasis">1</Player>
  </Player>
  <Player cross_lost="4" cross_success="1" jersey_num="11" pass_lost="12" pass_success="19" player_id="126290" player_name="Rubén Peña" position="Defender" position_id="2" x="44.52" y="15.68">
    <Player player_id="195364" player_name="Joan Jordán">1</Player>
    <Player player_id="94618" player_name="Marko Dmitrovic">1</Player>
    <Player cross="1" player_id="80791" player_name="Sergi Enrich">1</Player>
    <Player player_id="27672" player_name="Pape Diop">3</Player>
    <Player player_id="87026" player_name="Anaitz Arbilla">1</Player>
    <Player player_id="48854" player_name="Fabián Orellana">6</Player>
    <Player player_id="86349" player_name="Charles">2</Player>
    <Player player_id="87499" player_name="Paulo Oliveira">4</Player>
  </Player>
  <Player cross_lost="0" cross_success="0" jersey_num="23" pass_lost="11" pass_success="20" player_id="87026" player_name="Anaitz Arbilla" position="Defender" position_id="2" x="34.09" y="63.39">
    <Player player_id="94618" player_name="Marko Dmitrovic">2</Player>
    <Player player_id="195364" player_name="Joan Jordán">1</Player>
    <Player player_id="61597" player_name="Kike García">1</Player>
    <Player player_id="80791" player_name="Sergi Enrich">3</Player>
    <Player player_id="27672" player_name="Pape Diop">2</Player>
    <Player player_id="48854" player_name="Fabián Orellana">2</Player>
    <Player player_id="86349" player_name="Charles">1</Player>
    <Player player_id="59140" player_name="Cote">5</Player>
    <Player player_id="87499" player_name="Paulo Oliveira">2</Player>
    <Player player_id="126510" player_name="Pablo De Blasis">1</Player>
  </Player>
  <Player cross_lost="0" cross_success="0" jersey_num="19" pass_lost="7" pass_success="9" player_id="86349" player_name="Charles" position="Forward" position_id="4" sub_off="71" x="61.06" y="53.70">
    <Player player_id="195364" player_name="Joan Jordán">2</Player>
    <Player player_id="80791" player_name="Sergi Enrich">1</Player>
    <Player player_id="27672" player_name="Pape Diop">2</Player>
    <Player player_id="48854" player_name="Fabián Orellana">1</Player>
    <Player player_id="126290" player_name="Rubén Peña">1</Player>
    <Player player_id="126510" player_name="Pablo De Blasis">2</Player>
  </Player>
  <Player cross_lost="4" cross_success="0" jersey_num="15" pass_lost="11" pass_success="19" player_id="59140" player_name="Cote" position="Defender" position_id="2" x="38.16" y="83.06">
    <Player player_id="94618" player_name="Marko Dmitrovic">1</Player>
    <Player player_id="195364" player_name="Joan Jordán">4</Player>
    <Player player_id="61597" player_name="Kike García">2</Player>
    <Player player_id="80791" player_name="Sergi Enrich">1</Player>
    <Player player_id="27672" player_name="Pape Diop">2</Player>
    <Player player_id="87026" player_name="Anaitz Arbilla">4</Player>
    <Player player_id="86349" player_name="Charles">2</Player>
    <Player player_id="87499" player_name="Paulo Oliveira">2</Player>
    <Player player_id="179268" player_name="Marc Cucurella">1</Player>
  </Player>
  <Player cross_lost="0" cross_success="0" jersey_num="12" pass_lost="14" pass_success="9" player_id="87499" player_name="Paulo Oliveira" position="Defender" position_id="2" x="32.79" y="36.49">
    <Player player_id="195364" player_name="Joan Jordán">1</Player>
    <Player player_id="126290" player_name="Rubén Peña">4</Player>
    <Player player_id="87026" player_name="Anaitz Arbilla">3</Player>
    <Player player_id="48854" player_name="Fabián Orellana">1</Player>
  </Player>
  <Player cross_lost="1" cross_success="1" jersey_num="20" pass_lost="1" pass_success="4" player_id="179268" player_name="Marc Cucurella" position="Substitute" position_id="5" sub_on="77" x="62.92" y="87.12">
    <Player player_id="195364" player_name="Joan Jordán">1</Player>
    <Player cross="1" player_id="61597" player_name="Kike García">2</Player>
    <Player player_id="27672" player_name="Pape Diop">1</Player>
  </Player>
  <Player cross_lost="2" cross_success="1" jersey_num="16" pass_lost="4" pass_success="13" player_id="126510" player_name="Pablo De Blasis" position="Midfielder" position_id="3" x="60.94" y="75.93">
    <Player player_id="195364" player_name="Joan Jordán">3</Player>
    <Player player_id="27672" player_name="Pape Diop">2</Player>
    <Player cross="1" player_id="48854" player_name="Fabián Orellana">1</Player>
    <Player player_id="86349" player_name="Charles">3</Player>
    <Player player_id="59140" player_name="Cote">4</Player>
  </Player>
</SoccerFeed>