﻿<?xml version="1.0" encoding="UTF-8"?>
<!-- Copyright 2001-2018 Opta Sportsdata Ltd. All rights reserved. -->
<!-- PRODUCTION HEADER
     produced on:        valde-jobq-a02.nexus.opta.net
     production time:    20181110T162715,420Z
     production module:  Opta::Feed::XML::Soccer::F27
-->
<SoccerFeed act_minute="93" act_period="2" act_second="58" away_team_id="188" away_team_name="Real Sociedad" competition_id="23" competition_name="Spanish La Liga" game_date="2018-11-09 20:00:00" game_id="1009431" home_team_id="855" home_team_name="Levante" season_id="2018" season_name="Season 2018/2019" team_id="855" team_name="Levante">
  <Player cross_lost="3" cross_success="0" jersey_num="23" pass_lost="6" pass_success="25" player_id="163784" player_name="Jason" position="Midfielder" position_id="3" sub_off="90+1" x="53.79" y="17.28">
    <Player player_id="88952" player_name="José Campaña">3</Player>
    <Player player_id="169201" player_name="Chema Rodríguez">1</Player>
    <Player player_id="196739" player_name="Enis Bardhi">9</Player>
    <Player player_id="220093" player_name="Rober Pier">3</Player>
    <Player player_id="199248" player_name="Borja Mayoral">4</Player>
    <Player player_id="49442" player_name="Oier Olazábal">1</Player>
    <Player player_id="106551" player_name="Sanjin Prcic">1</Player>
    <Player player_id="90400" player_name="Sergio Postigo">1</Player>
    <Player player_id="194764" player_name="Emmanuel Boateng">2</Player>
  </Player>
  <Player cross_lost="5" cross_success="2" jersey_num="24" pass_lost="7" pass_success="57" player_id="88952" player_name="José Campaña" position="Midfielder" position_id="3" x="56.99" y="55.93">
    <Player cross="1" player_id="163784" player_name="Jason">7</Player>
    <Player player_id="165375" player_name="José Luis Morales">17</Player>
    <Player player_id="169201" player_name="Chema Rodríguez">4</Player>
    <Player player_id="55268" player_name="Coke">1</Player>
    <Player player_id="181441" player_name="Moses Simon">1</Player>
    <Player player_id="196739" player_name="Enis Bardhi">7</Player>
    <Player cross="1" player_id="220093" player_name="Rober Pier">2</Player>
    <Player player_id="199248" player_name="Borja Mayoral">6</Player>
    <Player player_id="90400" player_name="Sergio Postigo">2</Player>
    <Player player_id="106551" player_name="Sanjin Prcic">5</Player>
    <Player player_id="194764" player_name="Emmanuel Boateng">5</Player>
  </Player>
  <Player cross_lost="5" cross_success="0" jersey_num="11" pass_lost="12" pass_success="23" player_id="165375" player_name="José Luis Morales" position="Midfielder" position_id="3" x="57.93" y="83.79">
    <Player player_id="88952" player_name="José Campaña">13</Player>
    <Player player_id="169201" player_name="Chema Rodríguez">1</Player>
    <Player player_id="55268" player_name="Coke">1</Player>
    <Player player_id="196739" player_name="Enis Bardhi">4</Player>
    <Player player_id="199248" player_name="Borja Mayoral">1</Player>
    <Player player_id="194764" player_name="Emmanuel Boateng">3</Player>
  </Player>
  <Player cross_lost="0" cross_success="0" jersey_num="6" pass_lost="4" pass_success="19" player_id="169201" player_name="Chema Rodríguez" position="Defender" position_id="2" x="35.45" y="74.40">
    <Player player_id="88952" player_name="José Campaña">2</Player>
    <Player player_id="163784" player_name="Jason">2</Player>
    <Player player_id="165375" player_name="José Luis Morales">3</Player>
    <Player player_id="55268" player_name="Coke">1</Player>
    <Player player_id="196739" player_name="Enis Bardhi">2</Player>
    <Player player_id="199248" player_name="Borja Mayoral">2</Player>
    <Player player_id="49442" player_name="Oier Olazábal">2</Player>
    <Player player_id="106551" player_name="Sanjin Prcic">1</Player>
    <Player player_id="90400" player_name="Sergio Postigo">2</Player>
    <Player player_id="194764" player_name="Emmanuel Boateng">2</Player>
  </Player>
  <Player cross_lost="0" cross_success="0" jersey_num="12" pass_lost="0" pass_success="5" player_id="55268" player_name="Coke" position="Substitute" position_id="5" sub_on="77" x="37.95" y="82.30">
    <Player player_id="88952" player_name="José Campaña">3</Player>
    <Player player_id="165375" player_name="José Luis Morales">2</Player>
  </Player>
  <Player cross_lost="1" cross_success="0" jersey_num="7" pass_lost="0" pass_success="0" player_id="181441" player_name="Moses Simon" position="Substitute" position_id="5" sub_on="90+1" x="73.57" y="21.92" />
  <Player cross_lost="0" cross_success="0" jersey_num="9" pass_lost="0" pass_success="0" player_id="109702" player_name="Roger Martí" position="Substitute" position_id="5" sub_on="84" x="69.80" y="40.10" />
  <Player cross_lost="4" cross_success="0" jersey_num="10" pass_lost="8" pass_success="40" player_id="196739" player_name="Enis Bardhi" position="Midfielder" position_id="3" x="57.83" y="43.72">
    <Player player_id="163784" player_name="Jason">12</Player>
    <Player player_id="88952" player_name="José Campaña">8</Player>
    <Player player_id="169201" player_name="Chema Rodríguez">1</Player>
    <Player player_id="165375" player_name="José Luis Morales">1</Player>
    <Player player_id="55268" player_name="Coke">1</Player>
    <Player player_id="181441" player_name="Moses Simon">1</Player>
    <Player player_id="220093" player_name="Rober Pier">2</Player>
    <Player player_id="199248" player_name="Borja Mayoral">6</Player>
    <Player player_id="106551" player_name="Sanjin Prcic">4</Player>
    <Player player_id="90400" player_name="Sergio Postigo">2</Player>
    <Player player_id="194764" player_name="Emmanuel Boateng">2</Player>
  </Player>
  <Player cross_lost="0" cross_success="0" jersey_num="4" pass_lost="8" pass_success="24" player_id="220093" player_name="Rober Pier" position="Defender" position_id="2" x="37.14" y="26.70">
    <Player player_id="88952" player_name="José Campaña">2</Player>
    <Player player_id="163784" player_name="Jason">3</Player>
    <Player player_id="169201" player_name="Chema Rodríguez">1</Player>
    <Player player_id="196739" player_name="Enis Bardhi">2</Player>
    <Player player_id="199248" player_name="Borja Mayoral">4</Player>
    <Player player_id="49442" player_name="Oier Olazábal">1</Player>
    <Player player_id="90400" player_name="Sergio Postigo">3</Player>
    <Player player_id="106551" player_name="Sanjin Prcic">4</Player>
    <Player player_id="194764" player_name="Emmanuel Boateng">4</Player>
  </Player>
  <Player cross_lost="0" cross_success="0" jersey_num="2" pass_lost="4" pass_success="24" player_id="199248" player_name="Borja Mayoral" position="Forward" position_id="4" sub_off="77" x="59.71" y="47.74">
    <Player player_id="88952" player_name="José Campaña">8</Player>
    <Player player_id="163784" player_name="Jason">4</Player>
    <Player player_id="165375" player_name="José Luis Morales">4</Player>
    <Player player_id="196739" player_name="Enis Bardhi">6</Player>
    <Player player_id="106551" player_name="Sanjin Prcic">1</Player>
    <Player player_id="194764" player_name="Emmanuel Boateng">1</Player>
  </Player>
  <Player cross_lost="0" cross_success="0" jersey_num="13" pass_lost="12" pass_success="12" player_id="49442" player_name="Oier Olazábal" position="Goalkeeper" position_id="1" x="9.54" y="54.59">
    <Player player_id="88952" player_name="José Campaña">2</Player>
    <Player player_id="163784" player_name="Jason">1</Player>
    <Player player_id="165375" player_name="José Luis Morales">2</Player>
    <Player player_id="169201" player_name="Chema Rodríguez">2</Player>
    <Player player_id="220093" player_name="Rober Pier">2</Player>
    <Player player_id="90400" player_name="Sergio Postigo">1</Player>
    <Player player_id="194764" player_name="Emmanuel Boateng">1</Player>
  </Player>
  <Player cross_lost="0" cross_success="0" jersey_num="8" pass_lost="5" pass_success="30" player_id="106551" player_name="Sanjin Prcic" position="Midfielder" position_id="3" sub_off="84" x="46.64" y="50.26">
    <Player player_id="88952" player_name="José Campaña">3</Player>
    <Player player_id="169201" player_name="Chema Rodríguez">4</Player>
    <Player player_id="165375" player_name="José Luis Morales">4</Player>
    <Player player_id="196739" player_name="Enis Bardhi">4</Player>
    <Player player_id="220093" player_name="Rober Pier">3</Player>
    <Player player_id="199248" player_name="Borja Mayoral">4</Player>
    <Player player_id="90400" player_name="Sergio Postigo">4</Player>
    <Player player_id="163784" player_name="Jason">2</Player>
    <Player player_id="55268" player_name="Coke">1</Player>
    <Player player_id="194764" player_name="Emmanuel Boateng">1</Player>
  </Player>
  <Player cross_lost="0" cross_success="0" jersey_num="15" pass_lost="5" pass_success="20" player_id="90400" player_name="Sergio Postigo" position="Defender" position_id="2" x="35.15" y="47.62">
    <Player player_id="163784" player_name="Jason">1</Player>
    <Player player_id="88952" player_name="José Campaña">3</Player>
    <Player player_id="169201" player_name="Chema Rodríguez">3</Player>
    <Player player_id="55268" player_name="Coke">1</Player>
    <Player player_id="196739" player_name="Enis Bardhi">5</Player>
    <Player player_id="220093" player_name="Rober Pier">2</Player>
    <Player player_id="49442" player_name="Oier Olazábal">1</Player>
    <Player player_id="106551" player_name="Sanjin Prcic">2</Player>
    <Player player_id="194764" player_name="Emmanuel Boateng">2</Player>
  </Player>
  <Player cross_lost="1" cross_success="0" jersey_num="21" pass_lost="4" pass_success="17" player_id="194764" player_name="Emmanuel Boateng" position="Forward" position_id="4" x="68.57" y="50.91">
    <Player player_id="163784" player_name="Jason">2</Player>
    <Player player_id="88952" player_name="José Campaña">6</Player>
    <Player player_id="165375" player_name="José Luis Morales">5</Player>
    <Player player_id="196739" player_name="Enis Bardhi">3</Player>
    <Player player_id="199248" player_name="Borja Mayoral">1</Player>
  </Player>
</SoccerFeed>