﻿<?xml version="1.0" encoding="UTF-8"?>
<!-- Copyright 2001-2019 Opta Sportsdata Ltd. All rights reserved. -->
<!-- PRODUCTION HEADER
     produced on:        valde-jobq-a04.nexus.opta.net
     production time:    20190204T175314,48Z
     production module:  Opta::Feed::XML::Soccer::F27
-->
<SoccerFeed act_minute="93" act_period="2" act_second="10" away_team_id="177" away_team_name="Espanyol" competition_id="23" competition_name="Spanish La Liga" game_date="2019-02-03 11:00:00" game_id="1009533" home_team_id="449" home_team_name="Villarreal" season_id="2018" season_name="Season 2018/2019" team_id="449" team_name="Villarreal">
  <Player cross_lost="0" cross_success="0" jersey_num="2" pass_lost="1" pass_success="1" player_id="76610" player_name="Mario Gaspar" position="Substitute" position_id="5" sub_on="88" x="89.00" y="41.35">
    <Player player_id="19524" player_name="Santi Cazorla">1</Player>
  </Player>
  <Player cross_lost="0" cross_success="0" jersey_num="3" pass_lost="8" pass_success="20" player_id="96084" player_name="Álvaro González" position="Defender" position_id="2" x="41.03" y="22.34">
    <Player player_id="48772" player_name="Sergio Asenjo">3</Player>
    <Player player_id="93721" player_name="Gerard Moreno">1</Player>
    <Player player_id="54513" player_name="Vicente Iborra">1</Player>
    <Player player_id="217593" player_name="Pablo Fornals">1</Player>
    <Player player_id="7261" player_name="Daniele Bonera">3</Player>
    <Player player_id="208380" player_name="Alfonso Pedraza">1</Player>
    <Player player_id="220162" player_name="Miguelón">6</Player>
    <Player player_id="193454" player_name="Karl Toko Ekambi">4</Player>
  </Player>
  <Player cross_lost="4" cross_success="3" jersey_num="19" pass_lost="9" pass_success="37" player_id="19524" player_name="Santi Cazorla" position="Midfielder" position_id="3" x="51.04" y="59.17">
    <Player player_id="76610" player_name="Mario Gaspar">1</Player>
    <Player cross="2" player_id="93721" player_name="Gerard Moreno">6</Player>
    <Player player_id="54513" player_name="Vicente Iborra">2</Player>
    <Player player_id="217593" player_name="Pablo Fornals">4</Player>
    <Player player_id="193454" player_name="Karl Toko Ekambi">3</Player>
    <Player player_id="218328" player_name="Samuel Chukwueze">1</Player>
    <Player cross="1" player_id="96084" player_name="Álvaro González">4</Player>
    <Player player_id="208380" player_name="Alfonso Pedraza">12</Player>
    <Player player_id="7261" player_name="Daniele Bonera">2</Player>
    <Player player_id="121221" player_name="Ramiro Funes Mori">2</Player>
  </Player>
  <Player cross_lost="0" cross_success="0" jersey_num="1" pass_lost="8" pass_success="4" player_id="48772" player_name="Sergio Asenjo" position="Goalkeeper" position_id="1" x="8.82" y="46.22">
    <Player player_id="93721" player_name="Gerard Moreno">1</Player>
    <Player player_id="54513" player_name="Vicente Iborra">1</Player>
    <Player player_id="220162" player_name="Miguelón">1</Player>
    <Player player_id="121221" player_name="Ramiro Funes Mori">1</Player>
  </Player>
  <Player cross_lost="0" cross_success="0" jersey_num="9" pass_lost="1" pass_success="4" player_id="111274" player_name="Carlos Bacca" position="Substitute" position_id="5" sub_on="74" x="52.88" y="62.88">
    <Player player_id="54513" player_name="Vicente Iborra">3</Player>
    <Player player_id="218328" player_name="Samuel Chukwueze">1</Player>
  </Player>
  <Player cross_lost="0" cross_success="0" jersey_num="7" pass_lost="10" pass_success="16" player_id="93721" player_name="Gerard Moreno" position="Forward" position_id="4" x="58.68" y="48.76">
    <Player player_id="19524" player_name="Santi Cazorla">1</Player>
    <Player player_id="217593" player_name="Pablo Fornals">3</Player>
    <Player player_id="208380" player_name="Alfonso Pedraza">4</Player>
    <Player player_id="220162" player_name="Miguelón">4</Player>
    <Player player_id="121221" player_name="Ramiro Funes Mori">1</Player>
    <Player player_id="193454" player_name="Karl Toko Ekambi">3</Player>
  </Player>
  <Player cross_lost="0" cross_success="0" jersey_num="10" pass_lost="9" pass_success="33" player_id="54513" player_name="Vicente Iborra" position="Midfielder" position_id="3" x="44.49" y="57.29">
    <Player player_id="96084" player_name="Álvaro González">1</Player>
    <Player player_id="19524" player_name="Santi Cazorla">9</Player>
    <Player player_id="111274" player_name="Carlos Bacca">1</Player>
    <Player player_id="93721" player_name="Gerard Moreno">3</Player>
    <Player player_id="7261" player_name="Daniele Bonera">4</Player>
    <Player player_id="217593" player_name="Pablo Fornals">3</Player>
    <Player player_id="208380" player_name="Alfonso Pedraza">7</Player>
    <Player player_id="220162" player_name="Miguelón">3</Player>
    <Player player_id="193454" player_name="Karl Toko Ekambi">1</Player>
    <Player player_id="121221" player_name="Ramiro Funes Mori">1</Player>
  </Player>
  <Player cross_lost="0" cross_success="0" jersey_num="23" pass_lost="2" pass_success="22" player_id="7261" player_name="Daniele Bonera" position="Defender" position_id="2" x="27.57" y="53.30">
    <Player player_id="96084" player_name="Álvaro González">5</Player>
    <Player player_id="19524" player_name="Santi Cazorla">5</Player>
    <Player player_id="48772" player_name="Sergio Asenjo">2</Player>
    <Player player_id="93721" player_name="Gerard Moreno">2</Player>
    <Player player_id="54513" player_name="Vicente Iborra">1</Player>
    <Player player_id="208380" player_name="Alfonso Pedraza">1</Player>
    <Player player_id="217593" player_name="Pablo Fornals">1</Player>
    <Player player_id="121221" player_name="Ramiro Funes Mori">5</Player>
  </Player>
  <Player cross_lost="2" cross_success="0" jersey_num="8" pass_lost="7" pass_success="21" player_id="217593" player_name="Pablo Fornals" position="Forward" position_id="4" sub_off="83" x="63.03" y="74.90">
    <Player player_id="19524" player_name="Santi Cazorla">6</Player>
    <Player player_id="54513" player_name="Vicente Iborra">2</Player>
    <Player player_id="208380" player_name="Alfonso Pedraza">10</Player>
    <Player player_id="193454" player_name="Karl Toko Ekambi">1</Player>
    <Player player_id="121221" player_name="Ramiro Funes Mori">2</Player>
  </Player>
  <Player cross_lost="5" cross_success="0" jersey_num="16" pass_lost="12" pass_success="27" player_id="208380" player_name="Alfonso Pedraza" position="Midfielder" position_id="3" x="56.82" y="88.29">
    <Player player_id="19524" player_name="Santi Cazorla">6</Player>
    <Player player_id="93721" player_name="Gerard Moreno">3</Player>
    <Player player_id="54513" player_name="Vicente Iborra">5</Player>
    <Player player_id="217593" player_name="Pablo Fornals">8</Player>
    <Player player_id="121221" player_name="Ramiro Funes Mori">4</Player>
    <Player player_id="193454" player_name="Karl Toko Ekambi">1</Player>
  </Player>
  <Player cross_lost="3" cross_success="0" jersey_num="15" pass_lost="3" pass_success="9" player_id="220162" player_name="Miguelón" position="Midfielder" position_id="3" sub_off="88" x="45.70" y="18.32">
    <Player player_id="96084" player_name="Álvaro González">3</Player>
    <Player player_id="93721" player_name="Gerard Moreno">1</Player>
    <Player player_id="54513" player_name="Vicente Iborra">2</Player>
    <Player player_id="7261" player_name="Daniele Bonera">1</Player>
    <Player player_id="217593" player_name="Pablo Fornals">2</Player>
  </Player>
  <Player cross_lost="1" cross_success="0" jersey_num="17" pass_lost="0" pass_success="8" player_id="193454" player_name="Karl Toko Ekambi" position="Forward" position_id="4" sub_off="74" x="72.97" y="60.87">
    <Player player_id="19524" player_name="Santi Cazorla">4</Player>
    <Player player_id="93721" player_name="Gerard Moreno">3</Player>
    <Player player_id="54513" player_name="Vicente Iborra">1</Player>
  </Player>
  <Player cross_lost="0" cross_success="0" jersey_num="4" pass_lost="9" pass_success="20" player_id="121221" player_name="Ramiro Funes Mori" position="Defender" position_id="2" x="36.82" y="75.20">
    <Player player_id="96084" player_name="Álvaro González">2</Player>
    <Player player_id="19524" player_name="Santi Cazorla">2</Player>
    <Player player_id="111274" player_name="Carlos Bacca">1</Player>
    <Player player_id="54513" player_name="Vicente Iborra">2</Player>
    <Player player_id="217593" player_name="Pablo Fornals">3</Player>
    <Player player_id="7261" player_name="Daniele Bonera">4</Player>
    <Player player_id="208380" player_name="Alfonso Pedraza">4</Player>
    <Player player_id="220162" player_name="Miguelón">1</Player>
    <Player player_id="193454" player_name="Karl Toko Ekambi">1</Player>
  </Player>
  <Player cross_lost="0" cross_success="0" jersey_num="30" pass_lost="0" pass_success="1" player_id="218328" player_name="Samuel Chukwueze" position="Substitute" position_id="5" sub_on="83" x="72.93" y="36.50">
    <Player player_id="76610" player_name="Mario Gaspar">1</Player>
  </Player>
</SoccerFeed>