﻿<?xml version="1.0" encoding="UTF-8"?>
<!-- Copyright 2001-2018 Opta Sportsdata Ltd. All rights reserved. -->
<!-- PRODUCTION HEADER
     produced on:        valde-jobq-a04.nexus.opta.net
     production time:    20180828T175406,962Z
     production module:  Opta::Feed::XML::Soccer::F27
-->
<SoccerFeed act_minute="94" act_period="2" act_second="7" away_team_id="186" away_team_name="Real Madrid" competition_id="23" competition_name="Spanish La Liga" game_date="2018-08-26 21:15:00" game_id="1009330" home_team_id="2893" home_team_name="Girona" season_id="2018" season_name="Season 2018/2019" team_id="2893" team_name="Girona">
  <Player cross_lost="0" cross_success="0" jersey_num="2" pass_lost="5" pass_success="32" player_id="55317" player_name="Bernardo Espinosa" position="Defender" position_id="2" x="29.10" y="63.35">
    <Player player_id="178871" player_name="Aleix García">3</Player>
    <Player player_id="90407" player_name="David Timor">3</Player>
    <Player player_id="120026" player_name="Bono">3</Player>
    <Player player_id="63119" player_name="Juanpe">6</Player>
    <Player player_id="139472" player_name="Álex Granell">4</Player>
    <Player player_id="87713" player_name="Aday Benítez">1</Player>
    <Player player_id="63904" player_name="Borja García">2</Player>
    <Player player_id="61595" player_name="Marc Muniesa">10</Player>
  </Player>
  <Player cross_lost="0" cross_success="0" jersey_num="19" pass_lost="3" pass_success="13" player_id="104448" player_name="Anthony Lozano" position="Forward" position_id="4" sub_off="58" x="68.44" y="46.76">
    <Player player_id="441164" player_name="Pedro Porro">1</Player>
    <Player player_id="90407" player_name="David Timor">3</Player>
    <Player player_id="131411" player_name="Pere Pons">2</Player>
    <Player player_id="88550" player_name="Portu">3</Player>
    <Player player_id="63904" player_name="Borja García">3</Player>
    <Player player_id="61595" player_name="Marc Muniesa">1</Player>
  </Player>
  <Player cross_lost="2" cross_success="0" jersey_num="23" pass_lost="2" pass_success="13" player_id="178871" player_name="Aleix García" position="Substitute" position_id="5" sub_on="71" x="47.40" y="80.02">
    <Player player_id="55317" player_name="Bernardo Espinosa">3</Player>
    <Player player_id="120026" player_name="Bono">1</Player>
    <Player player_id="90407" player_name="David Timor">3</Player>
    <Player player_id="139472" player_name="Álex Granell">1</Player>
    <Player player_id="88550" player_name="Portu">1</Player>
    <Player player_id="87713" player_name="Aday Benítez">1</Player>
    <Player player_id="63904" player_name="Borja García">1</Player>
    <Player player_id="61595" player_name="Marc Muniesa">2</Player>
  </Player>
  <Player cross_lost="2" cross_success="1" jersey_num="29" pass_lost="10" pass_success="24" player_id="441164" player_name="Pedro Porro" position="Defender" position_id="2" sub_off="79" x="36.86" y="14.91">
    <Player player_id="120026" player_name="Bono">3</Player>
    <Player player_id="131411" player_name="Pere Pons">1</Player>
    <Player cross="1" player_id="139472" player_name="Álex Granell">1</Player>
    <Player player_id="63904" player_name="Borja García">1</Player>
    <Player player_id="104448" player_name="Anthony Lozano">2</Player>
    <Player player_id="90407" player_name="David Timor">1</Player>
    <Player player_id="63119" player_name="Juanpe">6</Player>
    <Player player_id="88550" player_name="Portu">8</Player>
    <Player player_id="61595" player_name="Marc Muniesa">1</Player>
  </Player>
  <Player cross_lost="0" cross_success="0" jersey_num="13" pass_lost="13" pass_success="17" player_id="120026" player_name="Bono" position="Goalkeeper" position_id="1" x="8.09" y="50.27">
    <Player player_id="55317" player_name="Bernardo Espinosa">6</Player>
    <Player player_id="120026" player_name="Bono">1</Player>
    <Player player_id="131411" player_name="Pere Pons">1</Player>
    <Player player_id="139472" player_name="Álex Granell">1</Player>
    <Player player_id="63904" player_name="Borja García">1</Player>
    <Player player_id="104448" player_name="Anthony Lozano">2</Player>
    <Player player_id="90407" player_name="David Timor">1</Player>
    <Player player_id="63119" player_name="Juanpe">1</Player>
    <Player player_id="87713" player_name="Aday Benítez">1</Player>
    <Player player_id="61595" player_name="Marc Muniesa">1</Player>
    <Player player_id="49464" player_name="Cristhian Stuani">1</Player>
  </Player>
  <Player cross_lost="0" cross_success="0" jersey_num="24" pass_lost="7" pass_success="29" player_id="90407" player_name="David Timor" position="Midfielder" position_id="3" x="38.94" y="55.86">
    <Player player_id="178871" player_name="Aleix García">3</Player>
    <Player player_id="120026" player_name="Bono">2</Player>
    <Player player_id="139472" player_name="Álex Granell">7</Player>
    <Player player_id="131411" player_name="Pere Pons">1</Player>
    <Player player_id="63904" player_name="Borja García">6</Player>
    <Player player_id="104448" player_name="Anthony Lozano">1</Player>
    <Player player_id="441164" player_name="Pedro Porro">2</Player>
    <Player player_id="63119" player_name="Juanpe">1</Player>
    <Player player_id="88550" player_name="Portu">2</Player>
    <Player player_id="87713" player_name="Aday Benítez">1</Player>
    <Player player_id="61595" player_name="Marc Muniesa">2</Player>
    <Player player_id="49464" player_name="Cristhian Stuani">1</Player>
  </Player>
  <Player cross_lost="0" cross_success="0" jersey_num="15" pass_lost="5" pass_success="23" player_id="63119" player_name="Juanpe" position="Defender" position_id="2" x="29.98" y="28.16">
    <Player player_id="104448" player_name="Anthony Lozano">1</Player>
    <Player player_id="55317" player_name="Bernardo Espinosa">7</Player>
    <Player player_id="441164" player_name="Pedro Porro">2</Player>
    <Player player_id="90407" player_name="David Timor">1</Player>
    <Player player_id="120026" player_name="Bono">4</Player>
    <Player player_id="139472" player_name="Álex Granell">2</Player>
    <Player player_id="131411" player_name="Pere Pons">1</Player>
    <Player player_id="88550" player_name="Portu">2</Player>
    <Player player_id="63904" player_name="Borja García">2</Player>
    <Player player_id="61595" player_name="Marc Muniesa">1</Player>
  </Player>
  <Player cross_lost="0" cross_success="0" jersey_num="8" pass_lost="2" pass_success="10" player_id="131411" player_name="Pere Pons" position="Midfielder" position_id="3" sub_off="71" x="43.59" y="36.18">
    <Player player_id="104448" player_name="Anthony Lozano">1</Player>
    <Player player_id="441164" player_name="Pedro Porro">4</Player>
    <Player player_id="120026" player_name="Bono">2</Player>
    <Player player_id="63119" player_name="Juanpe">1</Player>
    <Player player_id="88550" player_name="Portu">2</Player>
  </Player>
  <Player cross_lost="2" cross_success="2" jersey_num="6" pass_lost="9" pass_success="34" player_id="139472" player_name="Álex Granell" position="Midfielder" position_id="3" x="48.32" y="67.34">
    <Player player_id="55317" player_name="Bernardo Espinosa">2</Player>
    <Player player_id="63904" player_name="Borja García">8</Player>
    <Player cross="1" player_id="104448" player_name="Anthony Lozano">2</Player>
    <Player player_id="441164" player_name="Pedro Porro">2</Player>
    <Player player_id="90407" player_name="David Timor">5</Player>
    <Player player_id="63119" player_name="Juanpe">1</Player>
    <Player cross="1" player_id="88550" player_name="Portu">2</Player>
    <Player player_id="87713" player_name="Aday Benítez">4</Player>
    <Player player_id="61595" player_name="Marc Muniesa">6</Player>
    <Player player_id="49464" player_name="Cristhian Stuani">2</Player>
  </Player>
  <Player cross_lost="3" cross_success="1" jersey_num="9" pass_lost="6" pass_success="16" player_id="88550" player_name="Portu" position="Forward" position_id="4" x="60.29" y="18.16">
    <Player cross="1" player_id="104448" player_name="Anthony Lozano">3</Player>
    <Player player_id="178871" player_name="Aleix García">1</Player>
    <Player player_id="441164" player_name="Pedro Porro">8</Player>
    <Player player_id="90407" player_name="David Timor">1</Player>
    <Player player_id="139472" player_name="Álex Granell">3</Player>
  </Player>
  <Player cross_lost="2" cross_success="0" jersey_num="11" pass_lost="2" pass_success="6" player_id="87713" player_name="Aday Benítez" position="Substitute" position_id="5" sub_on="79" x="44.12" y="31.27">
    <Player player_id="55317" player_name="Bernardo Espinosa">1</Player>
    <Player player_id="178871" player_name="Aleix García">1</Player>
    <Player player_id="139472" player_name="Álex Granell">1</Player>
    <Player player_id="88550" player_name="Portu">2</Player>
    <Player player_id="63904" player_name="Borja García">1</Player>
  </Player>
  <Player cross_lost="1" cross_success="0" jersey_num="10" pass_lost="9" pass_success="29" player_id="63904" player_name="Borja García" position="Forward" position_id="4" x="57.54" y="70.73">
    <Player player_id="55317" player_name="Bernardo Espinosa">4</Player>
    <Player player_id="178871" player_name="Aleix García">2</Player>
    <Player player_id="131411" player_name="Pere Pons">1</Player>
    <Player player_id="139472" player_name="Álex Granell">7</Player>
    <Player player_id="104448" player_name="Anthony Lozano">2</Player>
    <Player player_id="90407" player_name="David Timor">4</Player>
    <Player player_id="63119" player_name="Juanpe">1</Player>
    <Player player_id="88550" player_name="Portu">2</Player>
    <Player player_id="87713" player_name="Aday Benítez">1</Player>
    <Player player_id="61595" player_name="Marc Muniesa">4</Player>
    <Player player_id="49464" player_name="Cristhian Stuani">1</Player>
  </Player>
  <Player cross_lost="1" cross_success="0" jersey_num="20" pass_lost="7" pass_success="29" player_id="61595" player_name="Marc Muniesa" position="Defender" position_id="2" x="40.27" y="81.30">
    <Player player_id="55317" player_name="Bernardo Espinosa">3</Player>
    <Player player_id="104448" player_name="Anthony Lozano">1</Player>
    <Player player_id="178871" player_name="Aleix García">4</Player>
    <Player player_id="90407" player_name="David Timor">5</Player>
    <Player player_id="120026" player_name="Bono">2</Player>
    <Player player_id="131411" player_name="Pere Pons">1</Player>
    <Player player_id="139472" player_name="Álex Granell">7</Player>
    <Player player_id="88550" player_name="Portu">1</Player>
    <Player player_id="63904" player_name="Borja García">5</Player>
  </Player>
  <Player cross_lost="0" cross_success="0" jersey_num="7" pass_lost="2" pass_success="5" player_id="49464" player_name="Cristhian Stuani" position="Substitute" position_id="5" sub_on="58" x="58.09" y="53.49">
    <Player player_id="90407" player_name="David Timor">2</Player>
    <Player player_id="139472" player_name="Álex Granell">2</Player>
    <Player player_id="61595" player_name="Marc Muniesa">1</Player>
  </Player>
</SoccerFeed>