﻿<?xml version="1.0" encoding="UTF-8"?>
<!-- Copyright 2001-2019 Opta Sportsdata Ltd. All rights reserved. -->
<!-- PRODUCTION HEADER
     produced on:        valde-jobq-a02.nexus.opta.net
     production time:    20190226T141540,573Z
     production module:  Opta::Feed::XML::Soccer::F27
-->
<SoccerFeed act_minute="92" act_period="2" act_second="57" away_team_id="188" away_team_name="Real Sociedad" competition_id="23" competition_name="Spanish La Liga" game_date="2019-02-25 20:00:00" game_id="1009561" home_team_id="2893" home_team_name="Girona" season_id="2018" season_name="Season 2018/2019" team_id="188" team_name="Real Sociedad">
  <Player cross_lost="0" cross_success="0" jersey_num="21" pass_lost="2" pass_success="2" player_id="201182" player_name="Jon Bautista" position="Substitute" position_id="5" sub_on="73" x="62.50" y="26.95">
    <Player player_id="98821" player_name="Joseba Zaldua">2</Player>
  </Player>
  <Player cross_lost="1" cross_success="0" jersey_num="8" pass_lost="11" pass_success="34" player_id="195384" player_name="Mikel Merino" position="Midfielder" position_id="3" sub_off="88" x="52.36" y="29.42">
    <Player player_id="472145" player_name="Aihen Muñoz">1</Player>
    <Player player_id="219000" player_name="Mikel Oyarzabal">8</Player>
    <Player player_id="54371" player_name="David Zurutuza">2</Player>
    <Player player_id="61814" player_name="Raúl Navas">5</Player>
    <Player player_id="216475" player_name="Igor Zubeldia">2</Player>
    <Player player_id="108438" player_name="Sandro Ramírez">3</Player>
    <Player player_id="149915" player_name="Diego Llorente">3</Player>
    <Player player_id="90328" player_name="Rubén Pardo">1</Player>
    <Player player_id="80287" player_name="Juanmi">3</Player>
    <Player player_id="98821" player_name="Joseba Zaldua">6</Player>
  </Player>
  <Player cross_lost="1" cross_success="1" jersey_num="29" pass_lost="9" pass_success="14" player_id="472145" player_name="Aihen Muñoz" position="Defender" position_id="2" x="32.85" y="80.24">
    <Player player_id="195384" player_name="Mikel Merino">1</Player>
    <Player player_id="108438" player_name="Sandro Ramírez">2</Player>
    <Player player_id="54371" player_name="David Zurutuza">4</Player>
    <Player player_id="80287" player_name="Juanmi">1</Player>
    <Player cross="1" player_id="98821" player_name="Joseba Zaldua">0</Player>
    <Player player_id="61814" player_name="Raúl Navas">4</Player>
    <Player player_id="216475" player_name="Igor Zubeldia">2</Player>
  </Player>
  <Player cross_lost="4" cross_success="0" jersey_num="24" pass_lost="6" pass_success="26" player_id="108438" player_name="Sandro Ramírez" position="Midfielder" position_id="3" x="55.79" y="65.56">
    <Player player_id="472145" player_name="Aihen Muñoz">4</Player>
    <Player player_id="195384" player_name="Mikel Merino">2</Player>
    <Player player_id="219000" player_name="Mikel Oyarzabal">4</Player>
    <Player player_id="149915" player_name="Diego Llorente">3</Player>
    <Player player_id="54371" player_name="David Zurutuza">4</Player>
    <Player player_id="80287" player_name="Juanmi">4</Player>
    <Player player_id="61814" player_name="Raúl Navas">1</Player>
    <Player player_id="216475" player_name="Igor Zubeldia">4</Player>
  </Player>
  <Player cross_lost="3" cross_success="0" jersey_num="10" pass_lost="8" pass_success="24" player_id="219000" player_name="Mikel Oyarzabal" position="Midfielder" position_id="3" x="62.24" y="21.44">
    <Player player_id="195384" player_name="Mikel Merino">10</Player>
    <Player player_id="108438" player_name="Sandro Ramírez">3</Player>
    <Player player_id="149915" player_name="Diego Llorente">1</Player>
    <Player player_id="54371" player_name="David Zurutuza">1</Player>
    <Player player_id="80287" player_name="Juanmi">2</Player>
    <Player player_id="98821" player_name="Joseba Zaldua">6</Player>
    <Player player_id="61814" player_name="Raúl Navas">1</Player>
  </Player>
  <Player cross_lost="0" cross_success="0" jersey_num="3" pass_lost="9" pass_success="63" player_id="149915" player_name="Diego Llorente" position="Defender" position_id="2" x="32.06" y="27.60">
    <Player player_id="195384" player_name="Mikel Merino">3</Player>
    <Player player_id="108438" player_name="Sandro Ramírez">3</Player>
    <Player player_id="219000" player_name="Mikel Oyarzabal">9</Player>
    <Player player_id="90328" player_name="Rubén Pardo">1</Player>
    <Player player_id="54371" player_name="David Zurutuza">9</Player>
    <Player player_id="98821" player_name="Joseba Zaldua">10</Player>
    <Player player_id="61814" player_name="Raúl Navas">11</Player>
    <Player player_id="216475" player_name="Igor Zubeldia">10</Player>
    <Player player_id="106921" player_name="Gerónimo Rulli">7</Player>
  </Player>
  <Player cross_lost="1" cross_success="0" jersey_num="14" pass_lost="2" pass_success="7" player_id="90328" player_name="Rubén Pardo" position="Substitute" position_id="5" sub_on="79" x="47.69" y="28.00">
    <Player player_id="219000" player_name="Mikel Oyarzabal">2</Player>
    <Player player_id="98821" player_name="Joseba Zaldua">4</Player>
    <Player player_id="61814" player_name="Raúl Navas">1</Player>
  </Player>
  <Player cross_lost="1" cross_success="0" jersey_num="17" pass_lost="6" pass_success="32" player_id="54371" player_name="David Zurutuza" position="Midfielder" position_id="3" sub_off="79" x="46.03" y="57.69">
    <Player player_id="472145" player_name="Aihen Muñoz">2</Player>
    <Player player_id="195384" player_name="Mikel Merino">6</Player>
    <Player player_id="108438" player_name="Sandro Ramírez">5</Player>
    <Player player_id="219000" player_name="Mikel Oyarzabal">3</Player>
    <Player player_id="149915" player_name="Diego Llorente">6</Player>
    <Player player_id="98821" player_name="Joseba Zaldua">1</Player>
    <Player player_id="61814" player_name="Raúl Navas">4</Player>
    <Player player_id="216475" player_name="Igor Zubeldia">5</Player>
  </Player>
  <Player cross_lost="1" cross_success="0" jersey_num="7" pass_lost="2" pass_success="9" player_id="80287" player_name="Juanmi" position="Forward" position_id="4" sub_off="73" x="59.88" y="53.80">
    <Player player_id="195384" player_name="Mikel Merino">2</Player>
    <Player player_id="108438" player_name="Sandro Ramírez">1</Player>
    <Player player_id="54371" player_name="David Zurutuza">3</Player>
    <Player player_id="98821" player_name="Joseba Zaldua">2</Player>
    <Player player_id="216475" player_name="Igor Zubeldia">1</Player>
  </Player>
  <Player cross_lost="2" cross_success="0" jersey_num="2" pass_lost="9" pass_success="31" player_id="98821" player_name="Joseba Zaldua" position="Defender" position_id="2" x="52.78" y="11.49">
    <Player player_id="201182" player_name="Jon Bautista">2</Player>
    <Player player_id="195384" player_name="Mikel Merino">9</Player>
    <Player player_id="108438" player_name="Sandro Ramírez">1</Player>
    <Player player_id="219000" player_name="Mikel Oyarzabal">4</Player>
    <Player player_id="149915" player_name="Diego Llorente">6</Player>
    <Player player_id="90328" player_name="Rubén Pardo">2</Player>
    <Player player_id="80287" player_name="Juanmi">2</Player>
    <Player player_id="216475" player_name="Igor Zubeldia">3</Player>
    <Player player_id="106921" player_name="Gerónimo Rulli">2</Player>
  </Player>
  <Player cross_lost="0" cross_success="0" jersey_num="22" pass_lost="5" pass_success="42" player_id="61814" player_name="Raúl Navas" position="Defender" position_id="2" x="32.96" y="65.06">
    <Player player_id="195384" player_name="Mikel Merino">2</Player>
    <Player player_id="472145" player_name="Aihen Muñoz">5</Player>
    <Player player_id="219000" player_name="Mikel Oyarzabal">1</Player>
    <Player player_id="54371" player_name="David Zurutuza">5</Player>
    <Player player_id="216475" player_name="Igor Zubeldia">5</Player>
    <Player player_id="108438" player_name="Sandro Ramírez">2</Player>
    <Player player_id="149915" player_name="Diego Llorente">12</Player>
    <Player player_id="90328" player_name="Rubén Pardo">1</Player>
    <Player player_id="80287" player_name="Juanmi">1</Player>
    <Player player_id="98821" player_name="Joseba Zaldua">1</Player>
    <Player player_id="106921" player_name="Gerónimo Rulli">7</Player>
  </Player>
  <Player cross_lost="0" cross_success="0" jersey_num="6" pass_lost="0" pass_success="0" player_id="49656" player_name="Héctor Moreno" position="Substitute" position_id="5" sub_on="88" x="13.20" y="83.80" />
  <Player cross_lost="0" cross_success="0" jersey_num="5" pass_lost="3" pass_success="45" player_id="216475" player_name="Igor Zubeldia" position="Midfielder" position_id="3" x="42.02" y="44.62">
    <Player player_id="472145" player_name="Aihen Muñoz">1</Player>
    <Player player_id="195384" player_name="Mikel Merino">5</Player>
    <Player player_id="219000" player_name="Mikel Oyarzabal">2</Player>
    <Player player_id="54371" player_name="David Zurutuza">3</Player>
    <Player player_id="61814" player_name="Raúl Navas">5</Player>
    <Player player_id="108438" player_name="Sandro Ramírez">4</Player>
    <Player player_id="149915" player_name="Diego Llorente">10</Player>
    <Player player_id="90328" player_name="Rubén Pardo">2</Player>
    <Player player_id="80287" player_name="Juanmi">1</Player>
    <Player player_id="98821" player_name="Joseba Zaldua">6</Player>
    <Player player_id="106921" player_name="Gerónimo Rulli">6</Player>
  </Player>
  <Player cross_lost="0" cross_success="0" jersey_num="1" pass_lost="10" pass_success="32" player_id="106921" player_name="Gerónimo Rulli" position="Goalkeeper" position_id="1" x="10.90" y="46.13">
    <Player player_id="201182" player_name="Jon Bautista">1</Player>
    <Player player_id="472145" player_name="Aihen Muñoz">1</Player>
    <Player player_id="195384" player_name="Mikel Merino">2</Player>
    <Player player_id="108438" player_name="Sandro Ramírez">1</Player>
    <Player player_id="149915" player_name="Diego Llorente">16</Player>
    <Player player_id="54371" player_name="David Zurutuza">2</Player>
    <Player player_id="98821" player_name="Joseba Zaldua">3</Player>
    <Player player_id="61814" player_name="Raúl Navas">3</Player>
    <Player player_id="216475" player_name="Igor Zubeldia">3</Player>
  </Player>
</SoccerFeed>