﻿<?xml version="1.0" encoding="UTF-8"?>
<!-- Copyright 2001-2019 Opta Sportsdata Ltd. All rights reserved. -->
<!-- PRODUCTION HEADER
     produced on:        valde-jobq-a04.nexus.opta.net
     production time:    20190226T141219,811Z
     production module:  Opta::Feed::XML::Soccer::F27
-->
<SoccerFeed act_minute="94" act_period="2" act_second="5" away_team_id="178" away_team_name="Barcelona" competition_id="23" competition_name="Spanish La Liga" game_date="2019-02-23 15:15:00" game_id="1009564" home_team_id="179" home_team_name="Sevilla" season_id="2018" season_name="Season 2018/2019" team_id="178" team_name="Barcelona">
  <Player cross_lost="0" cross_success="0" jersey_num="7" pass_lost="4" pass_success="39" player_id="84583" player_name="Coutinho" position="Forward" position_id="4" sub_off="79" x="58.43" y="68.35">
    <Player player_id="200402" player_name="Nélson Semedo">1</Player>
    <Player player_id="54104" player_name="Sergio Busquets">3</Player>
    <Player player_id="39336" player_name="Luis Suárez">4</Player>
    <Player player_id="34703" player_name="Ivan Rakitic">7</Player>
    <Player player_id="42565" player_name="Arturo Vidal">4</Player>
    <Player player_id="52356" player_name="Jordi Alba">10</Player>
    <Player player_id="86157" player_name="Sergi Roberto">1</Player>
    <Player player_id="19054" player_name="Lionel Messi">9</Player>
  </Player>
  <Player cross_lost="0" cross_success="0" jersey_num="3" pass_lost="10" pass_success="47" player_id="18221" player_name="Gerard Piqué" position="Defender" position_id="2" x="29.43" y="37.94">
    <Player player_id="88580" player_name="Samuel Umtiti">6</Player>
    <Player player_id="77318" player_name="Marc-André ter Stegen">9</Player>
    <Player player_id="54104" player_name="Sergio Busquets">7</Player>
    <Player player_id="39336" player_name="Luis Suárez">2</Player>
    <Player player_id="34703" player_name="Ivan Rakitic">8</Player>
    <Player player_id="219438" player_name="Ousmane Dembélé">1</Player>
    <Player player_id="42565" player_name="Arturo Vidal">4</Player>
    <Player player_id="52356" player_name="Jordi Alba">1</Player>
    <Player player_id="86157" player_name="Sergi Roberto">4</Player>
    <Player player_id="19054" player_name="Lionel Messi">5</Player>
  </Player>
  <Player cross_lost="0" cross_success="0" jersey_num="23" pass_lost="3" pass_success="42" player_id="88580" player_name="Samuel Umtiti" position="Defender" position_id="2" x="28.65" y="64.33">
    <Player player_id="84583" player_name="Coutinho">7</Player>
    <Player player_id="18221" player_name="Gerard Piqué">11</Player>
    <Player player_id="200402" player_name="Nélson Semedo">1</Player>
    <Player player_id="179271" player_name="Carles Aleñá">1</Player>
    <Player player_id="54104" player_name="Sergio Busquets">3</Player>
    <Player player_id="77318" player_name="Marc-André ter Stegen">5</Player>
    <Player player_id="34703" player_name="Ivan Rakitic">10</Player>
    <Player player_id="52356" player_name="Jordi Alba">4</Player>
  </Player>
  <Player cross_lost="0" cross_success="0" jersey_num="2" pass_lost="5" pass_success="15" player_id="200402" player_name="Nélson Semedo" position="Defender" position_id="2" sub_off="45" x="33.78" y="13.47">
    <Player player_id="18221" player_name="Gerard Piqué">3</Player>
    <Player player_id="88580" player_name="Samuel Umtiti">2</Player>
    <Player player_id="54104" player_name="Sergio Busquets">1</Player>
    <Player player_id="77318" player_name="Marc-André ter Stegen">2</Player>
    <Player player_id="39336" player_name="Luis Suárez">1</Player>
    <Player player_id="34703" player_name="Ivan Rakitic">1</Player>
    <Player player_id="42565" player_name="Arturo Vidal">2</Player>
    <Player player_id="52356" player_name="Jordi Alba">1</Player>
    <Player player_id="19054" player_name="Lionel Messi">2</Player>
  </Player>
  <Player cross_lost="0" cross_success="0" jersey_num="21" pass_lost="0" pass_success="6" player_id="179271" player_name="Carles Aleñá" position="Substitute" position_id="5" sub_on="79" x="61.71" y="63.35">
    <Player player_id="39336" player_name="Luis Suárez">1</Player>
    <Player player_id="34703" player_name="Ivan Rakitic">1</Player>
    <Player player_id="219438" player_name="Ousmane Dembélé">1</Player>
    <Player player_id="52356" player_name="Jordi Alba">2</Player>
    <Player player_id="19054" player_name="Lionel Messi">1</Player>
  </Player>
  <Player cross_lost="0" cross_success="0" jersey_num="1" pass_lost="6" pass_success="25" player_id="77318" player_name="Marc-André ter Stegen" position="Goalkeeper" position_id="1" x="8.92" y="49.49">
    <Player player_id="18221" player_name="Gerard Piqué">8</Player>
    <Player player_id="88580" player_name="Samuel Umtiti">3</Player>
    <Player player_id="84583" player_name="Coutinho">2</Player>
    <Player player_id="54104" player_name="Sergio Busquets">3</Player>
    <Player player_id="39336" player_name="Luis Suárez">1</Player>
    <Player player_id="34703" player_name="Ivan Rakitic">3</Player>
    <Player player_id="219438" player_name="Ousmane Dembélé">1</Player>
    <Player player_id="52356" player_name="Jordi Alba">1</Player>
    <Player player_id="86157" player_name="Sergi Roberto">3</Player>
  </Player>
  <Player cross_lost="0" cross_success="0" jersey_num="5" pass_lost="7" pass_success="54" player_id="54104" player_name="Sergio Busquets" position="Midfielder" position_id="3" x="43.75" y="48.19">
    <Player player_id="84583" player_name="Coutinho">8</Player>
    <Player player_id="18221" player_name="Gerard Piqué">6</Player>
    <Player player_id="179271" player_name="Carles Aleñá">1</Player>
    <Player player_id="77318" player_name="Marc-André ter Stegen">3</Player>
    <Player player_id="39336" player_name="Luis Suárez">2</Player>
    <Player player_id="42565" player_name="Arturo Vidal">4</Player>
    <Player player_id="19054" player_name="Lionel Messi">5</Player>
    <Player player_id="88580" player_name="Samuel Umtiti">6</Player>
    <Player player_id="200402" player_name="Nélson Semedo">4</Player>
    <Player player_id="34703" player_name="Ivan Rakitic">14</Player>
    <Player player_id="52356" player_name="Jordi Alba">1</Player>
  </Player>
  <Player cross_lost="1" cross_success="0" jersey_num="9" pass_lost="3" pass_success="22" player_id="39336" player_name="Luis Suárez" position="Forward" position_id="4" x="69.38" y="47.51">
    <Player player_id="84583" player_name="Coutinho">2</Player>
    <Player player_id="200402" player_name="Nélson Semedo">1</Player>
    <Player player_id="54104" player_name="Sergio Busquets">2</Player>
    <Player player_id="34703" player_name="Ivan Rakitic">2</Player>
    <Player player_id="219438" player_name="Ousmane Dembélé">4</Player>
    <Player player_id="52356" player_name="Jordi Alba">2</Player>
    <Player player_id="86157" player_name="Sergi Roberto">2</Player>
    <Player player_id="19054" player_name="Lionel Messi">7</Player>
  </Player>
  <Player cross_lost="2" cross_success="1" jersey_num="4" pass_lost="3" pass_success="83" player_id="34703" player_name="Ivan Rakitic" position="Midfielder" position_id="3" x="49.79" y="52.33">
    <Player player_id="84583" player_name="Coutinho">14</Player>
    <Player player_id="18221" player_name="Gerard Piqué">4</Player>
    <Player player_id="54104" player_name="Sergio Busquets">9</Player>
    <Player player_id="39336" player_name="Luis Suárez">5</Player>
    <Player player_id="42565" player_name="Arturo Vidal">1</Player>
    <Player player_id="86157" player_name="Sergi Roberto">5</Player>
    <Player cross="1" player_id="19054" player_name="Lionel Messi">14</Player>
    <Player player_id="88580" player_name="Samuel Umtiti">8</Player>
    <Player player_id="219438" player_name="Ousmane Dembélé">10</Player>
    <Player player_id="52356" player_name="Jordi Alba">13</Player>
  </Player>
  <Player cross_lost="5" cross_success="0" jersey_num="11" pass_lost="7" pass_success="18" player_id="219438" player_name="Ousmane Dembélé" position="Substitute" position_id="5" sub_on="45" x="70.62" y="41.18">
    <Player player_id="84583" player_name="Coutinho">1</Player>
    <Player player_id="54104" player_name="Sergio Busquets">1</Player>
    <Player player_id="179271" player_name="Carles Aleñá">1</Player>
    <Player player_id="39336" player_name="Luis Suárez">1</Player>
    <Player player_id="34703" player_name="Ivan Rakitic">3</Player>
    <Player player_id="86157" player_name="Sergi Roberto">3</Player>
    <Player player_id="19054" player_name="Lionel Messi">8</Player>
  </Player>
  <Player cross_lost="0" cross_success="0" jersey_num="22" pass_lost="5" pass_success="16" player_id="42565" player_name="Arturo Vidal" position="Midfielder" position_id="3" sub_off="45" x="41.59" y="28.21">
    <Player player_id="18221" player_name="Gerard Piqué">1</Player>
    <Player player_id="200402" player_name="Nélson Semedo">7</Player>
    <Player player_id="54104" player_name="Sergio Busquets">3</Player>
    <Player player_id="34703" player_name="Ivan Rakitic">1</Player>
    <Player player_id="19054" player_name="Lionel Messi">4</Player>
  </Player>
  <Player cross_lost="1" cross_success="1" jersey_num="18" pass_lost="10" pass_success="38" player_id="52356" player_name="Jordi Alba" position="Defender" position_id="2" x="43.14" y="82.89">
    <Player player_id="84583" player_name="Coutinho">7</Player>
    <Player player_id="88580" player_name="Samuel Umtiti">4</Player>
    <Player player_id="77318" player_name="Marc-André ter Stegen">1</Player>
    <Player player_id="54104" player_name="Sergio Busquets">4</Player>
    <Player player_id="39336" player_name="Luis Suárez">3</Player>
    <Player player_id="34703" player_name="Ivan Rakitic">11</Player>
    <Player player_id="219438" player_name="Ousmane Dembélé">2</Player>
    <Player cross="1" player_id="42565" player_name="Arturo Vidal">0</Player>
    <Player player_id="19054" player_name="Lionel Messi">6</Player>
  </Player>
  <Player cross_lost="0" cross_success="0" jersey_num="20" pass_lost="1" pass_success="25" player_id="86157" player_name="Sergi Roberto" position="Substitute" position_id="5" sub_on="45" x="44.89" y="17.07">
    <Player player_id="18221" player_name="Gerard Piqué">5</Player>
    <Player player_id="77318" player_name="Marc-André ter Stegen">1</Player>
    <Player player_id="179271" player_name="Carles Aleñá">2</Player>
    <Player player_id="54104" player_name="Sergio Busquets">2</Player>
    <Player player_id="39336" player_name="Luis Suárez">1</Player>
    <Player player_id="34703" player_name="Ivan Rakitic">7</Player>
    <Player player_id="219438" player_name="Ousmane Dembélé">6</Player>
    <Player player_id="19054" player_name="Lionel Messi">1</Player>
  </Player>
  <Player cross_lost="5" cross_success="0" jersey_num="10" pass_lost="15" pass_success="42" player_id="19054" player_name="Lionel Messi" position="Forward" position_id="4" x="66.66" y="40.94">
    <Player player_id="18221" player_name="Gerard Piqué">2</Player>
    <Player player_id="84583" player_name="Coutinho">5</Player>
    <Player player_id="179271" player_name="Carles Aleñá">1</Player>
    <Player player_id="54104" player_name="Sergio Busquets">8</Player>
    <Player player_id="39336" player_name="Luis Suárez">9</Player>
    <Player player_id="42565" player_name="Arturo Vidal">1</Player>
    <Player player_id="86157" player_name="Sergi Roberto">1</Player>
    <Player player_id="200402" player_name="Nélson Semedo">1</Player>
    <Player player_id="34703" player_name="Ivan Rakitic">8</Player>
    <Player player_id="219438" player_name="Ousmane Dembélé">3</Player>
    <Player player_id="52356" player_name="Jordi Alba">3</Player>
  </Player>
</SoccerFeed>