﻿<?xml version="1.0" encoding="UTF-8"?>
<!-- Copyright 2001-2018 Opta Sportsdata Ltd. All rights reserved. -->
<!-- PRODUCTION HEADER
     produced on:        valde-jobq-a01.nexus.opta.net
     production time:    20181112T193107,535Z
     production module:  Opta::Feed::XML::Soccer::F27
-->
<SoccerFeed act_minute="93" act_period="2" act_second="59" away_team_id="186" away_team_name="Real Madrid" competition_id="23" competition_name="Spanish La Liga" game_date="2018-11-11 19:45:00" game_id="1009428" home_team_id="176" home_team_name="Celta de Vigo" season_id="2018" season_name="Season 2018/2019" team_id="186" team_name="Real Madrid">
  <Player cross_lost="0" cross_success="0" jersey_num="24" pass_lost="4" pass_success="37" player_id="182539" player_name="Dani Ceballos" position="Substitute" position_id="5" sub_on="19" x="45.23" y="43.38">
    <Player player_id="17861" player_name="Sergio Ramos">2</Player>
    <Player player_id="44989" player_name="Toni Kroos">6</Player>
    <Player player_id="36903" player_name="Gareth Bale">2</Player>
    <Player player_id="107593" player_name="Lucas Vázquez">6</Player>
    <Player player_id="174292" player_name="Marco Asensio">1</Player>
    <Player player_id="19927" player_name="Karim Benzema">3</Player>
    <Player player_id="199249" player_name="Sergio Reguilón">2</Player>
    <Player player_id="37055" player_name="Luka Modric">11</Player>
    <Player player_id="201172" player_name="Álvaro Odriozola">3</Player>
    <Player player_id="199259" player_name="Javi Sánchez">1</Player>
  </Player>
  <Player cross_lost="0" cross_success="0" jersey_num="4" pass_lost="3" pass_success="29" player_id="17861" player_name="Sergio Ramos" position="Defender" position_id="2" x="30.00" y="68.43">
    <Player player_id="17861" player_name="Sergio Ramos">1</Player>
    <Player player_id="44989" player_name="Toni Kroos">5</Player>
    <Player player_id="36903" player_name="Gareth Bale">2</Player>
    <Player player_id="107593" player_name="Lucas Vázquez">5</Player>
    <Player player_id="19927" player_name="Karim Benzema">1</Player>
    <Player player_id="88477" player_name="Nacho">3</Player>
    <Player player_id="182539" player_name="Dani Ceballos">1</Player>
    <Player player_id="174292" player_name="Marco Asensio">1</Player>
    <Player player_id="199249" player_name="Sergio Reguilón">6</Player>
    <Player player_id="37055" player_name="Luka Modric">3</Player>
    <Player player_id="60772" player_name="Thibaut Courtois">1</Player>
  </Player>
  <Player cross_lost="2" cross_success="0" jersey_num="8" pass_lost="6" pass_success="58" player_id="44989" player_name="Toni Kroos" position="Midfielder" position_id="3" x="54.13" y="68.23">
    <Player player_id="17861" player_name="Sergio Ramos">3</Player>
    <Player player_id="36903" player_name="Gareth Bale">9</Player>
    <Player player_id="107593" player_name="Lucas Vázquez">7</Player>
    <Player player_id="19927" player_name="Karim Benzema">4</Player>
    <Player player_id="88477" player_name="Nacho">4</Player>
    <Player player_id="182539" player_name="Dani Ceballos">10</Player>
    <Player player_id="61256" player_name="Casemiro">3</Player>
    <Player player_id="174292" player_name="Marco Asensio">2</Player>
    <Player player_id="199249" player_name="Sergio Reguilón">7</Player>
    <Player player_id="37055" player_name="Luka Modric">6</Player>
    <Player player_id="201172" player_name="Álvaro Odriozola">3</Player>
  </Player>
  <Player cross_lost="3" cross_success="0" jersey_num="11" pass_lost="2" pass_success="26" player_id="36903" player_name="Gareth Bale" position="Forward" position_id="4" x="60.55" y="83.70">
    <Player player_id="182539" player_name="Dani Ceballos">1</Player>
    <Player player_id="17861" player_name="Sergio Ramos">2</Player>
    <Player player_id="44989" player_name="Toni Kroos">11</Player>
    <Player player_id="107593" player_name="Lucas Vázquez">2</Player>
    <Player player_id="19927" player_name="Karim Benzema">2</Player>
    <Player player_id="199249" player_name="Sergio Reguilón">2</Player>
    <Player player_id="37055" player_name="Luka Modric">2</Player>
    <Player player_id="88477" player_name="Nacho">4</Player>
  </Player>
  <Player cross_lost="0" cross_success="0" jersey_num="14" pass_lost="1" pass_success="10" player_id="61256" player_name="Casemiro" position="Midfielder" position_id="3" sub_off="19" x="49.69" y="38.95">
    <Player player_id="17861" player_name="Sergio Ramos">3</Player>
    <Player player_id="107593" player_name="Lucas Vázquez">1</Player>
    <Player player_id="199249" player_name="Sergio Reguilón">1</Player>
    <Player player_id="37055" player_name="Luka Modric">4</Player>
    <Player player_id="88477" player_name="Nacho">1</Player>
  </Player>
  <Player cross_lost="1" cross_success="1" jersey_num="17" pass_lost="9" pass_success="33" player_id="107593" player_name="Lucas Vázquez" position="Forward" position_id="4" x="57.40" y="37.15">
    <Player player_id="17861" player_name="Sergio Ramos">1</Player>
    <Player player_id="44989" player_name="Toni Kroos">6</Player>
    <Player cross="1" player_id="36903" player_name="Gareth Bale">1</Player>
    <Player player_id="19927" player_name="Karim Benzema">3</Player>
    <Player player_id="88477" player_name="Nacho">2</Player>
    <Player player_id="199259" player_name="Javi Sánchez">1</Player>
    <Player player_id="182539" player_name="Dani Ceballos">5</Player>
    <Player player_id="61256" player_name="Casemiro">1</Player>
    <Player player_id="37055" player_name="Luka Modric">12</Player>
    <Player player_id="201172" player_name="Álvaro Odriozola">1</Player>
  </Player>
  <Player cross_lost="0" cross_success="0" jersey_num="20" pass_lost="1" pass_success="7" player_id="174292" player_name="Marco Asensio" position="Substitute" position_id="5" sub_on="71" x="68.70" y="18.42">
    <Player player_id="19927" player_name="Karim Benzema">1</Player>
    <Player player_id="37055" player_name="Luka Modric">3</Player>
    <Player player_id="201172" player_name="Álvaro Odriozola">2</Player>
    <Player player_id="36903" player_name="Gareth Bale">1</Player>
  </Player>
  <Player cross_lost="0" cross_success="0" jersey_num="9" pass_lost="7" pass_success="22" player_id="19927" player_name="Karim Benzema" position="Forward" position_id="4" x="65.07" y="45.65">
    <Player player_id="17861" player_name="Sergio Ramos">1</Player>
    <Player player_id="182539" player_name="Dani Ceballos">2</Player>
    <Player player_id="44989" player_name="Toni Kroos">4</Player>
    <Player player_id="36903" player_name="Gareth Bale">2</Player>
    <Player player_id="174292" player_name="Marco Asensio">3</Player>
    <Player player_id="199249" player_name="Sergio Reguilón">1</Player>
    <Player player_id="88477" player_name="Nacho">1</Player>
    <Player player_id="37055" player_name="Luka Modric">5</Player>
    <Player player_id="201172" player_name="Álvaro Odriozola">3</Player>
  </Player>
  <Player cross_lost="1" cross_success="1" jersey_num="23" pass_lost="2" pass_success="17" player_id="199249" player_name="Sergio Reguilón" position="Defender" position_id="2" sub_off="45+1" x="49.89" y="82.66">
    <Player player_id="17861" player_name="Sergio Ramos">2</Player>
    <Player player_id="44989" player_name="Toni Kroos">6</Player>
    <Player player_id="36903" player_name="Gareth Bale">6</Player>
    <Player player_id="61256" player_name="Casemiro">1</Player>
    <Player cross="1" player_id="19927" player_name="Karim Benzema">1</Player>
    <Player player_id="37055" player_name="Luka Modric">1</Player>
  </Player>
  <Player cross_lost="0" cross_success="0" jersey_num="6" pass_lost="3" pass_success="27" player_id="88477" player_name="Nacho" position="Defender" position_id="2" sub_off="71" x="37.59" y="59.99">
    <Player player_id="182539" player_name="Dani Ceballos">2</Player>
    <Player player_id="17861" player_name="Sergio Ramos">4</Player>
    <Player player_id="44989" player_name="Toni Kroos">5</Player>
    <Player player_id="36903" player_name="Gareth Bale">6</Player>
    <Player player_id="61256" player_name="Casemiro">1</Player>
    <Player player_id="19927" player_name="Karim Benzema">1</Player>
    <Player player_id="201172" player_name="Álvaro Odriozola">3</Player>
    <Player player_id="60772" player_name="Thibaut Courtois">5</Player>
  </Player>
  <Player cross_lost="0" cross_success="0" jersey_num="10" pass_lost="8" pass_success="60" player_id="37055" player_name="Luka Modric" position="Midfielder" position_id="3" x="53.98" y="30.81">
    <Player player_id="17861" player_name="Sergio Ramos">2</Player>
    <Player player_id="182539" player_name="Dani Ceballos">7</Player>
    <Player player_id="44989" player_name="Toni Kroos">9</Player>
    <Player player_id="61256" player_name="Casemiro">3</Player>
    <Player player_id="107593" player_name="Lucas Vázquez">16</Player>
    <Player player_id="19927" player_name="Karim Benzema">7</Player>
    <Player player_id="199249" player_name="Sergio Reguilón">1</Player>
    <Player player_id="88477" player_name="Nacho">2</Player>
    <Player player_id="201172" player_name="Álvaro Odriozola">12</Player>
    <Player player_id="199259" player_name="Javi Sánchez">1</Player>
  </Player>
  <Player cross_lost="3" cross_success="1" jersey_num="19" pass_lost="3" pass_success="31" player_id="201172" player_name="Álvaro Odriozola" position="Defender" position_id="2" x="57.52" y="13.49">
    <Player player_id="182539" player_name="Dani Ceballos">5</Player>
    <Player player_id="44989" player_name="Toni Kroos">1</Player>
    <Player player_id="107593" player_name="Lucas Vázquez">7</Player>
    <Player player_id="174292" player_name="Marco Asensio">1</Player>
    <Player cross="1" player_id="19927" player_name="Karim Benzema">4</Player>
    <Player player_id="88477" player_name="Nacho">1</Player>
    <Player player_id="37055" player_name="Luka Modric">9</Player>
    <Player player_id="199259" player_name="Javi Sánchez">2</Player>
  </Player>
  <Player cross_lost="0" cross_success="0" jersey_num="31" pass_lost="1" pass_success="7" player_id="199259" player_name="Javi Sánchez" position="Substitute" position_id="5" sub_on="45+1" x="25.96" y="36.04">
    <Player player_id="17861" player_name="Sergio Ramos">2</Player>
    <Player player_id="44989" player_name="Toni Kroos">1</Player>
    <Player player_id="88477" player_name="Nacho">1</Player>
    <Player player_id="201172" player_name="Álvaro Odriozola">1</Player>
    <Player player_id="60772" player_name="Thibaut Courtois">2</Player>
  </Player>
  <Player cross_lost="0" cross_success="0" jersey_num="25" pass_lost="14" pass_success="14" player_id="60772" player_name="Thibaut Courtois" position="Goalkeeper" position_id="1" x="8.26" y="55.77">
    <Player player_id="182539" player_name="Dani Ceballos">2</Player>
    <Player player_id="17861" player_name="Sergio Ramos">5</Player>
    <Player player_id="36903" player_name="Gareth Bale">3</Player>
    <Player player_id="19927" player_name="Karim Benzema">2</Player>
    <Player player_id="88477" player_name="Nacho">2</Player>
  </Player>
</SoccerFeed>