﻿<?xml version="1.0" encoding="UTF-8"?>
<!-- Copyright 2001-2018 Opta Sportsdata Ltd. All rights reserved. -->
<!-- PRODUCTION HEADER
     produced on:        valde-jobq-a02.nexus.opta.net
     production time:    20181203T180428,75Z
     production module:  Opta::Feed::XML::Soccer::F27
-->
<SoccerFeed act_minute="97" act_period="2" act_second="10" away_team_id="175" away_team_name="Atlético de Madrid" competition_id="23" competition_name="Spanish La Liga" game_date="2018-12-02 15:15:00" game_id="1009452" home_team_id="2893" home_team_name="Girona" season_id="2018" season_name="Season 2018/2019" team_id="175" team_name="Atlético de Madrid">
  <Player cross_lost="4" cross_success="0" jersey_num="6" pass_lost="12" pass_success="81" player_id="77390" player_name="Koke" position="Midfielder" position_id="3" x="55.02" y="59.74">
    <Player player_id="65807" player_name="Stefan Savic">5</Player>
    <Player player_id="102383" player_name="Santiago Arias">7</Player>
    <Player player_id="167449" player_name="Thomas Lemar">10</Player>
    <Player player_id="76650" player_name="Antoine Griezmann">6</Player>
    <Player player_id="18507" player_name="Diego Costa">7</Player>
    <Player player_id="89335" player_name="Saúl Ñíguez">13</Player>
    <Player player_id="154310" player_name="Gelson Martins">1</Player>
    <Player player_id="174888" player_name="Lucas Hernández">10</Player>
    <Player player_id="220566" player_name="Rodrigo">12</Player>
    <Player player_id="167199" player_name="Thomas Partey">8</Player>
    <Player player_id="156223" player_name="Ángel Correa">2</Player>
  </Player>
  <Player cross_lost="0" cross_success="0" jersey_num="15" pass_lost="6" pass_success="40" player_id="65807" player_name="Stefan Savic" position="Defender" position_id="2" x="39.17" y="38.44">
    <Player player_id="77390" player_name="Koke">5</Player>
    <Player player_id="89335" player_name="Saúl Ñíguez">1</Player>
    <Player player_id="102383" player_name="Santiago Arias">3</Player>
    <Player player_id="81352" player_name="Jan Oblak">2</Player>
    <Player player_id="174888" player_name="Lucas Hernández">9</Player>
    <Player player_id="220566" player_name="Rodrigo">9</Player>
    <Player player_id="76650" player_name="Antoine Griezmann">2</Player>
    <Player player_id="167199" player_name="Thomas Partey">4</Player>
    <Player player_id="18507" player_name="Diego Costa">4</Player>
    <Player player_id="156223" player_name="Ángel Correa">1</Player>
  </Player>
  <Player cross_lost="6" cross_success="0" jersey_num="8" pass_lost="9" pass_success="52" player_id="89335" player_name="Saúl Ñíguez" position="Defender" position_id="2" x="56.55" y="83.47">
    <Player player_id="102383" player_name="Santiago Arias">1</Player>
    <Player player_id="167449" player_name="Thomas Lemar">10</Player>
    <Player player_id="76650" player_name="Antoine Griezmann">2</Player>
    <Player player_id="18507" player_name="Diego Costa">6</Player>
    <Player player_id="77390" player_name="Koke">15</Player>
    <Player player_id="81352" player_name="Jan Oblak">1</Player>
    <Player player_id="174888" player_name="Lucas Hernández">4</Player>
    <Player player_id="220566" player_name="Rodrigo">5</Player>
    <Player player_id="167199" player_name="Thomas Partey">5</Player>
    <Player player_id="156223" player_name="Ángel Correa">3</Player>
  </Player>
  <Player cross_lost="1" cross_success="0" jersey_num="18" pass_lost="4" pass_success="4" player_id="154310" player_name="Gelson Martins" position="Substitute" position_id="5" sub_on="74" x="69.27" y="23.96">
    <Player player_id="76650" player_name="Antoine Griezmann">1</Player>
    <Player player_id="167199" player_name="Thomas Partey">1</Player>
    <Player player_id="18507" player_name="Diego Costa">1</Player>
    <Player player_id="156223" player_name="Ángel Correa">1</Player>
  </Player>
  <Player cross_lost="0" cross_success="0" jersey_num="13" pass_lost="7" pass_success="8" player_id="81352" player_name="Jan Oblak" position="Goalkeeper" position_id="1" x="7.80" y="53.61">
    <Player player_id="89335" player_name="Saúl Ñíguez">2</Player>
    <Player player_id="65807" player_name="Stefan Savic">1</Player>
    <Player player_id="167199" player_name="Thomas Partey">1</Player>
    <Player player_id="18507" player_name="Diego Costa">4</Player>
  </Player>
  <Player cross_lost="3" cross_success="0" jersey_num="4" pass_lost="2" pass_success="29" player_id="102383" player_name="Santiago Arias" position="Defender" position_id="2" sub_off="74" x="51.29" y="15.81">
    <Player player_id="77390" player_name="Koke">7</Player>
    <Player player_id="65807" player_name="Stefan Savic">2</Player>
    <Player player_id="76650" player_name="Antoine Griezmann">5</Player>
    <Player player_id="220566" player_name="Rodrigo">10</Player>
    <Player player_id="167199" player_name="Thomas Partey">3</Player>
    <Player player_id="156223" player_name="Ángel Correa">2</Player>
  </Player>
  <Player cross_lost="0" cross_success="0" jersey_num="21" pass_lost="5" pass_success="36" player_id="174888" player_name="Lucas Hernández" position="Defender" position_id="2" x="35.05" y="68.20">
    <Player player_id="77390" player_name="Koke">10</Player>
    <Player player_id="65807" player_name="Stefan Savic">10</Player>
    <Player player_id="89335" player_name="Saúl Ñíguez">8</Player>
    <Player player_id="220566" player_name="Rodrigo">6</Player>
    <Player player_id="167199" player_name="Thomas Partey">1</Player>
    <Player player_id="18507" player_name="Diego Costa">1</Player>
  </Player>
  <Player cross_lost="5" cross_success="2" jersey_num="11" pass_lost="13" pass_success="34" player_id="167449" player_name="Thomas Lemar" position="Midfielder" position_id="3" x="58.17" y="76.99">
    <Player player_id="77390" player_name="Koke">9</Player>
    <Player player_id="65807" player_name="Stefan Savic">1</Player>
    <Player player_id="89335" player_name="Saúl Ñíguez">7</Player>
    <Player player_id="102383" player_name="Santiago Arias">1</Player>
    <Player cross="1" player_id="174888" player_name="Lucas Hernández">1</Player>
    <Player player_id="220566" player_name="Rodrigo">3</Player>
    <Player cross="1" player_id="76650" player_name="Antoine Griezmann">4</Player>
    <Player player_id="167199" player_name="Thomas Partey">3</Player>
    <Player player_id="18507" player_name="Diego Costa">5</Player>
  </Player>
  <Player cross_lost="0" cross_success="0" jersey_num="7" pass_lost="9" pass_success="25" player_id="76650" player_name="Antoine Griezmann" position="Forward" position_id="4" x="68.79" y="49.78">
    <Player player_id="77390" player_name="Koke">6</Player>
    <Player player_id="65807" player_name="Stefan Savic">1</Player>
    <Player player_id="89335" player_name="Saúl Ñíguez">2</Player>
    <Player player_id="154310" player_name="Gelson Martins">1</Player>
    <Player player_id="102383" player_name="Santiago Arias">2</Player>
    <Player player_id="167449" player_name="Thomas Lemar">3</Player>
    <Player player_id="220566" player_name="Rodrigo">4</Player>
    <Player player_id="167199" player_name="Thomas Partey">2</Player>
    <Player player_id="18507" player_name="Diego Costa">4</Player>
  </Player>
  <Player cross_lost="0" cross_success="0" jersey_num="14" pass_lost="2" pass_success="66" player_id="220566" player_name="Rodrigo" position="Midfielder" position_id="3" sub_off="64" x="52.63" y="53.61">
    <Player player_id="77390" player_name="Koke">10</Player>
    <Player player_id="89335" player_name="Saúl Ñíguez">7</Player>
    <Player player_id="65807" player_name="Stefan Savic">8</Player>
    <Player player_id="102383" player_name="Santiago Arias">5</Player>
    <Player player_id="174888" player_name="Lucas Hernández">7</Player>
    <Player player_id="167449" player_name="Thomas Lemar">13</Player>
    <Player player_id="76650" player_name="Antoine Griezmann">3</Player>
    <Player player_id="167199" player_name="Thomas Partey">10</Player>
    <Player player_id="18507" player_name="Diego Costa">3</Player>
  </Player>
  <Player cross_lost="1" cross_success="1" jersey_num="5" pass_lost="9" pass_success="48" player_id="167199" player_name="Thomas Partey" position="Midfielder" position_id="3" x="58.36" y="41.34">
    <Player player_id="65807" player_name="Stefan Savic">5</Player>
    <Player player_id="102383" player_name="Santiago Arias">6</Player>
    <Player player_id="167449" player_name="Thomas Lemar">6</Player>
    <Player cross="1" player_id="76650" player_name="Antoine Griezmann">4</Player>
    <Player player_id="18507" player_name="Diego Costa">1</Player>
    <Player player_id="77390" player_name="Koke">9</Player>
    <Player player_id="89335" player_name="Saúl Ñíguez">7</Player>
    <Player player_id="154310" player_name="Gelson Martins">1</Player>
    <Player player_id="220566" player_name="Rodrigo">7</Player>
    <Player player_id="156223" player_name="Ángel Correa">2</Player>
  </Player>
  <Player cross_lost="0" cross_success="0" jersey_num="19" pass_lost="7" pass_success="27" player_id="18507" player_name="Diego Costa" position="Forward" position_id="4" x="67.81" y="60.22">
    <Player player_id="77390" player_name="Koke">5</Player>
    <Player player_id="65807" player_name="Stefan Savic">1</Player>
    <Player player_id="89335" player_name="Saúl Ñíguez">5</Player>
    <Player player_id="102383" player_name="Santiago Arias">2</Player>
    <Player player_id="167449" player_name="Thomas Lemar">4</Player>
    <Player player_id="220566" player_name="Rodrigo">2</Player>
    <Player player_id="76650" player_name="Antoine Griezmann">6</Player>
    <Player player_id="167199" player_name="Thomas Partey">2</Player>
  </Player>
  <Player cross_lost="0" cross_success="0" jersey_num="10" pass_lost="1" pass_success="13" player_id="156223" player_name="Ángel Correa" position="Substitute" position_id="5" sub_on="64" x="58.51" y="25.30">
    <Player player_id="77390" player_name="Koke">4</Player>
    <Player player_id="89335" player_name="Saúl Ñíguez">1</Player>
    <Player player_id="154310" player_name="Gelson Martins">4</Player>
    <Player player_id="102383" player_name="Santiago Arias">1</Player>
    <Player player_id="167449" player_name="Thomas Lemar">1</Player>
    <Player player_id="167199" player_name="Thomas Partey">1</Player>
    <Player player_id="18507" player_name="Diego Costa">1</Player>
  </Player>
</SoccerFeed>