﻿<?xml version="1.0" encoding="UTF-8"?>
<!-- Copyright 2001-2018 Opta Sportsdata Ltd. All rights reserved. -->
<!-- PRODUCTION HEADER
     produced on:        valde-jobq-a04.nexus.opta.net
     production time:    20181129T164951,678Z
     production module:  Opta::Feed::XML::Soccer::F27
-->
<SoccerFeed act_minute="92" act_period="2" act_second="28" away_team_id="188" away_team_name="Real Sociedad" competition_id="23" competition_name="Spanish La Liga" game_date="2018-08-24 21:15:00" game_id="1009331" home_team_id="957" home_team_name="Leganés" season_id="2018" season_name="Season 2018/2019" team_id="957" team_name="Leganés">
  <Player cross_lost="0" cross_success="0" jersey_num="19" pass_lost="12" pass_success="69" player_id="54795" player_name="Ezequiel Muñoz" position="Defender" position_id="2" sub_off="84" x="35.47" y="22.63">
    <Player player_id="161030" player_name="Gerard Gumbau">3</Player>
    <Player player_id="59945" player_name="Rubén Pérez">14</Player>
    <Player player_id="53020" player_name="Dimitrios Siovas">11</Player>
    <Player player_id="47645" player_name="Juanfran">24</Player>
    <Player player_id="90483" player_name="Javier Eraso">1</Player>
    <Player player_id="16261" player_name="Iván Cuéllar">10</Player>
    <Player player_id="40380" player_name="Nabil El Zhar">3</Player>
    <Player player_id="116132" player_name="Jonathan Silva">1</Player>
    <Player player_id="148011" player_name="Diego Rolan">1</Player>
    <Player player_id="98914" player_name="Guido Carrillo">1</Player>
  </Player>
  <Player cross_lost="1" cross_success="0" jersey_num="17" pass_lost="2" pass_success="13" player_id="90483" player_name="Javier Eraso" position="Forward" position_id="4" sub_off="45" x="61.44" y="36.03">
    <Player player_id="161030" player_name="Gerard Gumbau">1</Player>
    <Player player_id="59945" player_name="Rubén Pérez">2</Player>
    <Player player_id="40380" player_name="Nabil El Zhar">2</Player>
    <Player player_id="53020" player_name="Dimitrios Siovas">4</Player>
    <Player player_id="235652" player_name="Daniel Ojeda">3</Player>
    <Player player_id="98914" player_name="Guido Carrillo">1</Player>
  </Player>
  <Player cross_lost="1" cross_success="0" jersey_num="6" pass_lost="10" pass_success="37" player_id="161030" player_name="Gerard Gumbau" position="Midfielder" position_id="3" x="50.24" y="67.48">
    <Player player_id="54795" player_name="Ezequiel Muñoz">1</Player>
    <Player player_id="59945" player_name="Rubén Pérez">5</Player>
    <Player player_id="152582" player_name="Michael Santos">1</Player>
    <Player player_id="53020" player_name="Dimitrios Siovas">7</Player>
    <Player player_id="47645" player_name="Juanfran">5</Player>
    <Player player_id="235652" player_name="Daniel Ojeda">4</Player>
    <Player player_id="90483" player_name="Javier Eraso">1</Player>
    <Player player_id="40380" player_name="Nabil El Zhar">2</Player>
    <Player player_id="116132" player_name="Jonathan Silva">8</Player>
    <Player player_id="148011" player_name="Diego Rolan">1</Player>
    <Player player_id="98914" player_name="Guido Carrillo">2</Player>
  </Player>
  <Player cross_lost="0" cross_success="0" jersey_num="1" pass_lost="10" pass_success="31" player_id="16261" player_name="Iván Cuéllar" position="Goalkeeper" position_id="1" x="13.10" y="51.87">
    <Player player_id="54795" player_name="Ezequiel Muñoz">9</Player>
    <Player player_id="161030" player_name="Gerard Gumbau">2</Player>
    <Player player_id="59945" player_name="Rubén Pérez">1</Player>
    <Player player_id="53020" player_name="Dimitrios Siovas">12</Player>
    <Player player_id="116132" player_name="Jonathan Silva">4</Player>
    <Player player_id="235652" player_name="Daniel Ojeda">1</Player>
    <Player player_id="98914" player_name="Guido Carrillo">2</Player>
  </Player>
  <Player cross_lost="0" cross_success="0" jersey_num="26" pass_lost="2" pass_success="0" player_id="234991" player_name="Youssef En-Nesyri" position="Substitute" position_id="5" sub_on="84" x="71.14" y="21.44" />
  <Player cross_lost="0" cross_success="0" jersey_num="21" pass_lost="12" pass_success="71" player_id="59945" player_name="Rubén Pérez" position="Midfielder" position_id="3" x="45.78" y="39.72">
    <Player player_id="54795" player_name="Ezequiel Muñoz">12</Player>
    <Player player_id="90483" player_name="Javier Eraso">2</Player>
    <Player player_id="161030" player_name="Gerard Gumbau">6</Player>
    <Player player_id="16261" player_name="Iván Cuéllar">1</Player>
    <Player player_id="40380" player_name="Nabil El Zhar">8</Player>
    <Player player_id="53020" player_name="Dimitrios Siovas">17</Player>
    <Player player_id="116132" player_name="Jonathan Silva">6</Player>
    <Player player_id="235652" player_name="Daniel Ojeda">2</Player>
    <Player player_id="47645" player_name="Juanfran">10</Player>
    <Player player_id="98914" player_name="Guido Carrillo">7</Player>
  </Player>
  <Player cross_lost="0" cross_success="0" jersey_num="20" pass_lost="1" pass_success="6" player_id="152582" player_name="Michael Santos" position="Substitute" position_id="5" sub_on="45" x="70.50" y="49.97">
    <Player player_id="161030" player_name="Gerard Gumbau">1</Player>
    <Player player_id="40380" player_name="Nabil El Zhar">1</Player>
    <Player player_id="116132" player_name="Jonathan Silva">1</Player>
    <Player player_id="148011" player_name="Diego Rolan">1</Player>
    <Player player_id="235652" player_name="Daniel Ojeda">1</Player>
    <Player player_id="98914" player_name="Guido Carrillo">1</Player>
  </Player>
  <Player cross_lost="1" cross_success="0" jersey_num="22" pass_lost="14" pass_success="81" player_id="53020" player_name="Dimitrios Siovas" position="Defender" position_id="2" x="37.28" y="71.76">
    <Player player_id="54795" player_name="Ezequiel Muñoz">24</Player>
    <Player player_id="161030" player_name="Gerard Gumbau">4</Player>
    <Player player_id="59945" player_name="Rubén Pérez">14</Player>
    <Player player_id="152582" player_name="Michael Santos">2</Player>
    <Player player_id="235652" player_name="Daniel Ojeda">2</Player>
    <Player player_id="16261" player_name="Iván Cuéllar">10</Player>
    <Player player_id="40380" player_name="Nabil El Zhar">2</Player>
    <Player player_id="116132" player_name="Jonathan Silva">18</Player>
    <Player player_id="148011" player_name="Diego Rolan">2</Player>
    <Player player_id="98914" player_name="Guido Carrillo">3</Player>
  </Player>
  <Player cross_lost="2" cross_success="3" jersey_num="10" pass_lost="9" pass_success="24" player_id="40380" player_name="Nabil El Zhar" position="Midfielder" position_id="3" x="67.35" y="19.74">
    <Player player_id="54795" player_name="Ezequiel Muñoz">4</Player>
    <Player player_id="90483" player_name="Javier Eraso">3</Player>
    <Player player_id="161030" player_name="Gerard Gumbau">1</Player>
    <Player player_id="59945" player_name="Rubén Pérez">2</Player>
    <Player cross="1" player_id="53020" player_name="Dimitrios Siovas">0</Player>
    <Player player_id="116132" player_name="Jonathan Silva">1</Player>
    <Player player_id="235652" player_name="Daniel Ojeda">1</Player>
    <Player player_id="47645" player_name="Juanfran">11</Player>
    <Player cross="2" player_id="98914" player_name="Guido Carrillo">1</Player>
  </Player>
  <Player cross_lost="10" cross_success="6" jersey_num="5" pass_lost="6" pass_success="47" player_id="116132" player_name="Jonathan Silva" position="Defender" position_id="2" x="54.11" y="89.46">
    <Player cross="1" player_id="54795" player_name="Ezequiel Muñoz">1</Player>
    <Player player_id="161030" player_name="Gerard Gumbau">13</Player>
    <Player player_id="234991" player_name="Youssef En-Nesyri">1</Player>
    <Player player_id="59945" player_name="Rubén Pérez">3</Player>
    <Player cross="1" player_id="152582" player_name="Michael Santos">0</Player>
    <Player player_id="53020" player_name="Dimitrios Siovas">14</Player>
    <Player cross="1" player_id="47645" player_name="Juanfran">0</Player>
    <Player player_id="235652" player_name="Daniel Ojeda">7</Player>
    <Player player_id="16261" player_name="Iván Cuéllar">2</Player>
    <Player player_id="40380" player_name="Nabil El Zhar">1</Player>
    <Player player_id="148011" player_name="Diego Rolan">1</Player>
    <Player cross="3" player_id="98914" player_name="Guido Carrillo">4</Player>
  </Player>
  <Player cross_lost="1" cross_success="0" jersey_num="4" pass_lost="1" pass_success="11" player_id="148011" player_name="Diego Rolan" position="Substitute" position_id="5" sub_on="66" x="58.56" y="59.98">
    <Player player_id="59945" player_name="Rubén Pérez">1</Player>
    <Player player_id="53020" player_name="Dimitrios Siovas">1</Player>
    <Player player_id="116132" player_name="Jonathan Silva">4</Player>
    <Player player_id="47645" player_name="Juanfran">2</Player>
    <Player player_id="98914" player_name="Guido Carrillo">3</Player>
  </Player>
  <Player cross_lost="6" cross_success="4" jersey_num="2" pass_lost="12" pass_success="43" player_id="47645" player_name="Juanfran" position="Defender" position_id="2" x="53.33" y="8.91">
    <Player player_id="54795" player_name="Ezequiel Muñoz">12</Player>
    <Player player_id="161030" player_name="Gerard Gumbau">1</Player>
    <Player player_id="234991" player_name="Youssef En-Nesyri">1</Player>
    <Player player_id="59945" player_name="Rubén Pérez">6</Player>
    <Player cross="1" player_id="235652" player_name="Daniel Ojeda">0</Player>
    <Player player_id="90483" player_name="Javier Eraso">4</Player>
    <Player player_id="16261" player_name="Iván Cuéllar">2</Player>
    <Player player_id="40380" player_name="Nabil El Zhar">17</Player>
    <Player cross="1" player_id="148011" player_name="Diego Rolan">0</Player>
    <Player cross="2" player_id="98914" player_name="Guido Carrillo">0</Player>
  </Player>
  <Player cross_lost="3" cross_success="1" jersey_num="7" pass_lost="3" pass_success="18" player_id="235652" player_name="Daniel Ojeda" position="Midfielder" position_id="3" sub_off="66" x="66.25" y="76.70">
    <Player player_id="54795" player_name="Ezequiel Muñoz">1</Player>
    <Player player_id="161030" player_name="Gerard Gumbau">2</Player>
    <Player player_id="59945" player_name="Rubén Pérez">4</Player>
    <Player cross="1" player_id="53020" player_name="Dimitrios Siovas">1</Player>
    <Player player_id="116132" player_name="Jonathan Silva">5</Player>
    <Player player_id="47645" player_name="Juanfran">1</Player>
    <Player player_id="98914" player_name="Guido Carrillo">4</Player>
  </Player>
  <Player cross_lost="0" cross_success="0" jersey_num="9" pass_lost="12" pass_success="23" player_id="98914" player_name="Guido Carrillo" position="Forward" position_id="4" x="70.49" y="54.13">
    <Player player_id="54795" player_name="Ezequiel Muñoz">1</Player>
    <Player player_id="161030" player_name="Gerard Gumbau">3</Player>
    <Player player_id="234991" player_name="Youssef En-Nesyri">1</Player>
    <Player player_id="59945" player_name="Rubén Pérez">3</Player>
    <Player player_id="152582" player_name="Michael Santos">2</Player>
    <Player player_id="53020" player_name="Dimitrios Siovas">1</Player>
    <Player player_id="235652" player_name="Daniel Ojeda">3</Player>
    <Player player_id="90483" player_name="Javier Eraso">1</Player>
    <Player player_id="40380" player_name="Nabil El Zhar">3</Player>
    <Player player_id="116132" player_name="Jonathan Silva">3</Player>
    <Player player_id="148011" player_name="Diego Rolan">2</Player>
  </Player>
</SoccerFeed>