﻿<?xml version="1.0" encoding="UTF-8"?>
<!-- Copyright 2001-2018 Opta Sportsdata Ltd. All rights reserved. -->
<!-- PRODUCTION HEADER
     produced on:        valde-jobq-a02.nexus.opta.net
     production time:    20181023T112608,992Z
     production module:  Opta::Feed::XML::Soccer::F27
-->
<SoccerFeed act_minute="100" act_period="2" act_second="5" away_team_id="177" away_team_name="Espanyol" competition_id="23" competition_name="Spanish La Liga" game_date="2018-10-21 17:30:00" game_id="1009401" home_team_id="2894" home_team_name="Huesca" season_id="2018" season_name="Season 2018/2019" team_id="177" team_name="Espanyol">
  <Player cross_lost="0" cross_success="0" jersey_num="12" pass_lost="17" pass_success="20" player_id="59790" player_name="Dídac Vilá" position="Defender" position_id="2" x="42.71" y="83.18">
    <Player player_id="51271" player_name="Pablo Piatti">1</Player>
    <Player player_id="46998" player_name="Esteban Granero">1</Player>
    <Player player_id="213431" player_name="Mario Hermoso">6</Player>
    <Player player_id="202044" player_name="Borja Iglesias">3</Player>
    <Player player_id="17679" player_name="Sergio García">4</Player>
    <Player player_id="234370" player_name="Marc Roca">5</Player>
  </Player>
  <Player cross_lost="0" cross_success="0" jersey_num="11" pass_lost="3" pass_success="1" player_id="109269" player_name="Leo Baptistao" position="Substitute" position_id="5" sub_on="74" x="52.57" y="74.81">
    <Player player_id="234370" player_name="Marc Roca">1</Player>
  </Player>
  <Player cross_lost="0" cross_success="0" jersey_num="15" pass_lost="6" pass_success="50" player_id="11129" player_name="David López" position="Defender" position_id="2" x="33.96" y="31.84">
    <Player player_id="59790" player_name="Dídac Vilá">1</Player>
    <Player player_id="46998" player_name="Esteban Granero">3</Player>
    <Player player_id="213431" player_name="Mario Hermoso">10</Player>
    <Player player_id="16021" player_name="Diego López">4</Player>
    <Player player_id="243718" player_name="Óscar Melendo">1</Player>
    <Player player_id="73109" player_name="Hernán Pérez">1</Player>
    <Player player_id="49267" player_name="Víctor Sánchez">6</Player>
    <Player player_id="202044" player_name="Borja Iglesias">2</Player>
    <Player player_id="17679" player_name="Sergio García">1</Player>
    <Player player_id="234370" player_name="Marc Roca">15</Player>
    <Player player_id="78333" player_name="Javi López">6</Player>
  </Player>
  <Player cross_lost="0" cross_success="1" jersey_num="19" pass_lost="1" pass_success="9" player_id="51271" player_name="Pablo Piatti" position="Substitute" position_id="5" sub_on="66" x="60.08" y="47.75">
    <Player player_id="109269" player_name="Leo Baptistao">4</Player>
    <Player player_id="46998" player_name="Esteban Granero">1</Player>
    <Player player_id="213431" player_name="Mario Hermoso">1</Player>
    <Player player_id="49267" player_name="Víctor Sánchez">2</Player>
    <Player cross="1" player_id="234370" player_name="Marc Roca">0</Player>
    <Player player_id="78333" player_name="Javi López">1</Player>
  </Player>
  <Player cross_lost="3" cross_success="1" jersey_num="23" pass_lost="2" pass_success="34" player_id="46998" player_name="Esteban Granero" position="Midfielder" position_id="3" x="48.76" y="63.80">
    <Player player_id="59790" player_name="Dídac Vilá">6</Player>
    <Player player_id="213431" player_name="Mario Hermoso">5</Player>
    <Player player_id="73109" player_name="Hernán Pérez">2</Player>
    <Player cross="1" player_id="11129" player_name="David López">2</Player>
    <Player player_id="51271" player_name="Pablo Piatti">1</Player>
    <Player player_id="49267" player_name="Víctor Sánchez">2</Player>
    <Player player_id="202044" player_name="Borja Iglesias">3</Player>
    <Player player_id="17679" player_name="Sergio García">4</Player>
    <Player player_id="234370" player_name="Marc Roca">7</Player>
    <Player player_id="78333" player_name="Javi López">2</Player>
  </Player>
  <Player cross_lost="0" cross_success="0" jersey_num="22" pass_lost="10" pass_success="47" player_id="213431" player_name="Mario Hermoso" position="Defender" position_id="2" x="31.50" y="68.33">
    <Player player_id="59790" player_name="Dídac Vilá">7</Player>
    <Player player_id="11129" player_name="David López">16</Player>
    <Player player_id="51271" player_name="Pablo Piatti">2</Player>
    <Player player_id="46998" player_name="Esteban Granero">7</Player>
    <Player player_id="49267" player_name="Víctor Sánchez">1</Player>
    <Player player_id="202044" player_name="Borja Iglesias">1</Player>
    <Player player_id="17679" player_name="Sergio García">5</Player>
    <Player player_id="234370" player_name="Marc Roca">5</Player>
    <Player player_id="16021" player_name="Diego López">2</Player>
    <Player player_id="78333" player_name="Javi López">1</Player>
  </Player>
  <Player cross_lost="0" cross_success="0" jersey_num="4" pass_lost="7" pass_success="31" player_id="49267" player_name="Víctor Sánchez" position="Midfielder" position_id="3" x="45.64" y="33.07">
    <Player player_id="11129" player_name="David López">12</Player>
    <Player player_id="51271" player_name="Pablo Piatti">2</Player>
    <Player player_id="46998" player_name="Esteban Granero">3</Player>
    <Player player_id="213431" player_name="Mario Hermoso">1</Player>
    <Player player_id="202044" player_name="Borja Iglesias">3</Player>
    <Player player_id="17679" player_name="Sergio García">2</Player>
    <Player player_id="78333" player_name="Javi López">6</Player>
    <Player player_id="73109" player_name="Hernán Pérez">2</Player>
  </Player>
  <Player cross_lost="0" cross_success="0" jersey_num="7" pass_lost="8" pass_success="11" player_id="202044" player_name="Borja Iglesias" position="Forward" position_id="4" sub_off="88" x="60.86" y="44.00">
    <Player player_id="46998" player_name="Esteban Granero">1</Player>
    <Player player_id="49267" player_name="Víctor Sánchez">3</Player>
    <Player player_id="17679" player_name="Sergio García">1</Player>
    <Player player_id="234370" player_name="Marc Roca">4</Player>
    <Player player_id="78333" player_name="Javi López">1</Player>
    <Player player_id="73109" player_name="Hernán Pérez">1</Player>
  </Player>
  <Player cross_lost="1" cross_success="0" jersey_num="9" pass_lost="11" pass_success="11" player_id="17679" player_name="Sergio García" position="Forward" position_id="4" sub_off="74" x="55.61" y="70.62">
    <Player player_id="59790" player_name="Dídac Vilá">4</Player>
    <Player player_id="46998" player_name="Esteban Granero">2</Player>
    <Player player_id="213431" player_name="Mario Hermoso">1</Player>
    <Player player_id="73109" player_name="Hernán Pérez">2</Player>
    <Player player_id="78333" player_name="Javi López">2</Player>
  </Player>
  <Player cross_lost="0" cross_success="0" jersey_num="21" pass_lost="5" pass_success="46" player_id="234370" player_name="Marc Roca" position="Midfielder" position_id="3" x="43.46" y="55.95">
    <Player player_id="59790" player_name="Dídac Vilá">4</Player>
    <Player player_id="11129" player_name="David López">6</Player>
    <Player player_id="46998" player_name="Esteban Granero">7</Player>
    <Player player_id="213431" player_name="Mario Hermoso">11</Player>
    <Player player_id="49267" player_name="Víctor Sánchez">8</Player>
    <Player player_id="202044" player_name="Borja Iglesias">6</Player>
    <Player player_id="16021" player_name="Diego López">1</Player>
    <Player player_id="78333" player_name="Javi López">1</Player>
    <Player player_id="73109" player_name="Hernán Pérez">2</Player>
  </Player>
  <Player cross_lost="0" cross_success="0" jersey_num="13" pass_lost="5" pass_success="18" player_id="16021" player_name="Diego López" position="Goalkeeper" position_id="1" x="6.79" y="48.11">
    <Player player_id="59790" player_name="Dídac Vilá">3</Player>
    <Player player_id="11129" player_name="David López">8</Player>
    <Player player_id="213431" player_name="Mario Hermoso">4</Player>
    <Player player_id="202044" player_name="Borja Iglesias">1</Player>
    <Player player_id="234370" player_name="Marc Roca">1</Player>
    <Player player_id="78333" player_name="Javi López">1</Player>
  </Player>
  <Player cross_lost="0" cross_success="0" jersey_num="14" pass_lost="0" pass_success="3" player_id="243718" player_name="Óscar Melendo" position="Substitute" position_id="5" sub_on="88" x="43.31" y="19.00">
    <Player player_id="109269" player_name="Leo Baptistao">1</Player>
    <Player player_id="234370" player_name="Marc Roca">1</Player>
    <Player player_id="78333" player_name="Javi López">1</Player>
  </Player>
  <Player cross_lost="1" cross_success="0" jersey_num="16" pass_lost="9" pass_success="21" player_id="78333" player_name="Javi López" position="Defender" position_id="2" x="35.44" y="17.49">
    <Player player_id="59790" player_name="Dídac Vilá">1</Player>
    <Player player_id="46998" player_name="Esteban Granero">2</Player>
    <Player player_id="213431" player_name="Mario Hermoso">2</Player>
    <Player player_id="243718" player_name="Óscar Melendo">1</Player>
    <Player player_id="73109" player_name="Hernán Pérez">2</Player>
    <Player player_id="11129" player_name="David López">2</Player>
    <Player player_id="51271" player_name="Pablo Piatti">2</Player>
    <Player player_id="49267" player_name="Víctor Sánchez">5</Player>
    <Player player_id="202044" player_name="Borja Iglesias">1</Player>
    <Player player_id="17679" player_name="Sergio García">2</Player>
    <Player player_id="234370" player_name="Marc Roca">1</Player>
  </Player>
  <Player cross_lost="0" cross_success="0" jersey_num="17" pass_lost="4" pass_success="10" player_id="73109" player_name="Hernán Pérez" position="Forward" position_id="4" sub_off="66" x="44.47" y="30.99">
    <Player player_id="213431" player_name="Mario Hermoso">1</Player>
    <Player player_id="49267" player_name="Víctor Sánchez">2</Player>
    <Player player_id="202044" player_name="Borja Iglesias">1</Player>
    <Player player_id="17679" player_name="Sergio García">1</Player>
    <Player player_id="234370" player_name="Marc Roca">2</Player>
    <Player player_id="78333" player_name="Javi López">3</Player>
  </Player>
</SoccerFeed>