﻿<?xml version="1.0" encoding="UTF-8"?>
<!-- Copyright 2001-2019 Opta Sportsdata Ltd. All rights reserved. -->
<!-- PRODUCTION HEADER
     produced on:        valde-jobq-a02.nexus.opta.net
     production time:    20190304T142701,208Z
     production module:  Opta::Feed::XML::Soccer::F27
-->
<SoccerFeed act_minute="96" act_period="2" act_second="6" away_team_id="184" away_team_name="Rayo Vallecano" competition_id="23" competition_name="Spanish La Liga" game_date="2019-02-09 17:30:00" game_id="1009539" home_team_id="177" home_team_name="Espanyol" season_id="2018" season_name="Season 2018/2019" team_id="177" team_name="Espanyol">
  <Player cross_lost="6" cross_success="0" jersey_num="12" pass_lost="12" pass_success="36" player_id="59790" player_name="Dídac Vilá" position="Defender" position_id="2" x="54.01" y="81.05">
    <Player player_id="46998" player_name="Esteban Granero">2</Player>
    <Player player_id="86527" player_name="Facundo Ferreyra">1</Player>
    <Player player_id="215686" player_name="Lluís López">6</Player>
    <Player player_id="243718" player_name="Óscar Melendo">1</Player>
    <Player player_id="169007" player_name="Sergi Darder">7</Player>
    <Player player_id="11129" player_name="David López">3</Player>
    <Player player_id="51271" player_name="Pablo Piatti">2</Player>
    <Player player_id="202044" player_name="Borja Iglesias">1</Player>
    <Player player_id="116730" player_name="Wu Lei">5</Player>
    <Player player_id="17679" player_name="Sergio García">3</Player>
    <Player player_id="234370" player_name="Marc Roca">5</Player>
  </Player>
  <Player cross_lost="2" cross_success="0" jersey_num="10" pass_lost="11" pass_success="42" player_id="169007" player_name="Sergi Darder" position="Midfielder" position_id="3" x="54.08" y="58.93">
    <Player player_id="59790" player_name="Dídac Vilá">5</Player>
    <Player player_id="86527" player_name="Facundo Ferreyra">1</Player>
    <Player player_id="215686" player_name="Lluís López">8</Player>
    <Player player_id="48832" player_name="Roberto Rosales">7</Player>
    <Player player_id="243718" player_name="Óscar Melendo">3</Player>
    <Player player_id="11129" player_name="David López">7</Player>
    <Player player_id="51271" player_name="Pablo Piatti">1</Player>
    <Player player_id="116730" player_name="Wu Lei">3</Player>
    <Player player_id="202044" player_name="Borja Iglesias">1</Player>
    <Player player_id="17679" player_name="Sergio García">1</Player>
    <Player player_id="234370" player_name="Marc Roca">5</Player>
  </Player>
  <Player cross_lost="1" cross_success="0" jersey_num="15" pass_lost="9" pass_success="51" player_id="11129" player_name="David López" position="Defender" position_id="2" x="36.31" y="31.26">
    <Player player_id="59790" player_name="Dídac Vilá">1</Player>
    <Player player_id="86527" player_name="Facundo Ferreyra">1</Player>
    <Player player_id="16021" player_name="Diego López">3</Player>
    <Player player_id="215686" player_name="Lluís López">7</Player>
    <Player player_id="48832" player_name="Roberto Rosales">16</Player>
    <Player player_id="243718" player_name="Óscar Melendo">8</Player>
    <Player player_id="169007" player_name="Sergi Darder">2</Player>
    <Player player_id="202044" player_name="Borja Iglesias">2</Player>
    <Player player_id="116730" player_name="Wu Lei">1</Player>
    <Player player_id="17679" player_name="Sergio García">2</Player>
    <Player player_id="234370" player_name="Marc Roca">8</Player>
  </Player>
  <Player cross_lost="1" cross_success="1" jersey_num="23" pass_lost="1" pass_success="6" player_id="46998" player_name="Esteban Granero" position="Substitute" position_id="5" sub_on="83" x="58.57" y="35.84">
    <Player player_id="59790" player_name="Dídac Vilá">1</Player>
    <Player player_id="11129" player_name="David López">1</Player>
    <Player cross="1" player_id="202044" player_name="Borja Iglesias">0</Player>
    <Player player_id="234370" player_name="Marc Roca">2</Player>
    <Player player_id="48832" player_name="Roberto Rosales">2</Player>
  </Player>
  <Player cross_lost="1" cross_success="0" jersey_num="19" pass_lost="3" pass_success="9" player_id="51271" player_name="Pablo Piatti" position="Forward" position_id="4" sub_off="34" x="61.68" y="67.25">
    <Player player_id="59790" player_name="Dídac Vilá">1</Player>
    <Player player_id="202044" player_name="Borja Iglesias">3</Player>
    <Player player_id="17679" player_name="Sergio García">2</Player>
    <Player player_id="234370" player_name="Marc Roca">1</Player>
    <Player player_id="243718" player_name="Óscar Melendo">1</Player>
    <Player player_id="48832" player_name="Roberto Rosales">1</Player>
  </Player>
  <Player cross_lost="0" cross_success="0" jersey_num="11" pass_lost="2" pass_success="4" player_id="86527" player_name="Facundo Ferreyra" position="Substitute" position_id="5" sub_on="69" x="73.58" y="57.81">
    <Player player_id="59790" player_name="Dídac Vilá">2</Player>
    <Player player_id="202044" player_name="Borja Iglesias">1</Player>
    <Player player_id="48832" player_name="Roberto Rosales">1</Player>
  </Player>
  <Player cross_lost="0" cross_success="0" jersey_num="24" pass_lost="1" pass_success="10" player_id="116730" player_name="Wu Lei" position="Substitute" position_id="5" sub_on="34" x="69.78" y="72.85">
    <Player player_id="59790" player_name="Dídac Vilá">4</Player>
    <Player player_id="169007" player_name="Sergi Darder">3</Player>
    <Player player_id="202044" player_name="Borja Iglesias">1</Player>
    <Player player_id="243718" player_name="Óscar Melendo">1</Player>
    <Player player_id="48832" player_name="Roberto Rosales">1</Player>
  </Player>
  <Player cross_lost="0" cross_success="0" jersey_num="7" pass_lost="3" pass_success="14" player_id="202044" player_name="Borja Iglesias" position="Forward" position_id="4" x="69.60" y="35.50">
    <Player player_id="169007" player_name="Sergi Darder">3</Player>
    <Player player_id="51271" player_name="Pablo Piatti">1</Player>
    <Player player_id="17679" player_name="Sergio García">2</Player>
    <Player player_id="234370" player_name="Marc Roca">5</Player>
    <Player player_id="243718" player_name="Óscar Melendo">1</Player>
    <Player player_id="48832" player_name="Roberto Rosales">2</Player>
  </Player>
  <Player cross_lost="5" cross_success="0" jersey_num="9" pass_lost="7" pass_success="15" player_id="17679" player_name="Sergio García" position="Forward" position_id="4" sub_off="69" x="66.48" y="27.35">
    <Player player_id="169007" player_name="Sergi Darder">1</Player>
    <Player player_id="51271" player_name="Pablo Piatti">1</Player>
    <Player player_id="234370" player_name="Marc Roca">2</Player>
    <Player player_id="243718" player_name="Óscar Melendo">6</Player>
    <Player player_id="48832" player_name="Roberto Rosales">5</Player>
  </Player>
  <Player cross_lost="2" cross_success="0" jersey_num="21" pass_lost="6" pass_success="71" player_id="234370" player_name="Marc Roca" position="Midfielder" position_id="3" x="48.23" y="47.58">
    <Player player_id="59790" player_name="Dídac Vilá">13</Player>
    <Player player_id="46998" player_name="Esteban Granero">1</Player>
    <Player player_id="215686" player_name="Lluís López">5</Player>
    <Player player_id="243718" player_name="Óscar Melendo">8</Player>
    <Player player_id="48832" player_name="Roberto Rosales">18</Player>
    <Player player_id="169007" player_name="Sergi Darder">9</Player>
    <Player player_id="11129" player_name="David López">12</Player>
    <Player player_id="51271" player_name="Pablo Piatti">1</Player>
    <Player player_id="202044" player_name="Borja Iglesias">1</Player>
    <Player player_id="17679" player_name="Sergio García">3</Player>
  </Player>
  <Player cross_lost="0" cross_success="0" jersey_num="13" pass_lost="3" pass_success="10" player_id="16021" player_name="Diego López" position="Goalkeeper" position_id="1" x="8.29" y="52.04">
    <Player player_id="59790" player_name="Dídac Vilá">3</Player>
    <Player player_id="11129" player_name="David López">3</Player>
    <Player player_id="202044" player_name="Borja Iglesias">1</Player>
    <Player player_id="234370" player_name="Marc Roca">2</Player>
    <Player player_id="215686" player_name="Lluís López">1</Player>
  </Player>
  <Player cross_lost="0" cross_success="0" jersey_num="27" pass_lost="0" pass_success="47" player_id="215686" player_name="Lluís López" position="Defender" position_id="2" x="37.14" y="65.62">
    <Player player_id="59790" player_name="Dídac Vilá">13</Player>
    <Player player_id="169007" player_name="Sergi Darder">6</Player>
    <Player player_id="11129" player_name="David López">8</Player>
    <Player player_id="46998" player_name="Esteban Granero">2</Player>
    <Player player_id="51271" player_name="Pablo Piatti">1</Player>
    <Player player_id="116730" player_name="Wu Lei">1</Player>
    <Player player_id="234370" player_name="Marc Roca">12</Player>
    <Player player_id="16021" player_name="Diego López">1</Player>
    <Player player_id="243718" player_name="Óscar Melendo">3</Player>
  </Player>
  <Player cross_lost="4" cross_success="1" jersey_num="8" pass_lost="11" pass_success="56" player_id="48832" player_name="Roberto Rosales" position="Defender" position_id="2" x="51.31" y="13.06">
    <Player player_id="59790" player_name="Dídac Vilá">1</Player>
    <Player player_id="46998" player_name="Esteban Granero">2</Player>
    <Player cross="1" player_id="215686" player_name="Lluís López">3</Player>
    <Player player_id="243718" player_name="Óscar Melendo">7</Player>
    <Player player_id="169007" player_name="Sergi Darder">4</Player>
    <Player player_id="11129" player_name="David López">13</Player>
    <Player player_id="202044" player_name="Borja Iglesias">5</Player>
    <Player player_id="17679" player_name="Sergio García">9</Player>
    <Player player_id="234370" player_name="Marc Roca">12</Player>
  </Player>
  <Player cross_lost="1" cross_success="0" jersey_num="14" pass_lost="8" pass_success="38" player_id="243718" player_name="Óscar Melendo" position="Midfielder" position_id="3" sub_off="83" x="57.86" y="37.65">
    <Player player_id="59790" player_name="Dídac Vilá">3</Player>
    <Player player_id="215686" player_name="Lluís López">6</Player>
    <Player player_id="48832" player_name="Roberto Rosales">11</Player>
    <Player player_id="169007" player_name="Sergi Darder">5</Player>
    <Player player_id="51271" player_name="Pablo Piatti">2</Player>
    <Player player_id="202044" player_name="Borja Iglesias">2</Player>
    <Player player_id="116730" player_name="Wu Lei">2</Player>
    <Player player_id="17679" player_name="Sergio García">5</Player>
    <Player player_id="234370" player_name="Marc Roca">2</Player>
  </Player>
</SoccerFeed>