﻿<?xml version="1.0" encoding="UTF-8"?>
<!-- Copyright 2001-2019 Opta Sportsdata Ltd. All rights reserved. -->
<!-- PRODUCTION HEADER
     produced on:        valde-jobq-a04.nexus.opta.net
     production time:    20190213T190436,125Z
     production module:  Opta::Feed::XML::Soccer::F27
-->
<SoccerFeed act_minute="94" act_period="2" act_second="15" away_team_id="2894" away_team_name="Huesca" competition_id="23" competition_name="Spanish La Liga" game_date="2019-02-09 19:45:00" game_id="1009540" home_team_id="2893" home_team_name="Girona" season_id="2018" season_name="Season 2018/2019" team_id="2893" team_name="Girona">
  <Player cross_lost="0" cross_success="0" jersey_num="34" pass_lost="2" pass_success="13" player_id="469274" player_name="Valery Fernández" position="Midfielder" position_id="3" sub_off="45" x="49.57" y="84.39">
    <Player player_id="55317" player_name="Bernardo Espinosa">4</Player>
    <Player player_id="178871" player_name="Aleix García">1</Player>
    <Player player_id="63119" player_name="Juanpe">1</Player>
    <Player player_id="80908" player_name="Raúl García">3</Player>
    <Player player_id="131411" player_name="Pere Pons">2</Player>
    <Player player_id="63904" player_name="Borja García">2</Player>
  </Player>
  <Player cross_lost="0" cross_success="0" jersey_num="2" pass_lost="6" pass_success="40" player_id="55317" player_name="Bernardo Espinosa" position="Defender" position_id="2" sent_off="68" x="35.93" y="57.44">
    <Player player_id="441164" player_name="Pedro Porro">1</Player>
    <Player player_id="178871" player_name="Aleix García">8</Player>
    <Player player_id="120026" player_name="Yassine Bounou">2</Player>
    <Player player_id="63119" player_name="Juanpe">13</Player>
    <Player player_id="80908" player_name="Raúl García">12</Player>
    <Player player_id="139472" player_name="Álex Granell">2</Player>
    <Player player_id="131411" player_name="Pere Pons">1</Player>
    <Player player_id="63904" player_name="Borja García">1</Player>
  </Player>
  <Player cross_lost="7" cross_success="0" jersey_num="23" pass_lost="10" pass_success="54" player_id="178871" player_name="Aleix García" position="Midfielder" position_id="3" sub_off="70" x="47.19" y="53.10">
    <Player player_id="55317" player_name="Bernardo Espinosa">9</Player>
    <Player player_id="120026" player_name="Yassine Bounou">2</Player>
    <Player player_id="80908" player_name="Raúl García">7</Player>
    <Player player_id="139472" player_name="Álex Granell">4</Player>
    <Player player_id="131411" player_name="Pere Pons">5</Player>
    <Player player_id="63904" player_name="Borja García">5</Player>
    <Player player_id="441164" player_name="Pedro Porro">5</Player>
    <Player player_id="63119" player_name="Juanpe">6</Player>
    <Player player_id="88550" player_name="Portu">6</Player>
    <Player player_id="243432" player_name="Paik Seung-Ho">4</Player>
    <Player player_id="49464" player_name="Cristhian Stuani">1</Player>
  </Player>
  <Player cross_lost="7" cross_success="0" jersey_num="24" pass_lost="15" pass_success="30" player_id="441164" player_name="Pedro Porro" position="Midfielder" position_id="3" x="55.44" y="14.65">
    <Player player_id="178871" player_name="Aleix García">2</Player>
    <Player player_id="63119" player_name="Juanpe">9</Player>
    <Player player_id="80908" player_name="Raúl García">1</Player>
    <Player player_id="139472" player_name="Álex Granell">2</Player>
    <Player player_id="131411" player_name="Pere Pons">1</Player>
    <Player player_id="88550" player_name="Portu">10</Player>
    <Player player_id="63904" player_name="Borja García">1</Player>
    <Player player_id="80077" player_name="Jonás Ramalho">3</Player>
    <Player player_id="49464" player_name="Cristhian Stuani">1</Player>
  </Player>
  <Player cross_lost="0" cross_success="0" jersey_num="13" pass_lost="1" pass_success="23" player_id="120026" player_name="Yassine Bounou" position="Goalkeeper" position_id="1" x="8.91" y="51.21">
    <Player player_id="55317" player_name="Bernardo Espinosa">1</Player>
    <Player player_id="178871" player_name="Aleix García">1</Player>
    <Player player_id="441164" player_name="Pedro Porro">5</Player>
    <Player player_id="63119" player_name="Juanpe">8</Player>
    <Player player_id="80908" player_name="Raúl García">4</Player>
    <Player player_id="131411" player_name="Pere Pons">1</Player>
    <Player player_id="63904" player_name="Borja García">2</Player>
    <Player player_id="80077" player_name="Jonás Ramalho">1</Player>
  </Player>
  <Player cross_lost="2" cross_success="0" jersey_num="15" pass_lost="11" pass_success="74" player_id="63119" player_name="Juanpe" position="Defender" position_id="2" x="40.12" y="34.82">
    <Player player_id="469274" player_name="Valery Fernández">1</Player>
    <Player player_id="55317" player_name="Bernardo Espinosa">10</Player>
    <Player player_id="178871" player_name="Aleix García">9</Player>
    <Player player_id="120026" player_name="Yassine Bounou">4</Player>
    <Player player_id="80908" player_name="Raúl García">6</Player>
    <Player player_id="139472" player_name="Álex Granell">8</Player>
    <Player player_id="131411" player_name="Pere Pons">7</Player>
    <Player player_id="63904" player_name="Borja García">2</Player>
    <Player player_id="441164" player_name="Pedro Porro">18</Player>
    <Player player_id="243432" player_name="Paik Seung-Ho">1</Player>
    <Player player_id="88550" player_name="Portu">3</Player>
    <Player player_id="80077" player_name="Jonás Ramalho">4</Player>
    <Player player_id="49464" player_name="Cristhian Stuani">1</Player>
  </Player>
  <Player cross_lost="6" cross_success="0" jersey_num="14" pass_lost="13" pass_success="41" player_id="80908" player_name="Raúl García" position="Defender" position_id="2" x="47.11" y="78.47">
    <Player player_id="469274" player_name="Valery Fernández">7</Player>
    <Player player_id="55317" player_name="Bernardo Espinosa">6</Player>
    <Player player_id="178871" player_name="Aleix García">3</Player>
    <Player player_id="441164" player_name="Pedro Porro">1</Player>
    <Player player_id="63119" player_name="Juanpe">3</Player>
    <Player player_id="139472" player_name="Álex Granell">3</Player>
    <Player player_id="131411" player_name="Pere Pons">4</Player>
    <Player player_id="243432" player_name="Paik Seung-Ho">4</Player>
    <Player player_id="63904" player_name="Borja García">7</Player>
    <Player player_id="80077" player_name="Jonás Ramalho">1</Player>
    <Player player_id="49464" player_name="Cristhian Stuani">2</Player>
  </Player>
  <Player cross_lost="6" cross_success="4" jersey_num="6" pass_lost="16" pass_success="23" player_id="139472" player_name="Álex Granell" position="Substitute" position_id="5" sub_on="45" x="53.16" y="42.82">
    <Player player_id="55317" player_name="Bernardo Espinosa">1</Player>
    <Player player_id="178871" player_name="Aleix García">1</Player>
    <Player player_id="80908" player_name="Raúl García">3</Player>
    <Player player_id="131411" player_name="Pere Pons">4</Player>
    <Player player_id="441164" player_name="Pedro Porro">3</Player>
    <Player cross="1" player_id="63119" player_name="Juanpe">5</Player>
    <Player cross="1" player_id="88550" player_name="Portu">4</Player>
    <Player player_id="243432" player_name="Paik Seung-Ho">1</Player>
    <Player player_id="80077" player_name="Jonás Ramalho">1</Player>
    <Player cross="2" player_id="49464" player_name="Cristhian Stuani">0</Player>
  </Player>
  <Player cross_lost="0" cross_success="0" jersey_num="8" pass_lost="12" pass_success="35" player_id="131411" player_name="Pere Pons" position="Midfielder" position_id="3" x="48.48" y="57.77">
    <Player player_id="55317" player_name="Bernardo Espinosa">3</Player>
    <Player player_id="469274" player_name="Valery Fernández">2</Player>
    <Player player_id="441164" player_name="Pedro Porro">2</Player>
    <Player player_id="178871" player_name="Aleix García">5</Player>
    <Player player_id="63119" player_name="Juanpe">2</Player>
    <Player player_id="80908" player_name="Raúl García">8</Player>
    <Player player_id="131411" player_name="Pere Pons">1</Player>
    <Player player_id="243432" player_name="Paik Seung-Ho">1</Player>
    <Player player_id="88550" player_name="Portu">3</Player>
    <Player player_id="63904" player_name="Borja García">6</Player>
    <Player player_id="80077" player_name="Jonás Ramalho">1</Player>
    <Player player_id="49464" player_name="Cristhian Stuani">1</Player>
  </Player>
  <Player cross_lost="0" cross_success="0" jersey_num="35" pass_lost="0" pass_success="12" player_id="243432" player_name="Paik Seung-Ho" position="Substitute" position_id="5" sub_on="45" x="56.10" y="75.78">
    <Player player_id="178871" player_name="Aleix García">3</Player>
    <Player player_id="80908" player_name="Raúl García">3</Player>
    <Player player_id="131411" player_name="Pere Pons">2</Player>
    <Player player_id="139472" player_name="Álex Granell">2</Player>
    <Player player_id="88550" player_name="Portu">1</Player>
    <Player player_id="80077" player_name="Jonás Ramalho">1</Player>
  </Player>
  <Player cross_lost="9" cross_success="1" jersey_num="9" pass_lost="6" pass_success="14" player_id="88550" player_name="Portu" position="Forward" position_id="4" x="72.70" y="19.79">
    <Player player_id="178871" player_name="Aleix García">3</Player>
    <Player player_id="441164" player_name="Pedro Porro">9</Player>
    <Player player_id="63119" player_name="Juanpe">1</Player>
    <Player player_id="131411" player_name="Pere Pons">1</Player>
    <Player cross="1" player_id="49464" player_name="Cristhian Stuani">0</Player>
  </Player>
  <Player cross_lost="2" cross_success="1" jersey_num="10" pass_lost="3" pass_success="20" player_id="63904" player_name="Borja García" position="Forward" position_id="4" sub_off="45" x="58.20" y="77.41">
    <Player player_id="469274" player_name="Valery Fernández">4</Player>
    <Player player_id="178871" player_name="Aleix García">6</Player>
    <Player player_id="80908" player_name="Raúl García">2</Player>
    <Player player_id="131411" player_name="Pere Pons">2</Player>
    <Player cross="1" player_id="441164" player_name="Pedro Porro">1</Player>
    <Player player_id="63119" player_name="Juanpe">3</Player>
    <Player player_id="88550" player_name="Portu">1</Player>
    <Player player_id="49464" player_name="Cristhian Stuani">1</Player>
  </Player>
  <Player cross_lost="0" cross_success="0" jersey_num="4" pass_lost="0" pass_success="23" player_id="80077" player_name="Jonás Ramalho" position="Substitute" position_id="5" sub_on="70" x="40.19" y="32.12">
    <Player player_id="441164" player_name="Pedro Porro">1</Player>
    <Player player_id="120026" player_name="Yassine Bounou">1</Player>
    <Player player_id="63119" player_name="Juanpe">11</Player>
    <Player player_id="80908" player_name="Raúl García">1</Player>
    <Player player_id="131411" player_name="Pere Pons">1</Player>
    <Player player_id="139472" player_name="Álex Granell">5</Player>
    <Player player_id="88550" player_name="Portu">3</Player>
  </Player>
  <Player cross_lost="0" cross_success="0" jersey_num="7" pass_lost="1" pass_success="10" player_id="49464" player_name="Cristhian Stuani" position="Forward" position_id="4" x="69.96" y="46.18">
    <Player player_id="469274" player_name="Valery Fernández">1</Player>
    <Player player_id="178871" player_name="Aleix García">1</Player>
    <Player player_id="131411" player_name="Pere Pons">6</Player>
    <Player player_id="63904" player_name="Borja García">2</Player>
  </Player>
</SoccerFeed>