﻿<?xml version="1.0" encoding="UTF-8"?>
<!-- Copyright 2001-2019 Opta Sportsdata Ltd. All rights reserved. -->
<!-- PRODUCTION HEADER
     produced on:        valde-jobq-a03.nexus.opta.net
     production time:    20190105T210349,736Z
     production module:  Opta::Feed::XML::Soccer::F27
-->
<SoccerFeed act_minute="94" act_period="2" act_second="9" away_team_id="2893" away_team_name="Girona" competition_id="23" competition_name="Spanish La Liga" game_date="2019-01-04 18:00:00" game_id="1009494" home_team_id="855" home_team_name="Levante" season_id="2018" season_name="Season 2018/2019" team_id="2893" team_name="Girona">
  <Player cross_lost="0" cross_success="0" jersey_num="34" pass_lost="0" pass_success="1" player_id="469274" player_name="Valery Fernández" position="Substitute" position_id="5" sub_on="83" x="56.91" y="89.54">
    <Player player_id="63119" player_name="Juanpe">1</Player>
  </Player>
  <Player cross_lost="0" cross_success="0" jersey_num="19" pass_lost="1" pass_success="0" player_id="104448" player_name="Anthony Lozano" position="Substitute" position_id="5" sub_on="74" x="59.21" y="29.72" />
  <Player cross_lost="0" cross_success="0" jersey_num="2" pass_lost="5" pass_success="31" player_id="55317" player_name="Bernardo Espinosa" position="Defender" position_id="2" x="30.73" y="49.35">
    <Player player_id="230046" player_name="Douglas Luiz">2</Player>
    <Player player_id="441164" player_name="Pedro Porro">2</Player>
    <Player player_id="178871" player_name="Aleix García">2</Player>
    <Player player_id="120026" player_name="Yassine Bounou">2</Player>
    <Player player_id="63119" player_name="Juanpe">10</Player>
    <Player player_id="139472" player_name="Álex Granell">1</Player>
    <Player player_id="88550" player_name="Portu">1</Player>
    <Player player_id="63904" player_name="Borja García">5</Player>
    <Player player_id="80077" player_name="Jonás Ramalho">3</Player>
    <Player player_id="49464" player_name="Cristhian Stuani">3</Player>
  </Player>
  <Player cross_lost="0" cross_success="0" jersey_num="12" pass_lost="8" pass_success="19" player_id="230046" player_name="Douglas Luiz" position="Midfielder" position_id="3" x="44.04" y="57.73">
    <Player player_id="55317" player_name="Bernardo Espinosa">2</Player>
    <Player player_id="178871" player_name="Aleix García">2</Player>
    <Player player_id="441164" player_name="Pedro Porro">2</Player>
    <Player player_id="63119" player_name="Juanpe">1</Player>
    <Player player_id="139472" player_name="Álex Granell">1</Player>
    <Player player_id="88550" player_name="Portu">1</Player>
    <Player player_id="63904" player_name="Borja García">6</Player>
    <Player player_id="80077" player_name="Jonás Ramalho">4</Player>
  </Player>
  <Player cross_lost="4" cross_success="1" jersey_num="29" pass_lost="14" pass_success="18" player_id="441164" player_name="Pedro Porro" position="Midfielder" position_id="3" x="46.45" y="13.69">
    <Player cross="1" player_id="104448" player_name="Anthony Lozano">0</Player>
    <Player player_id="55317" player_name="Bernardo Espinosa">1</Player>
    <Player player_id="178871" player_name="Aleix García">3</Player>
    <Player player_id="120026" player_name="Yassine Bounou">1</Player>
    <Player player_id="88550" player_name="Portu">6</Player>
    <Player player_id="80077" player_name="Jonás Ramalho">7</Player>
  </Player>
  <Player cross_lost="0" cross_success="0" jersey_num="23" pass_lost="4" pass_success="32" player_id="178871" player_name="Aleix García" position="Midfielder" position_id="3" sub_off="83" x="44.86" y="43.10">
    <Player player_id="55317" player_name="Bernardo Espinosa">1</Player>
    <Player player_id="139472" player_name="Álex Granell">3</Player>
    <Player player_id="63904" player_name="Borja García">7</Player>
    <Player player_id="230046" player_name="Douglas Luiz">5</Player>
    <Player player_id="104448" player_name="Anthony Lozano">1</Player>
    <Player player_id="441164" player_name="Pedro Porro">6</Player>
    <Player player_id="63119" player_name="Juanpe">2</Player>
    <Player player_id="88550" player_name="Portu">2</Player>
    <Player player_id="80077" player_name="Jonás Ramalho">2</Player>
    <Player player_id="49464" player_name="Cristhian Stuani">3</Player>
  </Player>
  <Player cross_lost="0" cross_success="0" jersey_num="13" pass_lost="8" pass_success="20" player_id="120026" player_name="Yassine Bounou" position="Goalkeeper" position_id="1" x="7.91" y="51.30">
    <Player player_id="230046" player_name="Douglas Luiz">1</Player>
    <Player player_id="55317" player_name="Bernardo Espinosa">2</Player>
    <Player player_id="63119" player_name="Juanpe">7</Player>
    <Player player_id="139472" player_name="Álex Granell">1</Player>
    <Player player_id="88550" player_name="Portu">1</Player>
    <Player player_id="80077" player_name="Jonás Ramalho">3</Player>
    <Player player_id="49464" player_name="Cristhian Stuani">5</Player>
  </Player>
  <Player cross_lost="0" cross_success="0" jersey_num="15" pass_lost="14" pass_success="29" player_id="63119" player_name="Juanpe" position="Defender" position_id="2" x="27.82" y="78.59">
    <Player player_id="469274" player_name="Valery Fernández">2</Player>
    <Player player_id="230046" player_name="Douglas Luiz">4</Player>
    <Player player_id="55317" player_name="Bernardo Espinosa">2</Player>
    <Player player_id="178871" player_name="Aleix García">2</Player>
    <Player player_id="120026" player_name="Yassine Bounou">2</Player>
    <Player player_id="139472" player_name="Álex Granell">5</Player>
    <Player player_id="63904" player_name="Borja García">8</Player>
    <Player player_id="80077" player_name="Jonás Ramalho">2</Player>
    <Player player_id="49464" player_name="Cristhian Stuani">1</Player>
  </Player>
  <Player cross_lost="0" cross_success="0" jersey_num="5" pass_lost="1" pass_success="0" player_id="67759" player_name="Pedro Alcalá" position="Substitute" position_id="5" sub_on="90+2" x="31.15" y="18.80" />
  <Player cross_lost="2" cross_success="3" jersey_num="6" pass_lost="12" pass_success="22" player_id="139472" player_name="Álex Granell" position="Midfielder" position_id="3" x="37.42" y="81.77">
    <Player cross="1" player_id="55317" player_name="Bernardo Espinosa">5</Player>
    <Player player_id="178871" player_name="Aleix García">1</Player>
    <Player player_id="63904" player_name="Borja García">4</Player>
    <Player cross="1" player_id="230046" player_name="Douglas Luiz">2</Player>
    <Player cross="1" player_id="104448" player_name="Anthony Lozano">0</Player>
    <Player player_id="441164" player_name="Pedro Porro">1</Player>
    <Player player_id="63119" player_name="Juanpe">5</Player>
    <Player player_id="88550" player_name="Portu">2</Player>
    <Player player_id="49464" player_name="Cristhian Stuani">2</Player>
  </Player>
  <Player cross_lost="2" cross_success="0" jersey_num="9" pass_lost="4" pass_success="11" player_id="88550" player_name="Portu" position="Forward" position_id="4" sub_off="74" x="68.76" y="23.57">
    <Player player_id="178871" player_name="Aleix García">1</Player>
    <Player player_id="441164" player_name="Pedro Porro">8</Player>
    <Player player_id="80077" player_name="Jonás Ramalho">1</Player>
    <Player player_id="49464" player_name="Cristhian Stuani">1</Player>
  </Player>
  <Player cross_lost="0" cross_success="0" jersey_num="10" pass_lost="6" pass_success="32" player_id="63904" player_name="Borja García" position="Midfielder" position_id="3" x="45.03" y="71.14">
    <Player player_id="55317" player_name="Bernardo Espinosa">3</Player>
    <Player player_id="230046" player_name="Douglas Luiz">3</Player>
    <Player player_id="441164" player_name="Pedro Porro">1</Player>
    <Player player_id="178871" player_name="Aleix García">6</Player>
    <Player player_id="63119" player_name="Juanpe">5</Player>
    <Player player_id="139472" player_name="Álex Granell">12</Player>
    <Player player_id="88550" player_name="Portu">1</Player>
    <Player player_id="80077" player_name="Jonás Ramalho">1</Player>
  </Player>
  <Player cross_lost="0" cross_success="0" jersey_num="4" pass_lost="12" pass_success="22" player_id="80077" player_name="Jonás Ramalho" position="Defender" position_id="2" sub_off="90+2" x="30.20" y="19.89">
    <Player player_id="230046" player_name="Douglas Luiz">3</Player>
    <Player player_id="55317" player_name="Bernardo Espinosa">5</Player>
    <Player player_id="178871" player_name="Aleix García">1</Player>
    <Player player_id="441164" player_name="Pedro Porro">5</Player>
    <Player player_id="120026" player_name="Yassine Bounou">3</Player>
    <Player player_id="88550" player_name="Portu">2</Player>
    <Player player_id="63904" player_name="Borja García">1</Player>
    <Player player_id="49464" player_name="Cristhian Stuani">2</Player>
  </Player>
  <Player cross_lost="0" cross_success="0" jersey_num="7" pass_lost="7" pass_success="14" player_id="49464" player_name="Cristhian Stuani" position="Forward" position_id="4" x="51.21" y="52.17">
    <Player player_id="230046" player_name="Douglas Luiz">2</Player>
    <Player player_id="441164" player_name="Pedro Porro">1</Player>
    <Player player_id="178871" player_name="Aleix García">7</Player>
    <Player player_id="139472" player_name="Álex Granell">2</Player>
    <Player player_id="63904" player_name="Borja García">2</Player>
  </Player>
</SoccerFeed>