﻿<?xml version="1.0" encoding="UTF-8"?>
<!-- Copyright 2001-2019 Opta Sportsdata Ltd. All rights reserved. -->
<!-- PRODUCTION HEADER
     produced on:        valde-jobq-a02.nexus.opta.net
     production time:    20190226T141239,228Z
     production module:  Opta::Feed::XML::Soccer::F27
-->
<SoccerFeed act_minute="93" act_period="2" act_second="32" away_team_id="176" away_team_name="Celta de Vigo" competition_id="23" competition_name="Spanish La Liga" game_date="2019-02-23 17:30:00" game_id="1009556" home_team_id="173" home_team_name="Alavés" season_id="2018" season_name="Season 2018/2019" team_id="176" team_name="Celta de Vigo">
  <Player cross_lost="1" cross_success="0" jersey_num="3" pass_lost="6" pass_success="44" player_id="169205" player_name="David Costas" position="Defender" position_id="2" x="33.85" y="27.67">
    <Player player_id="76508" player_name="Hugo Mallo">3</Player>
    <Player player_id="178880" player_name="Brais Méndez">2</Player>
    <Player player_id="215206" player_name="Maxi Gómez">6</Player>
    <Player player_id="101820" player_name="Stanislav Lobotka">7</Player>
    <Player player_id="106539" player_name="Rubén Blanco">3</Player>
    <Player player_id="100868" player_name="Néstor Araújo">8</Player>
    <Player player_id="128198" player_name="Sofiane Boufal">1</Player>
    <Player player_id="101394" player_name="Okay Yokuslu">2</Player>
    <Player player_id="167075" player_name="Wesley Hoedt">7</Player>
    <Player player_id="234511" player_name="Fran Beltrán">1</Player>
    <Player player_id="105488" player_name="David Juncà">4</Player>
  </Player>
  <Player cross_lost="0" cross_success="0" jersey_num="18" pass_lost="5" pass_success="19" player_id="207283" player_name="Mathias Jensen" position="Forward" position_id="4" sub_off="67" x="54.33" y="78.41">
    <Player player_id="101820" player_name="Stanislav Lobotka">6</Player>
    <Player player_id="101394" player_name="Okay Yokuslu">1</Player>
    <Player player_id="167075" player_name="Wesley Hoedt">3</Player>
    <Player player_id="178880" player_name="Brais Méndez">3</Player>
    <Player player_id="215206" player_name="Maxi Gómez">2</Player>
    <Player player_id="105488" player_name="David Juncà">4</Player>
  </Player>
  <Player cross_lost="0" cross_success="0" jersey_num="13" pass_lost="13" pass_success="28" player_id="106539" player_name="Rubén Blanco" position="Goalkeeper" position_id="1" x="9.91" y="48.93">
    <Player player_id="169205" player_name="David Costas">4</Player>
    <Player player_id="207283" player_name="Mathias Jensen">1</Player>
    <Player player_id="100868" player_name="Néstor Araújo">3</Player>
    <Player player_id="101394" player_name="Okay Yokuslu">2</Player>
    <Player player_id="167075" player_name="Wesley Hoedt">8</Player>
    <Player player_id="76508" player_name="Hugo Mallo">3</Player>
    <Player player_id="178880" player_name="Brais Méndez">2</Player>
    <Player player_id="105488" player_name="David Juncà">1</Player>
    <Player player_id="215206" player_name="Maxi Gómez">4</Player>
  </Player>
  <Player cross_lost="0" cross_success="0" jersey_num="14" pass_lost="5" pass_success="52" player_id="101820" player_name="Stanislav Lobotka" position="Midfielder" position_id="3" x="44.24" y="50.04">
    <Player player_id="76508" player_name="Hugo Mallo">2</Player>
    <Player player_id="178880" player_name="Brais Méndez">6</Player>
    <Player player_id="215206" player_name="Maxi Gómez">2</Player>
    <Player player_id="169205" player_name="David Costas">6</Player>
    <Player player_id="207283" player_name="Mathias Jensen">1</Player>
    <Player player_id="100868" player_name="Néstor Araújo">6</Player>
    <Player player_id="101394" player_name="Okay Yokuslu">8</Player>
    <Player player_id="128198" player_name="Sofiane Boufal">2</Player>
    <Player player_id="167075" player_name="Wesley Hoedt">12</Player>
    <Player player_id="234511" player_name="Fran Beltrán">2</Player>
    <Player player_id="105488" player_name="David Juncà">5</Player>
  </Player>
  <Player cross_lost="0" cross_success="0" jersey_num="4" pass_lost="2" pass_success="38" player_id="100868" player_name="Néstor Araújo" position="Defender" position_id="2" x="27.67" y="47.28">
    <Player player_id="169205" player_name="David Costas">8</Player>
    <Player player_id="106539" player_name="Rubén Blanco">2</Player>
    <Player player_id="207283" player_name="Mathias Jensen">1</Player>
    <Player player_id="101820" player_name="Stanislav Lobotka">2</Player>
    <Player player_id="101394" player_name="Okay Yokuslu">1</Player>
    <Player player_id="167075" player_name="Wesley Hoedt">17</Player>
    <Player player_id="76508" player_name="Hugo Mallo">2</Player>
    <Player player_id="178880" player_name="Brais Méndez">3</Player>
    <Player player_id="105488" player_name="David Juncà">2</Player>
  </Player>
  <Player cross_lost="0" cross_success="0" jersey_num="19" pass_lost="2" pass_success="7" player_id="128198" player_name="Sofiane Boufal" position="Substitute" position_id="5" sub_on="67" x="61.92" y="65.43">
    <Player player_id="101820" player_name="Stanislav Lobotka">2</Player>
    <Player player_id="234511" player_name="Fran Beltrán">1</Player>
    <Player player_id="178880" player_name="Brais Méndez">1</Player>
    <Player player_id="105488" player_name="David Juncà">3</Player>
  </Player>
  <Player cross_lost="0" cross_success="0" jersey_num="5" pass_lost="8" pass_success="34" player_id="101394" player_name="Okay Yokuslu" position="Midfielder" position_id="3" sub_off="64" x="50.46" y="57.42">
    <Player player_id="76508" player_name="Hugo Mallo">2</Player>
    <Player player_id="178880" player_name="Brais Méndez">2</Player>
    <Player player_id="215206" player_name="Maxi Gómez">3</Player>
    <Player player_id="169205" player_name="David Costas">5</Player>
    <Player player_id="101820" player_name="Stanislav Lobotka">7</Player>
    <Player player_id="106539" player_name="Rubén Blanco">1</Player>
    <Player player_id="207283" player_name="Mathias Jensen">2</Player>
    <Player player_id="100868" player_name="Néstor Araújo">2</Player>
    <Player player_id="167075" player_name="Wesley Hoedt">4</Player>
    <Player player_id="105488" player_name="David Juncà">6</Player>
  </Player>
  <Player cross_lost="0" cross_success="0" jersey_num="8" pass_lost="2" pass_success="12" player_id="234511" player_name="Fran Beltrán" position="Substitute" position_id="5" sub_on="64" x="46.86" y="37.32">
    <Player player_id="169205" player_name="David Costas">1</Player>
    <Player player_id="101820" player_name="Stanislav Lobotka">2</Player>
    <Player player_id="207283" player_name="Mathias Jensen">1</Player>
    <Player player_id="100868" player_name="Néstor Araújo">4</Player>
    <Player player_id="76508" player_name="Hugo Mallo">1</Player>
    <Player player_id="178880" player_name="Brais Méndez">2</Player>
    <Player player_id="215206" player_name="Maxi Gómez">1</Player>
  </Player>
  <Player cross_lost="0" cross_success="0" jersey_num="12" pass_lost="10" pass_success="60" player_id="167075" player_name="Wesley Hoedt" position="Defender" position_id="2" x="35.52" y="75.27">
    <Player player_id="169205" player_name="David Costas">5</Player>
    <Player player_id="101820" player_name="Stanislav Lobotka">8</Player>
    <Player player_id="106539" player_name="Rubén Blanco">8</Player>
    <Player player_id="207283" player_name="Mathias Jensen">3</Player>
    <Player player_id="100868" player_name="Néstor Araújo">11</Player>
    <Player player_id="101394" player_name="Okay Yokuslu">8</Player>
    <Player player_id="234511" player_name="Fran Beltrán">1</Player>
    <Player player_id="76508" player_name="Hugo Mallo">3</Player>
    <Player player_id="178880" player_name="Brais Méndez">3</Player>
    <Player player_id="215206" player_name="Maxi Gómez">1</Player>
    <Player player_id="105488" player_name="David Juncà">9</Player>
  </Player>
  <Player cross_lost="7" cross_success="1" jersey_num="2" pass_lost="14" pass_success="18" player_id="76508" player_name="Hugo Mallo" position="Midfielder" position_id="3" x="50.93" y="15.99">
    <Player player_id="169205" player_name="David Costas">5</Player>
    <Player player_id="101820" player_name="Stanislav Lobotka">2</Player>
    <Player cross="1" player_id="101394" player_name="Okay Yokuslu">2</Player>
    <Player player_id="234511" player_name="Fran Beltrán">1</Player>
    <Player player_id="178880" player_name="Brais Méndez">6</Player>
    <Player player_id="215206" player_name="Maxi Gómez">2</Player>
  </Player>
  <Player cross_lost="0" cross_success="0" jersey_num="21" pass_lost="0" pass_success="0" player_id="105064" player_name="Jozabed Sánchez" position="Substitute" position_id="5" sub_on="90+3" x="67.70" y="42.10" />
  <Player cross_lost="2" cross_success="1" jersey_num="23" pass_lost="8" pass_success="26" player_id="178880" player_name="Brais Méndez" position="Forward" position_id="4" sub_off="90+3" x="59.07" y="36.54">
    <Player player_id="76508" player_name="Hugo Mallo">9</Player>
    <Player player_id="215206" player_name="Maxi Gómez">3</Player>
    <Player player_id="169205" player_name="David Costas">1</Player>
    <Player player_id="101820" player_name="Stanislav Lobotka">2</Player>
    <Player player_id="207283" player_name="Mathias Jensen">2</Player>
    <Player player_id="100868" player_name="Néstor Araújo">1</Player>
    <Player player_id="101394" player_name="Okay Yokuslu">3</Player>
    <Player player_id="128198" player_name="Sofiane Boufal">2</Player>
    <Player cross="1" player_id="167075" player_name="Wesley Hoedt">0</Player>
    <Player player_id="105488" player_name="David Juncà">3</Player>
  </Player>
  <Player cross_lost="2" cross_success="0" jersey_num="17" pass_lost="12" pass_success="30" player_id="105488" player_name="David Juncà" position="Midfielder" position_id="3" x="49.54" y="84.88">
    <Player player_id="207283" player_name="Mathias Jensen">4</Player>
    <Player player_id="101820" player_name="Stanislav Lobotka">3</Player>
    <Player player_id="128198" player_name="Sofiane Boufal">5</Player>
    <Player player_id="101394" player_name="Okay Yokuslu">5</Player>
    <Player player_id="234511" player_name="Fran Beltrán">2</Player>
    <Player player_id="167075" player_name="Wesley Hoedt">8</Player>
    <Player player_id="76508" player_name="Hugo Mallo">1</Player>
    <Player player_id="215206" player_name="Maxi Gómez">2</Player>
  </Player>
  <Player cross_lost="0" cross_success="0" jersey_num="9" pass_lost="6" pass_success="19" player_id="215206" player_name="Maxi Gómez" position="Forward" position_id="4" x="60.50" y="47.13">
    <Player player_id="169205" player_name="David Costas">1</Player>
    <Player player_id="101820" player_name="Stanislav Lobotka">1</Player>
    <Player player_id="207283" player_name="Mathias Jensen">4</Player>
    <Player player_id="128198" player_name="Sofiane Boufal">1</Player>
    <Player player_id="101394" player_name="Okay Yokuslu">2</Player>
    <Player player_id="234511" player_name="Fran Beltrán">1</Player>
    <Player player_id="76508" player_name="Hugo Mallo">4</Player>
    <Player player_id="178880" player_name="Brais Méndez">3</Player>
    <Player player_id="105488" player_name="David Juncà">2</Player>
  </Player>
</SoccerFeed>