﻿<?xml version="1.0" encoding="UTF-8"?>
<!-- Copyright 2001-2018 Opta Sportsdata Ltd. All rights reserved. -->
<!-- PRODUCTION HEADER
     produced on:        valde-jobq-a01.nexus.opta.net
     production time:    20181104T195435,406Z
     production module:  Opta::Feed::XML::Soccer::F27
-->
<SoccerFeed act_minute="93" act_period="2" act_second="6" away_team_id="192" away_team_name="Real Valladolid" competition_id="23" competition_name="Spanish La Liga" game_date="2018-11-03 15:15:00" game_id="1009417" home_team_id="186" home_team_name="Real Madrid" season_id="2018" season_name="Season 2018/2019" team_id="186" team_name="Real Madrid">
  <Player cross_lost="1" cross_success="0" jersey_num="4" pass_lost="7" pass_success="69" player_id="17861" player_name="Sergio Ramos" position="Defender" position_id="2" x="41.91" y="58.77">
    <Player player_id="44989" player_name="Toni Kroos">18</Player>
    <Player player_id="36903" player_name="Gareth Bale">3</Player>
    <Player player_id="107593" player_name="Lucas Vázquez">1</Player>
    <Player player_id="19927" player_name="Karim Benzema">1</Player>
    <Player player_id="88477" player_name="Nacho">7</Player>
    <Player player_id="80209" player_name="Isco">2</Player>
    <Player player_id="61256" player_name="Casemiro">4</Player>
    <Player player_id="199249" player_name="Sergio Reguilón">24</Player>
    <Player player_id="37055" player_name="Luka Modric">7</Player>
    <Player player_id="246333" player_name="Vinícius Júnior">1</Player>
    <Player player_id="201172" player_name="Álvaro Odriozola">1</Player>
  </Player>
  <Player cross_lost="4" cross_success="4" jersey_num="8" pass_lost="6" pass_success="88" player_id="44989" player_name="Toni Kroos" position="Midfielder" position_id="3" x="55.21" y="65.08">
    <Player player_id="17861" player_name="Sergio Ramos">5</Player>
    <Player cross="1" player_id="36903" player_name="Gareth Bale">6</Player>
    <Player player_id="107593" player_name="Lucas Vázquez">1</Player>
    <Player player_id="19927" player_name="Karim Benzema">3</Player>
    <Player player_id="88477" player_name="Nacho">3</Player>
    <Player player_id="80209" player_name="Isco">4</Player>
    <Player cross="3" player_id="61256" player_name="Casemiro">9</Player>
    <Player player_id="174292" player_name="Marco Asensio">8</Player>
    <Player player_id="199249" player_name="Sergio Reguilón">20</Player>
    <Player player_id="37055" player_name="Luka Modric">15</Player>
    <Player player_id="246333" player_name="Vinícius Júnior">3</Player>
    <Player player_id="201172" player_name="Álvaro Odriozola">9</Player>
    <Player player_id="60772" player_name="Thibaut Courtois">2</Player>
  </Player>
  <Player cross_lost="5" cross_success="1" jersey_num="22" pass_lost="5" pass_success="20" player_id="80209" player_name="Isco" position="Substitute" position_id="5" sub_on="56" x="66.80" y="50.84">
    <Player player_id="44989" player_name="Toni Kroos">3</Player>
    <Player player_id="107593" player_name="Lucas Vázquez">3</Player>
    <Player player_id="199249" player_name="Sergio Reguilón">6</Player>
    <Player cross="1" player_id="88477" player_name="Nacho">0</Player>
    <Player player_id="37055" player_name="Luka Modric">5</Player>
    <Player player_id="246333" player_name="Vinícius Júnior">1</Player>
    <Player player_id="201172" player_name="Álvaro Odriozola">2</Player>
  </Player>
  <Player cross_lost="5" cross_success="0" jersey_num="11" pass_lost="4" pass_success="21" player_id="36903" player_name="Gareth Bale" position="Forward" position_id="4" sub_off="71" x="65.91" y="53.73">
    <Player player_id="17861" player_name="Sergio Ramos">1</Player>
    <Player player_id="44989" player_name="Toni Kroos">8</Player>
    <Player player_id="80209" player_name="Isco">2</Player>
    <Player player_id="61256" player_name="Casemiro">3</Player>
    <Player player_id="19927" player_name="Karim Benzema">2</Player>
    <Player player_id="199249" player_name="Sergio Reguilón">1</Player>
    <Player player_id="88477" player_name="Nacho">2</Player>
    <Player player_id="201172" player_name="Álvaro Odriozola">2</Player>
  </Player>
  <Player cross_lost="0" cross_success="0" jersey_num="14" pass_lost="5" pass_success="36" player_id="61256" player_name="Casemiro" position="Midfielder" position_id="3" sub_off="56" x="54.69" y="45.19">
    <Player player_id="17861" player_name="Sergio Ramos">3</Player>
    <Player player_id="44989" player_name="Toni Kroos">12</Player>
    <Player player_id="36903" player_name="Gareth Bale">2</Player>
    <Player player_id="174292" player_name="Marco Asensio">3</Player>
    <Player player_id="199249" player_name="Sergio Reguilón">1</Player>
    <Player player_id="88477" player_name="Nacho">3</Player>
    <Player player_id="37055" player_name="Luka Modric">8</Player>
    <Player player_id="201172" player_name="Álvaro Odriozola">3</Player>
    <Player player_id="60772" player_name="Thibaut Courtois">1</Player>
  </Player>
  <Player cross_lost="2" cross_success="0" jersey_num="17" pass_lost="1" pass_success="11" player_id="107593" player_name="Lucas Vázquez" position="Substitute" position_id="5" sub_on="71" x="65.41" y="22.55">
    <Player player_id="44989" player_name="Toni Kroos">3</Player>
    <Player player_id="80209" player_name="Isco">2</Player>
    <Player player_id="19927" player_name="Karim Benzema">1</Player>
    <Player player_id="199249" player_name="Sergio Reguilón">1</Player>
    <Player player_id="88477" player_name="Nacho">1</Player>
    <Player player_id="37055" player_name="Luka Modric">3</Player>
  </Player>
  <Player cross_lost="3" cross_success="1" jersey_num="20" pass_lost="2" pass_success="22" player_id="174292" player_name="Marco Asensio" position="Forward" position_id="4" sub_off="73" x="67.07" y="51.84">
    <Player player_id="17861" player_name="Sergio Ramos">4</Player>
    <Player player_id="44989" player_name="Toni Kroos">7</Player>
    <Player cross="1" player_id="36903" player_name="Gareth Bale">0</Player>
    <Player player_id="19927" player_name="Karim Benzema">3</Player>
    <Player player_id="88477" player_name="Nacho">2</Player>
    <Player player_id="80209" player_name="Isco">2</Player>
    <Player player_id="199249" player_name="Sergio Reguilón">3</Player>
    <Player player_id="201172" player_name="Álvaro Odriozola">1</Player>
  </Player>
  <Player cross_lost="0" cross_success="0" jersey_num="9" pass_lost="1" pass_success="17" player_id="19927" player_name="Karim Benzema" position="Forward" position_id="4" x="64.85" y="60.86">
    <Player player_id="17861" player_name="Sergio Ramos">1</Player>
    <Player player_id="44989" player_name="Toni Kroos">2</Player>
    <Player player_id="80209" player_name="Isco">2</Player>
    <Player player_id="61256" player_name="Casemiro">2</Player>
    <Player player_id="107593" player_name="Lucas Vázquez">1</Player>
    <Player player_id="174292" player_name="Marco Asensio">2</Player>
    <Player player_id="199249" player_name="Sergio Reguilón">2</Player>
    <Player player_id="88477" player_name="Nacho">1</Player>
    <Player player_id="201172" player_name="Álvaro Odriozola">4</Player>
  </Player>
  <Player cross_lost="7" cross_success="2" jersey_num="23" pass_lost="3" pass_success="63" player_id="199249" player_name="Sergio Reguilón" position="Defender" position_id="2" x="56.21" y="82.83">
    <Player player_id="17861" player_name="Sergio Ramos">14</Player>
    <Player player_id="44989" player_name="Toni Kroos">18</Player>
    <Player cross="1" player_id="36903" player_name="Gareth Bale">7</Player>
    <Player cross="1" player_id="19927" player_name="Karim Benzema">2</Player>
    <Player player_id="88477" player_name="Nacho">2</Player>
    <Player player_id="80209" player_name="Isco">2</Player>
    <Player player_id="61256" player_name="Casemiro">5</Player>
    <Player player_id="174292" player_name="Marco Asensio">9</Player>
    <Player player_id="199249" player_name="Sergio Reguilón">1</Player>
    <Player player_id="246333" player_name="Vinícius Júnior">1</Player>
    <Player player_id="201172" player_name="Álvaro Odriozola">1</Player>
    <Player player_id="60772" player_name="Thibaut Courtois">1</Player>
  </Player>
  <Player cross_lost="2" cross_success="0" jersey_num="10" pass_lost="8" pass_success="57" player_id="37055" player_name="Luka Modric" position="Midfielder" position_id="3" x="60.51" y="37.42">
    <Player player_id="17861" player_name="Sergio Ramos">10</Player>
    <Player player_id="44989" player_name="Toni Kroos">5</Player>
    <Player player_id="36903" player_name="Gareth Bale">3</Player>
    <Player player_id="107593" player_name="Lucas Vázquez">4</Player>
    <Player player_id="19927" player_name="Karim Benzema">3</Player>
    <Player player_id="88477" player_name="Nacho">6</Player>
    <Player player_id="80209" player_name="Isco">6</Player>
    <Player player_id="61256" player_name="Casemiro">3</Player>
    <Player player_id="174292" player_name="Marco Asensio">3</Player>
    <Player player_id="199249" player_name="Sergio Reguilón">5</Player>
    <Player player_id="201172" player_name="Álvaro Odriozola">9</Player>
  </Player>
  <Player cross_lost="0" cross_success="0" jersey_num="6" pass_lost="4" pass_success="45" player_id="88477" player_name="Nacho" position="Defender" position_id="2" x="43.54" y="35.80">
    <Player player_id="17861" player_name="Sergio Ramos">10</Player>
    <Player player_id="44989" player_name="Toni Kroos">10</Player>
    <Player player_id="36903" player_name="Gareth Bale">3</Player>
    <Player player_id="61256" player_name="Casemiro">2</Player>
    <Player player_id="107593" player_name="Lucas Vázquez">3</Player>
    <Player player_id="174292" player_name="Marco Asensio">1</Player>
    <Player player_id="199249" player_name="Sergio Reguilón">3</Player>
    <Player player_id="37055" player_name="Luka Modric">7</Player>
    <Player player_id="201172" player_name="Álvaro Odriozola">6</Player>
  </Player>
  <Player cross_lost="1" cross_success="0" jersey_num="28" pass_lost="0" pass_success="7" player_id="246333" player_name="Vinícius Júnior" position="Substitute" position_id="5" sub_on="73" x="66.91" y="78.85">
    <Player player_id="17861" player_name="Sergio Ramos">1</Player>
    <Player player_id="44989" player_name="Toni Kroos">1</Player>
    <Player player_id="107593" player_name="Lucas Vázquez">1</Player>
    <Player player_id="19927" player_name="Karim Benzema">3</Player>
    <Player player_id="37055" player_name="Luka Modric">1</Player>
  </Player>
  <Player cross_lost="5" cross_success="1" jersey_num="19" pass_lost="2" pass_success="35" player_id="201172" player_name="Álvaro Odriozola" position="Defender" position_id="2" x="61.76" y="14.47">
    <Player player_id="17861" player_name="Sergio Ramos">2</Player>
    <Player player_id="36903" player_name="Gareth Bale">4</Player>
    <Player player_id="107593" player_name="Lucas Vázquez">3</Player>
    <Player player_id="19927" player_name="Karim Benzema">1</Player>
    <Player player_id="88477" player_name="Nacho">4</Player>
    <Player player_id="80209" player_name="Isco">1</Player>
    <Player player_id="61256" player_name="Casemiro">6</Player>
    <Player player_id="174292" player_name="Marco Asensio">3</Player>
    <Player cross="1" player_id="199249" player_name="Sergio Reguilón">1</Player>
    <Player player_id="37055" player_name="Luka Modric">9</Player>
    <Player player_id="60772" player_name="Thibaut Courtois">1</Player>
  </Player>
  <Player cross_lost="0" cross_success="0" jersey_num="25" pass_lost="5" pass_success="14" player_id="60772" player_name="Thibaut Courtois" position="Goalkeeper" position_id="1" x="8.84" y="53.18">
    <Player player_id="17861" player_name="Sergio Ramos">6</Player>
    <Player player_id="80209" player_name="Isco">2</Player>
    <Player player_id="36903" player_name="Gareth Bale">2</Player>
    <Player player_id="19927" player_name="Karim Benzema">1</Player>
    <Player player_id="199249" player_name="Sergio Reguilón">1</Player>
    <Player player_id="88477" player_name="Nacho">2</Player>
  </Player>
</SoccerFeed>