﻿<?xml version="1.0" encoding="UTF-8"?>
<!-- Copyright 2001-2018 Opta Sportsdata Ltd. All rights reserved. -->
<!-- PRODUCTION HEADER
     produced on:        valde-jobq-a03.nexus.opta.net
     production time:    20181003T193432,999Z
     production module:  Opta::Feed::XML::Soccer::F27
-->
<SoccerFeed act_minute="93" act_period="2" act_second="57" away_team_id="177" away_team_name="Espanyol" competition_id="23" competition_name="Spanish La Liga" game_date="2018-09-28 20:00:00" game_id="1009383" home_team_id="184" home_team_name="Rayo Vallecano" season_id="2018" season_name="Season 2018/2019" team_id="184" team_name="Rayo Vallecano">
  <Player cross_lost="1" cross_success="1" jersey_num="17" pass_lost="5" pass_success="47" player_id="98901" player_name="Luis Advíncula" position="Defender" position_id="2" x="45.81" y="13.21">
    <Player player_id="230071" player_name="Santiago Comesaña">7</Player>
    <Player player_id="132161" player_name="Adrián Embarba">4</Player>
    <Player player_id="40721" player_name="Óscar Trejo">4</Player>
    <Player player_id="84374" player_name="Bebé">1</Player>
    <Player cross="1" player_id="119403" player_name="Raúl de Tomás">3</Player>
    <Player player_id="103860" player_name="Abdoulaye Ba">12</Player>
    <Player player_id="59325" player_name="Gaël Kakuta">4</Player>
    <Player player_id="80789" player_name="Jordi Amat">1</Player>
    <Player player_id="102738" player_name="Giannelli Imbula">8</Player>
    <Player player_id="48415" player_name="Alberto García">2</Player>
    <Player player_id="106468" player_name="Álex Moreno">1</Player>
  </Player>
  <Player cross_lost="0" cross_success="0" jersey_num="16" pass_lost="2" pass_success="31" player_id="80789" player_name="Jordi Amat" position="Defender" position_id="2" x="37.30" y="69.02">
    <Player player_id="98901" player_name="Luis Advíncula">2</Player>
    <Player player_id="102738" player_name="Giannelli Imbula">4</Player>
    <Player player_id="48415" player_name="Alberto García">1</Player>
    <Player player_id="230071" player_name="Santiago Comesaña">7</Player>
    <Player player_id="132161" player_name="Adrián Embarba">1</Player>
    <Player player_id="106468" player_name="Álex Moreno">3</Player>
    <Player player_id="84374" player_name="Bebé">2</Player>
    <Player player_id="119403" player_name="Raúl de Tomás">1</Player>
    <Player player_id="103860" player_name="Abdoulaye Ba">9</Player>
    <Player player_id="59325" player_name="Gaël Kakuta">1</Player>
  </Player>
  <Player cross_lost="3" cross_success="0" jersey_num="12" pass_lost="1" pass_success="38" player_id="102738" player_name="Giannelli Imbula" position="Midfielder" position_id="3" x="56.23" y="44.35">
    <Player player_id="98901" player_name="Luis Advíncula">7</Player>
    <Player player_id="230071" player_name="Santiago Comesaña">9</Player>
    <Player player_id="132161" player_name="Adrián Embarba">3</Player>
    <Player player_id="40721" player_name="Óscar Trejo">1</Player>
    <Player player_id="119403" player_name="Raúl de Tomás">2</Player>
    <Player player_id="84374" player_name="Bebé">4</Player>
    <Player player_id="103860" player_name="Abdoulaye Ba">8</Player>
    <Player player_id="59325" player_name="Gaël Kakuta">1</Player>
    <Player player_id="80789" player_name="Jordi Amat">1</Player>
    <Player player_id="106468" player_name="Álex Moreno">2</Player>
  </Player>
  <Player cross_lost="0" cross_success="0" jersey_num="1" pass_lost="9" pass_success="24" player_id="48415" player_name="Alberto García" position="Goalkeeper" position_id="1" x="9.11" y="47.74">
    <Player player_id="98901" player_name="Luis Advíncula">3</Player>
    <Player player_id="80789" player_name="Jordi Amat">3</Player>
    <Player player_id="102738" player_name="Giannelli Imbula">2</Player>
    <Player player_id="230071" player_name="Santiago Comesaña">1</Player>
    <Player player_id="40721" player_name="Óscar Trejo">2</Player>
    <Player player_id="106468" player_name="Álex Moreno">2</Player>
    <Player player_id="119403" player_name="Raúl de Tomás">1</Player>
    <Player player_id="103860" player_name="Abdoulaye Ba">9</Player>
    <Player player_id="59325" player_name="Gaël Kakuta">1</Player>
  </Player>
  <Player cross_lost="0" cross_success="0" jersey_num="27" pass_lost="5" pass_success="47" player_id="230071" player_name="Santiago Comesaña" position="Midfielder" position_id="3" x="41.70" y="47.90">
    <Player player_id="98901" player_name="Luis Advíncula">5</Player>
    <Player player_id="40721" player_name="Óscar Trejo">1</Player>
    <Player player_id="119403" player_name="Raúl de Tomás">3</Player>
    <Player player_id="84374" player_name="Bebé">4</Player>
    <Player player_id="103860" player_name="Abdoulaye Ba">11</Player>
    <Player player_id="59325" player_name="Gaël Kakuta">2</Player>
    <Player player_id="80789" player_name="Jordi Amat">3</Player>
    <Player player_id="102738" player_name="Giannelli Imbula">9</Player>
    <Player player_id="48415" player_name="Alberto García">1</Player>
    <Player player_id="106468" player_name="Álex Moreno">6</Player>
    <Player player_id="114323" player_name="José Pozo">1</Player>
  </Player>
  <Player cross_lost="4" cross_success="1" jersey_num="11" pass_lost="0" pass_success="7" player_id="132161" player_name="Adrián Embarba" position="Substitute" position_id="5" sub_on="65" x="61.58" y="43.06">
    <Player player_id="98901" player_name="Luis Advíncula">2</Player>
    <Player player_id="102738" player_name="Giannelli Imbula">1</Player>
    <Player cross="1" player_id="230071" player_name="Santiago Comesaña">0</Player>
    <Player player_id="103860" player_name="Abdoulaye Ba">2</Player>
    <Player player_id="165682" player_name="Álvaro García">1</Player>
    <Player player_id="114323" player_name="José Pozo">1</Player>
  </Player>
  <Player cross_lost="2" cross_success="0" jersey_num="8" pass_lost="5" pass_success="17" player_id="40721" player_name="Óscar Trejo" position="Midfielder" position_id="3" sub_off="65" x="51.02" y="34.39">
    <Player player_id="98901" player_name="Luis Advíncula">3</Player>
    <Player player_id="84374" player_name="Bebé">3</Player>
    <Player player_id="119403" player_name="Raúl de Tomás">3</Player>
    <Player player_id="59325" player_name="Gaël Kakuta">8</Player>
  </Player>
  <Player cross_lost="1" cross_success="0" jersey_num="7" pass_lost="6" pass_success="35" player_id="106468" player_name="Álex Moreno" position="Defender" position_id="2" x="45.61" y="83.23">
    <Player player_id="80789" player_name="Jordi Amat">7</Player>
    <Player player_id="48415" player_name="Alberto García">1</Player>
    <Player player_id="102738" player_name="Giannelli Imbula">5</Player>
    <Player player_id="230071" player_name="Santiago Comesaña">4</Player>
    <Player player_id="40721" player_name="Óscar Trejo">1</Player>
    <Player player_id="84374" player_name="Bebé">10</Player>
    <Player player_id="119403" player_name="Raúl de Tomás">2</Player>
    <Player player_id="165682" player_name="Álvaro García">3</Player>
    <Player player_id="114323" player_name="José Pozo">2</Player>
  </Player>
  <Player cross_lost="5" cross_success="1" jersey_num="14" pass_lost="8" pass_success="18" player_id="84374" player_name="Bebé" position="Midfielder" position_id="3" sub_off="78" x="59.20" y="79.88">
    <Player cross="1" player_id="98901" player_name="Luis Advíncula">0</Player>
    <Player player_id="230071" player_name="Santiago Comesaña">1</Player>
    <Player player_id="119403" player_name="Raúl de Tomás">2</Player>
    <Player player_id="103860" player_name="Abdoulaye Ba">1</Player>
    <Player player_id="59325" player_name="Gaël Kakuta">1</Player>
    <Player player_id="80789" player_name="Jordi Amat">1</Player>
    <Player player_id="102738" player_name="Giannelli Imbula">2</Player>
    <Player player_id="106468" player_name="Álex Moreno">9</Player>
    <Player player_id="114323" player_name="José Pozo">1</Player>
  </Player>
  <Player cross_lost="1" cross_success="0" jersey_num="9" pass_lost="3" pass_success="15" player_id="119403" player_name="Raúl de Tomás" position="Forward" position_id="4" x="62.55" y="45.92">
    <Player player_id="98901" player_name="Luis Advíncula">3</Player>
    <Player player_id="102738" player_name="Giannelli Imbula">1</Player>
    <Player player_id="230071" player_name="Santiago Comesaña">5</Player>
    <Player player_id="132161" player_name="Adrián Embarba">1</Player>
    <Player player_id="106468" player_name="Álex Moreno">3</Player>
    <Player player_id="103860" player_name="Abdoulaye Ba">1</Player>
    <Player player_id="59325" player_name="Gaël Kakuta">1</Player>
  </Player>
  <Player cross_lost="2" cross_success="0" jersey_num="18" pass_lost="2" pass_success="4" player_id="165682" player_name="Álvaro García" position="Substitute" position_id="5" sub_on="78" x="49.09" y="64.72">
    <Player player_id="106468" player_name="Álex Moreno">1</Player>
    <Player player_id="103860" player_name="Abdoulaye Ba">2</Player>
    <Player player_id="114323" player_name="José Pozo">1</Player>
  </Player>
  <Player cross_lost="0" cross_success="0" jersey_num="21" pass_lost="14" pass_success="63" player_id="103860" player_name="Abdoulaye Ba" position="Defender" position_id="2" x="32.33" y="29.37">
    <Player player_id="98901" player_name="Luis Advíncula">19</Player>
    <Player player_id="230071" player_name="Santiago Comesaña">10</Player>
    <Player player_id="132161" player_name="Adrián Embarba">1</Player>
    <Player player_id="40721" player_name="Óscar Trejo">4</Player>
    <Player player_id="84374" player_name="Bebé">1</Player>
    <Player player_id="119403" player_name="Raúl de Tomás">1</Player>
    <Player player_id="59325" player_name="Gaël Kakuta">1</Player>
    <Player player_id="80789" player_name="Jordi Amat">11</Player>
    <Player player_id="48415" player_name="Alberto García">8</Player>
    <Player player_id="102738" player_name="Giannelli Imbula">6</Player>
    <Player player_id="106468" player_name="Álex Moreno">1</Player>
  </Player>
  <Player cross_lost="0" cross_success="0" jersey_num="22" pass_lost="1" pass_success="10" player_id="114323" player_name="José Pozo" position="Substitute" position_id="5" sub_on="65" x="57.42" y="77.89">
    <Player player_id="102738" player_name="Giannelli Imbula">2</Player>
    <Player player_id="132161" player_name="Adrián Embarba">1</Player>
    <Player player_id="106468" player_name="Álex Moreno">3</Player>
    <Player player_id="84374" player_name="Bebé">2</Player>
    <Player player_id="165682" player_name="Álvaro García">1</Player>
    <Player player_id="103860" player_name="Abdoulaye Ba">1</Player>
  </Player>
  <Player cross_lost="3" cross_success="0" jersey_num="10" pass_lost="7" pass_success="16" player_id="59325" player_name="Gaël Kakuta" position="Midfielder" position_id="3" sub_off="65" x="51.91" y="19.74">
    <Player player_id="98901" player_name="Luis Advíncula">2</Player>
    <Player player_id="102738" player_name="Giannelli Imbula">2</Player>
    <Player player_id="230071" player_name="Santiago Comesaña">2</Player>
    <Player player_id="40721" player_name="Óscar Trejo">3</Player>
    <Player player_id="84374" player_name="Bebé">1</Player>
    <Player player_id="119403" player_name="Raúl de Tomás">2</Player>
    <Player player_id="103860" player_name="Abdoulaye Ba">3</Player>
    <Player player_id="59325" player_name="Gaël Kakuta">1</Player>
  </Player>
</SoccerFeed>