﻿<?xml version="1.0" encoding="UTF-8"?>
<!-- Copyright 2001-2019 Opta Sportsdata Ltd. All rights reserved. -->
<!-- PRODUCTION HEADER
     produced on:        valde-jobq-a03.nexus.opta.net
     production time:    20190122T175224,663Z
     production module:  Opta::Feed::XML::Soccer::F27
-->
<SoccerFeed act_minute="96" act_period="2" act_second="55" away_team_id="192" away_team_name="Real Valladolid" competition_id="23" competition_name="Spanish La Liga" game_date="2019-01-20 17:30:00" game_id="1009510" home_team_id="855" home_team_name="Levante" season_id="2018" season_name="Season 2018/2019" team_id="855" team_name="Levante">
  <Player cross_lost="4" cross_success="1" jersey_num="23" pass_lost="5" pass_success="15" player_id="163784" player_name="Jason" position="Midfielder" position_id="3" x="52.80" y="18.56">
    <Player player_id="88952" player_name="José Campaña">2</Player>
    <Player player_id="165375" player_name="José Luis Morales">3</Player>
    <Player player_id="109702" player_name="Roger Martí">1</Player>
    <Player player_id="196739" player_name="Enis Bardhi">2</Player>
    <Player cross="1" player_id="77039" player_name="Toño">0</Player>
    <Player player_id="86168" player_name="Rubén Rochina">4</Player>
    <Player player_id="169586" player_name="Erick Cabaco">2</Player>
    <Player player_id="96093" player_name="Nikola Vukcevic">1</Player>
  </Player>
  <Player cross_lost="0" cross_success="0" jersey_num="24" pass_lost="8" pass_success="50" player_id="88952" player_name="José Campaña" position="Midfielder" position_id="3" x="47.59" y="61.45">
    <Player player_id="163784" player_name="Jason">4</Player>
    <Player player_id="165375" player_name="José Luis Morales">6</Player>
    <Player player_id="55268" player_name="Coke">4</Player>
    <Player player_id="109702" player_name="Roger Martí">2</Player>
    <Player player_id="196739" player_name="Enis Bardhi">8</Player>
    <Player player_id="220093" player_name="Rober Pier">3</Player>
    <Player player_id="77039" player_name="Toño">3</Player>
    <Player player_id="199248" player_name="Borja Mayoral">2</Player>
    <Player player_id="86168" player_name="Rubén Rochina">14</Player>
    <Player player_id="169586" player_name="Erick Cabaco">4</Player>
  </Player>
  <Player cross_lost="0" cross_success="0" jersey_num="11" pass_lost="4" pass_success="18" player_id="165375" player_name="José Luis Morales" position="Forward" position_id="4" x="67.27" y="51.51">
    <Player player_id="163784" player_name="Jason">4</Player>
    <Player player_id="88952" player_name="José Campaña">3</Player>
    <Player player_id="196739" player_name="Enis Bardhi">3</Player>
    <Player player_id="77039" player_name="Toño">5</Player>
    <Player player_id="199248" player_name="Borja Mayoral">1</Player>
    <Player player_id="86168" player_name="Rubén Rochina">2</Player>
  </Player>
  <Player cross_lost="0" cross_success="0" jersey_num="12" pass_lost="10" pass_success="22" player_id="55268" player_name="Coke" position="Defender" position_id="2" x="35.61" y="73.77">
    <Player player_id="163784" player_name="Jason">1</Player>
    <Player player_id="88952" player_name="José Campaña">7</Player>
    <Player player_id="109702" player_name="Roger Martí">1</Player>
    <Player player_id="196739" player_name="Enis Bardhi">4</Player>
    <Player player_id="220093" player_name="Rober Pier">1</Player>
    <Player player_id="77039" player_name="Toño">2</Player>
    <Player player_id="199248" player_name="Borja Mayoral">1</Player>
    <Player player_id="49442" player_name="Oier Olazábal">2</Player>
    <Player player_id="169586" player_name="Erick Cabaco">2</Player>
  </Player>
  <Player cross_lost="1" cross_success="0" jersey_num="9" pass_lost="1" pass_success="2" player_id="109702" player_name="Roger Martí" position="Substitute" position_id="5" sub_on="83" x="66.74" y="66.36">
    <Player player_id="163784" player_name="Jason">1</Player>
    <Player player_id="77039" player_name="Toño">1</Player>
  </Player>
  <Player cross_lost="0" cross_success="0" jersey_num="10" pass_lost="4" pass_success="26" player_id="196739" player_name="Enis Bardhi" position="Midfielder" position_id="3" sub_off="76" x="55.88" y="76.86">
    <Player player_id="163784" player_name="Jason">1</Player>
    <Player player_id="88952" player_name="José Campaña">5</Player>
    <Player player_id="165375" player_name="José Luis Morales">3</Player>
    <Player player_id="55268" player_name="Coke">1</Player>
    <Player player_id="220093" player_name="Rober Pier">3</Player>
    <Player player_id="199248" player_name="Borja Mayoral">1</Player>
    <Player player_id="77039" player_name="Toño">8</Player>
    <Player player_id="86168" player_name="Rubén Rochina">4</Player>
  </Player>
  <Player cross_lost="0" cross_success="0" jersey_num="4" pass_lost="7" pass_success="19" player_id="220093" player_name="Rober Pier" position="Defender" position_id="2" x="35.42" y="56.32">
    <Player player_id="88952" player_name="José Campaña">3</Player>
    <Player player_id="165375" player_name="José Luis Morales">3</Player>
    <Player player_id="55268" player_name="Coke">3</Player>
    <Player player_id="196739" player_name="Enis Bardhi">2</Player>
    <Player player_id="77039" player_name="Toño">1</Player>
    <Player player_id="199248" player_name="Borja Mayoral">1</Player>
    <Player player_id="86168" player_name="Rubén Rochina">3</Player>
    <Player player_id="49442" player_name="Oier Olazábal">1</Player>
    <Player player_id="169586" player_name="Erick Cabaco">2</Player>
  </Player>
  <Player cross_lost="3" cross_success="1" jersey_num="3" pass_lost="5" pass_success="24" player_id="77039" player_name="Toño" position="Midfielder" position_id="3" x="50.31" y="85.90">
    <Player player_id="88952" player_name="José Campaña">6</Player>
    <Player player_id="165375" player_name="José Luis Morales">8</Player>
    <Player player_id="55268" player_name="Coke">5</Player>
    <Player player_id="109702" player_name="Roger Martí">2</Player>
    <Player player_id="196739" player_name="Enis Bardhi">1</Player>
    <Player cross="1" player_id="199248" player_name="Borja Mayoral">0</Player>
    <Player player_id="86168" player_name="Rubén Rochina">2</Player>
  </Player>
  <Player cross_lost="0" cross_success="0" jersey_num="2" pass_lost="1" pass_success="13" player_id="199248" player_name="Borja Mayoral" position="Forward" position_id="4" sub_off="83" x="65.05" y="44.00">
    <Player player_id="88952" player_name="José Campaña">1</Player>
    <Player player_id="163784" player_name="Jason">1</Player>
    <Player player_id="165375" player_name="José Luis Morales">3</Player>
    <Player player_id="196739" player_name="Enis Bardhi">2</Player>
    <Player player_id="77039" player_name="Toño">1</Player>
    <Player player_id="86168" player_name="Rubén Rochina">4</Player>
    <Player player_id="169586" player_name="Erick Cabaco">1</Player>
  </Player>
  <Player cross_lost="7" cross_success="1" jersey_num="16" pass_lost="11" pass_success="34" player_id="86168" player_name="Rubén Rochina" position="Midfielder" position_id="3" sub_off="90+2" x="55.15" y="45.06">
    <Player player_id="88952" player_name="José Campaña">9</Player>
    <Player player_id="165375" player_name="José Luis Morales">4</Player>
    <Player player_id="196739" player_name="Enis Bardhi">3</Player>
    <Player player_id="220093" player_name="Rober Pier">1</Player>
    <Player player_id="199248" player_name="Borja Mayoral">4</Player>
    <Player player_id="163784" player_name="Jason">7</Player>
    <Player cross="1" player_id="55268" player_name="Coke">0</Player>
    <Player player_id="109702" player_name="Roger Martí">1</Player>
    <Player player_id="77039" player_name="Toño">4</Player>
    <Player player_id="169586" player_name="Erick Cabaco">1</Player>
  </Player>
  <Player cross_lost="0" cross_success="0" jersey_num="13" pass_lost="9" pass_success="11" player_id="49442" player_name="Oier Olazábal" position="Goalkeeper" position_id="1" x="7.21" y="53.96">
    <Player player_id="163784" player_name="Jason">2</Player>
    <Player player_id="165375" player_name="José Luis Morales">2</Player>
    <Player player_id="55268" player_name="Coke">1</Player>
    <Player player_id="220093" player_name="Rober Pier">1</Player>
    <Player player_id="86168" player_name="Rubén Rochina">3</Player>
    <Player player_id="49442" player_name="Oier Olazábal">1</Player>
    <Player player_id="169586" player_name="Erick Cabaco">1</Player>
  </Player>
  <Player cross_lost="0" cross_success="0" jersey_num="27" pass_lost="0" pass_success="0" player_id="459602" player_name="Fran Manzanara" position="Substitute" position_id="5" sub_on="90+2" x="0" y="0" />
  <Player cross_lost="0" cross_success="0" jersey_num="18" pass_lost="7" pass_success="24" player_id="169586" player_name="Erick Cabaco" position="Defender" position_id="2" x="36.47" y="22.82">
    <Player player_id="88952" player_name="José Campaña">1</Player>
    <Player player_id="163784" player_name="Jason">3</Player>
    <Player player_id="165375" player_name="José Luis Morales">2</Player>
    <Player player_id="55268" player_name="Coke">3</Player>
    <Player player_id="220093" player_name="Rober Pier">2</Player>
    <Player player_id="77039" player_name="Toño">1</Player>
    <Player player_id="199248" player_name="Borja Mayoral">3</Player>
    <Player player_id="86168" player_name="Rubén Rochina">8</Player>
    <Player player_id="49442" player_name="Oier Olazábal">1</Player>
  </Player>
  <Player cross_lost="0" cross_success="0" jersey_num="17" pass_lost="2" pass_success="3" player_id="96093" player_name="Nikola Vukcevic" position="Substitute" position_id="5" sub_on="76" x="36.94" y="62.10">
    <Player player_id="88952" player_name="José Campaña">1</Player>
    <Player player_id="86168" player_name="Rubén Rochina">1</Player>
    <Player player_id="169586" player_name="Erick Cabaco">1</Player>
  </Player>
</SoccerFeed>