﻿<?xml version="1.0" encoding="UTF-8"?>
<!-- Copyright 2001-2018 Opta Sportsdata Ltd. All rights reserved. -->
<!-- PRODUCTION HEADER
     produced on:        valde-jobq-a04.nexus.opta.net
     production time:    20181129T164940,399Z
     production module:  Opta::Feed::XML::Soccer::F27
-->
<SoccerFeed act_minute="93" act_period="2" act_second="21" away_team_id="185" away_team_name="Real Betis" competition_id="23" competition_name="Spanish La Liga" game_date="2018-08-25 17:15:00" game_id="1009326" home_team_id="173" home_team_name="Alavés" season_id="2018" season_name="Season 2018/2019" team_id="173" team_name="Alavés">
  <Player cross_lost="1" cross_success="0" jersey_num="19" pass_lost="2" pass_success="26" player_id="55378" player_name="Manu García" position="Midfielder" position_id="3" x="51.44" y="57.96">
    <Player player_id="246162" player_name="Martín Aguirregabiria">3</Player>
    <Player player_id="84471" player_name="Ibai Gómez">1</Player>
    <Player player_id="92190" player_name="Jony">5</Player>
    <Player player_id="49370" player_name="Víctor Laguardia">2</Player>
    <Player player_id="112994" player_name="Rubén Sobrino">2</Player>
    <Player player_id="82970" player_name="John Guidetti">1</Player>
    <Player player_id="126119" player_name="Rubén Duarte">2</Player>
    <Player player_id="55179" player_name="Mubarak Wakaso">4</Player>
    <Player player_id="155335" player_name="Guillermo Maripán">4</Player>
    <Player player_id="83091" player_name="Borja Bastón">1</Player>
    <Player player_id="113965" player_name="Patrick Twumasi">1</Player>
  </Player>
  <Player cross_lost="0" cross_success="0" jersey_num="7" pass_lost="6" pass_success="10" player_id="112994" player_name="Rubén Sobrino" position="Forward" position_id="4" sub_off="73" x="64.23" y="47.69">
    <Player player_id="55378" player_name="Manu García">2</Player>
    <Player player_id="246162" player_name="Martín Aguirregabiria">1</Player>
    <Player player_id="82970" player_name="John Guidetti">1</Player>
    <Player player_id="55179" player_name="Mubarak Wakaso">1</Player>
    <Player player_id="92190" player_name="Jony">2</Player>
    <Player player_id="83091" player_name="Borja Bastón">3</Player>
  </Player>
  <Player cross_lost="1" cross_success="0" jersey_num="21" pass_lost="4" pass_success="19" player_id="246162" player_name="Martín Aguirregabiria" position="Defender" position_id="2" x="36.43" y="15.25">
    <Player player_id="112994" player_name="Rubén Sobrino">2</Player>
    <Player player_id="155335" player_name="Guillermo Maripán">1</Player>
    <Player player_id="84471" player_name="Ibai Gómez">6</Player>
    <Player player_id="55179" player_name="Mubarak Wakaso">7</Player>
    <Player player_id="49370" player_name="Víctor Laguardia">3</Player>
  </Player>
  <Player cross_lost="0" cross_success="0" jersey_num="14" pass_lost="1" pass_success="8" player_id="163817" player_name="Burgui" position="Substitute" position_id="5" sub_on="73" x="59.52" y="70.09">
    <Player player_id="82970" player_name="John Guidetti">3</Player>
    <Player player_id="84471" player_name="Ibai Gómez">1</Player>
    <Player player_id="55179" player_name="Mubarak Wakaso">2</Player>
    <Player player_id="92190" player_name="Jony">2</Player>
  </Player>
  <Player cross_lost="0" cross_success="0" jersey_num="10" pass_lost="1" pass_success="3" player_id="82970" player_name="John Guidetti" position="Substitute" position_id="5" sub_on="64" x="70.38" y="46.40">
    <Player player_id="55378" player_name="Manu García">1</Player>
    <Player player_id="92190" player_name="Jony">2</Player>
  </Player>
  <Player cross_lost="0" cross_success="0" jersey_num="1" pass_lost="11" pass_success="16" player_id="91406" player_name="Fernando Pacheco" position="Goalkeeper" position_id="1" x="10.70" y="52.09">
    <Player player_id="55378" player_name="Manu García">4</Player>
    <Player player_id="112994" player_name="Rubén Sobrino">1</Player>
    <Player player_id="82970" player_name="John Guidetti">1</Player>
    <Player player_id="163817" player_name="Burgui">1</Player>
    <Player player_id="155335" player_name="Guillermo Maripán">1</Player>
    <Player player_id="83091" player_name="Borja Bastón">3</Player>
    <Player player_id="92190" player_name="Jony">2</Player>
    <Player player_id="113965" player_name="Patrick Twumasi">1</Player>
    <Player player_id="49370" player_name="Víctor Laguardia">2</Player>
  </Player>
  <Player cross_lost="3" cross_success="1" jersey_num="3" pass_lost="4" pass_success="9" player_id="126119" player_name="Rubén Duarte" position="Defender" position_id="2" x="48.36" y="80.67">
    <Player player_id="55378" player_name="Manu García">1</Player>
    <Player player_id="163817" player_name="Burgui">2</Player>
    <Player player_id="55179" player_name="Mubarak Wakaso">1</Player>
    <Player cross="1" player_id="84471" player_name="Ibai Gómez">0</Player>
    <Player player_id="155335" player_name="Guillermo Maripán">2</Player>
    <Player player_id="83091" player_name="Borja Bastón">1</Player>
    <Player player_id="92190" player_name="Jony">2</Player>
  </Player>
  <Player cross_lost="0" cross_success="0" jersey_num="6" pass_lost="6" pass_success="15" player_id="155335" player_name="Guillermo Maripán" position="Defender" position_id="2" x="29.51" y="58.97">
    <Player player_id="55378" player_name="Manu García">3</Player>
    <Player player_id="246162" player_name="Martín Aguirregabiria">2</Player>
    <Player player_id="112994" player_name="Rubén Sobrino">1</Player>
    <Player player_id="91406" player_name="Fernando Pacheco">3</Player>
    <Player player_id="84471" player_name="Ibai Gómez">2</Player>
    <Player player_id="55179" player_name="Mubarak Wakaso">1</Player>
    <Player player_id="126119" player_name="Rubén Duarte">2</Player>
    <Player player_id="92190" player_name="Jony">1</Player>
  </Player>
  <Player cross_lost="0" cross_success="0" jersey_num="22" pass_lost="10" pass_success="31" player_id="55179" player_name="Mubarak Wakaso" position="Midfielder" position_id="3" x="46.63" y="47.37">
    <Player player_id="55378" player_name="Manu García">2</Player>
    <Player player_id="246162" player_name="Martín Aguirregabiria">6</Player>
    <Player player_id="163817" player_name="Burgui">3</Player>
    <Player player_id="84471" player_name="Ibai Gómez">4</Player>
    <Player player_id="92190" player_name="Jony">3</Player>
    <Player player_id="49370" player_name="Víctor Laguardia">3</Player>
    <Player player_id="112994" player_name="Rubén Sobrino">3</Player>
    <Player player_id="91406" player_name="Fernando Pacheco">2</Player>
    <Player player_id="155335" player_name="Guillermo Maripán">2</Player>
    <Player player_id="126119" player_name="Rubén Duarte">1</Player>
    <Player player_id="83091" player_name="Borja Bastón">1</Player>
    <Player player_id="113965" player_name="Patrick Twumasi">1</Player>
  </Player>
  <Player cross_lost="2" cross_success="2" jersey_num="11" pass_lost="4" pass_success="20" player_id="84471" player_name="Ibai Gómez" position="Midfielder" position_id="3" x="47.96" y="20.81">
    <Player player_id="55378" player_name="Manu García">1</Player>
    <Player player_id="246162" player_name="Martín Aguirregabiria">5</Player>
    <Player player_id="163817" player_name="Burgui">1</Player>
    <Player player_id="92190" player_name="Jony">3</Player>
    <Player cross="1" player_id="49370" player_name="Víctor Laguardia">0</Player>
    <Player player_id="112994" player_name="Rubén Sobrino">4</Player>
    <Player player_id="82970" player_name="John Guidetti">1</Player>
    <Player player_id="55179" player_name="Mubarak Wakaso">4</Player>
    <Player cross="1" player_id="126119" player_name="Rubén Duarte">0</Player>
    <Player player_id="83091" player_name="Borja Bastón">1</Player>
  </Player>
  <Player cross_lost="0" cross_success="0" jersey_num="18" pass_lost="6" pass_success="6" player_id="83091" player_name="Borja Bastón" position="Forward" position_id="4" sub_off="64" x="61.09" y="58.89">
    <Player player_id="55378" player_name="Manu García">1</Player>
    <Player player_id="112994" player_name="Rubén Sobrino">1</Player>
    <Player player_id="84471" player_name="Ibai Gómez">1</Player>
    <Player player_id="92190" player_name="Jony">2</Player>
    <Player player_id="49370" player_name="Víctor Laguardia">1</Player>
  </Player>
  <Player cross_lost="11" cross_success="1" jersey_num="23" pass_lost="8" pass_success="13" player_id="92190" player_name="Jony" position="Midfielder" position_id="3" sub_off="87" x="68.78" y="77.99">
    <Player player_id="55378" player_name="Manu García">2</Player>
    <Player player_id="246162" player_name="Martín Aguirregabiria">1</Player>
    <Player player_id="163817" player_name="Burgui">2</Player>
    <Player player_id="55179" player_name="Mubarak Wakaso">2</Player>
    <Player player_id="126119" player_name="Rubén Duarte">4</Player>
    <Player player_id="84471" player_name="Ibai Gómez">2</Player>
    <Player cross="1" player_id="49370" player_name="Víctor Laguardia">0</Player>
  </Player>
  <Player cross_lost="0" cross_success="0" jersey_num="24" pass_lost="1" pass_success="0" player_id="113965" player_name="Patrick Twumasi" position="Substitute" position_id="5" sub_on="87" x="84.86" y="71.70" />
  <Player cross_lost="0" cross_success="0" jersey_num="5" pass_lost="12" pass_success="13" player_id="49370" player_name="Víctor Laguardia" position="Defender" position_id="2" x="34.13" y="36.42">
    <Player player_id="246162" player_name="Martín Aguirregabiria">1</Player>
    <Player player_id="112994" player_name="Rubén Sobrino">2</Player>
    <Player player_id="82970" player_name="John Guidetti">1</Player>
    <Player player_id="91406" player_name="Fernando Pacheco">4</Player>
    <Player player_id="155335" player_name="Guillermo Maripán">1</Player>
    <Player player_id="84471" player_name="Ibai Gómez">1</Player>
    <Player player_id="55179" player_name="Mubarak Wakaso">2</Player>
    <Player player_id="92190" player_name="Jony">1</Player>
  </Player>
</SoccerFeed>