﻿<?xml version="1.0" encoding="UTF-8"?>
<!-- Copyright 2001-2018 Opta Sportsdata Ltd. All rights reserved. -->
<!-- PRODUCTION HEADER
     produced on:        valde-jobq-a04.nexus.opta.net
     production time:    20181129T165009,750Z
     production module:  Opta::Feed::XML::Soccer::F27
-->
<SoccerFeed act_minute="95" act_period="2" act_second="15" away_team_id="449" away_team_name="Villarreal" competition_id="23" competition_name="Spanish La Liga" game_date="2018-08-26 21:15:00" game_id="1009332" home_team_id="179" home_team_name="Sevilla" season_id="2018" season_name="Season 2018/2019" team_id="449" team_name="Villarreal">
  <Player cross_lost="0" cross_success="0" jersey_num="2" pass_lost="6" pass_success="34" player_id="76610" player_name="Mario Gaspar" position="Defender" position_id="2" x="37.41" y="15.42">
    <Player player_id="96084" player_name="Álvaro González">16</Player>
    <Player player_id="19524" player_name="Santi Cazorla">4</Player>
    <Player player_id="241160" player_name="Santiago Cáseres">1</Player>
    <Player player_id="98961" player_name="Manu Trigueros">1</Player>
    <Player player_id="93721" player_name="Gerard Moreno">6</Player>
    <Player player_id="217593" player_name="Pablo Fornals">3</Player>
    <Player player_id="193454" player_name="Karl Toko Ekambi">3</Player>
  </Player>
  <Player cross_lost="0" cross_success="0" jersey_num="3" pass_lost="7" pass_success="55" player_id="96084" player_name="Álvaro González" position="Defender" position_id="2" x="32.45" y="31.90">
    <Player player_id="76610" player_name="Mario Gaspar">18</Player>
    <Player player_id="51948" player_name="Víctor Ruiz">15</Player>
    <Player player_id="19524" player_name="Santi Cazorla">2</Player>
    <Player player_id="241160" player_name="Santiago Cáseres">4</Player>
    <Player player_id="98961" player_name="Manu Trigueros">6</Player>
    <Player player_id="93721" player_name="Gerard Moreno">7</Player>
    <Player player_id="208380" player_name="Alfonso Pedraza">1</Player>
    <Player player_id="217593" player_name="Pablo Fornals">1</Player>
    <Player player_id="193454" player_name="Karl Toko Ekambi">1</Player>
  </Player>
  <Player cross_lost="0" cross_success="0" jersey_num="6" pass_lost="3" pass_success="50" player_id="51948" player_name="Víctor Ruiz" position="Defender" position_id="2" x="32.45" y="67.72">
    <Player player_id="76610" player_name="Mario Gaspar">1</Player>
    <Player player_id="48772" player_name="Sergio Asenjo">2</Player>
    <Player player_id="98961" player_name="Manu Trigueros">7</Player>
    <Player player_id="93721" player_name="Gerard Moreno">2</Player>
    <Player player_id="217593" player_name="Pablo Fornals">1</Player>
    <Player player_id="193454" player_name="Karl Toko Ekambi">3</Player>
    <Player player_id="58792" player_name="Jaume Costa">3</Player>
    <Player player_id="96084" player_name="Álvaro González">15</Player>
    <Player player_id="19524" player_name="Santi Cazorla">1</Player>
    <Player player_id="241160" player_name="Santiago Cáseres">8</Player>
    <Player player_id="208380" player_name="Alfonso Pedraza">7</Player>
  </Player>
  <Player cross_lost="0" cross_success="0" jersey_num="22" pass_lost="1" pass_success="4" player_id="240071" player_name="Raba" position="Substitute" position_id="5" sub_on="79" x="48.13" y="41.51">
    <Player player_id="51948" player_name="Víctor Ruiz">1</Player>
    <Player player_id="241160" player_name="Santiago Cáseres">2</Player>
    <Player player_id="58792" player_name="Jaume Costa">1</Player>
  </Player>
  <Player cross_lost="3" cross_success="2" jersey_num="19" pass_lost="6" pass_success="27" player_id="19524" player_name="Santi Cazorla" position="Midfielder" position_id="3" sub_off="79" x="49.60" y="30.93">
    <Player player_id="76610" player_name="Mario Gaspar">2</Player>
    <Player player_id="98961" player_name="Manu Trigueros">4</Player>
    <Player player_id="93721" player_name="Gerard Moreno">3</Player>
    <Player player_id="217593" player_name="Pablo Fornals">4</Player>
    <Player player_id="193454" player_name="Karl Toko Ekambi">3</Player>
    <Player cross="1" player_id="96084" player_name="Álvaro González">3</Player>
    <Player player_id="51948" player_name="Víctor Ruiz">1</Player>
    <Player player_id="241160" player_name="Santiago Cáseres">3</Player>
    <Player cross="1" player_id="208380" player_name="Alfonso Pedraza">4</Player>
  </Player>
  <Player cross_lost="0" cross_success="0" jersey_num="5" pass_lost="4" pass_success="39" player_id="241160" player_name="Santiago Cáseres" position="Midfielder" position_id="3" x="44.46" y="49.09">
    <Player player_id="76610" player_name="Mario Gaspar">5</Player>
    <Player player_id="48772" player_name="Sergio Asenjo">1</Player>
    <Player player_id="98961" player_name="Manu Trigueros">6</Player>
    <Player player_id="93721" player_name="Gerard Moreno">1</Player>
    <Player player_id="217593" player_name="Pablo Fornals">4</Player>
    <Player player_id="58792" player_name="Jaume Costa">4</Player>
    <Player player_id="96084" player_name="Álvaro González">5</Player>
    <Player player_id="51948" player_name="Víctor Ruiz">7</Player>
    <Player player_id="19524" player_name="Santi Cazorla">2</Player>
    <Player player_id="240071" player_name="Raba">2</Player>
    <Player player_id="208380" player_name="Alfonso Pedraza">1</Player>
  </Player>
  <Player cross_lost="0" cross_success="0" jersey_num="1" pass_lost="9" pass_success="10" player_id="48772" player_name="Sergio Asenjo" position="Goalkeeper" position_id="1" x="6.51" y="49.70">
    <Player player_id="96084" player_name="Álvaro González">3</Player>
    <Player player_id="19524" player_name="Santi Cazorla">1</Player>
    <Player player_id="241160" player_name="Santiago Cáseres">1</Player>
    <Player player_id="93721" player_name="Gerard Moreno">3</Player>
    <Player player_id="193454" player_name="Karl Toko Ekambi">1</Player>
    <Player player_id="58792" player_name="Jaume Costa">1</Player>
  </Player>
  <Player cross_lost="0" cross_success="0" jersey_num="9" pass_lost="0" pass_success="4" player_id="111274" player_name="Carlos Bacca" position="Substitute" position_id="5" sub_on="62" x="52.75" y="51.73">
    <Player player_id="58792" player_name="Jaume Costa">1</Player>
    <Player player_id="98961" player_name="Manu Trigueros">3</Player>
  </Player>
  <Player cross_lost="1" cross_success="0" jersey_num="14" pass_lost="6" pass_success="47" player_id="98961" player_name="Manu Trigueros" position="Midfielder" position_id="3" x="47.26" y="63.71">
    <Player player_id="76610" player_name="Mario Gaspar">2</Player>
    <Player player_id="48772" player_name="Sergio Asenjo">2</Player>
    <Player player_id="111274" player_name="Carlos Bacca">4</Player>
    <Player player_id="93721" player_name="Gerard Moreno">5</Player>
    <Player player_id="217593" player_name="Pablo Fornals">1</Player>
    <Player player_id="193454" player_name="Karl Toko Ekambi">3</Player>
    <Player player_id="58792" player_name="Jaume Costa">3</Player>
    <Player player_id="96084" player_name="Álvaro González">7</Player>
    <Player player_id="51948" player_name="Víctor Ruiz">4</Player>
    <Player player_id="19524" player_name="Santi Cazorla">6</Player>
    <Player player_id="241160" player_name="Santiago Cáseres">3</Player>
    <Player player_id="208380" player_name="Alfonso Pedraza">7</Player>
  </Player>
  <Player cross_lost="1" cross_success="0" jersey_num="7" pass_lost="11" pass_success="23" player_id="93721" player_name="Gerard Moreno" position="Forward" position_id="4" x="59.30" y="37.95">
    <Player player_id="76610" player_name="Mario Gaspar">4</Player>
    <Player player_id="98961" player_name="Manu Trigueros">1</Player>
    <Player player_id="111274" player_name="Carlos Bacca">1</Player>
    <Player player_id="217593" player_name="Pablo Fornals">3</Player>
    <Player player_id="193454" player_name="Karl Toko Ekambi">2</Player>
    <Player player_id="58792" player_name="Jaume Costa">1</Player>
    <Player player_id="96084" player_name="Álvaro González">1</Player>
    <Player player_id="240071" player_name="Raba">1</Player>
    <Player player_id="19524" player_name="Santi Cazorla">4</Player>
    <Player player_id="241160" player_name="Santiago Cáseres">3</Player>
    <Player player_id="208380" player_name="Alfonso Pedraza">2</Player>
  </Player>
  <Player cross_lost="4" cross_success="1" jersey_num="16" pass_lost="7" pass_success="21" player_id="208380" player_name="Alfonso Pedraza" position="Defender" position_id="2" x="44.01" y="79.42">
    <Player player_id="111274" player_name="Carlos Bacca">1</Player>
    <Player player_id="98961" player_name="Manu Trigueros">3</Player>
    <Player player_id="93721" player_name="Gerard Moreno">3</Player>
    <Player cross="1" player_id="217593" player_name="Pablo Fornals">3</Player>
    <Player player_id="193454" player_name="Karl Toko Ekambi">3</Player>
    <Player player_id="58792" player_name="Jaume Costa">3</Player>
    <Player player_id="51948" player_name="Víctor Ruiz">2</Player>
    <Player player_id="19524" player_name="Santi Cazorla">1</Player>
    <Player player_id="241160" player_name="Santiago Cáseres">2</Player>
  </Player>
  <Player cross_lost="0" cross_success="0" jersey_num="8" pass_lost="6" pass_success="13" player_id="217593" player_name="Pablo Fornals" position="Midfielder" position_id="3" sub_off="62" x="60.59" y="48.39">
    <Player player_id="96084" player_name="Álvaro González">2</Player>
    <Player player_id="51948" player_name="Víctor Ruiz">1</Player>
    <Player player_id="19524" player_name="Santi Cazorla">1</Player>
    <Player player_id="241160" player_name="Santiago Cáseres">1</Player>
    <Player player_id="98961" player_name="Manu Trigueros">5</Player>
    <Player player_id="93721" player_name="Gerard Moreno">2</Player>
    <Player player_id="193454" player_name="Karl Toko Ekambi">1</Player>
  </Player>
  <Player cross_lost="1" cross_success="0" jersey_num="17" pass_lost="2" pass_success="15" player_id="193454" player_name="Karl Toko Ekambi" position="Forward" position_id="4" sub_off="61" x="61.93" y="40.06">
    <Player player_id="96084" player_name="Álvaro González">1</Player>
    <Player player_id="19524" player_name="Santi Cazorla">3</Player>
    <Player player_id="98961" player_name="Manu Trigueros">3</Player>
    <Player player_id="93721" player_name="Gerard Moreno">4</Player>
    <Player player_id="208380" player_name="Alfonso Pedraza">2</Player>
    <Player player_id="217593" player_name="Pablo Fornals">2</Player>
  </Player>
  <Player cross_lost="0" cross_success="0" jersey_num="11" pass_lost="2" pass_success="17" player_id="58792" player_name="Jaume Costa" position="Substitute" position_id="5" sub_on="61" x="41.56" y="82.83">
    <Player player_id="51948" player_name="Víctor Ruiz">8</Player>
    <Player player_id="19524" player_name="Santi Cazorla">1</Player>
    <Player player_id="241160" player_name="Santiago Cáseres">2</Player>
    <Player player_id="98961" player_name="Manu Trigueros">4</Player>
    <Player player_id="208380" player_name="Alfonso Pedraza">2</Player>
  </Player>
</SoccerFeed>