﻿<?xml version="1.0" encoding="UTF-8"?>
<!-- Copyright 2001-2018 Opta Sportsdata Ltd. All rights reserved. -->
<!-- PRODUCTION HEADER
     produced on:        valde-jobq-a04.nexus.opta.net
     production time:    20181003T193634,735Z
     production module:  Opta::Feed::XML::Soccer::F27
-->
<SoccerFeed act_minute="97" act_period="2" act_second="20" away_team_id="192" away_team_name="Real Valladolid" competition_id="23" competition_name="Spanish La Liga" game_date="2018-09-30 15:15:00" game_id="1009385" home_team_id="449" home_team_name="Villarreal" season_id="2018" season_name="Season 2018/2019" team_id="449" team_name="Villarreal">
  <Player cross_lost="5" cross_success="1" jersey_num="2" pass_lost="2" pass_success="20" player_id="76610" player_name="Mario Gaspar" position="Defender" position_id="2" sub_off="45" x="57.92" y="11.38">
    <Player player_id="48772" player_name="Sergio Asenjo">1</Player>
    <Player cross="1" player_id="111274" player_name="Carlos Bacca">0</Player>
    <Player player_id="98961" player_name="Manu Trigueros">3</Player>
    <Player player_id="93721" player_name="Gerard Moreno">3</Player>
    <Player player_id="217593" player_name="Pablo Fornals">3</Player>
    <Player player_id="96084" player_name="Álvaro González">7</Player>
    <Player player_id="51948" player_name="Víctor Ruiz">2</Player>
    <Player player_id="121221" player_name="Ramiro Funes Mori">1</Player>
  </Player>
  <Player cross_lost="0" cross_success="0" jersey_num="3" pass_lost="6" pass_success="66" player_id="96084" player_name="Álvaro González" position="Defender" position_id="2" x="41.60" y="27.57">
    <Player player_id="76610" player_name="Mario Gaspar">10</Player>
    <Player player_id="51948" player_name="Víctor Ruiz">16</Player>
    <Player player_id="19524" player_name="Santiago Cazorla">3</Player>
    <Player player_id="48772" player_name="Sergio Asenjo">3</Player>
    <Player player_id="98961" player_name="Manu Trigueros">11</Player>
    <Player player_id="93721" player_name="Gerard Moreno">1</Player>
    <Player player_id="217593" player_name="Pablo Fornals">7</Player>
    <Player player_id="121221" player_name="Ramiro Funes Mori">4</Player>
    <Player player_id="58792" player_name="Jaume Costa">4</Player>
    <Player player_id="73698" player_name="Miguel Layún">7</Player>
  </Player>
  <Player cross_lost="0" cross_success="1" jersey_num="6" pass_lost="8" pass_success="78" player_id="51948" player_name="Víctor Ruiz" position="Defender" position_id="2" x="42.73" y="67.35">
    <Player player_id="76610" player_name="Mario Gaspar">2</Player>
    <Player player_id="48772" player_name="Sergio Asenjo">2</Player>
    <Player player_id="111274" player_name="Carlos Bacca">5</Player>
    <Player player_id="98961" player_name="Manu Trigueros">12</Player>
    <Player cross="1" player_id="93721" player_name="Gerard Moreno">1</Player>
    <Player player_id="217593" player_name="Pablo Fornals">8</Player>
    <Player player_id="193454" player_name="Karl Toko Ekambi">1</Player>
    <Player player_id="73698" player_name="Miguel Layún">4</Player>
    <Player player_id="58792" player_name="Jaume Costa">19</Player>
    <Player player_id="96084" player_name="Álvaro González">11</Player>
    <Player player_id="19524" player_name="Santiago Cazorla">6</Player>
    <Player player_id="208380" player_name="Alfonso Pedraza">1</Player>
    <Player player_id="121221" player_name="Ramiro Funes Mori">6</Player>
  </Player>
  <Player cross_lost="1" cross_success="0" jersey_num="19" pass_lost="6" pass_success="29" player_id="19524" player_name="Santiago Cazorla" position="Midfielder" position_id="3" sub_off="66" x="61.59" y="67.25">
    <Player player_id="76610" player_name="Mario Gaspar">4</Player>
    <Player player_id="111274" player_name="Carlos Bacca">1</Player>
    <Player player_id="98961" player_name="Manu Trigueros">3</Player>
    <Player player_id="93721" player_name="Gerard Moreno">4</Player>
    <Player player_id="217593" player_name="Pablo Fornals">3</Player>
    <Player player_id="73698" player_name="Miguel Layún">2</Player>
    <Player player_id="58792" player_name="Jaume Costa">7</Player>
    <Player player_id="51948" player_name="Víctor Ruiz">2</Player>
    <Player player_id="121221" player_name="Ramiro Funes Mori">3</Player>
  </Player>
  <Player cross_lost="0" cross_success="0" jersey_num="1" pass_lost="6" pass_success="18" player_id="48772" player_name="Sergio Asenjo" position="Goalkeeper" position_id="1" x="9.19" y="48.23">
    <Player player_id="76610" player_name="Mario Gaspar">1</Player>
    <Player player_id="96084" player_name="Álvaro González">5</Player>
    <Player player_id="51948" player_name="Víctor Ruiz">6</Player>
    <Player player_id="111274" player_name="Carlos Bacca">1</Player>
    <Player player_id="98961" player_name="Manu Trigueros">1</Player>
    <Player player_id="93721" player_name="Gerard Moreno">1</Player>
    <Player player_id="121221" player_name="Ramiro Funes Mori">1</Player>
    <Player player_id="58792" player_name="Jaume Costa">1</Player>
  </Player>
  <Player cross_lost="0" cross_success="0" jersey_num="9" pass_lost="7" pass_success="13" player_id="111274" player_name="Carlos Bacca" position="Forward" position_id="4" x="73.90" y="60.03">
    <Player player_id="98961" player_name="Manu Trigueros">2</Player>
    <Player player_id="93721" player_name="Gerard Moreno">3</Player>
    <Player player_id="217593" player_name="Pablo Fornals">6</Player>
    <Player player_id="73698" player_name="Miguel Layún">2</Player>
  </Player>
  <Player cross_lost="0" cross_success="0" jersey_num="14" pass_lost="6" pass_success="61" player_id="98961" player_name="Manu Trigueros" position="Midfielder" position_id="3" x="54.59" y="42.97">
    <Player player_id="76610" player_name="Mario Gaspar">5</Player>
    <Player player_id="48772" player_name="Sergio Asenjo">1</Player>
    <Player player_id="111274" player_name="Carlos Bacca">4</Player>
    <Player player_id="93721" player_name="Gerard Moreno">3</Player>
    <Player player_id="217593" player_name="Pablo Fornals">12</Player>
    <Player player_id="73698" player_name="Miguel Layún">2</Player>
    <Player player_id="58792" player_name="Jaume Costa">7</Player>
    <Player player_id="96084" player_name="Álvaro González">14</Player>
    <Player player_id="51948" player_name="Víctor Ruiz">7</Player>
    <Player player_id="19524" player_name="Santiago Cazorla">2</Player>
    <Player player_id="121221" player_name="Ramiro Funes Mori">4</Player>
  </Player>
  <Player cross_lost="0" cross_success="0" jersey_num="7" pass_lost="4" pass_success="14" player_id="93721" player_name="Gerard Moreno" position="Forward" position_id="4" x="69.71" y="51.02">
    <Player player_id="76610" player_name="Mario Gaspar">1</Player>
    <Player player_id="51948" player_name="Víctor Ruiz">1</Player>
    <Player player_id="19524" player_name="Santiago Cazorla">3</Player>
    <Player player_id="111274" player_name="Carlos Bacca">1</Player>
    <Player player_id="98961" player_name="Manu Trigueros">3</Player>
    <Player player_id="121221" player_name="Ramiro Funes Mori">1</Player>
    <Player player_id="58792" player_name="Jaume Costa">4</Player>
  </Player>
  <Player cross_lost="2" cross_success="0" jersey_num="16" pass_lost="0" pass_success="2" player_id="208380" player_name="Alfonso Pedraza" position="Substitute" position_id="5" sub_on="77" x="39.88" y="94.97">
    <Player player_id="217593" player_name="Pablo Fornals">1</Player>
    <Player player_id="48772" player_name="Sergio Asenjo">1</Player>
  </Player>
  <Player cross_lost="1" cross_success="1" jersey_num="8" pass_lost="10" pass_success="41" player_id="217593" player_name="Pablo Fornals" position="Midfielder" position_id="3" x="60.23" y="39.56">
    <Player player_id="76610" player_name="Mario Gaspar">3</Player>
    <Player player_id="98961" player_name="Manu Trigueros">6</Player>
    <Player player_id="111274" player_name="Carlos Bacca">7</Player>
    <Player cross="1" player_id="93721" player_name="Gerard Moreno">4</Player>
    <Player player_id="193454" player_name="Karl Toko Ekambi">1</Player>
    <Player player_id="73698" player_name="Miguel Layún">3</Player>
    <Player player_id="58792" player_name="Jaume Costa">4</Player>
    <Player player_id="96084" player_name="Álvaro González">4</Player>
    <Player player_id="51948" player_name="Víctor Ruiz">3</Player>
    <Player player_id="19524" player_name="Santiago Cazorla">4</Player>
    <Player player_id="208380" player_name="Alfonso Pedraza">1</Player>
    <Player player_id="121221" player_name="Ramiro Funes Mori">1</Player>
  </Player>
  <Player cross_lost="0" cross_success="0" jersey_num="17" pass_lost="0" pass_success="5" player_id="193454" player_name="Karl Toko Ekambi" position="Substitute" position_id="5" sub_on="66" x="83.97" y="35.45">
    <Player player_id="51948" player_name="Víctor Ruiz">2</Player>
    <Player player_id="208380" player_name="Alfonso Pedraza">1</Player>
    <Player player_id="73698" player_name="Miguel Layún">2</Player>
  </Player>
  <Player cross_lost="0" cross_success="0" jersey_num="4" pass_lost="9" pass_success="42" player_id="121221" player_name="Ramiro Funes Mori" position="Midfielder" position_id="3" x="49.96" y="49.12">
    <Player player_id="96084" player_name="Álvaro González">10</Player>
    <Player player_id="51948" player_name="Víctor Ruiz">8</Player>
    <Player player_id="19524" player_name="Santiago Cazorla">7</Player>
    <Player player_id="111274" player_name="Carlos Bacca">1</Player>
    <Player player_id="98961" player_name="Manu Trigueros">6</Player>
    <Player player_id="93721" player_name="Gerard Moreno">1</Player>
    <Player player_id="217593" player_name="Pablo Fornals">2</Player>
    <Player player_id="193454" player_name="Karl Toko Ekambi">1</Player>
    <Player player_id="73698" player_name="Miguel Layún">1</Player>
    <Player player_id="58792" player_name="Jaume Costa">5</Player>
  </Player>
  <Player cross_lost="10" cross_success="6" jersey_num="24" pass_lost="4" pass_success="14" player_id="73698" player_name="Miguel Layún" position="Substitute" position_id="5" sub_on="45" x="70.01" y="13.77">
    <Player player_id="96084" player_name="Álvaro González">5</Player>
    <Player cross="1" player_id="51948" player_name="Víctor Ruiz">1</Player>
    <Player player_id="19524" player_name="Santiago Cazorla">1</Player>
    <Player cross="1" player_id="98961" player_name="Manu Trigueros">2</Player>
    <Player cross="3" player_id="93721" player_name="Gerard Moreno">0</Player>
    <Player player_id="217593" player_name="Pablo Fornals">4</Player>
    <Player cross="1" player_id="121221" player_name="Ramiro Funes Mori">1</Player>
  </Player>
  <Player cross_lost="4" cross_success="1" jersey_num="11" pass_lost="7" pass_success="52" player_id="58792" player_name="Jaume Costa" position="Defender" position_id="2" sub_off="77" x="52.44" y="88.67">
    <Player player_id="48772" player_name="Sergio Asenjo">1</Player>
    <Player player_id="98961" player_name="Manu Trigueros">8</Player>
    <Player player_id="111274" player_name="Carlos Bacca">2</Player>
    <Player cross="1" player_id="93721" player_name="Gerard Moreno">2</Player>
    <Player player_id="217593" player_name="Pablo Fornals">4</Player>
    <Player player_id="193454" player_name="Karl Toko Ekambi">1</Player>
    <Player player_id="96084" player_name="Álvaro González">1</Player>
    <Player player_id="51948" player_name="Víctor Ruiz">18</Player>
    <Player player_id="19524" player_name="Santiago Cazorla">6</Player>
    <Player player_id="121221" player_name="Ramiro Funes Mori">9</Player>
  </Player>
</SoccerFeed>