﻿<?xml version="1.0" encoding="UTF-8"?>
<!-- Copyright 2001-2019 Opta Sportsdata Ltd. All rights reserved. -->
<!-- PRODUCTION HEADER
     produced on:        valde-jobq-a02.nexus.opta.net
     production time:    20190129T170109,393Z
     production module:  Opta::Feed::XML::Soccer::F27
-->
<SoccerFeed act_minute="94" act_period="2" act_second="6" away_team_id="186" away_team_name="Real Madrid" competition_id="23" competition_name="Spanish La Liga" game_date="2019-01-27 19:45:00" game_id="1009519" home_team_id="177" home_team_name="Espanyol" season_id="2018" season_name="Season 2018/2019" team_id="186" team_name="Real Madrid">
  <Player cross_lost="0" cross_success="0" jersey_num="4" pass_lost="3" pass_success="32" player_id="17861" player_name="Sergio Ramos" position="Defender" position_id="2" sub_off="45" x="41.67" y="69.29">
    <Player player_id="44989" player_name="Toni Kroos">7</Player>
    <Player player_id="88483" player_name="Daniel Carvajal">1</Player>
    <Player player_id="19927" player_name="Karim Benzema">1</Player>
    <Player player_id="199249" player_name="Sergio Reguilón">8</Player>
    <Player player_id="37055" player_name="Luka Modric">2</Player>
    <Player player_id="90152" player_name="Raphael Varane">5</Player>
    <Player player_id="246333" player_name="Vinícius Júnior">4</Player>
    <Player player_id="60772" player_name="Thibaut Courtois">4</Player>
  </Player>
  <Player cross_lost="5" cross_success="1" jersey_num="8" pass_lost="3" pass_success="85" player_id="44989" player_name="Toni Kroos" position="Midfielder" position_id="3" x="48.54" y="65.79">
    <Player player_id="17861" player_name="Sergio Ramos">5</Player>
    <Player player_id="36903" player_name="Gareth Bale">4</Player>
    <Player player_id="88483" player_name="Daniel Carvajal">2</Player>
    <Player player_id="107593" player_name="Lucas Vázquez">4</Player>
    <Player player_id="19927" player_name="Karim Benzema">9</Player>
    <Player cross="1" player_id="88477" player_name="Nacho">4</Player>
    <Player player_id="90152" player_name="Raphael Varane">10</Player>
    <Player player_id="61256" player_name="Casemiro">15</Player>
    <Player player_id="199249" player_name="Sergio Reguilón">12</Player>
    <Player player_id="37055" player_name="Luka Modric">12</Player>
    <Player player_id="246333" player_name="Vinícius Júnior">4</Player>
    <Player player_id="39563" player_name="Marcelo">3</Player>
    <Player player_id="60772" player_name="Thibaut Courtois">1</Player>
  </Player>
  <Player cross_lost="1" cross_success="0" jersey_num="11" pass_lost="3" pass_success="7" player_id="36903" player_name="Gareth Bale" position="Substitute" position_id="5" sub_on="64" x="45.42" y="78.06">
    <Player player_id="44989" player_name="Toni Kroos">1</Player>
    <Player player_id="61256" player_name="Casemiro">1</Player>
    <Player player_id="199249" player_name="Sergio Reguilón">2</Player>
    <Player player_id="60772" player_name="Thibaut Courtois">1</Player>
    <Player player_id="39563" player_name="Marcelo">2</Player>
  </Player>
  <Player cross_lost="2" cross_success="0" jersey_num="2" pass_lost="8" pass_success="55" player_id="88483" player_name="Daniel Carvajal" position="Defender" position_id="2" x="48.89" y="16.04">
    <Player player_id="17861" player_name="Sergio Ramos">1</Player>
    <Player player_id="44989" player_name="Toni Kroos">2</Player>
    <Player player_id="61256" player_name="Casemiro">9</Player>
    <Player player_id="107593" player_name="Lucas Vázquez">13</Player>
    <Player player_id="19927" player_name="Karim Benzema">3</Player>
    <Player player_id="88477" player_name="Nacho">1</Player>
    <Player player_id="37055" player_name="Luka Modric">14</Player>
    <Player player_id="90152" player_name="Raphael Varane">9</Player>
    <Player player_id="60772" player_name="Thibaut Courtois">3</Player>
  </Player>
  <Player cross_lost="0" cross_success="0" jersey_num="14" pass_lost="7" pass_success="62" player_id="61256" player_name="Casemiro" position="Midfielder" position_id="3" x="45.21" y="44.88">
    <Player player_id="17861" player_name="Sergio Ramos">3</Player>
    <Player player_id="44989" player_name="Toni Kroos">19</Player>
    <Player player_id="36903" player_name="Gareth Bale">1</Player>
    <Player player_id="88483" player_name="Daniel Carvajal">6</Player>
    <Player player_id="107593" player_name="Lucas Vázquez">3</Player>
    <Player player_id="19927" player_name="Karim Benzema">6</Player>
    <Player player_id="88477" player_name="Nacho">3</Player>
    <Player player_id="90152" player_name="Raphael Varane">2</Player>
    <Player player_id="199249" player_name="Sergio Reguilón">4</Player>
    <Player player_id="37055" player_name="Luka Modric">7</Player>
    <Player player_id="246333" player_name="Vinícius Júnior">1</Player>
    <Player player_id="60772" player_name="Thibaut Courtois">7</Player>
  </Player>
  <Player cross_lost="1" cross_success="0" jersey_num="17" pass_lost="10" pass_success="43" player_id="107593" player_name="Lucas Vázquez" position="Forward" position_id="4" x="59.49" y="25.49">
    <Player player_id="44989" player_name="Toni Kroos">3</Player>
    <Player player_id="36903" player_name="Gareth Bale">1</Player>
    <Player player_id="88483" player_name="Daniel Carvajal">12</Player>
    <Player player_id="19927" player_name="Karim Benzema">8</Player>
    <Player player_id="90152" player_name="Raphael Varane">1</Player>
    <Player player_id="61256" player_name="Casemiro">8</Player>
    <Player player_id="199249" player_name="Sergio Reguilón">2</Player>
    <Player player_id="37055" player_name="Luka Modric">6</Player>
    <Player player_id="246333" player_name="Vinícius Júnior">1</Player>
    <Player player_id="60772" player_name="Thibaut Courtois">1</Player>
  </Player>
  <Player cross_lost="1" cross_success="0" jersey_num="9" pass_lost="6" pass_success="52" player_id="19927" player_name="Karim Benzema" position="Forward" position_id="4" x="65.51" y="51.65">
    <Player player_id="44989" player_name="Toni Kroos">8</Player>
    <Player player_id="88483" player_name="Daniel Carvajal">8</Player>
    <Player player_id="61256" player_name="Casemiro">6</Player>
    <Player player_id="107593" player_name="Lucas Vázquez">13</Player>
    <Player player_id="199249" player_name="Sergio Reguilón">1</Player>
    <Player player_id="88477" player_name="Nacho">1</Player>
    <Player player_id="90152" player_name="Raphael Varane">1</Player>
    <Player player_id="37055" player_name="Luka Modric">8</Player>
    <Player player_id="246333" player_name="Vinícius Júnior">5</Player>
    <Player player_id="39563" player_name="Marcelo">1</Player>
  </Player>
  <Player cross_lost="0" cross_success="0" jersey_num="23" pass_lost="10" pass_success="46" player_id="199249" player_name="Sergio Reguilón" position="Defender" position_id="2" x="50.10" y="85.33">
    <Player player_id="17861" player_name="Sergio Ramos">2</Player>
    <Player player_id="44989" player_name="Toni Kroos">12</Player>
    <Player player_id="36903" player_name="Gareth Bale">3</Player>
    <Player player_id="61256" player_name="Casemiro">2</Player>
    <Player player_id="107593" player_name="Lucas Vázquez">1</Player>
    <Player player_id="19927" player_name="Karim Benzema">7</Player>
    <Player player_id="37055" player_name="Luka Modric">1</Player>
    <Player player_id="88477" player_name="Nacho">3</Player>
    <Player player_id="90152" player_name="Raphael Varane">2</Player>
    <Player player_id="246333" player_name="Vinícius Júnior">11</Player>
    <Player player_id="39563" player_name="Marcelo">2</Player>
  </Player>
  <Player cross_lost="0" cross_success="0" jersey_num="6" pass_lost="6" pass_success="13" player_id="88477" player_name="Nacho" position="Substitute" position_id="5" sub_on="45" x="36.80" y="61.90">
    <Player player_id="44989" player_name="Toni Kroos">6</Player>
    <Player player_id="61256" player_name="Casemiro">1</Player>
    <Player player_id="199249" player_name="Sergio Reguilón">5</Player>
    <Player player_id="60772" player_name="Thibaut Courtois">1</Player>
  </Player>
  <Player cross_lost="0" cross_success="2" jersey_num="10" pass_lost="3" pass_success="55" player_id="37055" player_name="Luka Modric" position="Midfielder" position_id="3" sub_off="76" x="55.90" y="36.02">
    <Player cross="1" player_id="17861" player_name="Sergio Ramos">3</Player>
    <Player player_id="44989" player_name="Toni Kroos">8</Player>
    <Player player_id="88483" player_name="Daniel Carvajal">9</Player>
    <Player cross="1" player_id="107593" player_name="Lucas Vázquez">9</Player>
    <Player player_id="19927" player_name="Karim Benzema">13</Player>
    <Player player_id="88477" player_name="Nacho">1</Player>
    <Player player_id="90152" player_name="Raphael Varane">2</Player>
    <Player player_id="61256" player_name="Casemiro">5</Player>
    <Player player_id="199249" player_name="Sergio Reguilón">4</Player>
    <Player player_id="246333" player_name="Vinícius Júnior">1</Player>
  </Player>
  <Player cross_lost="0" cross_success="0" jersey_num="5" pass_lost="10" pass_success="45" player_id="90152" player_name="Raphael Varane" position="Defender" position_id="2" sent_off="72" x="37.24" y="28.60">
    <Player player_id="17861" player_name="Sergio Ramos">10</Player>
    <Player player_id="44989" player_name="Toni Kroos">2</Player>
    <Player player_id="88483" player_name="Daniel Carvajal">12</Player>
    <Player player_id="61256" player_name="Casemiro">7</Player>
    <Player player_id="107593" player_name="Lucas Vázquez">6</Player>
    <Player player_id="199249" player_name="Sergio Reguilón">2</Player>
    <Player player_id="88477" player_name="Nacho">2</Player>
    <Player player_id="37055" player_name="Luka Modric">2</Player>
    <Player player_id="60772" player_name="Thibaut Courtois">2</Player>
  </Player>
  <Player cross_lost="0" cross_success="0" jersey_num="28" pass_lost="2" pass_success="20" player_id="246333" player_name="Vinícius Júnior" position="Forward" position_id="4" sub_off="64" x="62.20" y="83.77">
    <Player player_id="17861" player_name="Sergio Ramos">4</Player>
    <Player player_id="44989" player_name="Toni Kroos">8</Player>
    <Player player_id="61256" player_name="Casemiro">2</Player>
    <Player player_id="19927" player_name="Karim Benzema">3</Player>
    <Player player_id="199249" player_name="Sergio Reguilón">2</Player>
    <Player player_id="90152" player_name="Raphael Varane">1</Player>
  </Player>
  <Player cross_lost="0" cross_success="0" jersey_num="12" pass_lost="3" pass_success="11" player_id="39563" player_name="Marcelo" position="Substitute" position_id="5" sub_on="76" x="34.15" y="83.62">
    <Player player_id="44989" player_name="Toni Kroos">2</Player>
    <Player player_id="36903" player_name="Gareth Bale">2</Player>
    <Player player_id="61256" player_name="Casemiro">1</Player>
    <Player player_id="107593" player_name="Lucas Vázquez">1</Player>
    <Player player_id="19927" player_name="Karim Benzema">3</Player>
    <Player player_id="199249" player_name="Sergio Reguilón">2</Player>
  </Player>
  <Player cross_lost="0" cross_success="0" jersey_num="25" pass_lost="14" pass_success="21" player_id="60772" player_name="Thibaut Courtois" position="Goalkeeper" position_id="1" x="9.61" y="51.57">
    <Player player_id="44989" player_name="Toni Kroos">1</Player>
    <Player player_id="88483" player_name="Daniel Carvajal">5</Player>
    <Player player_id="61256" player_name="Casemiro">3</Player>
    <Player player_id="107593" player_name="Lucas Vázquez">1</Player>
    <Player player_id="19927" player_name="Karim Benzema">1</Player>
    <Player player_id="199249" player_name="Sergio Reguilón">2</Player>
    <Player player_id="37055" player_name="Luka Modric">1</Player>
    <Player player_id="88477" player_name="Nacho">2</Player>
    <Player player_id="90152" player_name="Raphael Varane">4</Player>
    <Player player_id="39563" player_name="Marcelo">1</Player>
  </Player>
</SoccerFeed>