﻿<?xml version="1.0" encoding="UTF-8"?>
<!-- Copyright 2001-2018 Opta Sportsdata Ltd. All rights reserved. -->
<!-- PRODUCTION HEADER
     produced on:        valde-jobq-a02.nexus.opta.net
     production time:    20181127T200427,611Z
     production module:  Opta::Feed::XML::Soccer::F27
-->
<SoccerFeed act_minute="93" act_period="2" act_second="0" away_team_id="186" away_team_name="Real Madrid" competition_id="23" competition_name="Spanish La Liga" game_date="2018-11-24 12:00:00" game_id="1009438" home_team_id="953" home_team_name="Eibar" season_id="2018" season_name="Season 2018/2019" team_id="186" team_name="Real Madrid">
  <Player cross_lost="0" cross_success="0" jersey_num="24" pass_lost="4" pass_success="61" player_id="182539" player_name="Dani Ceballos" position="Midfielder" position_id="3" x="37.59" y="48.20">
    <Player player_id="17861" player_name="Sergio Ramos">10</Player>
    <Player player_id="44989" player_name="Toni Kroos">19</Player>
    <Player player_id="80209" player_name="Isco">3</Player>
    <Player player_id="88483" player_name="Daniel Carvajal">2</Player>
    <Player player_id="36903" player_name="Gareth Bale">1</Player>
    <Player player_id="90152" player_name="Raphael Varane">14</Player>
    <Player player_id="37055" player_name="Luka Modric">4</Player>
    <Player player_id="201172" player_name="Álvaro Odriozola">3</Player>
    <Player player_id="60772" player_name="Thibaut Courtois">1</Player>
    <Player player_id="39563" player_name="Marcelo">4</Player>
  </Player>
  <Player cross_lost="0" cross_success="0" jersey_num="4" pass_lost="13" pass_success="54" player_id="17861" player_name="Sergio Ramos" position="Defender" position_id="2" x="27.96" y="66.13">
    <Player player_id="44989" player_name="Toni Kroos">7</Player>
    <Player player_id="88483" player_name="Daniel Carvajal">2</Player>
    <Player player_id="36903" player_name="Gareth Bale">6</Player>
    <Player player_id="19927" player_name="Karim Benzema">1</Player>
    <Player player_id="90152" player_name="Raphael Varane">8</Player>
    <Player player_id="182539" player_name="Dani Ceballos">5</Player>
    <Player player_id="80209" player_name="Isco">1</Player>
    <Player player_id="174292" player_name="Marco Asensio">3</Player>
    <Player player_id="37055" player_name="Luka Modric">2</Player>
    <Player player_id="201172" player_name="Álvaro Odriozola">1</Player>
    <Player player_id="246333" player_name="Vinícius Júnior">1</Player>
    <Player player_id="60772" player_name="Thibaut Courtois">1</Player>
    <Player player_id="39563" player_name="Marcelo">16</Player>
  </Player>
  <Player cross_lost="0" cross_success="1" jersey_num="8" pass_lost="7" pass_success="52" player_id="44989" player_name="Toni Kroos" position="Midfielder" position_id="3" x="45.95" y="66.24">
    <Player cross="1" player_id="17861" player_name="Sergio Ramos">6</Player>
    <Player player_id="88483" player_name="Daniel Carvajal">1</Player>
    <Player player_id="36903" player_name="Gareth Bale">1</Player>
    <Player player_id="19927" player_name="Karim Benzema">5</Player>
    <Player player_id="90152" player_name="Raphael Varane">2</Player>
    <Player player_id="182539" player_name="Dani Ceballos">7</Player>
    <Player player_id="80209" player_name="Isco">1</Player>
    <Player player_id="174292" player_name="Marco Asensio">6</Player>
    <Player player_id="37055" player_name="Luka Modric">5</Player>
    <Player player_id="246333" player_name="Vinícius Júnior">1</Player>
    <Player player_id="201172" player_name="Álvaro Odriozola">1</Player>
    <Player player_id="39563" player_name="Marcelo">16</Player>
  </Player>
  <Player cross_lost="1" cross_success="0" jersey_num="22" pass_lost="2" pass_success="14" player_id="80209" player_name="Isco" position="Substitute" position_id="5" sub_on="63" x="51.36" y="42.10">
    <Player player_id="17861" player_name="Sergio Ramos">1</Player>
    <Player player_id="182539" player_name="Dani Ceballos">3</Player>
    <Player player_id="44989" player_name="Toni Kroos">3</Player>
    <Player player_id="36903" player_name="Gareth Bale">3</Player>
    <Player player_id="88483" player_name="Daniel Carvajal">2</Player>
    <Player player_id="90152" player_name="Raphael Varane">1</Player>
    <Player player_id="39563" player_name="Marcelo">1</Player>
  </Player>
  <Player cross_lost="1" cross_success="0" jersey_num="2" pass_lost="4" pass_success="30" player_id="88483" player_name="Daniel Carvajal" position="Substitute" position_id="5" sub_on="54" x="42.99" y="19.68">
    <Player player_id="17861" player_name="Sergio Ramos">4</Player>
    <Player player_id="182539" player_name="Dani Ceballos">4</Player>
    <Player player_id="44989" player_name="Toni Kroos">3</Player>
    <Player player_id="80209" player_name="Isco">5</Player>
    <Player player_id="36903" player_name="Gareth Bale">4</Player>
    <Player player_id="19927" player_name="Karim Benzema">1</Player>
    <Player player_id="90152" player_name="Raphael Varane">5</Player>
    <Player player_id="37055" player_name="Luka Modric">3</Player>
    <Player player_id="60772" player_name="Thibaut Courtois">1</Player>
  </Player>
  <Player cross_lost="2" cross_success="1" jersey_num="11" pass_lost="14" pass_success="21" player_id="36903" player_name="Gareth Bale" position="Forward" position_id="4" x="53.27" y="20.46">
    <Player player_id="88483" player_name="Daniel Carvajal">3</Player>
    <Player player_id="19927" player_name="Karim Benzema">1</Player>
    <Player player_id="90152" player_name="Raphael Varane">2</Player>
    <Player player_id="182539" player_name="Dani Ceballos">4</Player>
    <Player player_id="80209" player_name="Isco">2</Player>
    <Player player_id="37055" player_name="Luka Modric">2</Player>
    <Player player_id="201172" player_name="Álvaro Odriozola">2</Player>
    <Player player_id="246333" player_name="Vinícius Júnior">1</Player>
    <Player cross="1" player_id="39563" player_name="Marcelo">3</Player>
    <Player player_id="60772" player_name="Thibaut Courtois">1</Player>
  </Player>
  <Player cross_lost="1" cross_success="0" jersey_num="9" pass_lost="5" pass_success="19" player_id="19927" player_name="Karim Benzema" position="Forward" position_id="4" x="65.29" y="58.72">
    <Player player_id="182539" player_name="Dani Ceballos">2</Player>
    <Player player_id="44989" player_name="Toni Kroos">2</Player>
    <Player player_id="80209" player_name="Isco">1</Player>
    <Player player_id="88483" player_name="Daniel Carvajal">2</Player>
    <Player player_id="36903" player_name="Gareth Bale">4</Player>
    <Player player_id="174292" player_name="Marco Asensio">1</Player>
    <Player player_id="37055" player_name="Luka Modric">3</Player>
    <Player player_id="246333" player_name="Vinícius Júnior">1</Player>
    <Player player_id="39563" player_name="Marcelo">3</Player>
  </Player>
  <Player cross_lost="2" cross_success="0" jersey_num="20" pass_lost="4" pass_success="17" player_id="174292" player_name="Marco Asensio" position="Forward" position_id="4" sub_off="74" x="55.94" y="80.44">
    <Player player_id="17861" player_name="Sergio Ramos">2</Player>
    <Player player_id="182539" player_name="Dani Ceballos">3</Player>
    <Player player_id="44989" player_name="Toni Kroos">2</Player>
    <Player player_id="36903" player_name="Gareth Bale">1</Player>
    <Player player_id="19927" player_name="Karim Benzema">4</Player>
    <Player player_id="90152" player_name="Raphael Varane">1</Player>
    <Player player_id="39563" player_name="Marcelo">4</Player>
  </Player>
  <Player cross_lost="0" cross_success="0" jersey_num="5" pass_lost="11" pass_success="67" player_id="90152" player_name="Raphael Varane" position="Defender" position_id="2" x="28.50" y="28.53">
    <Player player_id="17861" player_name="Sergio Ramos">11</Player>
    <Player player_id="44989" player_name="Toni Kroos">1</Player>
    <Player player_id="88483" player_name="Daniel Carvajal">8</Player>
    <Player player_id="36903" player_name="Gareth Bale">7</Player>
    <Player player_id="19927" player_name="Karim Benzema">2</Player>
    <Player player_id="182539" player_name="Dani Ceballos">8</Player>
    <Player player_id="80209" player_name="Isco">2</Player>
    <Player player_id="174292" player_name="Marco Asensio">3</Player>
    <Player player_id="37055" player_name="Luka Modric">3</Player>
    <Player player_id="201172" player_name="Álvaro Odriozola">8</Player>
    <Player player_id="60772" player_name="Thibaut Courtois">12</Player>
    <Player player_id="39563" player_name="Marcelo">2</Player>
  </Player>
  <Player cross_lost="0" cross_success="0" jersey_num="10" pass_lost="6" pass_success="27" player_id="37055" player_name="Luka Modric" position="Midfielder" position_id="3" sub_off="63" x="50.69" y="24.06">
    <Player player_id="182539" player_name="Dani Ceballos">2</Player>
    <Player player_id="44989" player_name="Toni Kroos">2</Player>
    <Player player_id="88483" player_name="Daniel Carvajal">4</Player>
    <Player player_id="36903" player_name="Gareth Bale">5</Player>
    <Player player_id="174292" player_name="Marco Asensio">2</Player>
    <Player player_id="19927" player_name="Karim Benzema">2</Player>
    <Player player_id="90152" player_name="Raphael Varane">4</Player>
    <Player player_id="201172" player_name="Álvaro Odriozola">6</Player>
  </Player>
  <Player cross_lost="0" cross_success="0" jersey_num="28" pass_lost="1" pass_success="1" player_id="246333" player_name="Vinícius Júnior" position="Substitute" position_id="5" sub_on="74" x="69.16" y="81.36">
    <Player player_id="80209" player_name="Isco">1</Player>
  </Player>
  <Player cross_lost="0" cross_success="0" jersey_num="19" pass_lost="6" pass_success="24" player_id="201172" player_name="Álvaro Odriozola" position="Defender" position_id="2" sub_off="54" x="35.83" y="11.02">
    <Player player_id="182539" player_name="Dani Ceballos">2</Player>
    <Player player_id="17861" player_name="Sergio Ramos">1</Player>
    <Player player_id="44989" player_name="Toni Kroos">1</Player>
    <Player player_id="36903" player_name="Gareth Bale">4</Player>
    <Player player_id="19927" player_name="Karim Benzema">1</Player>
    <Player player_id="90152" player_name="Raphael Varane">10</Player>
    <Player player_id="37055" player_name="Luka Modric">4</Player>
    <Player player_id="60772" player_name="Thibaut Courtois">1</Player>
  </Player>
  <Player cross_lost="3" cross_success="0" jersey_num="12" pass_lost="15" pass_success="40" player_id="39563" player_name="Marcelo" position="Defender" position_id="2" x="45.75" y="89.08">
    <Player player_id="17861" player_name="Sergio Ramos">6</Player>
    <Player player_id="44989" player_name="Toni Kroos">7</Player>
    <Player player_id="88483" player_name="Daniel Carvajal">3</Player>
    <Player player_id="19927" player_name="Karim Benzema">4</Player>
    <Player player_id="182539" player_name="Dani Ceballos">5</Player>
    <Player player_id="80209" player_name="Isco">1</Player>
    <Player player_id="174292" player_name="Marco Asensio">7</Player>
    <Player player_id="37055" player_name="Luka Modric">1</Player>
    <Player player_id="246333" player_name="Vinícius Júnior">3</Player>
    <Player player_id="201172" player_name="Álvaro Odriozola">1</Player>
    <Player player_id="60772" player_name="Thibaut Courtois">2</Player>
  </Player>
  <Player cross_lost="0" cross_success="0" jersey_num="25" pass_lost="8" pass_success="35" player_id="60772" player_name="Thibaut Courtois" position="Goalkeeper" position_id="1" x="8.43" y="50.99">
    <Player player_id="17861" player_name="Sergio Ramos">7</Player>
    <Player player_id="44989" player_name="Toni Kroos">1</Player>
    <Player player_id="88483" player_name="Daniel Carvajal">1</Player>
    <Player player_id="36903" player_name="Gareth Bale">3</Player>
    <Player player_id="19927" player_name="Karim Benzema">2</Player>
    <Player player_id="90152" player_name="Raphael Varane">12</Player>
    <Player player_id="182539" player_name="Dani Ceballos">5</Player>
    <Player player_id="80209" player_name="Isco">1</Player>
    <Player player_id="37055" player_name="Luka Modric">1</Player>
    <Player player_id="201172" player_name="Álvaro Odriozola">1</Player>
    <Player player_id="39563" player_name="Marcelo">1</Player>
  </Player>
</SoccerFeed>