﻿<?xml version="1.0" encoding="UTF-8"?>
<!-- Copyright 2001-2018 Opta Sportsdata Ltd. All rights reserved. -->
<!-- PRODUCTION HEADER
     produced on:        valde-jobq-a04.nexus.opta.net
     production time:    20181210T155356,915Z
     production module:  Opta::Feed::XML::Soccer::F27
-->
<SoccerFeed act_minute="93" act_period="2" act_second="0" away_team_id="855" away_team_name="Levante" competition_id="23" competition_name="Spanish La Liga" game_date="2018-12-09 11:00:00" game_id="1009458" home_team_id="953" home_team_name="Eibar" season_id="2018" season_name="Season 2018/2019" team_id="855" team_name="Levante">
  <Player cross_lost="3" cross_success="2" jersey_num="23" pass_lost="6" pass_success="13" player_id="163784" player_name="Jason" position="Midfielder" position_id="3" x="39.87" y="22.88">
    <Player cross="1" player_id="165375" player_name="José Luis Morales">0</Player>
    <Player player_id="55268" player_name="Coke">3</Player>
    <Player player_id="109702" player_name="Roger Martí">2</Player>
    <Player player_id="196739" player_name="Enis Bardhi">1</Player>
    <Player cross="1" player_id="220093" player_name="Rober Pier">0</Player>
    <Player player_id="86168" player_name="Rubén Rochina">5</Player>
    <Player player_id="169586" player_name="Erick Cabaco">2</Player>
  </Player>
  <Player cross_lost="2" cross_success="0" jersey_num="24" pass_lost="8" pass_success="38" player_id="88952" player_name="José Campaña" position="Midfielder" position_id="3" x="33.70" y="52.67">
    <Player player_id="165375" player_name="José Luis Morales">2</Player>
    <Player player_id="169201" player_name="Chema Rodríguez">2</Player>
    <Player player_id="196739" player_name="Enis Bardhi">8</Player>
    <Player player_id="220093" player_name="Rober Pier">1</Player>
    <Player player_id="199248" player_name="Borja Mayoral">2</Player>
    <Player player_id="163784" player_name="Jason">3</Player>
    <Player player_id="55268" player_name="Coke">4</Player>
    <Player player_id="109702" player_name="Roger Martí">3</Player>
    <Player player_id="77039" player_name="Toño">3</Player>
    <Player player_id="86168" player_name="Rubén Rochina">8</Player>
    <Player player_id="169586" player_name="Erick Cabaco">2</Player>
  </Player>
  <Player cross_lost="0" cross_success="0" jersey_num="11" pass_lost="3" pass_success="11" player_id="165375" player_name="José Luis Morales" position="Forward" position_id="4" x="64.31" y="59.41">
    <Player player_id="163784" player_name="Jason">3</Player>
    <Player player_id="55268" player_name="Coke">2</Player>
    <Player player_id="109702" player_name="Roger Martí">1</Player>
    <Player player_id="77039" player_name="Toño">2</Player>
    <Player player_id="86168" player_name="Rubén Rochina">3</Player>
  </Player>
  <Player cross_lost="0" cross_success="0" jersey_num="6" pass_lost="5" pass_success="14" player_id="169201" player_name="Chema Rodríguez" position="Defender" position_id="2" x="18.60" y="71.18">
    <Player player_id="88952" player_name="José Campaña">3</Player>
    <Player player_id="196739" player_name="Enis Bardhi">2</Player>
    <Player player_id="220093" player_name="Rober Pier">3</Player>
    <Player player_id="77039" player_name="Toño">3</Player>
    <Player player_id="86168" player_name="Rubén Rochina">2</Player>
    <Player player_id="194764" player_name="Emmanuel Boateng">1</Player>
  </Player>
  <Player cross_lost="1" cross_success="1" jersey_num="12" pass_lost="3" pass_success="8" player_id="55268" player_name="Coke" position="Substitute" position_id="5" sub_on="70" x="57.25" y="14.55">
    <Player player_id="88952" player_name="José Campaña">1</Player>
    <Player player_id="163784" player_name="Jason">3</Player>
    <Player player_id="165375" player_name="José Luis Morales">3</Player>
    <Player cross="1" player_id="196739" player_name="Enis Bardhi">1</Player>
  </Player>
  <Player cross_lost="0" cross_success="0" jersey_num="9" pass_lost="2" pass_success="5" player_id="109702" player_name="Roger Martí" position="Forward" position_id="4" sub_off="70" x="59.68" y="51.78">
    <Player player_id="88952" player_name="José Campaña">1</Player>
    <Player player_id="163784" player_name="Jason">1</Player>
    <Player player_id="165375" player_name="José Luis Morales">2</Player>
    <Player player_id="196739" player_name="Enis Bardhi">1</Player>
  </Player>
  <Player cross_lost="2" cross_success="0" jersey_num="10" pass_lost="14" pass_success="32" player_id="196739" player_name="Enis Bardhi" position="Midfielder" position_id="3" x="43.74" y="65.02">
    <Player player_id="88952" player_name="José Campaña">5</Player>
    <Player player_id="169201" player_name="Chema Rodríguez">2</Player>
    <Player player_id="165375" player_name="José Luis Morales">8</Player>
    <Player player_id="109702" player_name="Roger Martí">1</Player>
    <Player player_id="220093" player_name="Rober Pier">2</Player>
    <Player player_id="77039" player_name="Toño">8</Player>
    <Player player_id="86168" player_name="Rubén Rochina">5</Player>
    <Player player_id="194764" player_name="Emmanuel Boateng">1</Player>
  </Player>
  <Player cross_lost="0" cross_success="0" jersey_num="4" pass_lost="7" pass_success="15" player_id="220093" player_name="Rober Pier" position="Defender" position_id="2" x="24.34" y="43.34">
    <Player player_id="163784" player_name="Jason">1</Player>
    <Player player_id="88952" player_name="José Campaña">5</Player>
    <Player player_id="55268" player_name="Coke">1</Player>
    <Player player_id="196739" player_name="Enis Bardhi">1</Player>
    <Player player_id="77039" player_name="Toño">1</Player>
    <Player player_id="49442" player_name="Oier Olazábal">2</Player>
    <Player player_id="169586" player_name="Erick Cabaco">4</Player>
  </Player>
  <Player cross_lost="0" cross_success="0" jersey_num="2" pass_lost="2" pass_success="3" player_id="199248" player_name="Borja Mayoral" position="Substitute" position_id="5" sub_on="70" x="66.58" y="53.38">
    <Player player_id="163784" player_name="Jason">2</Player>
    <Player player_id="196739" player_name="Enis Bardhi">1</Player>
  </Player>
  <Player cross_lost="1" cross_success="0" jersey_num="3" pass_lost="6" pass_success="19" player_id="77039" player_name="Toño" position="Midfielder" position_id="3" sub_off="87" x="37.28" y="85.33">
    <Player player_id="163784" player_name="Jason">1</Player>
    <Player player_id="88952" player_name="José Campaña">5</Player>
    <Player player_id="169201" player_name="Chema Rodríguez">2</Player>
    <Player player_id="165375" player_name="José Luis Morales">2</Player>
    <Player player_id="196739" player_name="Enis Bardhi">6</Player>
    <Player player_id="86168" player_name="Rubén Rochina">3</Player>
  </Player>
  <Player cross_lost="0" cross_success="2" jersey_num="16" pass_lost="11" pass_success="22" player_id="86168" player_name="Rubén Rochina" position="Midfielder" position_id="3" x="44.89" y="47.80">
    <Player player_id="88952" player_name="José Campaña">7</Player>
    <Player player_id="169201" player_name="Chema Rodríguez">1</Player>
    <Player player_id="165375" player_name="José Luis Morales">3</Player>
    <Player player_id="196739" player_name="Enis Bardhi">1</Player>
    <Player cross="2" player_id="199248" player_name="Borja Mayoral">0</Player>
    <Player player_id="49442" player_name="Oier Olazábal">1</Player>
    <Player player_id="163784" player_name="Jason">1</Player>
    <Player player_id="55268" player_name="Coke">2</Player>
    <Player player_id="109702" player_name="Roger Martí">3</Player>
    <Player player_id="77039" player_name="Toño">3</Player>
  </Player>
  <Player cross_lost="0" cross_success="0" jersey_num="13" pass_lost="8" pass_success="21" player_id="49442" player_name="Oier Olazábal" position="Goalkeeper" position_id="1" x="6.83" y="51.37">
    <Player player_id="163784" player_name="Jason">2</Player>
    <Player player_id="169201" player_name="Chema Rodríguez">2</Player>
    <Player player_id="55268" player_name="Coke">1</Player>
    <Player player_id="196739" player_name="Enis Bardhi">3</Player>
    <Player player_id="220093" player_name="Rober Pier">7</Player>
    <Player player_id="77039" player_name="Toño">1</Player>
    <Player player_id="86168" player_name="Rubén Rochina">1</Player>
    <Player player_id="169586" player_name="Erick Cabaco">4</Player>
  </Player>
  <Player cross_lost="0" cross_success="0" jersey_num="18" pass_lost="6" pass_success="11" player_id="169586" player_name="Erick Cabaco" position="Defender" position_id="2" sub_off="70" x="23.38" y="26.04">
    <Player player_id="88952" player_name="José Campaña">3</Player>
    <Player player_id="163784" player_name="Jason">2</Player>
    <Player player_id="165375" player_name="José Luis Morales">1</Player>
    <Player player_id="220093" player_name="Rober Pier">1</Player>
    <Player player_id="86168" player_name="Rubén Rochina">3</Player>
    <Player player_id="49442" player_name="Oier Olazábal">1</Player>
  </Player>
  <Player cross_lost="0" cross_success="0" jersey_num="21" pass_lost="1" pass_success="0" player_id="194764" player_name="Emmanuel Boateng" position="Substitute" position_id="5" sub_on="87" x="45.60" y="71.40" />
</SoccerFeed>