﻿<?xml version="1.0" encoding="UTF-8"?>
<!-- Copyright 2001-2018 Opta Sportsdata Ltd. All rights reserved. -->
<!-- PRODUCTION HEADER
     produced on:        valde-jobq-a04.nexus.opta.net
     production time:    20181220T091951,686Z
     production module:  Opta::Feed::XML::Soccer::F27
-->
<SoccerFeed act_minute="95" act_period="2" act_second="0" away_team_id="186" away_team_name="Real Madrid" competition_id="23" competition_name="Spanish La Liga" game_date="2018-09-26 21:00:00" game_id="1009375" home_team_id="179" home_team_name="Sevilla" season_id="2018" season_name="Season 2018/2019" team_id="186" team_name="Real Madrid">
  <Player cross_lost="1" cross_success="0" jersey_num="24" pass_lost="0" pass_success="21" player_id="182539" player_name="Dani Ceballos" position="Substitute" position_id="5" sub_on="70" x="60.10" y="62.93">
    <Player player_id="17861" player_name="Sergio Ramos">2</Player>
    <Player player_id="44989" player_name="Toni Kroos">7</Player>
    <Player player_id="61256" player_name="Casemiro">3</Player>
    <Player player_id="107593" player_name="Lucas Vázquez">3</Player>
    <Player player_id="174292" player_name="Marco Asensio">4</Player>
    <Player player_id="178347" player_name="Mariano">1</Player>
    <Player player_id="39563" player_name="Marcelo">1</Player>
  </Player>
  <Player cross_lost="0" cross_success="0" jersey_num="4" pass_lost="4" pass_success="69" player_id="17861" player_name="Sergio Ramos" position="Defender" position_id="2" x="43.16" y="71.74">
    <Player player_id="44989" player_name="Toni Kroos">26</Player>
    <Player player_id="36903" player_name="Gareth Bale">3</Player>
    <Player player_id="107593" player_name="Lucas Vázquez">1</Player>
    <Player player_id="19927" player_name="Karim Benzema">2</Player>
    <Player player_id="90152" player_name="Raphael Varane">2</Player>
    <Player player_id="88477" player_name="Nacho">4</Player>
    <Player player_id="182539" player_name="Dani Ceballos">5</Player>
    <Player player_id="61256" player_name="Casemiro">3</Player>
    <Player player_id="174292" player_name="Marco Asensio">4</Player>
    <Player player_id="37055" player_name="Luka Modric">1</Player>
    <Player player_id="178347" player_name="Mariano">3</Player>
    <Player player_id="39563" player_name="Marcelo">14</Player>
  </Player>
  <Player cross_lost="2" cross_success="3" jersey_num="8" pass_lost="4" pass_success="72" player_id="44989" player_name="Toni Kroos" position="Midfielder" position_id="3" x="50.16" y="64.79">
    <Player player_id="17861" player_name="Sergio Ramos">7</Player>
    <Player player_id="36903" player_name="Gareth Bale">3</Player>
    <Player player_id="107593" player_name="Lucas Vázquez">3</Player>
    <Player cross="1" player_id="19927" player_name="Karim Benzema">3</Player>
    <Player player_id="88477" player_name="Nacho">3</Player>
    <Player cross="2" player_id="90152" player_name="Raphael Varane">14</Player>
    <Player player_id="182539" player_name="Dani Ceballos">7</Player>
    <Player player_id="61256" player_name="Casemiro">5</Player>
    <Player player_id="174292" player_name="Marco Asensio">8</Player>
    <Player player_id="178347" player_name="Mariano">2</Player>
    <Player player_id="37055" player_name="Luka Modric">9</Player>
    <Player player_id="39563" player_name="Marcelo">8</Player>
  </Player>
  <Player cross_lost="0" cross_success="0" jersey_num="11" pass_lost="4" pass_success="29" player_id="36903" player_name="Gareth Bale" position="Forward" position_id="4" x="62.04" y="41.54">
    <Player player_id="17861" player_name="Sergio Ramos">5</Player>
    <Player player_id="44989" player_name="Toni Kroos">1</Player>
    <Player player_id="107593" player_name="Lucas Vázquez">1</Player>
    <Player player_id="19927" player_name="Karim Benzema">2</Player>
    <Player player_id="88477" player_name="Nacho">3</Player>
    <Player player_id="90152" player_name="Raphael Varane">2</Player>
    <Player player_id="182539" player_name="Dani Ceballos">2</Player>
    <Player player_id="61256" player_name="Casemiro">4</Player>
    <Player player_id="174292" player_name="Marco Asensio">4</Player>
    <Player player_id="37055" player_name="Luka Modric">3</Player>
    <Player player_id="39563" player_name="Marcelo">2</Player>
  </Player>
  <Player cross_lost="0" cross_success="0" jersey_num="14" pass_lost="8" pass_success="50" player_id="61256" player_name="Casemiro" position="Midfielder" position_id="3" x="40.67" y="50.23">
    <Player player_id="17861" player_name="Sergio Ramos">17</Player>
    <Player player_id="44989" player_name="Toni Kroos">8</Player>
    <Player player_id="36903" player_name="Gareth Bale">8</Player>
    <Player player_id="107593" player_name="Lucas Vázquez">1</Player>
    <Player player_id="19927" player_name="Karim Benzema">1</Player>
    <Player player_id="90152" player_name="Raphael Varane">1</Player>
    <Player player_id="88477" player_name="Nacho">2</Player>
    <Player player_id="182539" player_name="Dani Ceballos">3</Player>
    <Player player_id="174292" player_name="Marco Asensio">2</Player>
    <Player player_id="37055" player_name="Luka Modric">2</Player>
    <Player player_id="39563" player_name="Marcelo">4</Player>
    <Player player_id="60772" player_name="Thibaut Courtois">1</Player>
  </Player>
  <Player cross_lost="2" cross_success="0" jersey_num="17" pass_lost="2" pass_success="9" player_id="107593" player_name="Lucas Vázquez" position="Substitute" position_id="5" sub_on="59" x="64.19" y="18.73">
    <Player player_id="182539" player_name="Dani Ceballos">1</Player>
    <Player player_id="44989" player_name="Toni Kroos">2</Player>
    <Player player_id="36903" player_name="Gareth Bale">1</Player>
    <Player player_id="174292" player_name="Marco Asensio">1</Player>
    <Player player_id="178347" player_name="Mariano">1</Player>
    <Player player_id="90152" player_name="Raphael Varane">3</Player>
  </Player>
  <Player cross_lost="0" cross_success="0" jersey_num="9" pass_lost="1" pass_success="21" player_id="19927" player_name="Karim Benzema" position="Forward" position_id="4" sub_off="59" x="59.97" y="52.58">
    <Player player_id="17861" player_name="Sergio Ramos">1</Player>
    <Player player_id="44989" player_name="Toni Kroos">3</Player>
    <Player player_id="36903" player_name="Gareth Bale">1</Player>
    <Player player_id="61256" player_name="Casemiro">3</Player>
    <Player player_id="174292" player_name="Marco Asensio">1</Player>
    <Player player_id="90152" player_name="Raphael Varane">1</Player>
    <Player player_id="37055" player_name="Luka Modric">4</Player>
    <Player player_id="88477" player_name="Nacho">4</Player>
    <Player player_id="39563" player_name="Marcelo">3</Player>
  </Player>
  <Player cross_lost="4" cross_success="0" jersey_num="20" pass_lost="4" pass_success="34" player_id="174292" player_name="Marco Asensio" position="Forward" position_id="4" x="61.24" y="60.91">
    <Player player_id="17861" player_name="Sergio Ramos">1</Player>
    <Player player_id="44989" player_name="Toni Kroos">6</Player>
    <Player player_id="36903" player_name="Gareth Bale">4</Player>
    <Player player_id="107593" player_name="Lucas Vázquez">2</Player>
    <Player player_id="90152" player_name="Raphael Varane">1</Player>
    <Player player_id="88477" player_name="Nacho">2</Player>
    <Player player_id="182539" player_name="Dani Ceballos">1</Player>
    <Player player_id="61256" player_name="Casemiro">4</Player>
    <Player player_id="37055" player_name="Luka Modric">4</Player>
    <Player player_id="178347" player_name="Mariano">2</Player>
    <Player player_id="39563" player_name="Marcelo">7</Player>
  </Player>
  <Player cross_lost="0" cross_success="0" jersey_num="7" pass_lost="3" pass_success="6" player_id="178347" player_name="Mariano" position="Substitute" position_id="5" sub_on="59" x="73.41" y="62.61">
    <Player player_id="17861" player_name="Sergio Ramos">1</Player>
    <Player player_id="182539" player_name="Dani Ceballos">2</Player>
    <Player player_id="44989" player_name="Toni Kroos">2</Player>
    <Player player_id="174292" player_name="Marco Asensio">1</Player>
  </Player>
  <Player cross_lost="0" cross_success="0" jersey_num="6" pass_lost="4" pass_success="39" player_id="88477" player_name="Nacho" position="Defender" position_id="2" sub_off="59" x="52.75" y="12.40">
    <Player player_id="17861" player_name="Sergio Ramos">1</Player>
    <Player player_id="36903" player_name="Gareth Bale">4</Player>
    <Player player_id="61256" player_name="Casemiro">2</Player>
    <Player player_id="19927" player_name="Karim Benzema">3</Player>
    <Player player_id="174292" player_name="Marco Asensio">2</Player>
    <Player player_id="37055" player_name="Luka Modric">12</Player>
    <Player player_id="90152" player_name="Raphael Varane">15</Player>
  </Player>
  <Player cross_lost="1" cross_success="1" jersey_num="10" pass_lost="7" pass_success="36" player_id="37055" player_name="Luka Modric" position="Midfielder" position_id="3" sub_off="70" x="56.48" y="34.07">
    <Player cross="1" player_id="17861" player_name="Sergio Ramos">3</Player>
    <Player player_id="44989" player_name="Toni Kroos">6</Player>
    <Player player_id="36903" player_name="Gareth Bale">6</Player>
    <Player player_id="107593" player_name="Lucas Vázquez">1</Player>
    <Player player_id="19927" player_name="Karim Benzema">4</Player>
    <Player player_id="88477" player_name="Nacho">10</Player>
    <Player player_id="61256" player_name="Casemiro">1</Player>
    <Player player_id="174292" player_name="Marco Asensio">5</Player>
  </Player>
  <Player cross_lost="0" cross_success="0" jersey_num="5" pass_lost="9" pass_success="45" player_id="90152" player_name="Raphael Varane" position="Defender" position_id="2" x="39.55" y="32.00">
    <Player player_id="17861" player_name="Sergio Ramos">8</Player>
    <Player player_id="44989" player_name="Toni Kroos">3</Player>
    <Player player_id="36903" player_name="Gareth Bale">4</Player>
    <Player player_id="107593" player_name="Lucas Vázquez">1</Player>
    <Player player_id="19927" player_name="Karim Benzema">1</Player>
    <Player player_id="88477" player_name="Nacho">11</Player>
    <Player player_id="61256" player_name="Casemiro">8</Player>
    <Player player_id="174292" player_name="Marco Asensio">2</Player>
    <Player player_id="37055" player_name="Luka Modric">3</Player>
    <Player player_id="60772" player_name="Thibaut Courtois">3</Player>
    <Player player_id="39563" player_name="Marcelo">1</Player>
  </Player>
  <Player cross_lost="0" cross_success="0" jersey_num="25" pass_lost="0" pass_success="18" player_id="60772" player_name="Thibaut Courtois" position="Goalkeeper" position_id="1" x="8.28" y="51.15">
    <Player player_id="182539" player_name="Dani Ceballos">1</Player>
    <Player player_id="17861" player_name="Sergio Ramos">5</Player>
    <Player player_id="44989" player_name="Toni Kroos">1</Player>
    <Player player_id="61256" player_name="Casemiro">3</Player>
    <Player player_id="107593" player_name="Lucas Vázquez">1</Player>
    <Player player_id="174292" player_name="Marco Asensio">2</Player>
    <Player player_id="178347" player_name="Mariano">1</Player>
    <Player player_id="37055" player_name="Luka Modric">1</Player>
    <Player player_id="88477" player_name="Nacho">2</Player>
    <Player player_id="39563" player_name="Marcelo">1</Player>
  </Player>
  <Player cross_lost="3" cross_success="3" injury="77" jersey_num="12" pass_lost="8" pass_success="33" player_id="39563" player_name="Marcelo" position="Defender" position_id="2" x="52.81" y="87.70">
    <Player player_id="17861" player_name="Sergio Ramos">8</Player>
    <Player player_id="44989" player_name="Toni Kroos">3</Player>
    <Player cross="1" player_id="36903" player_name="Gareth Bale">4</Player>
    <Player player_id="61256" player_name="Casemiro">5</Player>
    <Player player_id="19927" player_name="Karim Benzema">3</Player>
    <Player cross="1" player_id="174292" player_name="Marco Asensio">6</Player>
    <Player cross="1" player_id="37055" player_name="Luka Modric">4</Player>
  </Player>
</SoccerFeed>