﻿<?xml version="1.0" encoding="UTF-8"?>
<!-- Copyright 2001-2018 Opta Sportsdata Ltd. All rights reserved. -->
<!-- PRODUCTION HEADER
     produced on:        valde-jobq-a04.nexus.opta.net
     production time:    20180925T201826,263Z
     production module:  Opta::Feed::XML::Soccer::F27
-->
<SoccerFeed act_minute="95" act_period="2" act_second="8" away_team_id="173" away_team_name="Alavés" competition_id="23" competition_name="Spanish La Liga" game_date="2018-09-22 12:00:00" game_id="1009361" home_team_id="184" home_team_name="Rayo Vallecano" season_id="2018" season_name="Season 2018/2019" team_id="173" team_name="Alavés">
  <Player cross_lost="0" cross_success="0" jersey_num="21" pass_lost="0" pass_success="4" player_id="246162" player_name="Martín Aguirregabiria" position="Substitute" position_id="5" sub_on="82" x="34.10" y="86.08">
    <Player player_id="112994" player_name="Rubén Sobrino">1</Player>
    <Player player_id="163817" player_name="Burgui">1</Player>
    <Player player_id="155335" player_name="Guillermo Maripán">1</Player>
    <Player player_id="55179" player_name="Mubarak Wakaso">1</Player>
  </Player>
  <Player cross_lost="0" cross_success="0" jersey_num="7" pass_lost="2" pass_success="4" player_id="112994" player_name="Rubén Sobrino" position="Substitute" position_id="5" sub_on="64" x="57.04" y="50.11">
    <Player player_id="163817" player_name="Burgui">1</Player>
    <Player player_id="55179" player_name="Mubarak Wakaso">2</Player>
    <Player player_id="84471" player_name="Ibai Gómez">1</Player>
  </Player>
  <Player cross_lost="0" cross_success="0" jersey_num="12" pass_lost="8" pass_success="11" player_id="168287" player_name="Jonathan Calleri" position="Forward" position_id="4" x="59.23" y="40.57">
    <Player player_id="82970" player_name="John Guidetti">1</Player>
    <Player player_id="90728" player_name="Ximo Navarro">1</Player>
    <Player player_id="55179" player_name="Mubarak Wakaso">1</Player>
    <Player player_id="84700" player_name="Darko Brasanac">5</Player>
    <Player player_id="84471" player_name="Ibai Gómez">1</Player>
    <Player player_id="92190" player_name="Jony">2</Player>
  </Player>
  <Player cross_lost="0" cross_success="0" jersey_num="14" pass_lost="1" pass_success="3" player_id="163817" player_name="Burgui" position="Substitute" position_id="5" sub_on="79" x="55.76" y="65.84">
    <Player player_id="246162" player_name="Martín Aguirregabiria">1</Player>
    <Player player_id="55179" player_name="Mubarak Wakaso">1</Player>
    <Player player_id="84700" player_name="Darko Brasanac">1</Player>
  </Player>
  <Player cross_lost="3" cross_success="1" jersey_num="10" pass_lost="2" pass_success="8" player_id="82970" player_name="John Guidetti" position="Forward" position_id="4" sub_off="64" x="68.22" y="32.69">
    <Player cross="1" player_id="168287" player_name="Jonathan Calleri">0</Player>
    <Player player_id="90728" player_name="Ximo Navarro">1</Player>
    <Player player_id="84471" player_name="Ibai Gómez">2</Player>
    <Player player_id="155335" player_name="Guillermo Maripán">1</Player>
    <Player player_id="84700" player_name="Darko Brasanac">2</Player>
    <Player player_id="92190" player_name="Jony">2</Player>
  </Player>
  <Player cross_lost="0" cross_success="0" jersey_num="1" pass_lost="16" pass_success="24" player_id="91406" player_name="Fernando Pacheco" position="Goalkeeper" position_id="1" x="9.72" y="48.32">
    <Player player_id="168287" player_name="Jonathan Calleri">3</Player>
    <Player player_id="90728" player_name="Ximo Navarro">3</Player>
    <Player player_id="55179" player_name="Mubarak Wakaso">2</Player>
    <Player player_id="84700" player_name="Darko Brasanac">4</Player>
    <Player player_id="155335" player_name="Guillermo Maripán">5</Player>
    <Player player_id="92190" player_name="Jony">1</Player>
    <Player player_id="49370" player_name="Víctor Laguardia">6</Player>
  </Player>
  <Player cross_lost="1" cross_success="1" jersey_num="15" pass_lost="10" pass_success="17" player_id="90728" player_name="Ximo Navarro" position="Defender" position_id="2" x="35.06" y="13.86">
    <Player player_id="168287" player_name="Jonathan Calleri">1</Player>
    <Player cross="1" player_id="82970" player_name="John Guidetti">3</Player>
    <Player player_id="84471" player_name="Ibai Gómez">7</Player>
    <Player player_id="55179" player_name="Mubarak Wakaso">2</Player>
    <Player player_id="49370" player_name="Víctor Laguardia">4</Player>
  </Player>
  <Player cross_lost="2" cross_success="1" jersey_num="11" pass_lost="8" pass_success="28" player_id="84471" player_name="Ibai Gómez" position="Midfielder" position_id="3" x="55.43" y="23.27">
    <Player player_id="168287" player_name="Jonathan Calleri">3</Player>
    <Player player_id="163817" player_name="Burgui">1</Player>
    <Player player_id="82970" player_name="John Guidetti">4</Player>
    <Player player_id="90728" player_name="Ximo Navarro">6</Player>
    <Player player_id="55179" player_name="Mubarak Wakaso">3</Player>
    <Player player_id="84700" player_name="Darko Brasanac">4</Player>
    <Player player_id="92190" player_name="Jony">4</Player>
    <Player cross="1" player_id="49370" player_name="Víctor Laguardia">3</Player>
  </Player>
  <Player cross_lost="0" cross_success="0" jersey_num="6" pass_lost="3" pass_success="44" player_id="155335" player_name="Guillermo Maripán" position="Defender" position_id="2" x="29.88" y="67.05">
    <Player player_id="246162" player_name="Martín Aguirregabiria">2</Player>
    <Player player_id="84471" player_name="Ibai Gómez">1</Player>
    <Player player_id="92190" player_name="Jony">1</Player>
    <Player player_id="49370" player_name="Víctor Laguardia">6</Player>
    <Player player_id="168287" player_name="Jonathan Calleri">1</Player>
    <Player player_id="112994" player_name="Rubén Sobrino">1</Player>
    <Player player_id="82970" player_name="John Guidetti">1</Player>
    <Player player_id="91406" player_name="Fernando Pacheco">9</Player>
    <Player player_id="126119" player_name="Rubén Duarte">5</Player>
    <Player player_id="55179" player_name="Mubarak Wakaso">10</Player>
    <Player player_id="84700" player_name="Darko Brasanac">7</Player>
  </Player>
  <Player cross_lost="0" cross_success="0" jersey_num="3" pass_lost="2" pass_success="17" player_id="126119" player_name="Rubén Duarte" position="Defender" position_id="2" sub_off="82" x="47.27" y="80.67">
    <Player player_id="168287" player_name="Jonathan Calleri">1</Player>
    <Player player_id="82970" player_name="John Guidetti">1</Player>
    <Player player_id="55179" player_name="Mubarak Wakaso">5</Player>
    <Player player_id="155335" player_name="Guillermo Maripán">7</Player>
    <Player player_id="92190" player_name="Jony">3</Player>
  </Player>
  <Player cross_lost="0" cross_success="0" jersey_num="22" pass_lost="4" pass_success="44" player_id="55179" player_name="Mubarak Wakaso" position="Midfielder" position_id="3" x="40.53" y="54.19">
    <Player player_id="246162" player_name="Martín Aguirregabiria">1</Player>
    <Player player_id="168287" player_name="Jonathan Calleri">2</Player>
    <Player player_id="91406" player_name="Fernando Pacheco">1</Player>
    <Player player_id="90728" player_name="Ximo Navarro">4</Player>
    <Player player_id="84471" player_name="Ibai Gómez">2</Player>
    <Player player_id="155335" player_name="Guillermo Maripán">9</Player>
    <Player player_id="126119" player_name="Rubén Duarte">6</Player>
    <Player player_id="84700" player_name="Darko Brasanac">7</Player>
    <Player player_id="92190" player_name="Jony">4</Player>
    <Player player_id="49370" player_name="Víctor Laguardia">8</Player>
  </Player>
  <Player cross_lost="1" cross_success="0" jersey_num="20" pass_lost="8" pass_success="40" player_id="84700" player_name="Darko Brasanac" position="Midfielder" position_id="3" x="47.82" y="47.69">
    <Player player_id="246162" player_name="Martín Aguirregabiria">1</Player>
    <Player player_id="163817" player_name="Burgui">1</Player>
    <Player player_id="84471" player_name="Ibai Gómez">10</Player>
    <Player player_id="92190" player_name="Jony">5</Player>
    <Player player_id="49370" player_name="Víctor Laguardia">5</Player>
    <Player player_id="168287" player_name="Jonathan Calleri">1</Player>
    <Player player_id="112994" player_name="Rubén Sobrino">1</Player>
    <Player player_id="82970" player_name="John Guidetti">1</Player>
    <Player player_id="90728" player_name="Ximo Navarro">1</Player>
    <Player player_id="55179" player_name="Mubarak Wakaso">5</Player>
    <Player player_id="155335" player_name="Guillermo Maripán">7</Player>
    <Player player_id="126119" player_name="Rubén Duarte">2</Player>
  </Player>
  <Player cross_lost="4" cross_success="2" jersey_num="23" pass_lost="5" pass_success="16" player_id="92190" player_name="Jony" position="Midfielder" position_id="3" sub_off="79" x="64.30" y="73.85">
    <Player player_id="84471" player_name="Ibai Gómez">4</Player>
    <Player player_id="49370" player_name="Víctor Laguardia">2</Player>
    <Player player_id="168287" player_name="Jonathan Calleri">2</Player>
    <Player cross="1" player_id="112994" player_name="Rubén Sobrino">0</Player>
    <Player player_id="82970" player_name="John Guidetti">1</Player>
    <Player cross="1" player_id="90728" player_name="Ximo Navarro">0</Player>
    <Player player_id="155335" player_name="Guillermo Maripán">1</Player>
    <Player player_id="84700" player_name="Darko Brasanac">4</Player>
    <Player player_id="126119" player_name="Rubén Duarte">2</Player>
  </Player>
  <Player cross_lost="0" cross_success="0" jersey_num="5" pass_lost="9" pass_success="33" player_id="49370" player_name="Víctor Laguardia" position="Defender" position_id="2" x="31.91" y="28.67">
    <Player player_id="112994" player_name="Rubén Sobrino">1</Player>
    <Player player_id="168287" player_name="Jonathan Calleri">1</Player>
    <Player player_id="163817" player_name="Burgui">1</Player>
    <Player player_id="91406" player_name="Fernando Pacheco">4</Player>
    <Player player_id="90728" player_name="Ximo Navarro">3</Player>
    <Player player_id="55179" player_name="Mubarak Wakaso">5</Player>
    <Player player_id="155335" player_name="Guillermo Maripán">6</Player>
    <Player player_id="84700" player_name="Darko Brasanac">7</Player>
    <Player player_id="126119" player_name="Rubén Duarte">1</Player>
    <Player player_id="84471" player_name="Ibai Gómez">4</Player>
  </Player>
</SoccerFeed>