﻿<?xml version="1.0" encoding="UTF-8"?>
<!-- Copyright 2001-2018 Opta Sportsdata Ltd. All rights reserved. -->
<!-- PRODUCTION HEADER
     produced on:        valde-jobq-a02.nexus.opta.net
     production time:    20181003T193322,62Z
     production module:  Opta::Feed::XML::Soccer::F27
-->
<SoccerFeed act_minute="93" act_period="2" act_second="4" away_team_id="174" away_team_name="Athletic Club" competition_id="23" competition_name="Spanish La Liga" game_date="2018-09-29 15:15:00" game_id="1009382" home_team_id="178" home_team_name="Barcelona" season_id="2018" season_name="Season 2018/2019" team_id="178" team_name="Barcelona">
  <Player cross_lost="0" cross_success="0" jersey_num="15" pass_lost="6" pass_success="67" player_id="171101" player_name="Clément Lenglet" position="Defender" position_id="2" x="36.90" y="68.32">
    <Player player_id="18221" player_name="Gerard Piqué">12</Player>
    <Player player_id="84583" player_name="Coutinho">4</Player>
    <Player player_id="200402" player_name="Nélson Semedo">1</Player>
    <Player player_id="54104" player_name="Sergio Busquets">2</Player>
    <Player player_id="77318" player_name="Marc-André ter Stegen">9</Player>
    <Player player_id="39336" player_name="Luis Suárez">8</Player>
    <Player player_id="34703" player_name="Ivan Rakitic">17</Player>
    <Player player_id="52356" player_name="Jordi Alba">9</Player>
    <Player player_id="86157" player_name="Sergi Roberto">5</Player>
  </Player>
  <Player cross_lost="0" cross_success="0" jersey_num="19" pass_lost="1" pass_success="5" player_id="170864" player_name="Munir El Haddadi" position="Substitute" position_id="5" sub_on="80" x="74.55" y="28.67">
    <Player player_id="200402" player_name="Nélson Semedo">2</Player>
    <Player player_id="54104" player_name="Sergio Busquets">1</Player>
    <Player player_id="39336" player_name="Luis Suárez">2</Player>
  </Player>
  <Player cross_lost="3" cross_success="0" jersey_num="7" pass_lost="6" pass_success="36" player_id="84583" player_name="Coutinho" position="Forward" position_id="4" x="64.07" y="71.29">
    <Player player_id="171101" player_name="Clément Lenglet">2</Player>
    <Player player_id="18221" player_name="Gerard Piqué">1</Player>
    <Player player_id="200402" player_name="Nélson Semedo">2</Player>
    <Player player_id="54104" player_name="Sergio Busquets">1</Player>
    <Player player_id="39336" player_name="Luis Suárez">5</Player>
    <Player player_id="34703" player_name="Ivan Rakitic">11</Player>
    <Player player_id="219438" player_name="Ousmane Dembélé">1</Player>
    <Player player_id="42565" player_name="Arturo Vidal">3</Player>
    <Player player_id="52356" player_name="Jordi Alba">6</Player>
    <Player player_id="19054" player_name="Lionel Messi">4</Player>
  </Player>
  <Player cross_lost="0" cross_success="0" jersey_num="3" pass_lost="12" pass_success="75" player_id="18221" player_name="Gerard Piqué" position="Defender" position_id="2" x="42.12" y="30.78">
    <Player player_id="171101" player_name="Clément Lenglet">12</Player>
    <Player player_id="84583" player_name="Coutinho">4</Player>
    <Player player_id="54104" player_name="Sergio Busquets">1</Player>
    <Player player_id="77318" player_name="Marc-André ter Stegen">5</Player>
    <Player player_id="39336" player_name="Luis Suárez">5</Player>
    <Player player_id="42565" player_name="Arturo Vidal">6</Player>
    <Player player_id="19054" player_name="Lionel Messi">5</Player>
    <Player player_id="86157" player_name="Sergi Roberto">4</Player>
    <Player player_id="170864" player_name="Munir El Haddadi">1</Player>
    <Player player_id="200402" player_name="Nélson Semedo">11</Player>
    <Player player_id="34703" player_name="Ivan Rakitic">9</Player>
    <Player player_id="219438" player_name="Ousmane Dembélé">11</Player>
    <Player player_id="52356" player_name="Jordi Alba">1</Player>
  </Player>
  <Player cross_lost="0" cross_success="0" jersey_num="2" pass_lost="4" pass_success="45" player_id="200402" player_name="Nélson Semedo" position="Defender" position_id="2" x="53.84" y="14.79">
    <Player player_id="171101" player_name="Clément Lenglet">2</Player>
    <Player player_id="18221" player_name="Gerard Piqué">9</Player>
    <Player player_id="54104" player_name="Sergio Busquets">4</Player>
    <Player player_id="77318" player_name="Marc-André ter Stegen">1</Player>
    <Player player_id="39336" player_name="Luis Suárez">3</Player>
    <Player player_id="42565" player_name="Arturo Vidal">6</Player>
    <Player player_id="19054" player_name="Lionel Messi">1</Player>
    <Player player_id="86157" player_name="Sergi Roberto">3</Player>
    <Player player_id="170864" player_name="Munir El Haddadi">2</Player>
    <Player player_id="34703" player_name="Ivan Rakitic">1</Player>
    <Player player_id="219438" player_name="Ousmane Dembélé">12</Player>
    <Player player_id="52356" player_name="Jordi Alba">1</Player>
  </Player>
  <Player cross_lost="0" cross_success="0" jersey_num="5" pass_lost="7" pass_success="33" player_id="54104" player_name="Sergio Busquets" position="Substitute" position_id="5" sub_on="51" x="47.44" y="47.89">
    <Player player_id="171101" player_name="Clément Lenglet">7</Player>
    <Player player_id="84583" player_name="Coutinho">1</Player>
    <Player player_id="18221" player_name="Gerard Piqué">5</Player>
    <Player player_id="77318" player_name="Marc-André ter Stegen">1</Player>
    <Player player_id="39336" player_name="Luis Suárez">3</Player>
    <Player player_id="19054" player_name="Lionel Messi">7</Player>
    <Player player_id="200402" player_name="Nélson Semedo">1</Player>
    <Player player_id="34703" player_name="Ivan Rakitic">4</Player>
    <Player player_id="219438" player_name="Ousmane Dembélé">1</Player>
    <Player player_id="52356" player_name="Jordi Alba">2</Player>
  </Player>
  <Player cross_lost="0" cross_success="0" jersey_num="1" pass_lost="7" pass_success="27" player_id="77318" player_name="Marc-André ter Stegen" position="Goalkeeper" position_id="1" x="9.15" y="50.97">
    <Player player_id="171101" player_name="Clément Lenglet">4</Player>
    <Player player_id="84583" player_name="Coutinho">1</Player>
    <Player player_id="18221" player_name="Gerard Piqué">5</Player>
    <Player player_id="200402" player_name="Nélson Semedo">1</Player>
    <Player player_id="54104" player_name="Sergio Busquets">3</Player>
    <Player player_id="39336" player_name="Luis Suárez">2</Player>
    <Player player_id="34703" player_name="Ivan Rakitic">3</Player>
    <Player player_id="219438" player_name="Ousmane Dembélé">1</Player>
    <Player player_id="52356" player_name="Jordi Alba">3</Player>
    <Player player_id="86157" player_name="Sergi Roberto">4</Player>
  </Player>
  <Player cross_lost="1" cross_success="0" jersey_num="9" pass_lost="13" pass_success="33" player_id="39336" player_name="Luis Suárez" position="Forward" position_id="4" x="68.01" y="55.35">
    <Player player_id="18221" player_name="Gerard Piqué">2</Player>
    <Player player_id="84583" player_name="Coutinho">4</Player>
    <Player player_id="54104" player_name="Sergio Busquets">1</Player>
    <Player player_id="42565" player_name="Arturo Vidal">1</Player>
    <Player player_id="19054" player_name="Lionel Messi">7</Player>
    <Player player_id="86157" player_name="Sergi Roberto">4</Player>
    <Player player_id="170864" player_name="Munir El Haddadi">2</Player>
    <Player player_id="200402" player_name="Nélson Semedo">1</Player>
    <Player player_id="34703" player_name="Ivan Rakitic">6</Player>
    <Player player_id="219438" player_name="Ousmane Dembélé">3</Player>
    <Player player_id="52356" player_name="Jordi Alba">2</Player>
  </Player>
  <Player cross_lost="1" cross_success="0" jersey_num="4" pass_lost="16" pass_success="81" player_id="34703" player_name="Ivan Rakitic" position="Midfielder" position_id="3" x="53.58" y="71.54">
    <Player player_id="171101" player_name="Clément Lenglet">10</Player>
    <Player player_id="18221" player_name="Gerard Piqué">9</Player>
    <Player player_id="84583" player_name="Coutinho">14</Player>
    <Player player_id="54104" player_name="Sergio Busquets">8</Player>
    <Player player_id="77318" player_name="Marc-André ter Stegen">1</Player>
    <Player player_id="39336" player_name="Luis Suárez">8</Player>
    <Player player_id="42565" player_name="Arturo Vidal">1</Player>
    <Player player_id="19054" player_name="Lionel Messi">1</Player>
    <Player player_id="86157" player_name="Sergi Roberto">7</Player>
    <Player player_id="170864" player_name="Munir El Haddadi">1</Player>
    <Player player_id="200402" player_name="Nélson Semedo">3</Player>
    <Player player_id="219438" player_name="Ousmane Dembélé">1</Player>
    <Player player_id="52356" player_name="Jordi Alba">17</Player>
  </Player>
  <Player cross_lost="4" cross_success="2" jersey_num="11" pass_lost="8" pass_success="21" player_id="219438" player_name="Ousmane Dembélé" position="Forward" position_id="4" sub_off="80" x="66.84" y="25.35">
    <Player cross="2" player_id="84583" player_name="Coutinho">1</Player>
    <Player player_id="18221" player_name="Gerard Piqué">1</Player>
    <Player player_id="54104" player_name="Sergio Busquets">1</Player>
    <Player player_id="39336" player_name="Luis Suárez">4</Player>
    <Player player_id="19054" player_name="Lionel Messi">1</Player>
    <Player player_id="86157" player_name="Sergi Roberto">2</Player>
    <Player player_id="200402" player_name="Nélson Semedo">9</Player>
    <Player player_id="34703" player_name="Ivan Rakitic">2</Player>
  </Player>
  <Player cross_lost="0" cross_success="0" jersey_num="22" pass_lost="3" pass_success="34" player_id="42565" player_name="Arturo Vidal" position="Midfielder" position_id="3" sub_off="55" x="54.17" y="40.00">
    <Player player_id="171101" player_name="Clément Lenglet">2</Player>
    <Player player_id="84583" player_name="Coutinho">2</Player>
    <Player player_id="18221" player_name="Gerard Piqué">7</Player>
    <Player player_id="77318" player_name="Marc-André ter Stegen">1</Player>
    <Player player_id="39336" player_name="Luis Suárez">5</Player>
    <Player player_id="86157" player_name="Sergi Roberto">2</Player>
    <Player player_id="200402" player_name="Nélson Semedo">5</Player>
    <Player player_id="34703" player_name="Ivan Rakitic">3</Player>
    <Player player_id="219438" player_name="Ousmane Dembélé">2</Player>
    <Player player_id="52356" player_name="Jordi Alba">5</Player>
  </Player>
  <Player cross_lost="0" cross_success="0" jersey_num="18" pass_lost="13" pass_success="53" player_id="52356" player_name="Jordi Alba" position="Defender" position_id="2" x="45.07" y="82.31">
    <Player player_id="171101" player_name="Clément Lenglet">11</Player>
    <Player player_id="18221" player_name="Gerard Piqué">2</Player>
    <Player player_id="84583" player_name="Coutinho">12</Player>
    <Player player_id="54104" player_name="Sergio Busquets">2</Player>
    <Player player_id="77318" player_name="Marc-André ter Stegen">2</Player>
    <Player player_id="39336" player_name="Luis Suárez">3</Player>
    <Player player_id="34703" player_name="Ivan Rakitic">15</Player>
    <Player player_id="42565" player_name="Arturo Vidal">1</Player>
    <Player player_id="19054" player_name="Lionel Messi">1</Player>
    <Player player_id="86157" player_name="Sergi Roberto">4</Player>
  </Player>
  <Player cross_lost="0" cross_success="0" jersey_num="10" pass_lost="2" pass_success="19" player_id="19054" player_name="Lionel Messi" position="Substitute" position_id="5" sub_on="55" x="68.70" y="45.24">
    <Player player_id="170864" player_name="Munir El Haddadi">1</Player>
    <Player player_id="84583" player_name="Coutinho">4</Player>
    <Player player_id="200402" player_name="Nélson Semedo">2</Player>
    <Player player_id="54104" player_name="Sergio Busquets">4</Player>
    <Player player_id="39336" player_name="Luis Suárez">2</Player>
    <Player player_id="34703" player_name="Ivan Rakitic">4</Player>
    <Player player_id="219438" player_name="Ousmane Dembélé">1</Player>
    <Player player_id="52356" player_name="Jordi Alba">1</Player>
  </Player>
  <Player cross_lost="0" cross_success="0" jersey_num="20" pass_lost="5" pass_success="35" player_id="86157" player_name="Sergi Roberto" position="Midfielder" position_id="3" sub_off="51" x="44.27" y="48.84">
    <Player player_id="171101" player_name="Clément Lenglet">5</Player>
    <Player player_id="18221" player_name="Gerard Piqué">7</Player>
    <Player player_id="84583" player_name="Coutinho">1</Player>
    <Player player_id="200402" player_name="Nélson Semedo">2</Player>
    <Player player_id="39336" player_name="Luis Suárez">1</Player>
    <Player player_id="34703" player_name="Ivan Rakitic">4</Player>
    <Player player_id="219438" player_name="Ousmane Dembélé">1</Player>
    <Player player_id="42565" player_name="Arturo Vidal">9</Player>
    <Player player_id="52356" player_name="Jordi Alba">5</Player>
  </Player>
</SoccerFeed>