﻿<?xml version="1.0" encoding="UTF-8"?>
<!-- Copyright 2001-2018 Opta Sportsdata Ltd. All rights reserved. -->
<!-- PRODUCTION HEADER
     produced on:        valde-jobq-a04.nexus.opta.net
     production time:    20180904T184357,348Z
     production module:  Opta::Feed::XML::Soccer::F27
-->
<SoccerFeed act_minute="94" act_period="2" act_second="15" away_team_id="957" away_team_name="Leganés" competition_id="23" competition_name="Spanish La Liga" game_date="2018-09-01 19:45:00" game_id="1009345" home_team_id="186" home_team_name="Real Madrid" season_id="2018" season_name="Season 2018/2019" team_id="186" team_name="Real Madrid">
  <Player cross_lost="0" cross_success="0" jersey_num="24" pass_lost="0" pass_success="27" player_id="182539" player_name="Dani Ceballos" position="Substitute" position_id="5" sub_on="78" x="58.26" y="46.09">
    <Player player_id="17861" player_name="Sergio Ramos">2</Player>
    <Player player_id="44989" player_name="Toni Kroos">9</Player>
    <Player player_id="88483" player_name="Daniel Carvajal">1</Player>
    <Player player_id="80209" player_name="Isco">3</Player>
    <Player player_id="36903" player_name="Gareth Bale">2</Player>
    <Player player_id="61256" player_name="Casemiro">5</Player>
    <Player player_id="107593" player_name="Lucas Vázquez">1</Player>
    <Player player_id="19927" player_name="Karim Benzema">1</Player>
    <Player player_id="39563" player_name="Marcelo">3</Player>
  </Player>
  <Player cross_lost="1" cross_success="0" jersey_num="4" pass_lost="5" pass_success="108" player_id="17861" player_name="Sergio Ramos" position="Defender" position_id="2" x="39.76" y="68.77">
    <Player player_id="44989" player_name="Toni Kroos">25</Player>
    <Player player_id="36903" player_name="Gareth Bale">3</Player>
    <Player player_id="88483" player_name="Daniel Carvajal">7</Player>
    <Player player_id="19927" player_name="Karim Benzema">1</Player>
    <Player player_id="90152" player_name="Raphael Varane">15</Player>
    <Player player_id="80209" player_name="Isco">3</Player>
    <Player player_id="61256" player_name="Casemiro">11</Player>
    <Player player_id="174292" player_name="Marco Asensio">3</Player>
    <Player player_id="37055" player_name="Luka Modric">5</Player>
    <Player player_id="39563" player_name="Marcelo">33</Player>
    <Player player_id="60772" player_name="Thibaut Courtois">2</Player>
  </Player>
  <Player cross_lost="4" cross_success="1" jersey_num="8" pass_lost="5" pass_success="102" player_id="44989" player_name="Toni Kroos" position="Midfielder" position_id="3" x="53.57" y="66.51">
    <Player player_id="17861" player_name="Sergio Ramos">14</Player>
    <Player player_id="36903" player_name="Gareth Bale">6</Player>
    <Player player_id="88483" player_name="Daniel Carvajal">4</Player>
    <Player player_id="107593" player_name="Lucas Vázquez">1</Player>
    <Player player_id="19927" player_name="Karim Benzema">8</Player>
    <Player cross="1" player_id="90152" player_name="Raphael Varane">7</Player>
    <Player player_id="182539" player_name="Dani Ceballos">6</Player>
    <Player player_id="80209" player_name="Isco">9</Player>
    <Player player_id="61256" player_name="Casemiro">10</Player>
    <Player player_id="174292" player_name="Marco Asensio">11</Player>
    <Player player_id="37055" player_name="Luka Modric">10</Player>
    <Player player_id="39563" player_name="Marcelo">16</Player>
  </Player>
  <Player cross_lost="2" cross_success="1" jersey_num="22" pass_lost="1" pass_success="36" player_id="80209" player_name="Isco" position="Substitute" position_id="5" sub_on="62" x="60.08" y="48.72">
    <Player player_id="17861" player_name="Sergio Ramos">6</Player>
    <Player player_id="44989" player_name="Toni Kroos">5</Player>
    <Player player_id="36903" player_name="Gareth Bale">4</Player>
    <Player player_id="88483" player_name="Daniel Carvajal">6</Player>
    <Player player_id="107593" player_name="Lucas Vázquez">1</Player>
    <Player player_id="19927" player_name="Karim Benzema">2</Player>
    <Player player_id="182539" player_name="Dani Ceballos">3</Player>
    <Player player_id="61256" player_name="Casemiro">3</Player>
    <Player player_id="174292" player_name="Marco Asensio">2</Player>
    <Player player_id="39563" player_name="Marcelo">4</Player>
  </Player>
  <Player cross_lost="4" cross_success="0" jersey_num="11" pass_lost="9" pass_success="49" player_id="36903" player_name="Gareth Bale" position="Forward" position_id="4" sub_off="85" x="64.38" y="34.09">
    <Player player_id="17861" player_name="Sergio Ramos">1</Player>
    <Player player_id="44989" player_name="Toni Kroos">5</Player>
    <Player player_id="88483" player_name="Daniel Carvajal">9</Player>
    <Player player_id="19927" player_name="Karim Benzema">3</Player>
    <Player player_id="90152" player_name="Raphael Varane">2</Player>
    <Player player_id="182539" player_name="Dani Ceballos">4</Player>
    <Player player_id="80209" player_name="Isco">3</Player>
    <Player player_id="61256" player_name="Casemiro">4</Player>
    <Player player_id="37055" player_name="Luka Modric">9</Player>
    <Player player_id="39563" player_name="Marcelo">9</Player>
  </Player>
  <Player cross_lost="3" cross_success="1" jersey_num="2" pass_lost="4" pass_success="86" player_id="88483" player_name="Daniel Carvajal" position="Defender" position_id="2" x="51.66" y="12.59">
    <Player player_id="17861" player_name="Sergio Ramos">8</Player>
    <Player player_id="44989" player_name="Toni Kroos">3</Player>
    <Player cross="1" player_id="88483" player_name="Daniel Carvajal">0</Player>
    <Player player_id="36903" player_name="Gareth Bale">17</Player>
    <Player player_id="107593" player_name="Lucas Vázquez">2</Player>
    <Player player_id="19927" player_name="Karim Benzema">5</Player>
    <Player player_id="90152" player_name="Raphael Varane">15</Player>
    <Player player_id="80209" player_name="Isco">8</Player>
    <Player player_id="61256" player_name="Casemiro">7</Player>
    <Player player_id="174292" player_name="Marco Asensio">7</Player>
    <Player player_id="37055" player_name="Luka Modric">12</Player>
    <Player player_id="39563" player_name="Marcelo">2</Player>
  </Player>
  <Player cross_lost="0" cross_success="0" jersey_num="14" pass_lost="12" pass_success="74" player_id="61256" player_name="Casemiro" position="Midfielder" position_id="3" x="43.62" y="38.94">
    <Player player_id="17861" player_name="Sergio Ramos">11</Player>
    <Player player_id="44989" player_name="Toni Kroos">14</Player>
    <Player player_id="88483" player_name="Daniel Carvajal">6</Player>
    <Player player_id="36903" player_name="Gareth Bale">4</Player>
    <Player player_id="19927" player_name="Karim Benzema">2</Player>
    <Player player_id="90152" player_name="Raphael Varane">7</Player>
    <Player player_id="182539" player_name="Dani Ceballos">6</Player>
    <Player player_id="80209" player_name="Isco">5</Player>
    <Player player_id="174292" player_name="Marco Asensio">4</Player>
    <Player player_id="37055" player_name="Luka Modric">7</Player>
    <Player player_id="39563" player_name="Marcelo">5</Player>
    <Player player_id="60772" player_name="Thibaut Courtois">3</Player>
  </Player>
  <Player cross_lost="1" cross_success="0" jersey_num="17" pass_lost="1" pass_success="5" player_id="107593" player_name="Lucas Vázquez" position="Substitute" position_id="5" sub_on="85" x="65.97" y="11.94">
    <Player player_id="182539" player_name="Dani Ceballos">1</Player>
    <Player player_id="88483" player_name="Daniel Carvajal">1</Player>
    <Player player_id="80209" player_name="Isco">2</Player>
    <Player player_id="107593" player_name="Lucas Vázquez">1</Player>
  </Player>
  <Player cross_lost="1" cross_success="3" jersey_num="20" pass_lost="7" pass_success="45" player_id="174292" player_name="Marco Asensio" position="Forward" position_id="4" sub_off="78" x="65.74" y="53.57">
    <Player player_id="17861" player_name="Sergio Ramos">3</Player>
    <Player player_id="44989" player_name="Toni Kroos">7</Player>
    <Player cross="1" player_id="36903" player_name="Gareth Bale">4</Player>
    <Player player_id="88483" player_name="Daniel Carvajal">7</Player>
    <Player cross="2" player_id="19927" player_name="Karim Benzema">2</Player>
    <Player player_id="90152" player_name="Raphael Varane">5</Player>
    <Player player_id="61256" player_name="Casemiro">3</Player>
    <Player player_id="37055" player_name="Luka Modric">1</Player>
    <Player player_id="39563" player_name="Marcelo">13</Player>
  </Player>
  <Player cross_lost="0" cross_success="0" jersey_num="9" pass_lost="5" pass_success="33" player_id="19927" player_name="Karim Benzema" position="Forward" position_id="4" x="67.64" y="55.34">
    <Player player_id="17861" player_name="Sergio Ramos">3</Player>
    <Player player_id="44989" player_name="Toni Kroos">5</Player>
    <Player player_id="88483" player_name="Daniel Carvajal">2</Player>
    <Player player_id="36903" player_name="Gareth Bale">4</Player>
    <Player player_id="107593" player_name="Lucas Vázquez">1</Player>
    <Player player_id="90152" player_name="Raphael Varane">1</Player>
    <Player player_id="182539" player_name="Dani Ceballos">1</Player>
    <Player player_id="80209" player_name="Isco">2</Player>
    <Player player_id="174292" player_name="Marco Asensio">5</Player>
    <Player player_id="37055" player_name="Luka Modric">6</Player>
    <Player player_id="39563" player_name="Marcelo">3</Player>
  </Player>
  <Player cross_lost="1" cross_success="0" jersey_num="10" pass_lost="5" pass_success="51" player_id="37055" player_name="Luka Modric" position="Midfielder" position_id="3" sub_off="62" x="60.08" y="30.76">
    <Player player_id="17861" player_name="Sergio Ramos">2</Player>
    <Player player_id="44989" player_name="Toni Kroos">6</Player>
    <Player player_id="88483" player_name="Daniel Carvajal">13</Player>
    <Player player_id="36903" player_name="Gareth Bale">6</Player>
    <Player player_id="19927" player_name="Karim Benzema">5</Player>
    <Player player_id="90152" player_name="Raphael Varane">3</Player>
    <Player player_id="61256" player_name="Casemiro">4</Player>
    <Player player_id="174292" player_name="Marco Asensio">7</Player>
    <Player player_id="37055" player_name="Luka Modric">1</Player>
    <Player player_id="39563" player_name="Marcelo">4</Player>
  </Player>
  <Player cross_lost="0" cross_success="0" jersey_num="5" pass_lost="6" pass_success="79" player_id="90152" player_name="Raphael Varane" position="Defender" position_id="2" x="34.69" y="27.72">
    <Player player_id="17861" player_name="Sergio Ramos">18</Player>
    <Player player_id="44989" player_name="Toni Kroos">2</Player>
    <Player player_id="36903" player_name="Gareth Bale">3</Player>
    <Player player_id="88483" player_name="Daniel Carvajal">26</Player>
    <Player player_id="19927" player_name="Karim Benzema">1</Player>
    <Player player_id="182539" player_name="Dani Ceballos">1</Player>
    <Player player_id="80209" player_name="Isco">1</Player>
    <Player player_id="61256" player_name="Casemiro">10</Player>
    <Player player_id="174292" player_name="Marco Asensio">2</Player>
    <Player player_id="37055" player_name="Luka Modric">5</Player>
    <Player player_id="60772" player_name="Thibaut Courtois">5</Player>
    <Player player_id="39563" player_name="Marcelo">5</Player>
  </Player>
  <Player cross_lost="2" cross_success="2" jersey_num="12" pass_lost="11" pass_success="87" player_id="39563" player_name="Marcelo" position="Defender" position_id="2" x="54.46" y="89.00">
    <Player player_id="17861" player_name="Sergio Ramos">23</Player>
    <Player player_id="44989" player_name="Toni Kroos">18</Player>
    <Player cross="1" player_id="88483" player_name="Daniel Carvajal">1</Player>
    <Player player_id="36903" player_name="Gareth Bale">10</Player>
    <Player player_id="19927" player_name="Karim Benzema">8</Player>
    <Player player_id="90152" player_name="Raphael Varane">2</Player>
    <Player player_id="182539" player_name="Dani Ceballos">2</Player>
    <Player player_id="80209" player_name="Isco">6</Player>
    <Player player_id="61256" player_name="Casemiro">1</Player>
    <Player cross="1" player_id="174292" player_name="Marco Asensio">15</Player>
    <Player player_id="37055" player_name="Luka Modric">1</Player>
  </Player>
  <Player cross_lost="0" cross_success="0" jersey_num="25" pass_lost="0" pass_success="23" player_id="60772" player_name="Thibaut Courtois" position="Goalkeeper" position_id="1" x="9.73" y="48.07">
    <Player player_id="17861" player_name="Sergio Ramos">5</Player>
    <Player player_id="44989" player_name="Toni Kroos">2</Player>
    <Player player_id="88483" player_name="Daniel Carvajal">2</Player>
    <Player player_id="61256" player_name="Casemiro">3</Player>
    <Player player_id="90152" player_name="Raphael Varane">8</Player>
    <Player player_id="39563" player_name="Marcelo">3</Player>
  </Player>
</SoccerFeed>