﻿<?xml version="1.0" encoding="UTF-8"?>
<!-- Copyright 2001-2018 Opta Sportsdata Ltd. All rights reserved. -->
<!-- PRODUCTION HEADER
     produced on:        valde-jobq-a04.nexus.opta.net
     production time:    20181003T192732,904Z
     production module:  Opta::Feed::XML::Soccer::F27
-->
<SoccerFeed act_minute="93" act_period="2" act_second="3" away_team_id="1450" away_team_name="Getafe" competition_id="23" competition_name="Spanish La Liga" game_date="2018-10-01 20:00:00" game_id="1009377" home_team_id="176" home_team_name="Celta de Vigo" season_id="2018" season_name="Season 2018/2019" team_id="1450" team_name="Getafe">
  <Player cross_lost="0" cross_success="1" jersey_num="8" pass_lost="7" pass_success="34" player_id="80795" player_name="Francisco Portillo" position="Midfielder" position_id="3" x="59.38" y="20.55">
    <Player player_id="198499" player_name="Nemanja Maksimovic">2</Player>
    <Player player_id="225463" player_name="Amath Ndiaye">1</Player>
    <Player cross="1" player_id="56419" player_name="Ángel Rodríguez">2</Player>
    <Player player_id="98976" player_name="Bruno González">1</Player>
    <Player player_id="76555" player_name="Jorge Molina">7</Player>
    <Player player_id="99005" player_name="Damián Suárez">13</Player>
    <Player player_id="149838" player_name="Djené Dakonam">1</Player>
    <Player player_id="39621" player_name="Vitorino Antunes">3</Player>
    <Player player_id="109270" player_name="Jaime Mata">1</Player>
    <Player player_id="171222" player_name="Mauro Arambarri">3</Player>
  </Player>
  <Player cross_lost="0" cross_success="0" jersey_num="17" pass_lost="0" pass_success="2" player_id="168390" player_name="Robert Ibáñez" position="Substitute" position_id="5" sub_on="76" x="64.85" y="64.61">
    <Player player_id="39621" player_name="Vitorino Antunes">2</Player>
  </Player>
  <Player cross_lost="0" cross_success="0" jersey_num="11" pass_lost="5" pass_success="13" player_id="225463" player_name="Amath Ndiaye" position="Midfielder" position_id="3" sub_off="89" x="60.83" y="58.16">
    <Player player_id="80795" player_name="Francisco Portillo">2</Player>
    <Player player_id="175204" player_name="David Soria">1</Player>
    <Player player_id="198499" player_name="Nemanja Maksimovic">1</Player>
    <Player player_id="56419" player_name="Ángel Rodríguez">1</Player>
    <Player player_id="98976" player_name="Bruno González">1</Player>
    <Player player_id="76555" player_name="Jorge Molina">1</Player>
    <Player player_id="39621" player_name="Vitorino Antunes">5</Player>
    <Player player_id="109270" player_name="Jaime Mata">1</Player>
  </Player>
  <Player cross_lost="0" cross_success="0" jersey_num="20" pass_lost="3" pass_success="20" player_id="198499" player_name="Nemanja Maksimovic" position="Midfielder" position_id="3" x="43.52" y="62.38">
    <Player player_id="80795" player_name="Francisco Portillo">1</Player>
    <Player player_id="168390" player_name="Robert Ibáñez">1</Player>
    <Player player_id="225463" player_name="Amath Ndiaye">3</Player>
    <Player player_id="98976" player_name="Bruno González">5</Player>
    <Player player_id="76555" player_name="Jorge Molina">4</Player>
    <Player player_id="149838" player_name="Djené Dakonam">1</Player>
    <Player player_id="39621" player_name="Vitorino Antunes">3</Player>
    <Player player_id="171222" player_name="Mauro Arambarri">2</Player>
  </Player>
  <Player cross_lost="0" cross_success="0" jersey_num="13" pass_lost="21" pass_success="14" player_id="175204" player_name="David Soria" position="Goalkeeper" position_id="1" x="13.20" y="47.69">
    <Player player_id="80795" player_name="Francisco Portillo">1</Player>
    <Player player_id="225463" player_name="Amath Ndiaye">2</Player>
    <Player player_id="98976" player_name="Bruno González">1</Player>
    <Player player_id="99005" player_name="Damián Suárez">1</Player>
    <Player player_id="76555" player_name="Jorge Molina">7</Player>
    <Player player_id="149838" player_name="Djené Dakonam">1</Player>
    <Player player_id="171222" player_name="Mauro Arambarri">1</Player>
  </Player>
  <Player cross_lost="1" cross_success="0" jersey_num="9" pass_lost="4" pass_success="10" player_id="56419" player_name="Ángel Rodríguez" position="Forward" position_id="4" sub_off="76" x="68.47" y="33.61">
    <Player player_id="80795" player_name="Francisco Portillo">4</Player>
    <Player player_id="198499" player_name="Nemanja Maksimovic">1</Player>
    <Player player_id="225463" player_name="Amath Ndiaye">2</Player>
    <Player player_id="98976" player_name="Bruno González">1</Player>
    <Player player_id="76555" player_name="Jorge Molina">2</Player>
  </Player>
  <Player cross_lost="0" cross_success="1" jersey_num="4" pass_lost="14" pass_success="27" player_id="98976" player_name="Bruno González" position="Defender" position_id="2" x="35.68" y="55.22">
    <Player player_id="80795" player_name="Francisco Portillo">1</Player>
    <Player player_id="168390" player_name="Robert Ibáñez">1</Player>
    <Player player_id="198499" player_name="Nemanja Maksimovic">2</Player>
    <Player player_id="175204" player_name="David Soria">5</Player>
    <Player player_id="99005" player_name="Damián Suárez">2</Player>
    <Player cross="1" player_id="149838" player_name="Djené Dakonam">3</Player>
    <Player player_id="39621" player_name="Vitorino Antunes">11</Player>
    <Player player_id="171222" player_name="Mauro Arambarri">2</Player>
  </Player>
  <Player cross_lost="4" cross_success="3" jersey_num="22" pass_lost="26" pass_success="32" player_id="99005" player_name="Damián Suárez" position="Defender" position_id="2" x="47.53" y="18.26">
    <Player player_id="198499" player_name="Nemanja Maksimovic">1</Player>
    <Player player_id="175204" player_name="David Soria">1</Player>
    <Player cross="1" player_id="56419" player_name="Ángel Rodríguez">2</Player>
    <Player player_id="20150" player_name="Markel Bergara">1</Player>
    <Player player_id="39621" player_name="Vitorino Antunes">3</Player>
    <Player cross="1" player_id="109270" player_name="Jaime Mata">0</Player>
    <Player player_id="80795" player_name="Francisco Portillo">15</Player>
    <Player player_id="225463" player_name="Amath Ndiaye">5</Player>
    <Player player_id="98976" player_name="Bruno González">2</Player>
    <Player cross="1" player_id="149838" player_name="Djené Dakonam">2</Player>
  </Player>
  <Player cross_lost="0" cross_success="1" jersey_num="19" pass_lost="6" pass_success="20" player_id="76555" player_name="Jorge Molina" position="Forward" position_id="4" x="64.19" y="40.30">
    <Player player_id="80795" player_name="Francisco Portillo">4</Player>
    <Player player_id="168390" player_name="Robert Ibáñez">1</Player>
    <Player player_id="198499" player_name="Nemanja Maksimovic">2</Player>
    <Player player_id="56419" player_name="Ángel Rodríguez">3</Player>
    <Player player_id="76555" player_name="Jorge Molina">1</Player>
    <Player player_id="99005" player_name="Damián Suárez">4</Player>
    <Player cross="1" player_id="149838" player_name="Djené Dakonam">0</Player>
    <Player player_id="39621" player_name="Vitorino Antunes">2</Player>
    <Player player_id="171222" player_name="Mauro Arambarri">3</Player>
  </Player>
  <Player cross_lost="0" cross_success="0" jersey_num="2" pass_lost="9" pass_success="19" player_id="149838" player_name="Djené Dakonam" position="Defender" position_id="2" x="43.68" y="34.78">
    <Player player_id="80795" player_name="Francisco Portillo">2</Player>
    <Player player_id="168390" player_name="Robert Ibáñez">1</Player>
    <Player player_id="225463" player_name="Amath Ndiaye">1</Player>
    <Player player_id="198499" player_name="Nemanja Maksimovic">1</Player>
    <Player player_id="175204" player_name="David Soria">3</Player>
    <Player player_id="56419" player_name="Ángel Rodríguez">2</Player>
    <Player player_id="76555" player_name="Jorge Molina">1</Player>
    <Player player_id="99005" player_name="Damián Suárez">5</Player>
    <Player player_id="39621" player_name="Vitorino Antunes">1</Player>
    <Player player_id="171222" player_name="Mauro Arambarri">2</Player>
  </Player>
  <Player cross_lost="0" cross_success="0" jersey_num="5" pass_lost="0" pass_success="0" player_id="20150" player_name="Markel Bergara" position="Substitute" position_id="5" sub_on="89" x="38.20" y="13.20" />
  <Player cross_lost="9" cross_success="0" jersey_num="3" pass_lost="13" pass_success="30" player_id="39621" player_name="Vitorino Antunes" position="Defender" position_id="2" x="44.75" y="84.93">
    <Player player_id="198499" player_name="Nemanja Maksimovic">2</Player>
    <Player player_id="175204" player_name="David Soria">1</Player>
    <Player player_id="56419" player_name="Ángel Rodríguez">4</Player>
    <Player player_id="109270" player_name="Jaime Mata">5</Player>
    <Player player_id="171222" player_name="Mauro Arambarri">1</Player>
    <Player player_id="80795" player_name="Francisco Portillo">1</Player>
    <Player player_id="225463" player_name="Amath Ndiaye">7</Player>
    <Player player_id="168390" player_name="Robert Ibáñez">1</Player>
    <Player player_id="98976" player_name="Bruno González">5</Player>
    <Player player_id="99005" player_name="Damián Suárez">3</Player>
  </Player>
  <Player cross_lost="0" cross_success="0" jersey_num="7" pass_lost="2" pass_success="5" player_id="109270" player_name="Jaime Mata" position="Substitute" position_id="5" sub_on="66" x="70.98" y="76.56">
    <Player player_id="198499" player_name="Nemanja Maksimovic">2</Player>
    <Player player_id="98976" player_name="Bruno González">1</Player>
    <Player player_id="76555" player_name="Jorge Molina">1</Player>
    <Player player_id="39621" player_name="Vitorino Antunes">1</Player>
  </Player>
  <Player cross_lost="0" cross_success="1" jersey_num="18" pass_lost="10" pass_success="19" player_id="171222" player_name="Mauro Arambarri" position="Midfielder" position_id="3" sub_off="66" x="58.43" y="36.47">
    <Player player_id="198499" player_name="Nemanja Maksimovic">1</Player>
    <Player cross="1" player_id="56419" player_name="Ángel Rodríguez">1</Player>
    <Player player_id="39621" player_name="Vitorino Antunes">3</Player>
    <Player player_id="80795" player_name="Francisco Portillo">3</Player>
    <Player player_id="225463" player_name="Amath Ndiaye">1</Player>
    <Player player_id="98976" player_name="Bruno González">1</Player>
    <Player player_id="76555" player_name="Jorge Molina">2</Player>
    <Player player_id="99005" player_name="Damián Suárez">6</Player>
    <Player player_id="149838" player_name="Djené Dakonam">1</Player>
  </Player>
</SoccerFeed>