﻿<?xml version="1.0" encoding="UTF-8"?>
<!-- Copyright 2001-2019 Opta Sportsdata Ltd. All rights reserved. -->
<!-- PRODUCTION HEADER
     produced on:        valde-jobq-a02.nexus.opta.net
     production time:    20190219T133952,308Z
     production module:  Opta::Feed::XML::Soccer::F27
-->
<SoccerFeed act_minute="92" act_period="2" act_second="58" away_team_id="174" away_team_name="Athletic Club" competition_id="23" competition_name="Spanish La Liga" game_date="2019-02-18 20:00:00" game_id="1009550" home_team_id="2894" home_team_name="Huesca" season_id="2018" season_name="Season 2018/2019" team_id="2894" team_name="Huesca">
  <Player cross_lost="0" cross_success="0" jersey_num="13" pass_lost="9" pass_success="23" player_id="21062" player_name="Roberto Santamaría" position="Goalkeeper" position_id="1" x="10.95" y="48.08">
    <Player player_id="109243" player_name="Moi Gómez">1</Player>
    <Player player_id="205992" player_name="Ezequiel Ávila">1</Player>
    <Player player_id="235798" player_name="Adrián Diéguez">1</Player>
    <Player player_id="89334" player_name="Jorge Miramón">1</Player>
    <Player player_id="58637" player_name="Xabier Etxeita">3</Player>
    <Player player_id="244716" player_name="Juan Camilo Hernández">1</Player>
    <Player player_id="213572" player_name="Christian Rivera">1</Player>
    <Player player_id="219717" player_name="Javi Galán">1</Player>
    <Player player_id="88925" player_name="Jorge Pulido">4</Player>
    <Player player_id="193450" player_name="Juanpi">1</Player>
    <Player player_id="454317" player_name="Enric Gallego">7</Player>
  </Player>
  <Player cross_lost="2" cross_success="2" jersey_num="6" pass_lost="12" pass_success="39" player_id="109243" player_name="Moi Gómez" position="Midfielder" position_id="3" x="47.42" y="61.12">
    <Player player_id="21062" player_name="Roberto Santamaría">2</Player>
    <Player player_id="205992" player_name="Ezequiel Ávila">3</Player>
    <Player player_id="235798" player_name="Adrián Diéguez">2</Player>
    <Player player_id="89334" player_name="Jorge Miramón">1</Player>
    <Player player_id="58637" player_name="Xabier Etxeita">2</Player>
    <Player player_id="226541" player_name="Yangel Herrera">1</Player>
    <Player player_id="244716" player_name="Juan Camilo Hernández">1</Player>
    <Player player_id="213572" player_name="Christian Rivera">4</Player>
    <Player player_id="219717" player_name="Javi Galán">3</Player>
    <Player cross="2" player_id="88925" player_name="Jorge Pulido">7</Player>
    <Player player_id="193450" player_name="Juanpi">6</Player>
    <Player player_id="454317" player_name="Enric Gallego">5</Player>
    <Player player_id="90657" player_name="David Ferreiro">2</Player>
  </Player>
  <Player cross_lost="4" cross_success="0" jersey_num="12" pass_lost="9" pass_success="15" player_id="219717" player_name="Javi Galán" position="Midfielder" position_id="3" x="46.41" y="86.49">
    <Player player_id="109243" player_name="Moi Gómez">5</Player>
    <Player player_id="205992" player_name="Ezequiel Ávila">1</Player>
    <Player player_id="88925" player_name="Jorge Pulido">4</Player>
    <Player player_id="454317" player_name="Enric Gallego">2</Player>
    <Player player_id="90657" player_name="David Ferreiro">3</Player>
  </Player>
  <Player cross_lost="1" cross_success="0" jersey_num="19" pass_lost="8" pass_success="5" player_id="205992" player_name="Ezequiel Ávila" position="Forward" position_id="4" sub_off="72" x="65.26" y="41.37">
    <Player player_id="109243" player_name="Moi Gómez">2</Player>
    <Player player_id="89334" player_name="Jorge Miramón">2</Player>
    <Player player_id="226541" player_name="Yangel Herrera">1</Player>
  </Player>
  <Player cross_lost="0" cross_success="0" jersey_num="4" pass_lost="7" pass_success="16" player_id="235798" player_name="Adrián Diéguez" position="Defender" position_id="2" sub_off="68" x="28.05" y="53.83">
    <Player player_id="21062" player_name="Roberto Santamaría">1</Player>
    <Player player_id="109243" player_name="Moi Gómez">2</Player>
    <Player player_id="219717" player_name="Javi Galán">1</Player>
    <Player player_id="58637" player_name="Xabier Etxeita">8</Player>
    <Player player_id="89334" player_name="Jorge Miramón">1</Player>
    <Player player_id="88925" player_name="Jorge Pulido">2</Player>
  </Player>
  <Player cross_lost="2" cross_success="0" jersey_num="24" pass_lost="8" pass_success="22" player_id="89334" player_name="Jorge Miramón" position="Midfielder" position_id="3" x="43.82" y="11.86">
    <Player player_id="109243" player_name="Moi Gómez">1</Player>
    <Player player_id="205992" player_name="Ezequiel Ávila">1</Player>
    <Player player_id="219717" player_name="Javi Galán">1</Player>
    <Player player_id="235798" player_name="Adrián Diéguez">1</Player>
    <Player player_id="226541" player_name="Yangel Herrera">5</Player>
    <Player player_id="193450" player_name="Juanpi">3</Player>
    <Player player_id="244716" player_name="Juan Camilo Hernández">1</Player>
    <Player player_id="213572" player_name="Christian Rivera">5</Player>
    <Player player_id="454317" player_name="Enric Gallego">4</Player>
  </Player>
  <Player cross_lost="1" cross_success="0" jersey_num="3" pass_lost="11" pass_success="31" player_id="58637" player_name="Xabier Etxeita" position="Defender" position_id="2" x="38.57" y="30.10">
    <Player player_id="21062" player_name="Roberto Santamaría">2</Player>
    <Player player_id="109243" player_name="Moi Gómez">1</Player>
    <Player player_id="205992" player_name="Ezequiel Ávila">1</Player>
    <Player player_id="89334" player_name="Jorge Miramón">12</Player>
    <Player player_id="226541" player_name="Yangel Herrera">3</Player>
    <Player player_id="244716" player_name="Juan Camilo Hernández">1</Player>
    <Player player_id="213572" player_name="Christian Rivera">3</Player>
    <Player player_id="219717" player_name="Javi Galán">2</Player>
    <Player player_id="193450" player_name="Juanpi">4</Player>
    <Player player_id="88925" player_name="Jorge Pulido">1</Player>
    <Player player_id="454317" player_name="Enric Gallego">1</Player>
  </Player>
  <Player cross_lost="4" cross_success="0" jersey_num="21" pass_lost="3" pass_success="9" player_id="226541" player_name="Yangel Herrera" position="Midfielder" position_id="3" sub_off="58" x="59.66" y="30.81">
    <Player player_id="109243" player_name="Moi Gómez">1</Player>
    <Player player_id="205992" player_name="Ezequiel Ávila">2</Player>
    <Player player_id="235798" player_name="Adrián Diéguez">1</Player>
    <Player player_id="89334" player_name="Jorge Miramón">4</Player>
    <Player player_id="88925" player_name="Jorge Pulido">1</Player>
  </Player>
  <Player cross_lost="1" cross_success="0" jersey_num="20" pass_lost="1" pass_success="16" player_id="193450" player_name="Juanpi" position="Substitute" position_id="5" sub_on="58" x="55.66" y="30.17">
    <Player player_id="109243" player_name="Moi Gómez">3</Player>
    <Player player_id="205992" player_name="Ezequiel Ávila">1</Player>
    <Player player_id="89334" player_name="Jorge Miramón">1</Player>
    <Player player_id="58637" player_name="Xabier Etxeita">3</Player>
    <Player player_id="244716" player_name="Juan Camilo Hernández">1</Player>
    <Player player_id="213572" player_name="Christian Rivera">2</Player>
    <Player player_id="219717" player_name="Javi Galán">1</Player>
    <Player player_id="88925" player_name="Jorge Pulido">2</Player>
    <Player player_id="454317" player_name="Enric Gallego">1</Player>
    <Player player_id="90657" player_name="David Ferreiro">1</Player>
  </Player>
  <Player cross_lost="0" cross_success="0" jersey_num="14" pass_lost="9" pass_success="37" player_id="88925" player_name="Jorge Pulido" position="Defender" position_id="2" x="42.20" y="76.59">
    <Player player_id="21062" player_name="Roberto Santamaría">3</Player>
    <Player player_id="109243" player_name="Moi Gómez">8</Player>
    <Player player_id="205992" player_name="Ezequiel Ávila">1</Player>
    <Player player_id="219717" player_name="Javi Galán">8</Player>
    <Player player_id="235798" player_name="Adrián Diéguez">4</Player>
    <Player player_id="58637" player_name="Xabier Etxeita">2</Player>
    <Player player_id="213572" player_name="Christian Rivera">6</Player>
    <Player player_id="454317" player_name="Enric Gallego">4</Player>
    <Player player_id="90657" player_name="David Ferreiro">1</Player>
  </Player>
  <Player cross_lost="0" cross_success="1" jersey_num="9" pass_lost="2" pass_success="3" player_id="244716" player_name="Juan Camilo Hernández" position="Substitute" position_id="5" sub_on="72" x="77.19" y="44.59">
    <Player player_id="454317" player_name="Enric Gallego">1</Player>
    <Player cross="1" player_id="90657" player_name="David Ferreiro">2</Player>
  </Player>
  <Player cross_lost="0" cross_success="1" jersey_num="22" pass_lost="12" pass_success="13" player_id="454317" player_name="Enric Gallego" position="Forward" position_id="4" x="62.89" y="52.92">
    <Player player_id="109243" player_name="Moi Gómez">3</Player>
    <Player player_id="219717" player_name="Javi Galán">3</Player>
    <Player cross="1" player_id="205992" player_name="Ezequiel Ávila">3</Player>
    <Player player_id="213572" player_name="Christian Rivera">3</Player>
    <Player player_id="90657" player_name="David Ferreiro">1</Player>
  </Player>
  <Player cross_lost="2" cross_success="1" jersey_num="17" pass_lost="10" pass_success="38" player_id="213572" player_name="Christian Rivera" position="Midfielder" position_id="3" x="44.68" y="52.01">
    <Player player_id="21062" player_name="Roberto Santamaría">1</Player>
    <Player player_id="109243" player_name="Moi Gómez">4</Player>
    <Player player_id="235798" player_name="Adrián Diéguez">2</Player>
    <Player player_id="89334" player_name="Jorge Miramón">2</Player>
    <Player player_id="58637" player_name="Xabier Etxeita">6</Player>
    <Player player_id="226541" player_name="Yangel Herrera">2</Player>
    <Player cross="1" player_id="244716" player_name="Juan Camilo Hernández">0</Player>
    <Player player_id="219717" player_name="Javi Galán">3</Player>
    <Player player_id="88925" player_name="Jorge Pulido">9</Player>
    <Player player_id="193450" player_name="Juanpi">3</Player>
    <Player player_id="454317" player_name="Enric Gallego">3</Player>
    <Player player_id="90657" player_name="David Ferreiro">2</Player>
  </Player>
  <Player cross_lost="4" cross_success="2" jersey_num="7" pass_lost="1" pass_success="8" player_id="90657" player_name="David Ferreiro" position="Substitute" position_id="5" sub_on="68" x="75.33" y="72.50">
    <Player player_id="109243" player_name="Moi Gómez">2</Player>
    <Player cross="1" player_id="89334" player_name="Jorge Miramón">0</Player>
    <Player cross="1" player_id="58637" player_name="Xabier Etxeita">0</Player>
    <Player player_id="213572" player_name="Christian Rivera">1</Player>
    <Player player_id="244716" player_name="Juan Camilo Hernández">1</Player>
    <Player player_id="219717" player_name="Javi Galán">1</Player>
    <Player player_id="193450" player_name="Juanpi">1</Player>
    <Player player_id="88925" player_name="Jorge Pulido">2</Player>
  </Player>
</SoccerFeed>