﻿<?xml version="1.0" encoding="UTF-8"?>
<!-- Copyright 2001-2018 Opta Sportsdata Ltd. All rights reserved. -->
<!-- PRODUCTION HEADER
     produced on:        valde-jobq-a03.nexus.opta.net
     production time:    20181029T215443,885Z
     production module:  Opta::Feed::XML::Soccer::F27
-->
<SoccerFeed act_minute="94" act_period="2" act_second="10" away_team_id="177" away_team_name="Espanyol" competition_id="23" competition_name="Spanish La Liga" game_date="2018-10-26 20:00:00" game_id="1009413" home_team_id="192" home_team_name="Real Valladolid" season_id="2018" season_name="Season 2018/2019" team_id="177" team_name="Espanyol">
  <Player cross_lost="3" cross_success="0" jersey_num="12" pass_lost="5" pass_success="25" player_id="59790" player_name="Dídac Vilá" position="Defender" position_id="2" x="47.80" y="83.10">
    <Player player_id="169007" player_name="Sergi Darder">5</Player>
    <Player player_id="11129" player_name="David López">4</Player>
    <Player player_id="213431" player_name="Mario Hermoso">8</Player>
    <Player player_id="202044" player_name="Borja Iglesias">1</Player>
    <Player player_id="17679" player_name="Sergio García">2</Player>
    <Player player_id="234370" player_name="Marc Roca">3</Player>
    <Player player_id="16021" player_name="Diego López">1</Player>
    <Player player_id="73109" player_name="Hernán Pérez">1</Player>
  </Player>
  <Player cross_lost="1" cross_success="1" jersey_num="10" pass_lost="8" pass_success="18" player_id="169007" player_name="Sergi Darder" position="Midfielder" position_id="3" x="47.42" y="61.01">
    <Player player_id="59790" player_name="Dídac Vilá">1</Player>
    <Player player_id="213431" player_name="Mario Hermoso">2</Player>
    <Player player_id="243718" player_name="Óscar Melendo">1</Player>
    <Player cross="1" player_id="73109" player_name="Hernán Pérez">1</Player>
    <Player player_id="51271" player_name="Pablo Piatti">1</Player>
    <Player player_id="202044" player_name="Borja Iglesias">4</Player>
    <Player player_id="17679" player_name="Sergio García">5</Player>
    <Player player_id="234370" player_name="Marc Roca">1</Player>
    <Player player_id="78333" player_name="Javi López">2</Player>
  </Player>
  <Player cross_lost="0" cross_success="0" jersey_num="15" pass_lost="2" pass_success="58" player_id="11129" player_name="David López" position="Defender" position_id="2" x="33.54" y="32.84">
    <Player player_id="59790" player_name="Dídac Vilá">2</Player>
    <Player player_id="169007" player_name="Sergi Darder">3</Player>
    <Player player_id="51271" player_name="Pablo Piatti">2</Player>
    <Player player_id="213431" player_name="Mario Hermoso">21</Player>
    <Player player_id="49267" player_name="Víctor Sánchez">1</Player>
    <Player player_id="202044" player_name="Borja Iglesias">2</Player>
    <Player player_id="234370" player_name="Marc Roca">6</Player>
    <Player player_id="16021" player_name="Diego López">2</Player>
    <Player player_id="243718" player_name="Óscar Melendo">13</Player>
    <Player player_id="78333" player_name="Javi López">6</Player>
  </Player>
  <Player cross_lost="0" cross_success="0" jersey_num="19" pass_lost="1" pass_success="12" player_id="51271" player_name="Pablo Piatti" position="Substitute" position_id="5" sub_on="45" x="40.75" y="22.85">
    <Player player_id="49267" player_name="Víctor Sánchez">1</Player>
    <Player player_id="202044" player_name="Borja Iglesias">4</Player>
    <Player player_id="234370" player_name="Marc Roca">1</Player>
    <Player player_id="243718" player_name="Óscar Melendo">1</Player>
    <Player player_id="78333" player_name="Javi López">5</Player>
  </Player>
  <Player cross_lost="0" cross_success="0" jersey_num="22" pass_lost="7" pass_success="49" player_id="213431" player_name="Mario Hermoso" position="Defender" position_id="2" x="31.54" y="65.97">
    <Player player_id="59790" player_name="Dídac Vilá">8</Player>
    <Player player_id="169007" player_name="Sergi Darder">1</Player>
    <Player player_id="11129" player_name="David López">18</Player>
    <Player player_id="51271" player_name="Pablo Piatti">1</Player>
    <Player player_id="202044" player_name="Borja Iglesias">1</Player>
    <Player player_id="17679" player_name="Sergio García">2</Player>
    <Player player_id="234370" player_name="Marc Roca">9</Player>
    <Player player_id="16021" player_name="Diego López">5</Player>
    <Player player_id="73109" player_name="Hernán Pérez">2</Player>
    <Player player_id="243718" player_name="Óscar Melendo">2</Player>
  </Player>
  <Player cross_lost="0" cross_success="0" jersey_num="4" pass_lost="6" pass_success="4" player_id="49267" player_name="Víctor Sánchez" position="Substitute" position_id="5" sub_on="66" x="40.35" y="26.89">
    <Player player_id="11129" player_name="David López">1</Player>
    <Player player_id="234370" player_name="Marc Roca">1</Player>
    <Player player_id="78333" player_name="Javi López">2</Player>
  </Player>
  <Player cross_lost="0" cross_success="0" jersey_num="7" pass_lost="7" pass_success="10" player_id="202044" player_name="Borja Iglesias" position="Forward" position_id="4" x="56.55" y="41.65">
    <Player player_id="59790" player_name="Dídac Vilá">2</Player>
    <Player player_id="169007" player_name="Sergi Darder">1</Player>
    <Player player_id="213431" player_name="Mario Hermoso">1</Player>
    <Player player_id="234370" player_name="Marc Roca">2</Player>
    <Player player_id="78333" player_name="Javi López">2</Player>
    <Player player_id="73109" player_name="Hernán Pérez">1</Player>
    <Player player_id="243718" player_name="Óscar Melendo">1</Player>
  </Player>
  <Player cross_lost="0" cross_success="0" jersey_num="9" pass_lost="11" pass_success="14" player_id="17679" player_name="Sergio García" position="Forward" position_id="4" sub_off="78" x="65.05" y="65.23">
    <Player player_id="59790" player_name="Dídac Vilá">2</Player>
    <Player player_id="169007" player_name="Sergi Darder">4</Player>
    <Player player_id="202044" player_name="Borja Iglesias">2</Player>
    <Player player_id="73109" player_name="Hernán Pérez">2</Player>
    <Player player_id="78333" player_name="Javi López">1</Player>
    <Player player_id="243718" player_name="Óscar Melendo">3</Player>
  </Player>
  <Player cross_lost="0" cross_success="0" jersey_num="21" pass_lost="5" pass_success="41" player_id="234370" player_name="Marc Roca" position="Midfielder" position_id="3" x="39.56" y="52.47">
    <Player player_id="59790" player_name="Dídac Vilá">7</Player>
    <Player player_id="169007" player_name="Sergi Darder">7</Player>
    <Player player_id="11129" player_name="David López">4</Player>
    <Player player_id="51271" player_name="Pablo Piatti">1</Player>
    <Player player_id="213431" player_name="Mario Hermoso">8</Player>
    <Player player_id="202044" player_name="Borja Iglesias">1</Player>
    <Player player_id="17679" player_name="Sergio García">3</Player>
    <Player player_id="99128" player_name="Óscar Duarte">1</Player>
    <Player player_id="78333" player_name="Javi López">3</Player>
    <Player player_id="243718" player_name="Óscar Melendo">3</Player>
    <Player player_id="73109" player_name="Hernán Pérez">3</Player>
  </Player>
  <Player cross_lost="0" cross_success="0" jersey_num="6" pass_lost="1" pass_success="2" player_id="99128" player_name="Óscar Duarte" position="Substitute" position_id="5" sub_on="78" x="31.54" y="48.54">
    <Player player_id="49267" player_name="Víctor Sánchez">1</Player>
    <Player player_id="202044" player_name="Borja Iglesias">1</Player>
  </Player>
  <Player cross_lost="0" cross_success="0" jersey_num="13" pass_lost="13" pass_success="18" player_id="16021" player_name="Diego López" position="Goalkeeper" position_id="1" x="6.76" y="45.79">
    <Player player_id="11129" player_name="David López">4</Player>
    <Player player_id="213431" player_name="Mario Hermoso">3</Player>
    <Player player_id="49267" player_name="Víctor Sánchez">1</Player>
    <Player player_id="202044" player_name="Borja Iglesias">1</Player>
    <Player player_id="17679" player_name="Sergio García">2</Player>
    <Player player_id="234370" player_name="Marc Roca">4</Player>
    <Player player_id="99128" player_name="Óscar Duarte">1</Player>
    <Player player_id="243718" player_name="Óscar Melendo">1</Player>
    <Player player_id="73109" player_name="Hernán Pérez">1</Player>
  </Player>
  <Player cross_lost="0" cross_success="0" jersey_num="14" pass_lost="4" pass_success="26" player_id="243718" player_name="Óscar Melendo" position="Midfielder" position_id="3" sub_off="66" x="52.02" y="28.22">
    <Player player_id="169007" player_name="Sergi Darder">1</Player>
    <Player player_id="11129" player_name="David López">7</Player>
    <Player player_id="213431" player_name="Mario Hermoso">1</Player>
    <Player player_id="202044" player_name="Borja Iglesias">1</Player>
    <Player player_id="17679" player_name="Sergio García">2</Player>
    <Player player_id="234370" player_name="Marc Roca">4</Player>
    <Player player_id="16021" player_name="Diego López">1</Player>
    <Player player_id="73109" player_name="Hernán Pérez">3</Player>
    <Player player_id="78333" player_name="Javi López">6</Player>
  </Player>
  <Player cross_lost="4" cross_success="0" jersey_num="17" pass_lost="2" pass_success="9" player_id="73109" player_name="Hernán Pérez" position="Forward" position_id="4" sub_off="45" x="63.92" y="34.17">
    <Player player_id="59790" player_name="Dídac Vilá">1</Player>
    <Player player_id="169007" player_name="Sergi Darder">1</Player>
    <Player player_id="213431" player_name="Mario Hermoso">1</Player>
    <Player player_id="17679" player_name="Sergio García">2</Player>
    <Player player_id="234370" player_name="Marc Roca">1</Player>
    <Player player_id="78333" player_name="Javi López">2</Player>
    <Player player_id="243718" player_name="Óscar Melendo">1</Player>
  </Player>
  <Player cross_lost="2" cross_success="0" jersey_num="16" pass_lost="11" pass_success="28" player_id="78333" player_name="Javi López" position="Defender" position_id="2" x="37.12" y="15.03">
    <Player player_id="213431" player_name="Mario Hermoso">1</Player>
    <Player player_id="16021" player_name="Diego López">1</Player>
    <Player player_id="73109" player_name="Hernán Pérez">2</Player>
    <Player player_id="243718" player_name="Óscar Melendo">8</Player>
    <Player player_id="169007" player_name="Sergi Darder">1</Player>
    <Player player_id="11129" player_name="David López">8</Player>
    <Player player_id="51271" player_name="Pablo Piatti">3</Player>
    <Player player_id="49267" player_name="Víctor Sánchez">1</Player>
    <Player player_id="202044" player_name="Borja Iglesias">2</Player>
    <Player player_id="234370" player_name="Marc Roca">1</Player>
  </Player>
</SoccerFeed>