﻿<?xml version="1.0" encoding="UTF-8"?>
<!-- Copyright 2001-2018 Opta Sportsdata Ltd. All rights reserved. -->
<!-- PRODUCTION HEADER
     produced on:        valde-jobq-a04.nexus.opta.net
     production time:    20181210T155356,433Z
     production module:  Opta::Feed::XML::Soccer::F27
-->
<SoccerFeed act_minute="93" act_period="2" act_second="0" away_team_id="855" away_team_name="Levante" competition_id="23" competition_name="Spanish La Liga" game_date="2018-12-09 11:00:00" game_id="1009458" home_team_id="953" home_team_name="Eibar" season_id="2018" season_name="Season 2018/2019" team_id="953" team_name="Eibar">
  <Player cross_lost="0" cross_success="0" jersey_num="5" pass_lost="7" pass_success="35" player_id="156305" player_name="Gonzalo Escalante" position="Midfielder" position_id="3" x="56.17" y="44.42">
    <Player player_id="80791" player_name="Sergi Enrich">2</Player>
    <Player player_id="27672" player_name="Pape Diop">5</Player>
    <Player player_id="48854" player_name="Fabián Orellana">5</Player>
    <Player player_id="126290" player_name="Rubén Peña">10</Player>
    <Player player_id="86349" player_name="Charles">1</Player>
    <Player player_id="17906" player_name="Iván Ramis">1</Player>
    <Player player_id="59140" player_name="Cote">3</Player>
    <Player player_id="87499" player_name="Paulo Oliveira">2</Player>
    <Player player_id="126510" player_name="Pablo De Blasis">1</Player>
    <Player player_id="179268" player_name="Marc Cucurella">4</Player>
  </Player>
  <Player cross_lost="0" cross_success="0" jersey_num="17" pass_lost="1" pass_success="5" player_id="61597" player_name="Kike García" position="Substitute" position_id="5" sub_on="76" x="75.76" y="53.56">
    <Player player_id="156305" player_name="Gonzalo Escalante">1</Player>
    <Player player_id="59140" player_name="Cote">1</Player>
    <Player player_id="179268" player_name="Marc Cucurella">3</Player>
  </Player>
  <Player cross_lost="0" cross_success="0" jersey_num="13" pass_lost="9" pass_success="13" player_id="17973" player_name="Asier Riesgo" position="Goalkeeper" position_id="1" x="13.05" y="46.63">
    <Player player_id="80791" player_name="Sergi Enrich">1</Player>
    <Player player_id="126290" player_name="Rubén Peña">1</Player>
    <Player player_id="86349" player_name="Charles">4</Player>
    <Player player_id="17906" player_name="Iván Ramis">2</Player>
    <Player player_id="59140" player_name="Cote">4</Player>
    <Player player_id="126510" player_name="Pablo De Blasis">1</Player>
  </Player>
  <Player cross_lost="0" cross_success="0" jersey_num="9" pass_lost="2" pass_success="22" player_id="80791" player_name="Sergi Enrich" position="Forward" position_id="4" sub_off="76" x="72.30" y="51.00">
    <Player player_id="156305" player_name="Gonzalo Escalante">2</Player>
    <Player player_id="27672" player_name="Pape Diop">3</Player>
    <Player player_id="48854" player_name="Fabián Orellana">7</Player>
    <Player player_id="126290" player_name="Rubén Peña">1</Player>
    <Player player_id="86349" player_name="Charles">4</Player>
    <Player player_id="59140" player_name="Cote">2</Player>
    <Player player_id="179268" player_name="Marc Cucurella">3</Player>
  </Player>
  <Player cross_lost="1" cross_success="0" jersey_num="8" pass_lost="5" pass_success="39" player_id="27672" player_name="Pape Diop" position="Midfielder" position_id="3" x="60.48" y="47.83">
    <Player player_id="156305" player_name="Gonzalo Escalante">7</Player>
    <Player player_id="61597" player_name="Kike García">1</Player>
    <Player player_id="80791" player_name="Sergi Enrich">3</Player>
    <Player player_id="126290" player_name="Rubén Peña">5</Player>
    <Player player_id="48854" player_name="Fabián Orellana">5</Player>
    <Player player_id="86349" player_name="Charles">1</Player>
    <Player player_id="17906" player_name="Iván Ramis">4</Player>
    <Player player_id="59140" player_name="Cote">7</Player>
    <Player player_id="126510" player_name="Pablo De Blasis">2</Player>
    <Player player_id="179268" player_name="Marc Cucurella">4</Player>
  </Player>
  <Player cross_lost="0" cross_success="0" jersey_num="23" pass_lost="3" pass_success="4" player_id="87026" player_name="Anaitz Arbilla" position="Substitute" position_id="5" sub_on="83" x="51.53" y="68.30">
    <Player player_id="86349" player_name="Charles">1</Player>
    <Player player_id="59140" player_name="Cote">1</Player>
    <Player player_id="179268" player_name="Marc Cucurella">2</Player>
  </Player>
  <Player cross_lost="8" cross_success="4" jersey_num="14" pass_lost="7" pass_success="35" player_id="48854" player_name="Fabián Orellana" position="Midfielder" position_id="3" sub_off="72" x="66.56" y="31.76">
    <Player player_id="156305" player_name="Gonzalo Escalante">4</Player>
    <Player cross="1" player_id="80791" player_name="Sergi Enrich">4</Player>
    <Player player_id="87499" player_name="Paulo Oliveira">1</Player>
    <Player player_id="179268" player_name="Marc Cucurella">4</Player>
    <Player cross="2" player_id="27672" player_name="Pape Diop">6</Player>
    <Player player_id="126290" player_name="Rubén Peña">10</Player>
    <Player player_id="48854" player_name="Fabián Orellana">1</Player>
    <Player player_id="86349" player_name="Charles">2</Player>
    <Player cross="1" player_id="17906" player_name="Iván Ramis">0</Player>
    <Player player_id="59140" player_name="Cote">3</Player>
  </Player>
  <Player cross_lost="6" cross_success="2" jersey_num="11" pass_lost="10" pass_success="31" player_id="126290" player_name="Rubén Peña" position="Defender" position_id="2" x="53.24" y="15.01">
    <Player cross="1" player_id="156305" player_name="Gonzalo Escalante">3</Player>
    <Player player_id="80791" player_name="Sergi Enrich">2</Player>
    <Player player_id="87499" player_name="Paulo Oliveira">4</Player>
    <Player player_id="179268" player_name="Marc Cucurella">2</Player>
    <Player player_id="27672" player_name="Pape Diop">5</Player>
    <Player cross="1" player_id="48854" player_name="Fabián Orellana">10</Player>
    <Player player_id="86349" player_name="Charles">1</Player>
    <Player player_id="17906" player_name="Iván Ramis">1</Player>
    <Player player_id="59140" player_name="Cote">1</Player>
    <Player player_id="126510" player_name="Pablo De Blasis">2</Player>
  </Player>
  <Player cross_lost="0" cross_success="0" jersey_num="19" pass_lost="6" pass_success="25" player_id="86349" player_name="Charles" position="Forward" position_id="4" x="73.49" y="57.89">
    <Player player_id="156305" player_name="Gonzalo Escalante">4</Player>
    <Player player_id="80791" player_name="Sergi Enrich">4</Player>
    <Player player_id="27672" player_name="Pape Diop">2</Player>
    <Player player_id="126290" player_name="Rubén Peña">1</Player>
    <Player player_id="87026" player_name="Anaitz Arbilla">1</Player>
    <Player player_id="48854" player_name="Fabián Orellana">3</Player>
    <Player player_id="59140" player_name="Cote">2</Player>
    <Player player_id="87499" player_name="Paulo Oliveira">1</Player>
    <Player player_id="179268" player_name="Marc Cucurella">7</Player>
  </Player>
  <Player cross_lost="0" cross_success="0" jersey_num="4" pass_lost="5" pass_success="24" player_id="17906" player_name="Iván Ramis" position="Defender" position_id="2" sub_off="83" x="40.43" y="59.42">
    <Player player_id="156305" player_name="Gonzalo Escalante">3</Player>
    <Player player_id="17973" player_name="Asier Riesgo">1</Player>
    <Player player_id="27672" player_name="Pape Diop">1</Player>
    <Player player_id="48854" player_name="Fabián Orellana">1</Player>
    <Player player_id="126290" player_name="Rubén Peña">1</Player>
    <Player player_id="59140" player_name="Cote">9</Player>
    <Player player_id="87499" player_name="Paulo Oliveira">7</Player>
    <Player player_id="126510" player_name="Pablo De Blasis">1</Player>
  </Player>
  <Player cross_lost="9" cross_success="7" jersey_num="15" pass_lost="17" pass_success="36" player_id="59140" player_name="Cote" position="Defender" position_id="2" x="53.99" y="85.25">
    <Player player_id="156305" player_name="Gonzalo Escalante">1</Player>
    <Player cross="2" player_id="80791" player_name="Sergi Enrich">5</Player>
    <Player player_id="87026" player_name="Anaitz Arbilla">1</Player>
    <Player player_id="87499" player_name="Paulo Oliveira">1</Player>
    <Player player_id="179268" player_name="Marc Cucurella">9</Player>
    <Player cross="1" player_id="27672" player_name="Pape Diop">5</Player>
    <Player player_id="48854" player_name="Fabián Orellana">2</Player>
    <Player cross="1" player_id="17906" player_name="Iván Ramis">5</Player>
    <Player cross="2" player_id="86349" player_name="Charles">6</Player>
    <Player player_id="59140" player_name="Cote">1</Player>
    <Player cross="1" player_id="126510" player_name="Pablo De Blasis">0</Player>
  </Player>
  <Player cross_lost="0" cross_success="0" jersey_num="12" pass_lost="12" pass_success="19" player_id="87499" player_name="Paulo Oliveira" position="Defender" position_id="2" x="37.25" y="38.10">
    <Player player_id="156305" player_name="Gonzalo Escalante">1</Player>
    <Player player_id="61597" player_name="Kike García">1</Player>
    <Player player_id="126290" player_name="Rubén Peña">6</Player>
    <Player player_id="17906" player_name="Iván Ramis">4</Player>
    <Player player_id="59140" player_name="Cote">3</Player>
    <Player player_id="126510" player_name="Pablo De Blasis">1</Player>
    <Player player_id="179268" player_name="Marc Cucurella">3</Player>
  </Player>
  <Player cross_lost="0" cross_success="1" jersey_num="16" pass_lost="0" pass_success="7" player_id="126510" player_name="Pablo De Blasis" position="Substitute" position_id="5" sub_on="72" x="66.39" y="20.69">
    <Player player_id="61597" player_name="Kike García">1</Player>
    <Player player_id="27672" player_name="Pape Diop">2</Player>
    <Player player_id="126290" player_name="Rubén Peña">2</Player>
    <Player cross="1" player_id="86349" player_name="Charles">1</Player>
    <Player player_id="179268" player_name="Marc Cucurella">1</Player>
  </Player>
  <Player cross_lost="2" cross_success="2" jersey_num="20" pass_lost="4" pass_success="33" player_id="179268" player_name="Marc Cucurella" position="Midfielder" position_id="3" x="69.51" y="73.51">
    <Player player_id="156305" player_name="Gonzalo Escalante">2</Player>
    <Player player_id="80791" player_name="Sergi Enrich">1</Player>
    <Player player_id="87026" player_name="Anaitz Arbilla">1</Player>
    <Player player_id="61597" player_name="Kike García">2</Player>
    <Player player_id="17973" player_name="Asier Riesgo">1</Player>
    <Player player_id="27672" player_name="Pape Diop">8</Player>
    <Player cross="1" player_id="48854" player_name="Fabián Orellana">5</Player>
    <Player cross="1" player_id="86349" player_name="Charles">2</Player>
    <Player player_id="17906" player_name="Iván Ramis">1</Player>
    <Player player_id="59140" player_name="Cote">10</Player>
  </Player>
</SoccerFeed>