﻿<?xml version="1.0" encoding="UTF-8"?>
<!-- Copyright 2001-2018 Opta Sportsdata Ltd. All rights reserved. -->
<!-- PRODUCTION HEADER
     produced on:        valde-jobq-a03.nexus.opta.net
     production time:    20180821T185551,842Z
     production module:  Opta::Feed::XML::Soccer::F27
-->
<SoccerFeed act_minute="95" act_period="2" act_second="55" away_team_id="855" away_team_name="Levante" competition_id="23" competition_name="Spanish La Liga" game_date="2018-08-17 21:15:00" game_id="1009317" home_team_id="185" home_team_name="Real Betis" season_id="2018" season_name="Season 2018/2019" team_id="185" team_name="Real Betis">
  <Player cross_lost="2" cross_success="0" jersey_num="6" pass_lost="6" pass_success="68" player_id="56448" player_name="Sergio Canales" position="Midfielder" position_id="3" x="61.91" y="35.20">
    <Player player_id="168598" player_name="Antonio Sanabria">1</Player>
    <Player player_id="37064" player_name="Andrés Guardado">15</Player>
    <Player player_id="96122" player_name="William Carvalho">6</Player>
    <Player player_id="103263" player_name="Takashi Inui">2</Player>
    <Player player_id="55264" player_name="Ryad Boudebouz">5</Player>
    <Player player_id="81138" player_name="Marc Bartra">4</Player>
    <Player player_id="432757" player_name="Francis">11</Player>
    <Player player_id="443967" player_name="Júnior Firpo">3</Player>
    <Player player_id="89747" player_name="Zouhair Feddal">11</Player>
    <Player player_id="86813" player_name="Aissa Mandi">7</Player>
    <Player player_id="432751" player_name="Loren Morón">2</Player>
    <Player player_id="20399" player_name="Antonio Barragán">1</Player>
  </Player>
  <Player cross_lost="0" cross_success="0" jersey_num="23" pass_lost="9" pass_success="91" player_id="86813" player_name="Aissa Mandi" position="Defender" position_id="2" x="46.57" y="21.22">
    <Player player_id="37064" player_name="Andrés Guardado">5</Player>
    <Player player_id="96122" player_name="William Carvalho">8</Player>
    <Player player_id="103263" player_name="Takashi Inui">2</Player>
    <Player player_id="55264" player_name="Ryad Boudebouz">7</Player>
    <Player player_id="81138" player_name="Marc Bartra">27</Player>
    <Player player_id="432757" player_name="Francis">9</Player>
    <Player player_id="443967" player_name="Júnior Firpo">1</Player>
    <Player player_id="89747" player_name="Zouhair Feddal">6</Player>
    <Player player_id="56448" player_name="Sergio Canales">14</Player>
    <Player player_id="432751" player_name="Loren Morón">1</Player>
    <Player player_id="20399" player_name="Antonio Barragán">5</Player>
    <Player player_id="182960" player_name="Pau López">6</Player>
  </Player>
  <Player cross_lost="0" cross_success="0" jersey_num="9" pass_lost="0" pass_success="3" player_id="168598" player_name="Antonio Sanabria" position="Substitute" position_id="5" sub_on="63" x="70.53" y="43.15">
    <Player player_id="56448" player_name="Sergio Canales">1</Player>
    <Player player_id="37064" player_name="Andrés Guardado">1</Player>
    <Player player_id="103263" player_name="Takashi Inui">1</Player>
  </Player>
  <Player cross_lost="3" cross_success="1" jersey_num="18" pass_lost="6" pass_success="72" player_id="37064" player_name="Andrés Guardado" position="Midfielder" position_id="3" x="60.89" y="57.89">
    <Player player_id="96122" player_name="William Carvalho">7</Player>
    <Player player_id="103263" player_name="Takashi Inui">5</Player>
    <Player player_id="55264" player_name="Ryad Boudebouz">4</Player>
    <Player player_id="81138" player_name="Marc Bartra">9</Player>
    <Player player_id="432757" player_name="Francis">5</Player>
    <Player player_id="443967" player_name="Júnior Firpo">9</Player>
    <Player cross="1" player_id="89747" player_name="Zouhair Feddal">14</Player>
    <Player player_id="56448" player_name="Sergio Canales">10</Player>
    <Player player_id="86813" player_name="Aissa Mandi">7</Player>
    <Player player_id="20399" player_name="Antonio Barragán">2</Player>
  </Player>
  <Player cross_lost="0" cross_success="0" jersey_num="14" pass_lost="11" pass_success="68" player_id="96122" player_name="William Carvalho" position="Midfielder" position_id="3" sub_off="66" x="51.17" y="51.49">
    <Player player_id="56448" player_name="Sergio Canales">10</Player>
    <Player player_id="86813" player_name="Aissa Mandi">15</Player>
    <Player player_id="37064" player_name="Andrés Guardado">7</Player>
    <Player player_id="432751" player_name="Loren Morón">3</Player>
    <Player player_id="55264" player_name="Ryad Boudebouz">2</Player>
    <Player player_id="81138" player_name="Marc Bartra">5</Player>
    <Player player_id="432757" player_name="Francis">10</Player>
    <Player player_id="89747" player_name="Zouhair Feddal">11</Player>
    <Player player_id="443967" player_name="Júnior Firpo">5</Player>
  </Player>
  <Player cross_lost="1" cross_success="1" jersey_num="8" pass_lost="1" pass_success="12" player_id="103263" player_name="Takashi Inui" position="Substitute" position_id="5" sub_on="66" x="60.97" y="52.50">
    <Player player_id="56448" player_name="Sergio Canales">2</Player>
    <Player player_id="86813" player_name="Aissa Mandi">1</Player>
    <Player player_id="37064" player_name="Andrés Guardado">5</Player>
    <Player player_id="432751" player_name="Loren Morón">1</Player>
    <Player player_id="20399" player_name="Antonio Barragán">1</Player>
    <Player cross="1" player_id="89747" player_name="Zouhair Feddal">0</Player>
    <Player player_id="443967" player_name="Júnior Firpo">2</Player>
  </Player>
  <Player cross_lost="1" cross_success="0" jersey_num="16" pass_lost="3" pass_success="13" player_id="432751" player_name="Loren Morón" position="Forward" position_id="4" x="65.85" y="53.75">
    <Player player_id="56448" player_name="Sergio Canales">2</Player>
    <Player player_id="37064" player_name="Andrés Guardado">4</Player>
    <Player player_id="96122" player_name="William Carvalho">4</Player>
    <Player player_id="81138" player_name="Marc Bartra">1</Player>
    <Player player_id="443967" player_name="Júnior Firpo">1</Player>
    <Player player_id="89747" player_name="Zouhair Feddal">1</Player>
  </Player>
  <Player cross_lost="2" cross_success="0" jersey_num="10" pass_lost="3" pass_success="22" player_id="55264" player_name="Ryad Boudebouz" position="Forward" position_id="4" sub_off="63" x="74.43" y="34.06">
    <Player player_id="56448" player_name="Sergio Canales">5</Player>
    <Player player_id="86813" player_name="Aissa Mandi">2</Player>
    <Player player_id="37064" player_name="Andrés Guardado">3</Player>
    <Player player_id="96122" player_name="William Carvalho">4</Player>
    <Player player_id="81138" player_name="Marc Bartra">1</Player>
    <Player player_id="432757" player_name="Francis">7</Player>
  </Player>
  <Player cross_lost="0" cross_success="0" jersey_num="5" pass_lost="4" pass_success="84" player_id="81138" player_name="Marc Bartra" position="Defender" position_id="2" x="37.82" y="47.42">
    <Player player_id="56448" player_name="Sergio Canales">2</Player>
    <Player player_id="86813" player_name="Aissa Mandi">20</Player>
    <Player player_id="168598" player_name="Antonio Sanabria">1</Player>
    <Player player_id="37064" player_name="Andrés Guardado">4</Player>
    <Player player_id="96122" player_name="William Carvalho">17</Player>
    <Player player_id="55264" player_name="Ryad Boudebouz">3</Player>
    <Player player_id="182960" player_name="Pau López">4</Player>
    <Player player_id="432757" player_name="Francis">3</Player>
    <Player player_id="443967" player_name="Júnior Firpo">5</Player>
    <Player player_id="89747" player_name="Zouhair Feddal">25</Player>
  </Player>
  <Player cross_lost="3" cross_success="1" jersey_num="19" pass_lost="2" pass_success="11" player_id="20399" player_name="Antonio Barragán" position="Substitute" position_id="5" sub_on="74" x="53.18" y="15.44">
    <Player player_id="56448" player_name="Sergio Canales">3</Player>
    <Player player_id="86813" player_name="Aissa Mandi">3</Player>
    <Player cross="1" player_id="168598" player_name="Antonio Sanabria">0</Player>
    <Player player_id="37064" player_name="Andrés Guardado">2</Player>
    <Player player_id="103263" player_name="Takashi Inui">1</Player>
    <Player player_id="182960" player_name="Pau López">1</Player>
    <Player player_id="89747" player_name="Zouhair Feddal">1</Player>
  </Player>
  <Player cross_lost="0" cross_success="0" jersey_num="13" pass_lost="2" pass_success="20" player_id="182960" player_name="Pau López" position="Goalkeeper" position_id="1" x="13.96" y="47.97">
    <Player player_id="56448" player_name="Sergio Canales">1</Player>
    <Player player_id="86813" player_name="Aissa Mandi">7</Player>
    <Player player_id="168598" player_name="Antonio Sanabria">1</Player>
    <Player player_id="96122" player_name="William Carvalho">1</Player>
    <Player player_id="432751" player_name="Loren Morón">1</Player>
    <Player player_id="81138" player_name="Marc Bartra">3</Player>
    <Player player_id="432757" player_name="Francis">1</Player>
    <Player player_id="89747" player_name="Zouhair Feddal">5</Player>
  </Player>
  <Player cross_lost="6" cross_success="0" jersey_num="2" pass_lost="4" pass_success="43" player_id="432757" player_name="Francis" position="Midfielder" position_id="3" sub_off="74" x="61.56" y="10.32">
    <Player player_id="56448" player_name="Sergio Canales">12</Player>
    <Player player_id="86813" player_name="Aissa Mandi">12</Player>
    <Player player_id="37064" player_name="Andrés Guardado">4</Player>
    <Player player_id="96122" player_name="William Carvalho">5</Player>
    <Player player_id="55264" player_name="Ryad Boudebouz">7</Player>
    <Player player_id="81138" player_name="Marc Bartra">1</Player>
    <Player player_id="182960" player_name="Pau López">1</Player>
    <Player player_id="89747" player_name="Zouhair Feddal">1</Player>
  </Player>
  <Player cross_lost="1" cross_success="1" jersey_num="20" pass_lost="6" pass_success="47" player_id="443967" player_name="Júnior Firpo" position="Midfielder" position_id="3" x="61.57" y="83.87">
    <Player player_id="37064" player_name="Andrés Guardado">12</Player>
    <Player player_id="96122" player_name="William Carvalho">5</Player>
    <Player player_id="103263" player_name="Takashi Inui">4</Player>
    <Player player_id="81138" player_name="Marc Bartra">1</Player>
    <Player cross="1" player_id="432757" player_name="Francis">1</Player>
    <Player player_id="89747" player_name="Zouhair Feddal">19</Player>
    <Player player_id="56448" player_name="Sergio Canales">1</Player>
    <Player player_id="432751" player_name="Loren Morón">3</Player>
    <Player player_id="182960" player_name="Pau López">1</Player>
  </Player>
  <Player cross_lost="1" cross_success="0" jersey_num="4" pass_lost="9" pass_success="89" player_id="89747" player_name="Zouhair Feddal" position="Defender" position_id="2" x="53.19" y="75.42">
    <Player player_id="168598" player_name="Antonio Sanabria">1</Player>
    <Player player_id="37064" player_name="Andrés Guardado">11</Player>
    <Player player_id="96122" player_name="William Carvalho">10</Player>
    <Player player_id="103263" player_name="Takashi Inui">1</Player>
    <Player player_id="55264" player_name="Ryad Boudebouz">1</Player>
    <Player player_id="81138" player_name="Marc Bartra">20</Player>
    <Player player_id="432757" player_name="Francis">1</Player>
    <Player player_id="443967" player_name="Júnior Firpo">21</Player>
    <Player player_id="56448" player_name="Sergio Canales">7</Player>
    <Player player_id="86813" player_name="Aissa Mandi">10</Player>
    <Player player_id="432751" player_name="Loren Morón">4</Player>
    <Player player_id="20399" player_name="Antonio Barragán">1</Player>
    <Player player_id="182960" player_name="Pau López">1</Player>
  </Player>
</SoccerFeed>