﻿<?xml version="1.0" encoding="UTF-8"?>
<!-- Copyright 2001-2018 Opta Sportsdata Ltd. All rights reserved. -->
<!-- PRODUCTION HEADER
     produced on:        valde-jobq-a01.nexus.opta.net
     production time:    20181029T215254,837Z
     production module:  Opta::Feed::XML::Soccer::F27
-->
<SoccerFeed act_minute="92" act_period="2" act_second="55" away_team_id="184" away_team_name="Rayo Vallecano" competition_id="23" competition_name="Spanish La Liga" game_date="2018-10-27 12:00:00" game_id="1009411" home_team_id="2893" home_team_name="Girona" season_id="2018" season_name="Season 2018/2019" team_id="184" team_name="Rayo Vallecano">
  <Player cross_lost="0" cross_success="0" jersey_num="15" pass_lost="0" pass_success="1" player_id="91953" player_name="Álex Alegría" position="Substitute" position_id="5" sub_on="82" x="65.13" y="39.00">
    <Player player_id="165682" player_name="Álvaro García">1</Player>
  </Player>
  <Player cross_lost="1" cross_success="0" jersey_num="17" pass_lost="8" pass_success="35" player_id="98901" player_name="Luis Advíncula" position="Defender" position_id="2" x="40.28" y="15.59">
    <Player player_id="80789" player_name="Jordi Amat">3</Player>
    <Player player_id="48415" player_name="Alberto García">1</Player>
    <Player player_id="102738" player_name="Giannelli Imbula">6</Player>
    <Player player_id="230071" player_name="Santiago Comesaña">4</Player>
    <Player player_id="132161" player_name="Adrián Embarba">8</Player>
    <Player player_id="90573" player_name="Alejandro Gálvez">7</Player>
    <Player player_id="40721" player_name="Óscar Trejo">5</Player>
    <Player player_id="114323" player_name="José Pozo">1</Player>
  </Player>
  <Player cross_lost="0" cross_success="0" jersey_num="16" pass_lost="2" pass_success="36" player_id="80789" player_name="Jordi Amat" position="Defender" position_id="2" x="33.01" y="66.57">
    <Player player_id="98901" player_name="Luis Advíncula">1</Player>
    <Player player_id="48415" player_name="Alberto García">2</Player>
    <Player player_id="102738" player_name="Giannelli Imbula">4</Player>
    <Player player_id="230071" player_name="Santiago Comesaña">11</Player>
    <Player player_id="132161" player_name="Adrián Embarba">1</Player>
    <Player player_id="40721" player_name="Óscar Trejo">4</Player>
    <Player player_id="90573" player_name="Alejandro Gálvez">8</Player>
    <Player player_id="106468" player_name="Álex Moreno">3</Player>
    <Player player_id="119403" player_name="Raúl de Tomás">1</Player>
    <Player player_id="114323" player_name="José Pozo">1</Player>
  </Player>
  <Player cross_lost="0" cross_success="0" jersey_num="12" pass_lost="3" pass_success="38" player_id="102738" player_name="Giannelli Imbula" position="Midfielder" position_id="3" x="51.14" y="49.78">
    <Player player_id="98901" player_name="Luis Advíncula">6</Player>
    <Player player_id="230071" player_name="Santiago Comesaña">2</Player>
    <Player player_id="90573" player_name="Alejandro Gálvez">1</Player>
    <Player player_id="40721" player_name="Óscar Trejo">6</Player>
    <Player player_id="119403" player_name="Raúl de Tomás">1</Player>
    <Player player_id="165682" player_name="Álvaro García">1</Player>
    <Player player_id="59325" player_name="Gaël Kakuta">2</Player>
    <Player player_id="80789" player_name="Jordi Amat">6</Player>
    <Player player_id="48415" player_name="Alberto García">1</Player>
    <Player player_id="106468" player_name="Álex Moreno">7</Player>
    <Player player_id="114323" player_name="José Pozo">5</Player>
  </Player>
  <Player cross_lost="0" cross_success="0" jersey_num="1" pass_lost="16" pass_success="20" player_id="48415" player_name="Alberto García" position="Goalkeeper" position_id="1" x="9.02" y="46.68">
    <Player player_id="98901" player_name="Luis Advíncula">3</Player>
    <Player player_id="80789" player_name="Jordi Amat">4</Player>
    <Player player_id="230071" player_name="Santiago Comesaña">1</Player>
    <Player player_id="132161" player_name="Adrián Embarba">1</Player>
    <Player player_id="40721" player_name="Óscar Trejo">2</Player>
    <Player player_id="90573" player_name="Alejandro Gálvez">3</Player>
    <Player player_id="106468" player_name="Álex Moreno">2</Player>
    <Player player_id="119403" player_name="Raúl de Tomás">2</Player>
    <Player player_id="114323" player_name="José Pozo">1</Player>
    <Player player_id="59325" player_name="Gaël Kakuta">1</Player>
  </Player>
  <Player cross_lost="0" cross_success="0" jersey_num="27" pass_lost="7" pass_success="48" player_id="230071" player_name="Santiago Comesaña" position="Midfielder" position_id="3" x="38.34" y="49.40">
    <Player player_id="80789" player_name="Jordi Amat">3</Player>
    <Player player_id="98901" player_name="Luis Advíncula">5</Player>
    <Player player_id="102738" player_name="Giannelli Imbula">8</Player>
    <Player player_id="48415" player_name="Alberto García">2</Player>
    <Player player_id="230071" player_name="Santiago Comesaña">1</Player>
    <Player player_id="132161" player_name="Adrián Embarba">5</Player>
    <Player player_id="90573" player_name="Alejandro Gálvez">8</Player>
    <Player player_id="40721" player_name="Óscar Trejo">6</Player>
    <Player player_id="106468" player_name="Álex Moreno">6</Player>
    <Player player_id="114323" player_name="José Pozo">1</Player>
    <Player player_id="59325" player_name="Gaël Kakuta">3</Player>
  </Player>
  <Player cross_lost="9" cross_success="3" jersey_num="11" pass_lost="10" pass_success="17" player_id="132161" player_name="Adrián Embarba" position="Forward" position_id="4" x="52.58" y="32.92">
    <Player cross="1" player_id="80789" player_name="Jordi Amat">1</Player>
    <Player player_id="98901" player_name="Luis Advíncula">4</Player>
    <Player player_id="230071" player_name="Santiago Comesaña">2</Player>
    <Player cross="1" player_id="40721" player_name="Óscar Trejo">5</Player>
    <Player player_id="90573" player_name="Alejandro Gálvez">2</Player>
    <Player player_id="106468" player_name="Álex Moreno">2</Player>
    <Player cross="1" player_id="119403" player_name="Raúl de Tomás">0</Player>
    <Player player_id="114323" player_name="José Pozo">1</Player>
  </Player>
  <Player cross_lost="0" cross_success="0" jersey_num="23" pass_lost="13" pass_success="40" player_id="90573" player_name="Alejandro Gálvez" position="Defender" position_id="2" sub_off="82" x="28.62" y="34.01">
    <Player player_id="80789" player_name="Jordi Amat">1</Player>
    <Player player_id="98901" player_name="Luis Advíncula">8</Player>
    <Player player_id="102738" player_name="Giannelli Imbula">4</Player>
    <Player player_id="48415" player_name="Alberto García">10</Player>
    <Player player_id="230071" player_name="Santiago Comesaña">7</Player>
    <Player player_id="132161" player_name="Adrián Embarba">2</Player>
    <Player player_id="40721" player_name="Óscar Trejo">5</Player>
    <Player player_id="119403" player_name="Raúl de Tomás">3</Player>
  </Player>
  <Player cross_lost="5" cross_success="0" jersey_num="8" pass_lost="10" pass_success="45" player_id="40721" player_name="Óscar Trejo" position="Midfielder" position_id="3" x="53.13" y="49.86">
    <Player player_id="98901" player_name="Luis Advíncula">4</Player>
    <Player player_id="230071" player_name="Santiago Comesaña">5</Player>
    <Player player_id="132161" player_name="Adrián Embarba">3</Player>
    <Player player_id="90573" player_name="Alejandro Gálvez">3</Player>
    <Player player_id="119403" player_name="Raúl de Tomás">3</Player>
    <Player player_id="165682" player_name="Álvaro García">1</Player>
    <Player player_id="59325" player_name="Gaël Kakuta">5</Player>
    <Player player_id="80789" player_name="Jordi Amat">3</Player>
    <Player player_id="102738" player_name="Giannelli Imbula">9</Player>
    <Player player_id="106468" player_name="Álex Moreno">6</Player>
    <Player player_id="114323" player_name="José Pozo">3</Player>
  </Player>
  <Player cross_lost="8" cross_success="1" jersey_num="7" pass_lost="5" pass_success="30" player_id="106468" player_name="Álex Moreno" position="Defender" position_id="2" x="56.31" y="83.96">
    <Player cross="1" player_id="98901" player_name="Luis Advíncula">0</Player>
    <Player player_id="230071" player_name="Santiago Comesaña">1</Player>
    <Player player_id="132161" player_name="Adrián Embarba">5</Player>
    <Player player_id="90573" player_name="Alejandro Gálvez">1</Player>
    <Player player_id="40721" player_name="Óscar Trejo">4</Player>
    <Player player_id="119403" player_name="Raúl de Tomás">1</Player>
    <Player player_id="165682" player_name="Álvaro García">1</Player>
    <Player player_id="59325" player_name="Gaël Kakuta">4</Player>
    <Player player_id="80789" player_name="Jordi Amat">2</Player>
    <Player player_id="102738" player_name="Giannelli Imbula">2</Player>
    <Player player_id="48415" player_name="Alberto García">1</Player>
    <Player player_id="114323" player_name="José Pozo">8</Player>
  </Player>
  <Player cross_lost="1" cross_success="0" jersey_num="9" pass_lost="3" pass_success="13" player_id="119403" player_name="Raúl de Tomás" position="Forward" position_id="4" sub_off="66" x="53.69" y="58.91">
    <Player player_id="98901" player_name="Luis Advíncula">1</Player>
    <Player player_id="230071" player_name="Santiago Comesaña">1</Player>
    <Player player_id="132161" player_name="Adrián Embarba">1</Player>
    <Player player_id="90573" player_name="Alejandro Gálvez">1</Player>
    <Player player_id="40721" player_name="Óscar Trejo">2</Player>
    <Player player_id="59325" player_name="Gaël Kakuta">1</Player>
    <Player player_id="80789" player_name="Jordi Amat">1</Player>
    <Player player_id="102738" player_name="Giannelli Imbula">1</Player>
    <Player player_id="48415" player_name="Alberto García">1</Player>
    <Player player_id="106468" player_name="Álex Moreno">1</Player>
    <Player player_id="114323" player_name="José Pozo">2</Player>
  </Player>
  <Player cross_lost="1" cross_success="0" jersey_num="18" pass_lost="1" pass_success="4" player_id="165682" player_name="Álvaro García" position="Substitute" position_id="5" sub_on="66" x="63.42" y="39.31">
    <Player player_id="102738" player_name="Giannelli Imbula">1</Player>
    <Player player_id="230071" player_name="Santiago Comesaña">1</Player>
    <Player player_id="114323" player_name="José Pozo">2</Player>
  </Player>
  <Player cross_lost="0" cross_success="0" jersey_num="22" pass_lost="4" pass_success="23" player_id="114323" player_name="José Pozo" position="Substitute" position_id="5" sub_on="50" x="64.55" y="65.60">
    <Player player_id="98901" player_name="Luis Advíncula">2</Player>
    <Player player_id="102738" player_name="Giannelli Imbula">6</Player>
    <Player player_id="230071" player_name="Santiago Comesaña">1</Player>
    <Player player_id="132161" player_name="Adrián Embarba">1</Player>
    <Player player_id="40721" player_name="Óscar Trejo">3</Player>
    <Player player_id="106468" player_name="Álex Moreno">8</Player>
    <Player player_id="119403" player_name="Raúl de Tomás">1</Player>
    <Player player_id="165682" player_name="Álvaro García">1</Player>
  </Player>
  <Player cross_lost="0" cross_success="0" jersey_num="10" pass_lost="1" pass_success="14" player_id="59325" player_name="Gaël Kakuta" position="Forward" position_id="4" sub_off="50" x="54.79" y="70.70">
    <Player player_id="80789" player_name="Jordi Amat">1</Player>
    <Player player_id="230071" player_name="Santiago Comesaña">1</Player>
    <Player player_id="132161" player_name="Adrián Embarba">1</Player>
    <Player player_id="40721" player_name="Óscar Trejo">5</Player>
    <Player player_id="106468" player_name="Álex Moreno">5</Player>
    <Player player_id="119403" player_name="Raúl de Tomás">1</Player>
  </Player>
</SoccerFeed>