﻿<?xml version="1.0" encoding="UTF-8"?>
<!-- Copyright 2001-2019 Opta Sportsdata Ltd. All rights reserved. -->
<!-- PRODUCTION HEADER
     produced on:        valde-jobq-a01.nexus.opta.net
     production time:    20190203T195309,890Z
     production module:  Opta::Feed::XML::Soccer::F27
-->
<SoccerFeed act_minute="93" act_period="2" act_second="0" away_team_id="174" away_team_name="Athletic Club" competition_id="23" competition_name="Spanish La Liga" game_date="2019-02-02 15:15:00" game_id="1009531" home_team_id="188" home_team_name="Real Sociedad" season_id="2018" season_name="Season 2018/2019" team_id="174" team_name="Athletic Club">
  <Player cross_lost="1" cross_success="1" jersey_num="7" pass_lost="6" pass_success="23" player_id="38394" player_name="Beñat Etxebarria" position="Substitute" position_id="5" sub_on="45" x="52.05" y="39.25">
    <Player player_id="140264" player_name="Dani García">8</Player>
    <Player cross="1" player_id="90318" player_name="Íñigo Martínez">2</Player>
    <Player player_id="42670" player_name="Yuri">1</Player>
    <Player player_id="197319" player_name="Yeray Álvarez">4</Player>
    <Player player_id="140266" player_name="Ander Capa">4</Player>
    <Player player_id="84471" player_name="Ibai Gómez">2</Player>
    <Player player_id="76012" player_name="Iker Muniain">2</Player>
  </Player>
  <Player cross_lost="0" cross_success="0" jersey_num="30" pass_lost="0" pass_success="1" player_id="220182" player_name="Gorka Guruzeta" position="Substitute" position_id="5" sub_on="70" x="58.66" y="26.04">
    <Player player_id="18498" player_name="Raúl García">1</Player>
  </Player>
  <Player cross_lost="0" cross_success="0" jersey_num="16" pass_lost="9" pass_success="42" player_id="140264" player_name="Dani García" position="Midfielder" position_id="3" x="43.47" y="53.94">
    <Player player_id="215684" player_name="Iñigo Córdoba">2</Player>
    <Player player_id="42670" player_name="Yuri">8</Player>
    <Player player_id="197334" player_name="Iñaki Williams">1</Player>
    <Player player_id="140266" player_name="Ander Capa">3</Player>
    <Player player_id="84471" player_name="Ibai Gómez">3</Player>
    <Player player_id="89292" player_name="Iago Herrerín">2</Player>
    <Player player_id="38394" player_name="Beñat Etxebarria">2</Player>
    <Player player_id="90318" player_name="Íñigo Martínez">9</Player>
    <Player player_id="18498" player_name="Raúl García">1</Player>
    <Player player_id="197319" player_name="Yeray Álvarez">9</Player>
    <Player player_id="76012" player_name="Iker Muniain">2</Player>
  </Player>
  <Player cross_lost="0" cross_success="0" jersey_num="22" pass_lost="13" pass_success="12" player_id="18498" player_name="Raúl García" position="Substitute" position_id="5" sub_on="45" x="54.44" y="35.93">
    <Player player_id="38394" player_name="Beñat Etxebarria">1</Player>
    <Player player_id="140264" player_name="Dani García">1</Player>
    <Player player_id="42670" player_name="Yuri">1</Player>
    <Player player_id="197319" player_name="Yeray Álvarez">2</Player>
    <Player player_id="197334" player_name="Iñaki Williams">2</Player>
    <Player player_id="140266" player_name="Ander Capa">2</Player>
    <Player player_id="76012" player_name="Iker Muniain">2</Player>
    <Player player_id="89292" player_name="Iago Herrerín">1</Player>
  </Player>
  <Player cross_lost="0" cross_success="0" jersey_num="6" pass_lost="7" pass_success="9" player_id="42995" player_name="Mikel San José" position="Midfielder" position_id="3" sub_off="45" x="52.04" y="46.94">
    <Player player_id="140264" player_name="Dani García">1</Player>
    <Player player_id="215684" player_name="Iñigo Córdoba">2</Player>
    <Player player_id="140266" player_name="Ander Capa">3</Player>
    <Player player_id="84471" player_name="Ibai Gómez">3</Player>
  </Player>
  <Player cross_lost="0" cross_success="0" jersey_num="4" pass_lost="8" pass_success="32" player_id="90318" player_name="Íñigo Martínez" position="Defender" position_id="2" x="36.02" y="66.92">
    <Player player_id="38394" player_name="Beñat Etxebarria">5</Player>
    <Player player_id="140264" player_name="Dani García">3</Player>
    <Player player_id="18498" player_name="Raúl García">2</Player>
    <Player player_id="42670" player_name="Yuri">5</Player>
    <Player player_id="197319" player_name="Yeray Álvarez">5</Player>
    <Player player_id="140266" player_name="Ander Capa">1</Player>
    <Player player_id="84471" player_name="Ibai Gómez">3</Player>
    <Player player_id="89292" player_name="Iago Herrerín">7</Player>
  </Player>
  <Player cross_lost="1" cross_success="0" jersey_num="11" pass_lost="3" pass_success="7" player_id="215684" player_name="Iñigo Córdoba" position="Midfielder" position_id="3" sub_off="45" x="46.56" y="71.00">
    <Player player_id="42995" player_name="Mikel San José">2</Player>
    <Player player_id="42670" player_name="Yuri">1</Player>
    <Player player_id="197319" player_name="Yeray Álvarez">1</Player>
    <Player player_id="140266" player_name="Ander Capa">1</Player>
    <Player player_id="76012" player_name="Iker Muniain">2</Player>
  </Player>
  <Player cross_lost="0" cross_success="0" jersey_num="12" pass_lost="13" pass_success="29" player_id="42670" player_name="Yuri" position="Defender" position_id="2" x="45.14" y="84.06">
    <Player player_id="38394" player_name="Beñat Etxebarria">3</Player>
    <Player player_id="140264" player_name="Dani García">4</Player>
    <Player player_id="90318" player_name="Íñigo Martínez">3</Player>
    <Player player_id="42995" player_name="Mikel San José">2</Player>
    <Player player_id="215684" player_name="Iñigo Córdoba">2</Player>
    <Player player_id="197319" player_name="Yeray Álvarez">2</Player>
    <Player player_id="84471" player_name="Ibai Gómez">7</Player>
    <Player player_id="140266" player_name="Ander Capa">1</Player>
    <Player player_id="76012" player_name="Iker Muniain">3</Player>
    <Player player_id="89292" player_name="Iago Herrerín">2</Player>
  </Player>
  <Player cross_lost="0" cross_success="0" jersey_num="5" pass_lost="11" pass_success="40" player_id="197319" player_name="Yeray Álvarez" position="Defender" position_id="2" x="37.54" y="28.51">
    <Player player_id="38394" player_name="Beñat Etxebarria">5</Player>
    <Player player_id="140264" player_name="Dani García">4</Player>
    <Player player_id="18498" player_name="Raúl García">3</Player>
    <Player player_id="90318" player_name="Íñigo Martínez">3</Player>
    <Player player_id="42670" player_name="Yuri">1</Player>
    <Player player_id="197334" player_name="Iñaki Williams">2</Player>
    <Player player_id="140266" player_name="Ander Capa">11</Player>
    <Player player_id="84471" player_name="Ibai Gómez">2</Player>
    <Player player_id="76012" player_name="Iker Muniain">1</Player>
    <Player player_id="89292" player_name="Iago Herrerín">8</Player>
  </Player>
  <Player cross_lost="0" cross_success="0" jersey_num="9" pass_lost="13" pass_success="16" player_id="197334" player_name="Iñaki Williams" position="Forward" position_id="4" x="62.16" y="43.59">
    <Player player_id="38394" player_name="Beñat Etxebarria">3</Player>
    <Player player_id="140264" player_name="Dani García">4</Player>
    <Player player_id="18498" player_name="Raúl García">2</Player>
    <Player player_id="42670" player_name="Yuri">1</Player>
    <Player player_id="140266" player_name="Ander Capa">1</Player>
    <Player player_id="84471" player_name="Ibai Gómez">1</Player>
    <Player player_id="76012" player_name="Iker Muniain">4</Player>
  </Player>
  <Player cross_lost="4" cross_success="2" jersey_num="19" pass_lost="9" pass_success="31" player_id="84471" player_name="Ibai Gómez" position="Midfielder" position_id="3" x="57.63" y="48.59">
    <Player player_id="140264" player_name="Dani García">7</Player>
    <Player player_id="42670" player_name="Yuri">4</Player>
    <Player cross="2" player_id="197334" player_name="Iñaki Williams">1</Player>
    <Player player_id="140266" player_name="Ander Capa">4</Player>
    <Player player_id="38394" player_name="Beñat Etxebarria">1</Player>
    <Player player_id="18498" player_name="Raúl García">1</Player>
    <Player player_id="42995" player_name="Mikel San José">2</Player>
    <Player player_id="90318" player_name="Íñigo Martínez">5</Player>
    <Player player_id="197319" player_name="Yeray Álvarez">1</Player>
    <Player player_id="76012" player_name="Iker Muniain">5</Player>
  </Player>
  <Player cross_lost="3" cross_success="0" jersey_num="21" pass_lost="7" pass_success="34" player_id="140266" player_name="Ander Capa" position="Defender" position_id="2" x="49.60" y="13.04">
    <Player player_id="220182" player_name="Gorka Guruzeta">1</Player>
    <Player player_id="140264" player_name="Dani García">3</Player>
    <Player player_id="215684" player_name="Iñigo Córdoba">1</Player>
    <Player player_id="197334" player_name="Iñaki Williams">4</Player>
    <Player player_id="84471" player_name="Ibai Gómez">7</Player>
    <Player player_id="38394" player_name="Beñat Etxebarria">4</Player>
    <Player player_id="42995" player_name="Mikel San José">2</Player>
    <Player player_id="90318" player_name="Íñigo Martínez">1</Player>
    <Player player_id="18498" player_name="Raúl García">3</Player>
    <Player player_id="197319" player_name="Yeray Álvarez">8</Player>
  </Player>
  <Player cross_lost="0" cross_success="0" jersey_num="10" pass_lost="4" pass_success="21" player_id="76012" player_name="Iker Muniain" position="Midfielder" position_id="3" sub_off="70" x="57.23" y="56.07">
    <Player player_id="140264" player_name="Dani García">2</Player>
    <Player player_id="215684" player_name="Iñigo Córdoba">4</Player>
    <Player player_id="42670" player_name="Yuri">2</Player>
    <Player player_id="197334" player_name="Iñaki Williams">3</Player>
    <Player player_id="84471" player_name="Ibai Gómez">3</Player>
    <Player player_id="38394" player_name="Beñat Etxebarria">1</Player>
    <Player player_id="42995" player_name="Mikel San José">3</Player>
    <Player player_id="90318" player_name="Íñigo Martínez">1</Player>
    <Player player_id="18498" player_name="Raúl García">1</Player>
    <Player player_id="197319" player_name="Yeray Álvarez">1</Player>
  </Player>
  <Player cross_lost="0" cross_success="0" jersey_num="13" pass_lost="15" pass_success="18" player_id="89292" player_name="Iago Herrerín" position="Goalkeeper" position_id="1" x="16.04" y="42.75">
    <Player player_id="38394" player_name="Beñat Etxebarria">1</Player>
    <Player player_id="140264" player_name="Dani García">2</Player>
    <Player player_id="18498" player_name="Raúl García">4</Player>
    <Player player_id="42995" player_name="Mikel San José">1</Player>
    <Player player_id="90318" player_name="Íñigo Martínez">2</Player>
    <Player player_id="197319" player_name="Yeray Álvarez">3</Player>
    <Player player_id="197334" player_name="Iñaki Williams">3</Player>
    <Player player_id="84471" player_name="Ibai Gómez">2</Player>
  </Player>
</SoccerFeed>