﻿<?xml version="1.0" encoding="UTF-8"?>
<!-- Copyright 2001-2018 Opta Sportsdata Ltd. All rights reserved. -->
<!-- PRODUCTION HEADER
     produced on:        valde-jobq-a03.nexus.opta.net
     production time:    20181009T213103,578Z
     production module:  Opta::Feed::XML::Soccer::F27
-->
<SoccerFeed act_minute="93" act_period="2" act_second="3" away_team_id="176" away_team_name="Celta de Vigo" competition_id="23" competition_name="Spanish La Liga" game_date="2018-10-07 17:30:00" game_id="1009393" home_team_id="179" home_team_name="Sevilla" season_id="2018" season_name="Season 2018/2019" team_id="176" team_name="Celta de Vigo">
  <Player cross_lost="1" cross_success="1" jersey_num="14" pass_lost="9" pass_success="37" player_id="101820" player_name="Stanislav Lobotka" position="Midfielder" position_id="3" x="53.61" y="42.27">
    <Player player_id="76508" player_name="Hugo Mallo">5</Player>
    <Player player_id="54794" player_name="Facundo Roncaglia">1</Player>
    <Player player_id="40270" player_name="Iago Aspas">8</Player>
    <Player player_id="215206" player_name="Maxi Gómez">1</Player>
    <Player player_id="217846" player_name="Dennis Eckert">1</Player>
    <Player player_id="100868" player_name="Néstor Araújo">2</Player>
    <Player player_id="128198" player_name="Sofiane Boufal">2</Player>
    <Player player_id="234511" player_name="Fran Beltrán">9</Player>
    <Player cross="1" player_id="55117" player_name="Gustavo Cabral">5</Player>
    <Player player_id="105488" player_name="David Juncà">3</Player>
  </Player>
  <Player cross_lost="0" cross_success="0" jersey_num="1" pass_lost="11" pass_success="30" player_id="38400" player_name="Sergio Álvarez" position="Goalkeeper" position_id="1" x="7.76" y="51.64">
    <Player player_id="101820" player_name="Stanislav Lobotka">2</Player>
    <Player player_id="100868" player_name="Néstor Araújo">4</Player>
    <Player player_id="234511" player_name="Fran Beltrán">4</Player>
    <Player player_id="76508" player_name="Hugo Mallo">1</Player>
    <Player player_id="55117" player_name="Gustavo Cabral">3</Player>
    <Player player_id="54794" player_name="Facundo Roncaglia">8</Player>
    <Player player_id="168097" player_name="Júnior Alonso">1</Player>
    <Player player_id="105488" player_name="David Juncà">3</Player>
    <Player player_id="215206" player_name="Maxi Gómez">4</Player>
  </Player>
  <Player cross_lost="0" cross_success="0" jersey_num="32" pass_lost="2" pass_success="6" player_id="217846" player_name="Dennis Eckert" position="Substitute" position_id="5" sub_on="45" x="76.20" y="33.05">
    <Player player_id="76508" player_name="Hugo Mallo">2</Player>
    <Player player_id="55117" player_name="Gustavo Cabral">1</Player>
    <Player player_id="40270" player_name="Iago Aspas">1</Player>
    <Player player_id="215206" player_name="Maxi Gómez">2</Player>
  </Player>
  <Player cross_lost="0" cross_success="0" jersey_num="4" pass_lost="7" pass_success="27" player_id="100868" player_name="Néstor Araújo" position="Defender" position_id="2" sent_off="58" x="35.25" y="26.01">
    <Player player_id="38400" player_name="Sergio Álvarez">5</Player>
    <Player player_id="101820" player_name="Stanislav Lobotka">3</Player>
    <Player player_id="234511" player_name="Fran Beltrán">4</Player>
    <Player player_id="76508" player_name="Hugo Mallo">4</Player>
    <Player player_id="55117" player_name="Gustavo Cabral">6</Player>
    <Player player_id="40270" player_name="Iago Aspas">2</Player>
    <Player player_id="215206" player_name="Maxi Gómez">2</Player>
    <Player player_id="142276" player_name="Pione Sisto">1</Player>
  </Player>
  <Player cross_lost="0" cross_success="1" jersey_num="19" pass_lost="0" pass_success="8" player_id="128198" player_name="Sofiane Boufal" position="Substitute" position_id="5" sub_on="70" x="63.45" y="69.67">
    <Player player_id="101820" player_name="Stanislav Lobotka">3</Player>
    <Player cross="1" player_id="217846" player_name="Dennis Eckert">1</Player>
    <Player player_id="234511" player_name="Fran Beltrán">1</Player>
    <Player player_id="168097" player_name="Júnior Alonso">1</Player>
    <Player player_id="105488" player_name="David Juncà">2</Player>
  </Player>
  <Player cross_lost="0" cross_success="0" jersey_num="8" pass_lost="3" pass_success="46" player_id="234511" player_name="Fran Beltrán" position="Midfielder" position_id="3" x="42.46" y="55.92">
    <Player player_id="101820" player_name="Stanislav Lobotka">8</Player>
    <Player player_id="38400" player_name="Sergio Álvarez">1</Player>
    <Player player_id="100868" player_name="Néstor Araújo">10</Player>
    <Player player_id="128198" player_name="Sofiane Boufal">2</Player>
    <Player player_id="76508" player_name="Hugo Mallo">1</Player>
    <Player player_id="55117" player_name="Gustavo Cabral">6</Player>
    <Player player_id="54794" player_name="Facundo Roncaglia">6</Player>
    <Player player_id="40270" player_name="Iago Aspas">3</Player>
    <Player player_id="215206" player_name="Maxi Gómez">3</Player>
    <Player player_id="105488" player_name="David Juncà">6</Player>
  </Player>
  <Player cross_lost="9" cross_success="2" jersey_num="2" pass_lost="13" pass_success="23" player_id="76508" player_name="Hugo Mallo" position="Midfielder" position_id="3" x="51.32" y="17.53">
    <Player player_id="101820" player_name="Stanislav Lobotka">8</Player>
    <Player player_id="100868" player_name="Néstor Araújo">2</Player>
    <Player player_id="234511" player_name="Fran Beltrán">5</Player>
    <Player cross="1" player_id="55117" player_name="Gustavo Cabral">0</Player>
    <Player cross="1" player_id="54794" player_name="Facundo Roncaglia">0</Player>
    <Player player_id="40270" player_name="Iago Aspas">6</Player>
    <Player player_id="215206" player_name="Maxi Gómez">2</Player>
  </Player>
  <Player cross_lost="0" cross_success="0" jersey_num="22" pass_lost="8" pass_success="38" player_id="55117" player_name="Gustavo Cabral" position="Defender" position_id="2" x="38.96" y="44.91">
    <Player player_id="101820" player_name="Stanislav Lobotka">2</Player>
    <Player player_id="38400" player_name="Sergio Álvarez">3</Player>
    <Player player_id="217846" player_name="Dennis Eckert">2</Player>
    <Player player_id="100868" player_name="Néstor Araújo">6</Player>
    <Player player_id="234511" player_name="Fran Beltrán">9</Player>
    <Player player_id="76508" player_name="Hugo Mallo">4</Player>
    <Player player_id="54794" player_name="Facundo Roncaglia">8</Player>
    <Player player_id="40270" player_name="Iago Aspas">1</Player>
    <Player player_id="105488" player_name="David Juncà">2</Player>
    <Player player_id="142276" player_name="Pione Sisto">1</Player>
  </Player>
  <Player cross_lost="0" cross_success="0" jersey_num="24" pass_lost="4" pass_success="38" player_id="54794" player_name="Facundo Roncaglia" position="Defender" position_id="2" x="35.55" y="73.68">
    <Player player_id="101820" player_name="Stanislav Lobotka">1</Player>
    <Player player_id="38400" player_name="Sergio Álvarez">7</Player>
    <Player player_id="234511" player_name="Fran Beltrán">5</Player>
    <Player player_id="55117" player_name="Gustavo Cabral">7</Player>
    <Player player_id="168097" player_name="Júnior Alonso">1</Player>
    <Player player_id="40270" player_name="Iago Aspas">2</Player>
    <Player player_id="215206" player_name="Maxi Gómez">2</Player>
    <Player player_id="105488" player_name="David Juncà">9</Player>
    <Player player_id="142276" player_name="Pione Sisto">4</Player>
  </Player>
  <Player cross_lost="0" cross_success="0" jersey_num="25" pass_lost="0" pass_success="3" player_id="168097" player_name="Júnior Alonso" position="Substitute" position_id="5" sub_on="83" x="26.10" y="85.10">
    <Player player_id="38400" player_name="Sergio Álvarez">1</Player>
    <Player player_id="101820" player_name="Stanislav Lobotka">1</Player>
    <Player player_id="217846" player_name="Dennis Eckert">1</Player>
  </Player>
  <Player cross_lost="1" cross_success="0" jersey_num="10" pass_lost="9" pass_success="22" player_id="40270" player_name="Iago Aspas" position="Forward" position_id="4" sub_off="70" x="60.87" y="37.91">
    <Player player_id="101820" player_name="Stanislav Lobotka">5</Player>
    <Player player_id="100868" player_name="Néstor Araújo">1</Player>
    <Player player_id="234511" player_name="Fran Beltrán">1</Player>
    <Player player_id="76508" player_name="Hugo Mallo">8</Player>
    <Player player_id="55117" player_name="Gustavo Cabral">1</Player>
    <Player player_id="54794" player_name="Facundo Roncaglia">1</Player>
    <Player player_id="105488" player_name="David Juncà">2</Player>
    <Player player_id="142276" player_name="Pione Sisto">3</Player>
  </Player>
  <Player cross_lost="4" cross_success="3" jersey_num="17" pass_lost="4" pass_success="28" player_id="105488" player_name="David Juncà" position="Midfielder" position_id="3" sub_off="83" x="46.13" y="84.23">
    <Player player_id="54794" player_name="Facundo Roncaglia">6</Player>
    <Player player_id="40270" player_name="Iago Aspas">2</Player>
    <Player player_id="215206" player_name="Maxi Gómez">1</Player>
    <Player player_id="142276" player_name="Pione Sisto">5</Player>
    <Player player_id="101820" player_name="Stanislav Lobotka">4</Player>
    <Player cross="2" player_id="217846" player_name="Dennis Eckert">1</Player>
    <Player cross="1" player_id="100868" player_name="Néstor Araújo">0</Player>
    <Player player_id="128198" player_name="Sofiane Boufal">3</Player>
    <Player player_id="234511" player_name="Fran Beltrán">4</Player>
    <Player player_id="55117" player_name="Gustavo Cabral">2</Player>
  </Player>
  <Player cross_lost="1" cross_success="0" jersey_num="11" pass_lost="3" pass_success="12" player_id="142276" player_name="Pione Sisto" position="Forward" position_id="4" sub_off="45" x="57.35" y="65.54">
    <Player player_id="101820" player_name="Stanislav Lobotka">2</Player>
    <Player player_id="100868" player_name="Néstor Araújo">1</Player>
    <Player player_id="234511" player_name="Fran Beltrán">1</Player>
    <Player player_id="76508" player_name="Hugo Mallo">2</Player>
    <Player player_id="54794" player_name="Facundo Roncaglia">2</Player>
    <Player player_id="40270" player_name="Iago Aspas">1</Player>
    <Player player_id="105488" player_name="David Juncà">2</Player>
  </Player>
  <Player cross_lost="1" cross_success="0" jersey_num="9" pass_lost="5" pass_success="13" player_id="215206" player_name="Maxi Gómez" position="Forward" position_id="4" x="60.94" y="45.72">
    <Player player_id="101820" player_name="Stanislav Lobotka">1</Player>
    <Player player_id="217846" player_name="Dennis Eckert">2</Player>
    <Player player_id="128198" player_name="Sofiane Boufal">2</Player>
    <Player player_id="234511" player_name="Fran Beltrán">1</Player>
    <Player player_id="55117" player_name="Gustavo Cabral">2</Player>
    <Player player_id="142276" player_name="Pione Sisto">1</Player>
    <Player player_id="105488" player_name="David Juncà">4</Player>
  </Player>
</SoccerFeed>