﻿<?xml version="1.0" encoding="UTF-8"?>
<!-- Copyright 2001-2018 Opta Sportsdata Ltd. All rights reserved. -->
<!-- PRODUCTION HEADER
     produced on:        valde-jobq-a03.nexus.opta.net
     production time:    20181110T162715,929Z
     production module:  Opta::Feed::XML::Soccer::F27
-->
<SoccerFeed act_minute="94" act_period="2" act_second="0" away_team_id="188" away_team_name="Real Sociedad" competition_id="23" competition_name="Spanish La Liga" game_date="2018-11-09 20:00:00" game_id="1009431" home_team_id="855" home_team_name="Levante" season_id="2018" season_name="Season 2018/2019" team_id="188" team_name="Real Sociedad">
  <Player cross_lost="0" cross_success="0" jersey_num="4" pass_lost="8" pass_success="59" player_id="84086" player_name="Asier Illarramendi" position="Midfielder" position_id="3" x="42.19" y="46.87">
    <Player player_id="154976" player_name="Adnan Januzaj">10</Player>
    <Player player_id="219000" player_name="Mikel Oyarzabal">6</Player>
    <Player player_id="200957" player_name="Aritz Elustondo">8</Player>
    <Player player_id="235227" player_name="Andoni Gorosabel">11</Player>
    <Player player_id="222784" player_name="Theo Hernández">7</Player>
    <Player player_id="149915" player_name="Diego Llorente">2</Player>
    <Player player_id="80287" player_name="Juanmi">2</Player>
    <Player player_id="73314" player_name="Willian José">1</Player>
    <Player player_id="49656" player_name="Héctor Moreno">9</Player>
    <Player player_id="216475" player_name="Igor Zubeldia">2</Player>
  </Player>
  <Player cross_lost="3" cross_success="2" jersey_num="11" pass_lost="6" pass_success="20" player_id="154976" player_name="Adnan Januzaj" position="Forward" position_id="4" x="60.75" y="21.85">
    <Player player_id="84086" player_name="Asier Illarramendi">3</Player>
    <Player player_id="219000" player_name="Mikel Oyarzabal">2</Player>
    <Player player_id="235227" player_name="Andoni Gorosabel">5</Player>
    <Player cross="1" player_id="200957" player_name="Aritz Elustondo">2</Player>
    <Player player_id="222784" player_name="Theo Hernández">2</Player>
    <Player cross="1" player_id="54371" player_name="David Zurutuza">1</Player>
    <Player player_id="80287" player_name="Juanmi">2</Player>
    <Player player_id="73314" player_name="Willian José">2</Player>
    <Player player_id="216475" player_name="Igor Zubeldia">1</Player>
  </Player>
  <Player cross_lost="0" cross_success="0" jersey_num="10" pass_lost="11" pass_success="22" player_id="219000" player_name="Mikel Oyarzabal" position="Forward" position_id="4" x="62.82" y="57.70">
    <Player player_id="84086" player_name="Asier Illarramendi">2</Player>
    <Player player_id="200957" player_name="Aritz Elustondo">1</Player>
    <Player player_id="222784" player_name="Theo Hernández">4</Player>
    <Player player_id="54371" player_name="David Zurutuza">1</Player>
    <Player player_id="73314" player_name="Willian José">5</Player>
    <Player player_id="216475" player_name="Igor Zubeldia">1</Player>
    <Player player_id="154976" player_name="Adnan Januzaj">1</Player>
    <Player player_id="235227" player_name="Andoni Gorosabel">1</Player>
    <Player player_id="149915" player_name="Diego Llorente">1</Player>
    <Player player_id="16872" player_name="Miguel Ángel Moyá">1</Player>
    <Player player_id="80287" player_name="Juanmi">1</Player>
    <Player player_id="49656" player_name="Héctor Moreno">3</Player>
  </Player>
  <Player cross_lost="1" cross_success="1" jersey_num="18" pass_lost="3" pass_success="23" player_id="235227" player_name="Andoni Gorosabel" position="Midfielder" position_id="3" sub_off="45" x="46.35" y="13.01">
    <Player player_id="84086" player_name="Asier Illarramendi">7</Player>
    <Player player_id="154976" player_name="Adnan Januzaj">6</Player>
    <Player player_id="200957" player_name="Aritz Elustondo">4</Player>
    <Player player_id="149915" player_name="Diego Llorente">1</Player>
    <Player player_id="73314" player_name="Willian José">1</Player>
    <Player cross="1" player_id="49656" player_name="Héctor Moreno">0</Player>
    <Player player_id="216475" player_name="Igor Zubeldia">3</Player>
  </Player>
  <Player cross_lost="1" cross_success="1" jersey_num="15" pass_lost="9" pass_success="33" player_id="200957" player_name="Aritz Elustondo" position="Defender" position_id="2" x="36.76" y="20.91">
    <Player player_id="84086" player_name="Asier Illarramendi">5</Player>
    <Player player_id="154976" player_name="Adnan Januzaj">5</Player>
    <Player player_id="219000" player_name="Mikel Oyarzabal">3</Player>
    <Player player_id="235227" player_name="Andoni Gorosabel">6</Player>
    <Player player_id="149915" player_name="Diego Llorente">9</Player>
    <Player player_id="54371" player_name="David Zurutuza">1</Player>
    <Player cross="1" player_id="73314" player_name="Willian José">3</Player>
    <Player player_id="216475" player_name="Igor Zubeldia">1</Player>
  </Player>
  <Player cross_lost="0" cross_success="0" jersey_num="13" pass_lost="8" pass_success="18" player_id="16872" player_name="Miguel Ángel Moyá" position="Goalkeeper" position_id="1" x="10.06" y="52.28">
    <Player player_id="84086" player_name="Asier Illarramendi">4</Player>
    <Player player_id="219000" player_name="Mikel Oyarzabal">1</Player>
    <Player player_id="200957" player_name="Aritz Elustondo">1</Player>
    <Player player_id="149915" player_name="Diego Llorente">3</Player>
    <Player player_id="222784" player_name="Theo Hernández">5</Player>
    <Player player_id="54371" player_name="David Zurutuza">1</Player>
    <Player player_id="73314" player_name="Willian José">1</Player>
    <Player player_id="49656" player_name="Héctor Moreno">2</Player>
  </Player>
  <Player cross_lost="0" cross_success="0" jersey_num="3" pass_lost="4" pass_success="37" player_id="149915" player_name="Diego Llorente" position="Defender" position_id="2" x="28.98" y="45.53">
    <Player player_id="84086" player_name="Asier Illarramendi">6</Player>
    <Player player_id="154976" player_name="Adnan Januzaj">1</Player>
    <Player player_id="200957" player_name="Aritz Elustondo">7</Player>
    <Player player_id="16872" player_name="Miguel Ángel Moyá">7</Player>
    <Player player_id="222784" player_name="Theo Hernández">2</Player>
    <Player player_id="54371" player_name="David Zurutuza">2</Player>
    <Player player_id="80287" player_name="Juanmi">1</Player>
    <Player player_id="216475" player_name="Igor Zubeldia">1</Player>
    <Player player_id="49656" player_name="Héctor Moreno">10</Player>
  </Player>
  <Player cross_lost="0" cross_success="0" jersey_num="19" pass_lost="10" pass_success="34" player_id="222784" player_name="Theo Hernández" position="Midfielder" position_id="3" x="48.79" y="80.17">
    <Player player_id="84086" player_name="Asier Illarramendi">6</Player>
    <Player player_id="154976" player_name="Adnan Januzaj">2</Player>
    <Player player_id="219000" player_name="Mikel Oyarzabal">3</Player>
    <Player player_id="149915" player_name="Diego Llorente">2</Player>
    <Player player_id="54371" player_name="David Zurutuza">4</Player>
    <Player player_id="80287" player_name="Juanmi">2</Player>
    <Player player_id="73314" player_name="Willian José">7</Player>
    <Player player_id="216475" player_name="Igor Zubeldia">3</Player>
    <Player player_id="49656" player_name="Héctor Moreno">5</Player>
  </Player>
  <Player cross_lost="0" cross_success="0" jersey_num="17" pass_lost="2" pass_success="16" player_id="54371" player_name="David Zurutuza" position="Substitute" position_id="5" sub_on="45" x="44.25" y="53.36">
    <Player player_id="84086" player_name="Asier Illarramendi">2</Player>
    <Player player_id="154976" player_name="Adnan Januzaj">2</Player>
    <Player player_id="219000" player_name="Mikel Oyarzabal">1</Player>
    <Player player_id="200957" player_name="Aritz Elustondo">3</Player>
    <Player player_id="222784" player_name="Theo Hernández">5</Player>
    <Player player_id="80287" player_name="Juanmi">1</Player>
    <Player player_id="49656" player_name="Héctor Moreno">2</Player>
  </Player>
  <Player cross_lost="0" cross_success="0" jersey_num="7" pass_lost="0" pass_success="10" player_id="80287" player_name="Juanmi" position="Substitute" position_id="5" sub_on="56" x="63.15" y="55.42">
    <Player player_id="84086" player_name="Asier Illarramendi">2</Player>
    <Player player_id="219000" player_name="Mikel Oyarzabal">2</Player>
    <Player player_id="200957" player_name="Aritz Elustondo">1</Player>
    <Player player_id="222784" player_name="Theo Hernández">3</Player>
    <Player player_id="73314" player_name="Willian José">1</Player>
    <Player player_id="49656" player_name="Héctor Moreno">1</Player>
  </Player>
  <Player cross_lost="0" cross_success="0" jersey_num="12" pass_lost="7" pass_success="27" player_id="73314" player_name="Willian José" position="Forward" position_id="4" x="56.38" y="62.31">
    <Player player_id="84086" player_name="Asier Illarramendi">4</Player>
    <Player player_id="154976" player_name="Adnan Januzaj">2</Player>
    <Player player_id="219000" player_name="Mikel Oyarzabal">4</Player>
    <Player player_id="200957" player_name="Aritz Elustondo">1</Player>
    <Player player_id="235227" player_name="Andoni Gorosabel">4</Player>
    <Player player_id="222784" player_name="Theo Hernández">6</Player>
    <Player player_id="54371" player_name="David Zurutuza">5</Player>
    <Player player_id="80287" player_name="Juanmi">1</Player>
  </Player>
  <Player cross_lost="0" cross_success="0" jersey_num="5" pass_lost="5" pass_success="15" player_id="216475" player_name="Igor Zubeldia" position="Midfielder" position_id="3" sub_off="56" x="48.05" y="61.49">
    <Player player_id="84086" player_name="Asier Illarramendi">3</Player>
    <Player player_id="219000" player_name="Mikel Oyarzabal">1</Player>
    <Player player_id="235227" player_name="Andoni Gorosabel">1</Player>
    <Player player_id="200957" player_name="Aritz Elustondo">1</Player>
    <Player player_id="149915" player_name="Diego Llorente">1</Player>
    <Player player_id="222784" player_name="Theo Hernández">1</Player>
    <Player player_id="73314" player_name="Willian José">2</Player>
    <Player player_id="49656" player_name="Héctor Moreno">5</Player>
  </Player>
  <Player cross_lost="2" cross_success="0" jersey_num="6" pass_lost="9" pass_success="34" player_id="49656" player_name="Héctor Moreno" position="Defender" position_id="2" x="39.98" y="79.83">
    <Player player_id="84086" player_name="Asier Illarramendi">2</Player>
    <Player player_id="219000" player_name="Mikel Oyarzabal">2</Player>
    <Player player_id="200957" player_name="Aritz Elustondo">1</Player>
    <Player player_id="222784" player_name="Theo Hernández">9</Player>
    <Player player_id="73314" player_name="Willian José">5</Player>
    <Player player_id="216475" player_name="Igor Zubeldia">3</Player>
    <Player player_id="154976" player_name="Adnan Januzaj">1</Player>
    <Player player_id="149915" player_name="Diego Llorente">8</Player>
    <Player player_id="16872" player_name="Miguel Ángel Moyá">2</Player>
    <Player player_id="80287" player_name="Juanmi">1</Player>
  </Player>
</SoccerFeed>