﻿<?xml version="1.0" encoding="UTF-8"?>
<!-- Copyright 2001-2018 Opta Sportsdata Ltd. All rights reserved. -->
<!-- PRODUCTION HEADER
     produced on:        valde-jobq-a01.nexus.opta.net
     production time:    20181129T164951,788Z
     production module:  Opta::Feed::XML::Soccer::F27
-->
<SoccerFeed act_minute="92" act_period="2" act_second="28" away_team_id="188" away_team_name="Real Sociedad" competition_id="23" competition_name="Spanish La Liga" game_date="2018-08-24 21:15:00" game_id="1009331" home_team_id="957" home_team_name="Leganés" season_id="2018" season_name="Season 2018/2019" team_id="188" team_name="Real Sociedad">
  <Player cross_lost="0" cross_success="0" jersey_num="4" pass_lost="6" pass_success="28" player_id="84086" player_name="Asier Illarramendi" position="Midfielder" position_id="3" x="42.34" y="61.87">
    <Player player_id="195384" player_name="Mikel Merino">1</Player>
    <Player player_id="200957" player_name="Aritz Elustondo">2</Player>
    <Player player_id="222784" player_name="Theo Hernández">3</Player>
    <Player player_id="149915" player_name="Diego Llorente">1</Player>
    <Player player_id="90328" player_name="Rubén Pardo">1</Player>
    <Player player_id="54371" player_name="David Zurutuza">2</Player>
    <Player player_id="80287" player_name="Juanmi">4</Player>
    <Player player_id="73314" player_name="Willian José">7</Player>
    <Player player_id="98821" player_name="Joseba Zaldua">2</Player>
    <Player player_id="216475" player_name="Igor Zubeldia">1</Player>
    <Player player_id="49656" player_name="Héctor Moreno">4</Player>
  </Player>
  <Player cross_lost="0" cross_success="0" jersey_num="8" pass_lost="3" pass_success="8" player_id="195384" player_name="Mikel Merino" position="Substitute" position_id="5" sub_on="58" x="52.22" y="60.81">
    <Player player_id="84086" player_name="Asier Illarramendi">1</Player>
    <Player player_id="200957" player_name="Aritz Elustondo">1</Player>
    <Player player_id="90328" player_name="Rubén Pardo">1</Player>
    <Player player_id="80287" player_name="Juanmi">1</Player>
    <Player player_id="73314" player_name="Willian José">2</Player>
    <Player player_id="98821" player_name="Joseba Zaldua">1</Player>
    <Player player_id="216475" player_name="Igor Zubeldia">1</Player>
  </Player>
  <Player cross_lost="0" cross_success="0" jersey_num="10" pass_lost="5" pass_success="8" player_id="219000" player_name="Mikel Oyarzabal" position="Midfielder" position_id="3" sub_off="73" x="55.96" y="14.45">
    <Player player_id="73314" player_name="Willian José">1</Player>
    <Player player_id="98821" player_name="Joseba Zaldua">5</Player>
    <Player player_id="216475" player_name="Igor Zubeldia">2</Player>
  </Player>
  <Player cross_lost="0" cross_success="0" jersey_num="15" pass_lost="6" pass_success="9" player_id="200957" player_name="Aritz Elustondo" position="Substitute" position_id="5" sub_on="28" x="24.97" y="39.59">
    <Player player_id="84086" player_name="Asier Illarramendi">1</Player>
    <Player player_id="195384" player_name="Mikel Merino">1</Player>
    <Player player_id="98821" player_name="Joseba Zaldua">3</Player>
    <Player player_id="216475" player_name="Igor Zubeldia">1</Player>
    <Player player_id="49656" player_name="Héctor Moreno">1</Player>
    <Player player_id="106921" player_name="Gerónimo Rulli">2</Player>
  </Player>
  <Player cross_lost="0" cross_success="0" jersey_num="3" pass_lost="4" pass_success="9" player_id="149915" player_name="Diego Llorente" position="Defender" position_id="2" sub_off="28" x="39.37" y="31.59">
    <Player player_id="84086" player_name="Asier Illarramendi">3</Player>
    <Player player_id="54371" player_name="David Zurutuza">1</Player>
    <Player player_id="80287" player_name="Juanmi">2</Player>
    <Player player_id="73314" player_name="Willian José">1</Player>
    <Player player_id="98821" player_name="Joseba Zaldua">1</Player>
    <Player player_id="216475" player_name="Igor Zubeldia">1</Player>
  </Player>
  <Player cross_lost="0" cross_success="0" jersey_num="19" pass_lost="6" pass_success="19" player_id="222784" player_name="Theo Hernández" position="Defender" position_id="2" x="31.58" y="86.90">
    <Player player_id="84086" player_name="Asier Illarramendi">6</Player>
    <Player player_id="54371" player_name="David Zurutuza">3</Player>
    <Player player_id="73314" player_name="Willian José">4</Player>
    <Player player_id="49656" player_name="Héctor Moreno">1</Player>
    <Player player_id="106921" player_name="Gerónimo Rulli">3</Player>
    <Player player_id="216475" player_name="Igor Zubeldia">2</Player>
  </Player>
  <Player cross_lost="0" cross_success="1" jersey_num="14" pass_lost="4" pass_success="5" player_id="90328" player_name="Rubén Pardo" position="Substitute" position_id="5" sub_on="73" x="53.37" y="52.32">
    <Player player_id="84086" player_name="Asier Illarramendi">1</Player>
    <Player player_id="80287" player_name="Juanmi">1</Player>
    <Player cross="1" player_id="73314" player_name="Willian José">1</Player>
    <Player player_id="98821" player_name="Joseba Zaldua">1</Player>
    <Player player_id="49656" player_name="Héctor Moreno">1</Player>
  </Player>
  <Player cross_lost="0" cross_success="0" jersey_num="17" pass_lost="3" pass_success="13" player_id="54371" player_name="David Zurutuza" position="Midfielder" position_id="3" sub_off="58" x="51.85" y="68.49">
    <Player player_id="219000" player_name="Mikel Oyarzabal">2</Player>
    <Player player_id="222784" player_name="Theo Hernández">2</Player>
    <Player player_id="80287" player_name="Juanmi">4</Player>
    <Player player_id="73314" player_name="Willian José">4</Player>
    <Player player_id="98821" player_name="Joseba Zaldua">1</Player>
  </Player>
  <Player cross_lost="0" cross_success="0" jersey_num="7" pass_lost="7" pass_success="15" player_id="80287" player_name="Juanmi" position="Forward" position_id="4" x="53.51" y="53.50">
    <Player player_id="84086" player_name="Asier Illarramendi">2</Player>
    <Player player_id="219000" player_name="Mikel Oyarzabal">1</Player>
    <Player player_id="200957" player_name="Aritz Elustondo">2</Player>
    <Player player_id="222784" player_name="Theo Hernández">2</Player>
    <Player player_id="90328" player_name="Rubén Pardo">1</Player>
    <Player player_id="54371" player_name="David Zurutuza">2</Player>
    <Player player_id="98821" player_name="Joseba Zaldua">2</Player>
    <Player player_id="216475" player_name="Igor Zubeldia">3</Player>
  </Player>
  <Player cross_lost="0" cross_success="0" jersey_num="12" pass_lost="6" pass_success="19" player_id="73314" player_name="Willian José" position="Forward" position_id="4" x="55.17" y="64.13">
    <Player player_id="84086" player_name="Asier Illarramendi">3</Player>
    <Player player_id="195384" player_name="Mikel Merino">1</Player>
    <Player player_id="222784" player_name="Theo Hernández">5</Player>
    <Player player_id="149915" player_name="Diego Llorente">1</Player>
    <Player player_id="54371" player_name="David Zurutuza">1</Player>
    <Player player_id="80287" player_name="Juanmi">2</Player>
    <Player player_id="98821" player_name="Joseba Zaldua">4</Player>
    <Player player_id="49656" player_name="Héctor Moreno">2</Player>
  </Player>
  <Player cross_lost="1" cross_success="0" jersey_num="2" pass_lost="12" pass_success="16" player_id="98821" player_name="Joseba Zaldua" position="Defender" position_id="2" x="45.55" y="15.70">
    <Player player_id="84086" player_name="Asier Illarramendi">1</Player>
    <Player player_id="195384" player_name="Mikel Merino">2</Player>
    <Player player_id="219000" player_name="Mikel Oyarzabal">4</Player>
    <Player player_id="200957" player_name="Aritz Elustondo">1</Player>
    <Player player_id="90328" player_name="Rubén Pardo">1</Player>
    <Player player_id="54371" player_name="David Zurutuza">1</Player>
    <Player player_id="80287" player_name="Juanmi">4</Player>
    <Player player_id="216475" player_name="Igor Zubeldia">1</Player>
    <Player player_id="49656" player_name="Héctor Moreno">1</Player>
  </Player>
  <Player cross_lost="0" cross_success="0" jersey_num="6" pass_lost="11" pass_success="22" player_id="49656" player_name="Héctor Moreno" position="Defender" position_id="2" x="27.81" y="68.04">
    <Player player_id="84086" player_name="Asier Illarramendi">4</Player>
    <Player player_id="195384" player_name="Mikel Merino">1</Player>
    <Player player_id="200957" player_name="Aritz Elustondo">2</Player>
    <Player player_id="222784" player_name="Theo Hernández">4</Player>
    <Player player_id="149915" player_name="Diego Llorente">4</Player>
    <Player player_id="54371" player_name="David Zurutuza">1</Player>
    <Player player_id="80287" player_name="Juanmi">1</Player>
    <Player player_id="73314" player_name="Willian José">2</Player>
    <Player player_id="98821" player_name="Joseba Zaldua">1</Player>
    <Player player_id="216475" player_name="Igor Zubeldia">1</Player>
    <Player player_id="106921" player_name="Gerónimo Rulli">1</Player>
  </Player>
  <Player cross_lost="0" cross_success="0" jersey_num="1" pass_lost="23" pass_success="13" player_id="106921" player_name="Gerónimo Rulli" position="Goalkeeper" position_id="1" x="10.70" y="51.83">
    <Player player_id="195384" player_name="Mikel Merino">2</Player>
    <Player player_id="219000" player_name="Mikel Oyarzabal">1</Player>
    <Player player_id="54371" player_name="David Zurutuza">3</Player>
    <Player player_id="73314" player_name="Willian José">3</Player>
    <Player player_id="49656" player_name="Héctor Moreno">4</Player>
  </Player>
  <Player cross_lost="0" cross_success="0" jersey_num="5" pass_lost="7" pass_success="19" player_id="216475" player_name="Igor Zubeldia" position="Midfielder" position_id="3" x="36.04" y="35.01">
    <Player player_id="84086" player_name="Asier Illarramendi">1</Player>
    <Player player_id="195384" player_name="Mikel Merino">1</Player>
    <Player player_id="219000" player_name="Mikel Oyarzabal">4</Player>
    <Player player_id="222784" player_name="Theo Hernández">1</Player>
    <Player player_id="149915" player_name="Diego Llorente">2</Player>
    <Player player_id="80287" player_name="Juanmi">2</Player>
    <Player player_id="73314" player_name="Willian José">1</Player>
    <Player player_id="98821" player_name="Joseba Zaldua">2</Player>
    <Player player_id="106921" player_name="Gerónimo Rulli">2</Player>
    <Player player_id="49656" player_name="Héctor Moreno">3</Player>
  </Player>
</SoccerFeed>