﻿<?xml version="1.0" encoding="UTF-8"?>
<!-- Copyright 2001-2018 Opta Sportsdata Ltd. All rights reserved. -->
<!-- PRODUCTION HEADER
     produced on:        valde-jobq-a04.nexus.opta.net
     production time:    20181029T215121,654Z
     production module:  Opta::Feed::XML::Soccer::F27
-->
<SoccerFeed act_minute="93" act_period="2" act_second="7" away_team_id="188" away_team_name="Real Sociedad" competition_id="23" competition_name="Spanish La Liga" game_date="2018-10-27 19:45:00" game_id="1009409" home_team_id="175" home_team_name="Atlético de Madrid" season_id="2018" season_name="Season 2018/2019" team_id="188" team_name="Real Sociedad">
  <Player cross_lost="0" cross_success="0" jersey_num="4" pass_lost="9" pass_success="48" player_id="84086" player_name="Asier Illarramendi" position="Midfielder" position_id="3" x="42.38" y="38.99">
    <Player player_id="154976" player_name="Adnan Januzaj">4</Player>
    <Player player_id="200957" player_name="Aritz Elustondo">1</Player>
    <Player player_id="235227" player_name="Andoni Gorosabel">16</Player>
    <Player player_id="16872" player_name="Miguel Ángel Moyá">4</Player>
    <Player player_id="54371" player_name="David Zurutuza">1</Player>
    <Player player_id="90328" player_name="Rubén Pardo">6</Player>
    <Player player_id="201179" player_name="Luca Sangalli">4</Player>
    <Player player_id="61814" player_name="Raúl Navas">1</Player>
    <Player player_id="216475" player_name="Igor Zubeldia">7</Player>
    <Player player_id="116626" player_name="Kévin Rodrigues">4</Player>
  </Player>
  <Player cross_lost="0" cross_success="0" jersey_num="11" pass_lost="0" pass_success="3" player_id="154976" player_name="Adnan Januzaj" position="Substitute" position_id="5" sub_on="81" x="69.44" y="22.94">
    <Player player_id="84086" player_name="Asier Illarramendi">1</Player>
    <Player player_id="235227" player_name="Andoni Gorosabel">1</Player>
    <Player player_id="116626" player_name="Kévin Rodrigues">1</Player>
  </Player>
  <Player cross_lost="0" cross_success="0" jersey_num="24" pass_lost="3" pass_success="5" player_id="108438" player_name="Sandro Ramírez" position="Substitute" position_id="5" sub_on="59" x="60.15" y="39.38">
    <Player player_id="90328" player_name="Rubén Pardo">1</Player>
    <Player player_id="80287" player_name="Juanmi">1</Player>
    <Player player_id="201179" player_name="Luca Sangalli">1</Player>
    <Player player_id="216475" player_name="Igor Zubeldia">1</Player>
    <Player player_id="116626" player_name="Kévin Rodrigues">1</Player>
  </Player>
  <Player cross_lost="1" cross_success="0" jersey_num="18" pass_lost="9" pass_success="33" player_id="235227" player_name="Andoni Gorosabel" position="Defender" position_id="2" x="46.38" y="15.14">
    <Player player_id="84086" player_name="Asier Illarramendi">11</Player>
    <Player player_id="154976" player_name="Adnan Januzaj">1</Player>
    <Player player_id="108438" player_name="Sandro Ramírez">3</Player>
    <Player player_id="200957" player_name="Aritz Elustondo">2</Player>
    <Player player_id="16872" player_name="Miguel Ángel Moyá">2</Player>
    <Player player_id="90328" player_name="Rubén Pardo">6</Player>
    <Player player_id="73314" player_name="Willian José">1</Player>
    <Player player_id="201179" player_name="Luca Sangalli">3</Player>
    <Player player_id="61814" player_name="Raúl Navas">1</Player>
    <Player player_id="216475" player_name="Igor Zubeldia">3</Player>
  </Player>
  <Player cross_lost="0" cross_success="0" jersey_num="15" pass_lost="11" pass_success="24" player_id="200957" player_name="Aritz Elustondo" position="Defender" position_id="2" x="26.67" y="29.13">
    <Player player_id="84086" player_name="Asier Illarramendi">3</Player>
    <Player player_id="108438" player_name="Sandro Ramírez">2</Player>
    <Player player_id="200957" player_name="Aritz Elustondo">1</Player>
    <Player player_id="235227" player_name="Andoni Gorosabel">1</Player>
    <Player player_id="16872" player_name="Miguel Ángel Moyá">6</Player>
    <Player player_id="54371" player_name="David Zurutuza">1</Player>
    <Player player_id="90328" player_name="Rubén Pardo">2</Player>
    <Player player_id="73314" player_name="Willian José">2</Player>
    <Player player_id="61814" player_name="Raúl Navas">6</Player>
  </Player>
  <Player cross_lost="0" cross_success="0" jersey_num="13" pass_lost="9" pass_success="33" player_id="16872" player_name="Miguel Ángel Moyá" position="Goalkeeper" position_id="1" x="10.04" y="47.35">
    <Player player_id="235227" player_name="Andoni Gorosabel">3</Player>
    <Player player_id="200957" player_name="Aritz Elustondo">9</Player>
    <Player player_id="90328" player_name="Rubén Pardo">2</Player>
    <Player player_id="54371" player_name="David Zurutuza">5</Player>
    <Player player_id="73314" player_name="Willian José">2</Player>
    <Player player_id="61814" player_name="Raúl Navas">7</Player>
    <Player player_id="116626" player_name="Kévin Rodrigues">5</Player>
  </Player>
  <Player cross_lost="0" cross_success="0" jersey_num="17" pass_lost="9" pass_success="10" player_id="54371" player_name="David Zurutuza" position="Midfielder" position_id="3" sub_off="59" x="46.68" y="70.32">
    <Player player_id="84086" player_name="Asier Illarramendi">1</Player>
    <Player player_id="235227" player_name="Andoni Gorosabel">1</Player>
    <Player player_id="90328" player_name="Rubén Pardo">1</Player>
    <Player player_id="61814" player_name="Raúl Navas">1</Player>
    <Player player_id="116626" player_name="Kévin Rodrigues">5</Player>
    <Player player_id="216475" player_name="Igor Zubeldia">1</Player>
  </Player>
  <Player cross_lost="2" cross_success="0" jersey_num="14" pass_lost="12" pass_success="37" player_id="90328" player_name="Rubén Pardo" position="Midfielder" position_id="3" x="46.04" y="44.51">
    <Player player_id="84086" player_name="Asier Illarramendi">4</Player>
    <Player player_id="200957" player_name="Aritz Elustondo">4</Player>
    <Player player_id="54371" player_name="David Zurutuza">2</Player>
    <Player player_id="73314" player_name="Willian José">1</Player>
    <Player player_id="201179" player_name="Luca Sangalli">5</Player>
    <Player player_id="61814" player_name="Raúl Navas">2</Player>
    <Player player_id="216475" player_name="Igor Zubeldia">3</Player>
    <Player player_id="154976" player_name="Adnan Januzaj">1</Player>
    <Player player_id="108438" player_name="Sandro Ramírez">1</Player>
    <Player player_id="235227" player_name="Andoni Gorosabel">5</Player>
    <Player player_id="80287" player_name="Juanmi">3</Player>
    <Player player_id="116626" player_name="Kévin Rodrigues">6</Player>
  </Player>
  <Player cross_lost="0" cross_success="0" jersey_num="7" pass_lost="2" pass_success="3" player_id="80287" player_name="Juanmi" position="Substitute" position_id="5" sub_on="68" x="54.84" y="70.43">
    <Player player_id="84086" player_name="Asier Illarramendi">1</Player>
    <Player player_id="90328" player_name="Rubén Pardo">2</Player>
  </Player>
  <Player cross_lost="0" cross_success="0" jersey_num="12" pass_lost="5" pass_success="10" player_id="73314" player_name="Willian José" position="Forward" position_id="4" sub_off="68" x="55.45" y="60.08">
    <Player player_id="84086" player_name="Asier Illarramendi">1</Player>
    <Player player_id="200957" player_name="Aritz Elustondo">1</Player>
    <Player player_id="235227" player_name="Andoni Gorosabel">1</Player>
    <Player player_id="90328" player_name="Rubén Pardo">1</Player>
    <Player player_id="201179" player_name="Luca Sangalli">3</Player>
    <Player player_id="116626" player_name="Kévin Rodrigues">2</Player>
    <Player player_id="216475" player_name="Igor Zubeldia">1</Player>
  </Player>
  <Player cross_lost="0" cross_success="0" jersey_num="23" pass_lost="6" pass_success="14" player_id="201179" player_name="Luca Sangalli" position="Midfielder" position_id="3" sub_off="81" x="56.55" y="39.30">
    <Player player_id="84086" player_name="Asier Illarramendi">2</Player>
    <Player player_id="108438" player_name="Sandro Ramírez">1</Player>
    <Player player_id="235227" player_name="Andoni Gorosabel">4</Player>
    <Player player_id="90328" player_name="Rubén Pardo">3</Player>
    <Player player_id="54371" player_name="David Zurutuza">2</Player>
    <Player player_id="80287" player_name="Juanmi">1</Player>
    <Player player_id="73314" player_name="Willian José">1</Player>
  </Player>
  <Player cross_lost="0" cross_success="0" jersey_num="22" pass_lost="5" pass_success="26" player_id="61814" player_name="Raúl Navas" position="Defender" position_id="2" x="28.89" y="63.92">
    <Player player_id="84086" player_name="Asier Illarramendi">5</Player>
    <Player player_id="200957" player_name="Aritz Elustondo">2</Player>
    <Player player_id="235227" player_name="Andoni Gorosabel">1</Player>
    <Player player_id="16872" player_name="Miguel Ángel Moyá">4</Player>
    <Player player_id="90328" player_name="Rubén Pardo">4</Player>
    <Player player_id="73314" player_name="Willian José">1</Player>
    <Player player_id="216475" player_name="Igor Zubeldia">3</Player>
    <Player player_id="116626" player_name="Kévin Rodrigues">6</Player>
  </Player>
  <Player cross_lost="0" cross_success="0" jersey_num="20" pass_lost="17" pass_success="26" player_id="116626" player_name="Kévin Rodrigues" position="Defender" position_id="2" x="41.17" y="84.50">
    <Player player_id="84086" player_name="Asier Illarramendi">3</Player>
    <Player player_id="108438" player_name="Sandro Ramírez">2</Player>
    <Player player_id="90328" player_name="Rubén Pardo">5</Player>
    <Player player_id="54371" player_name="David Zurutuza">8</Player>
    <Player player_id="80287" player_name="Juanmi">1</Player>
    <Player player_id="73314" player_name="Willian José">4</Player>
    <Player player_id="201179" player_name="Luca Sangalli">1</Player>
    <Player player_id="61814" player_name="Raúl Navas">1</Player>
    <Player player_id="216475" player_name="Igor Zubeldia">1</Player>
  </Player>
  <Player cross_lost="0" cross_success="0" jersey_num="5" pass_lost="5" pass_success="30" player_id="216475" player_name="Igor Zubeldia" position="Midfielder" position_id="3" x="41.23" y="50.57">
    <Player player_id="84086" player_name="Asier Illarramendi">3</Player>
    <Player player_id="108438" player_name="Sandro Ramírez">1</Player>
    <Player player_id="200957" player_name="Aritz Elustondo">2</Player>
    <Player player_id="235227" player_name="Andoni Gorosabel">8</Player>
    <Player player_id="16872" player_name="Miguel Ángel Moyá">2</Player>
    <Player player_id="90328" player_name="Rubén Pardo">1</Player>
    <Player player_id="54371" player_name="David Zurutuza">2</Player>
    <Player player_id="201179" player_name="Luca Sangalli">2</Player>
    <Player player_id="61814" player_name="Raúl Navas">2</Player>
    <Player player_id="116626" player_name="Kévin Rodrigues">7</Player>
  </Player>
</SoccerFeed>