﻿<?xml version="1.0" encoding="UTF-8"?>
<!-- Copyright 2001-2018 Opta Sportsdata Ltd. All rights reserved. -->
<!-- PRODUCTION HEADER
     produced on:        valde-jobq-a03.nexus.opta.net
     production time:    20181127T200927,157Z
     production module:  Opta::Feed::XML::Soccer::F27
-->
<SoccerFeed act_minute="93" act_period="2" act_second="5" away_team_id="2893" away_team_name="Girona" competition_id="23" competition_name="Spanish La Liga" game_date="2018-11-25 17:30:00" game_id="1009439" home_team_id="177" home_team_name="Espanyol" season_id="2018" season_name="Season 2018/2019" team_id="177" team_name="Espanyol">
  <Player cross_lost="5" cross_success="0" jersey_num="12" pass_lost="12" pass_success="69" player_id="59790" player_name="Dídac Vilá" position="Defender" position_id="2" x="54.10" y="83.12">
    <Player player_id="59790" player_name="Dídac Vilá">1</Player>
    <Player player_id="46998" player_name="Esteban Granero">8</Player>
    <Player player_id="213431" player_name="Mario Hermoso">16</Player>
    <Player player_id="16021" player_name="Diego López">1</Player>
    <Player player_id="169007" player_name="Sergi Darder">4</Player>
    <Player player_id="11129" player_name="David López">3</Player>
    <Player player_id="51271" player_name="Pablo Piatti">9</Player>
    <Player player_id="202044" player_name="Borja Iglesias">2</Player>
    <Player player_id="17679" player_name="Sergio García">10</Player>
    <Player player_id="234370" player_name="Marc Roca">13</Player>
    <Player player_id="78333" player_name="Javi López">2</Player>
  </Player>
  <Player cross_lost="0" cross_success="0" jersey_num="20" pass_lost="0" pass_success="4" player_id="431434" player_name="Javi Puado" position="Substitute" position_id="5" sub_on="72" x="74.90" y="56.28">
    <Player player_id="51271" player_name="Pablo Piatti">1</Player>
    <Player player_id="234370" player_name="Marc Roca">1</Player>
    <Player player_id="243718" player_name="Óscar Melendo">1</Player>
    <Player player_id="78333" player_name="Javi López">1</Player>
  </Player>
  <Player cross_lost="1" cross_success="0" jersey_num="11" pass_lost="2" pass_success="22" player_id="109269" player_name="Leo Baptistao" position="Forward" position_id="4" sub_off="61" x="54.68" y="24.61">
    <Player player_id="59790" player_name="Dídac Vilá">1</Player>
    <Player player_id="46998" player_name="Esteban Granero">2</Player>
    <Player player_id="169007" player_name="Sergi Darder">2</Player>
    <Player player_id="11129" player_name="David López">4</Player>
    <Player player_id="51271" player_name="Pablo Piatti">1</Player>
    <Player player_id="202044" player_name="Borja Iglesias">1</Player>
    <Player player_id="17679" player_name="Sergio García">3</Player>
    <Player player_id="234370" player_name="Marc Roca">2</Player>
    <Player player_id="78333" player_name="Javi López">6</Player>
  </Player>
  <Player cross_lost="0" cross_success="1" jersey_num="10" pass_lost="8" pass_success="34" player_id="169007" player_name="Sergi Darder" position="Midfielder" position_id="3" x="59.47" y="41.02">
    <Player player_id="59790" player_name="Dídac Vilá">2</Player>
    <Player player_id="46998" player_name="Esteban Granero">2</Player>
    <Player player_id="213431" player_name="Mario Hermoso">2</Player>
    <Player player_id="16021" player_name="Diego López">1</Player>
    <Player player_id="243718" player_name="Óscar Melendo">1</Player>
    <Player player_id="109269" player_name="Leo Baptistao">3</Player>
    <Player player_id="11129" player_name="David López">4</Player>
    <Player player_id="51271" player_name="Pablo Piatti">3</Player>
    <Player player_id="202044" player_name="Borja Iglesias">2</Player>
    <Player player_id="17679" player_name="Sergio García">1</Player>
    <Player player_id="234370" player_name="Marc Roca">3</Player>
    <Player player_id="78333" player_name="Javi López">10</Player>
  </Player>
  <Player cross_lost="0" cross_success="0" jersey_num="15" pass_lost="8" pass_success="84" player_id="11129" player_name="David López" position="Defender" position_id="2" x="40.43" y="30.47">
    <Player player_id="59790" player_name="Dídac Vilá">4</Player>
    <Player player_id="431434" player_name="Javi Puado">1</Player>
    <Player player_id="46998" player_name="Esteban Granero">6</Player>
    <Player player_id="213431" player_name="Mario Hermoso">23</Player>
    <Player player_id="16021" player_name="Diego López">6</Player>
    <Player player_id="243718" player_name="Óscar Melendo">2</Player>
    <Player player_id="109269" player_name="Leo Baptistao">1</Player>
    <Player player_id="169007" player_name="Sergi Darder">8</Player>
    <Player player_id="17679" player_name="Sergio García">2</Player>
    <Player player_id="234370" player_name="Marc Roca">14</Player>
    <Player player_id="78333" player_name="Javi López">17</Player>
  </Player>
  <Player cross_lost="7" cross_success="2" jersey_num="19" pass_lost="4" pass_success="13" player_id="51271" player_name="Pablo Piatti" position="Substitute" position_id="5" sub_on="45" x="69.13" y="79.45">
    <Player player_id="59790" player_name="Dídac Vilá">3</Player>
    <Player player_id="169007" player_name="Sergi Darder">3</Player>
    <Player player_id="234370" player_name="Marc Roca">6</Player>
    <Player cross="1" player_id="243718" player_name="Óscar Melendo">1</Player>
    <Player cross="1" player_id="78333" player_name="Javi López">0</Player>
  </Player>
  <Player cross_lost="1" cross_success="1" jersey_num="23" pass_lost="5" pass_success="26" player_id="46998" player_name="Esteban Granero" position="Midfielder" position_id="3" sub_off="45" x="59.63" y="65.86">
    <Player player_id="59790" player_name="Dídac Vilá">5</Player>
    <Player player_id="213431" player_name="Mario Hermoso">1</Player>
    <Player player_id="109269" player_name="Leo Baptistao">3</Player>
    <Player player_id="169007" player_name="Sergi Darder">2</Player>
    <Player cross="1" player_id="11129" player_name="David López">0</Player>
    <Player player_id="202044" player_name="Borja Iglesias">2</Player>
    <Player player_id="17679" player_name="Sergio García">7</Player>
    <Player player_id="234370" player_name="Marc Roca">2</Player>
    <Player player_id="78333" player_name="Javi López">4</Player>
  </Player>
  <Player cross_lost="0" cross_success="0" jersey_num="22" pass_lost="11" pass_success="76" player_id="213431" player_name="Mario Hermoso" position="Defender" position_id="2" x="37.05" y="58.12">
    <Player player_id="59790" player_name="Dídac Vilá">20</Player>
    <Player player_id="169007" player_name="Sergi Darder">4</Player>
    <Player player_id="11129" player_name="David López">23</Player>
    <Player player_id="51271" player_name="Pablo Piatti">2</Player>
    <Player player_id="202044" player_name="Borja Iglesias">1</Player>
    <Player player_id="17679" player_name="Sergio García">2</Player>
    <Player player_id="234370" player_name="Marc Roca">16</Player>
    <Player player_id="16021" player_name="Diego López">6</Player>
    <Player player_id="78333" player_name="Javi López">2</Player>
  </Player>
  <Player cross_lost="0" cross_success="0" jersey_num="7" pass_lost="7" pass_success="12" player_id="202044" player_name="Borja Iglesias" position="Forward" position_id="4" x="73.17" y="42.15">
    <Player player_id="59790" player_name="Dídac Vilá">1</Player>
    <Player player_id="213431" player_name="Mario Hermoso">2</Player>
    <Player player_id="17679" player_name="Sergio García">2</Player>
    <Player player_id="234370" player_name="Marc Roca">4</Player>
    <Player player_id="243718" player_name="Óscar Melendo">1</Player>
    <Player player_id="78333" player_name="Javi López">2</Player>
  </Player>
  <Player cross_lost="3" cross_success="0" jersey_num="9" pass_lost="5" pass_success="26" player_id="17679" player_name="Sergio García" position="Forward" position_id="4" sub_off="72" x="72.95" y="59.82">
    <Player player_id="59790" player_name="Dídac Vilá">7</Player>
    <Player player_id="46998" player_name="Esteban Granero">5</Player>
    <Player player_id="213431" player_name="Mario Hermoso">1</Player>
    <Player player_id="109269" player_name="Leo Baptistao">1</Player>
    <Player player_id="169007" player_name="Sergi Darder">2</Player>
    <Player player_id="11129" player_name="David López">1</Player>
    <Player player_id="51271" player_name="Pablo Piatti">1</Player>
    <Player player_id="202044" player_name="Borja Iglesias">4</Player>
    <Player player_id="234370" player_name="Marc Roca">2</Player>
    <Player player_id="78333" player_name="Javi López">2</Player>
  </Player>
  <Player cross_lost="0" cross_success="0" jersey_num="21" pass_lost="11" pass_success="82" player_id="234370" player_name="Marc Roca" position="Midfielder" position_id="3" x="51.12" y="53.80">
    <Player player_id="59790" player_name="Dídac Vilá">24</Player>
    <Player player_id="431434" player_name="Javi Puado">3</Player>
    <Player player_id="46998" player_name="Esteban Granero">3</Player>
    <Player player_id="213431" player_name="Mario Hermoso">11</Player>
    <Player player_id="109269" player_name="Leo Baptistao">5</Player>
    <Player player_id="169007" player_name="Sergi Darder">9</Player>
    <Player player_id="11129" player_name="David López">13</Player>
    <Player player_id="51271" player_name="Pablo Piatti">4</Player>
    <Player player_id="202044" player_name="Borja Iglesias">1</Player>
    <Player player_id="17679" player_name="Sergio García">3</Player>
    <Player player_id="78333" player_name="Javi López">6</Player>
  </Player>
  <Player cross_lost="0" cross_success="0" jersey_num="13" pass_lost="5" pass_success="23" player_id="16021" player_name="Diego López" position="Goalkeeper" position_id="1" x="9.82" y="46.81">
    <Player player_id="59790" player_name="Dídac Vilá">6</Player>
    <Player player_id="109269" player_name="Leo Baptistao">1</Player>
    <Player player_id="169007" player_name="Sergi Darder">1</Player>
    <Player player_id="11129" player_name="David López">5</Player>
    <Player player_id="213431" player_name="Mario Hermoso">6</Player>
    <Player player_id="202044" player_name="Borja Iglesias">2</Player>
    <Player player_id="234370" player_name="Marc Roca">2</Player>
  </Player>
  <Player cross_lost="0" cross_success="0" jersey_num="14" pass_lost="1" pass_success="8" player_id="243718" player_name="Óscar Melendo" position="Substitute" position_id="5" sub_on="61" x="70.45" y="39.04">
    <Player player_id="59790" player_name="Dídac Vilá">1</Player>
    <Player player_id="202044" player_name="Borja Iglesias">1</Player>
    <Player player_id="17679" player_name="Sergio García">2</Player>
    <Player player_id="234370" player_name="Marc Roca">2</Player>
    <Player player_id="78333" player_name="Javi López">2</Player>
  </Player>
  <Player cross_lost="3" cross_success="0" jersey_num="16" pass_lost="12" pass_success="48" player_id="78333" player_name="Javi López" position="Defender" position_id="2" x="54.17" y="14.05">
    <Player player_id="109269" player_name="Leo Baptistao">6</Player>
    <Player player_id="169007" player_name="Sergi Darder">1</Player>
    <Player player_id="11129" player_name="David López">15</Player>
    <Player player_id="46998" player_name="Esteban Granero">3</Player>
    <Player player_id="213431" player_name="Mario Hermoso">4</Player>
    <Player player_id="202044" player_name="Borja Iglesias">3</Player>
    <Player player_id="17679" player_name="Sergio García">5</Player>
    <Player player_id="234370" player_name="Marc Roca">8</Player>
    <Player player_id="16021" player_name="Diego López">2</Player>
    <Player player_id="243718" player_name="Óscar Melendo">1</Player>
  </Player>
</SoccerFeed>