﻿<?xml version="1.0" encoding="UTF-8"?>
<!-- Copyright 2001-2019 Opta Sportsdata Ltd. All rights reserved. -->
<!-- PRODUCTION HEADER
     produced on:        valde-jobq-a04.nexus.opta.net
     production time:    20190129T165020,4Z
     production module:  Opta::Feed::XML::Soccer::F27
-->
<SoccerFeed act_minute="93" act_period="2" act_second="22" away_team_id="953" away_team_name="Eibar" competition_id="23" competition_name="Spanish La Liga" game_date="2019-01-26 17:30:00" game_id="1009523" home_team_id="957" home_team_name="Leganés" season_id="2018" season_name="Season 2018/2019" team_id="957" team_name="Leganés">
  <Player cross_lost="1" cross_success="0" jersey_num="23" pass_lost="6" pass_success="30" player_id="197326" player_name="Mikel Vesga" position="Midfielder" position_id="3" x="49.75" y="72.29">
    <Player player_id="234991" player_name="Youssef En-Nesyri">3</Player>
    <Player player_id="91338" player_name="Recio">4</Player>
    <Player player_id="67527" player_name="Allan Nyom">3</Player>
    <Player player_id="219173" player_name="José Arnáiz">1</Player>
    <Player player_id="53020" player_name="Dimitrios Siovas">4</Player>
    <Player player_id="68690" player_name="Martin Braithwaite">2</Player>
    <Player player_id="223757" player_name="Óscar Rodríguez">1</Player>
    <Player player_id="112540" player_name="Unai Bustinza">2</Player>
    <Player player_id="116132" player_name="Jonathan Silva">7</Player>
    <Player player_id="112991" player_name="Kenneth Omeruo">3</Player>
  </Player>
  <Player cross_lost="0" cross_success="0" jersey_num="25" pass_lost="6" pass_success="10" player_id="68690" player_name="Martin Braithwaite" position="Forward" position_id="4" x="67.18" y="52.57">
    <Player player_id="197326" player_name="Mikel Vesga">1</Player>
    <Player player_id="234991" player_name="Youssef En-Nesyri">4</Player>
    <Player player_id="67527" player_name="Allan Nyom">1</Player>
    <Player player_id="223757" player_name="Óscar Rodríguez">1</Player>
    <Player player_id="219173" player_name="José Arnáiz">3</Player>
  </Player>
  <Player cross_lost="0" cross_success="0" jersey_num="18" pass_lost="2" pass_success="2" player_id="197332" player_name="Sabin Merino" position="Substitute" position_id="5" sub_on="86" x="51.96" y="19.44">
    <Player player_id="91338" player_name="Recio">1</Player>
    <Player player_id="223757" player_name="Óscar Rodríguez">1</Player>
  </Player>
  <Player cross_lost="0" cross_success="0" jersey_num="1" pass_lost="18" pass_success="16" player_id="16261" player_name="Iván Cuéllar" position="Goalkeeper" position_id="1" x="12.43" y="53.73">
    <Player player_id="197326" player_name="Mikel Vesga">1</Player>
    <Player player_id="68690" player_name="Martin Braithwaite">1</Player>
    <Player player_id="234991" player_name="Youssef En-Nesyri">7</Player>
    <Player player_id="223757" player_name="Óscar Rodríguez">2</Player>
    <Player player_id="112540" player_name="Unai Bustinza">2</Player>
    <Player player_id="53020" player_name="Dimitrios Siovas">1</Player>
    <Player player_id="116132" player_name="Jonathan Silva">2</Player>
  </Player>
  <Player cross_lost="0" cross_success="1" jersey_num="26" pass_lost="11" pass_success="12" player_id="234991" player_name="Youssef En-Nesyri" position="Forward" position_id="4" sub_off="86" x="64.96" y="50.11">
    <Player player_id="197326" player_name="Mikel Vesga">2</Player>
    <Player player_id="68690" player_name="Martin Braithwaite">2</Player>
    <Player player_id="67527" player_name="Allan Nyom">2</Player>
    <Player player_id="223757" player_name="Óscar Rodríguez">3</Player>
    <Player cross="1" player_id="219173" player_name="José Arnáiz">0</Player>
    <Player player_id="116132" player_name="Jonathan Silva">3</Player>
  </Player>
  <Player cross_lost="4" cross_success="0" jersey_num="8" pass_lost="11" pass_success="29" player_id="91338" player_name="Recio" position="Midfielder" position_id="3" x="45.70" y="46.76">
    <Player player_id="197326" player_name="Mikel Vesga">6</Player>
    <Player player_id="197332" player_name="Sabin Merino">1</Player>
    <Player player_id="234991" player_name="Youssef En-Nesyri">4</Player>
    <Player player_id="223757" player_name="Óscar Rodríguez">3</Player>
    <Player player_id="67527" player_name="Allan Nyom">3</Player>
    <Player player_id="112540" player_name="Unai Bustinza">5</Player>
    <Player player_id="53020" player_name="Dimitrios Siovas">3</Player>
    <Player player_id="116132" player_name="Jonathan Silva">3</Player>
    <Player player_id="112991" player_name="Kenneth Omeruo">1</Player>
  </Player>
  <Player cross_lost="0" cross_success="0" jersey_num="12" pass_lost="8" pass_success="19" player_id="67527" player_name="Allan Nyom" position="Defender" position_id="2" x="42.90" y="12.57">
    <Player player_id="197332" player_name="Sabin Merino">1</Player>
    <Player player_id="234991" player_name="Youssef En-Nesyri">1</Player>
    <Player player_id="91338" player_name="Recio">2</Player>
    <Player player_id="223757" player_name="Óscar Rodríguez">6</Player>
    <Player player_id="112540" player_name="Unai Bustinza">8</Player>
    <Player player_id="112991" player_name="Kenneth Omeruo">1</Player>
  </Player>
  <Player cross_lost="6" cross_success="1" jersey_num="27" pass_lost="12" pass_success="24" player_id="223757" player_name="Óscar Rodríguez" position="Midfielder" position_id="3" sub_off="89" x="57.64" y="27.99">
    <Player cross="1" player_id="197326" player_name="Mikel Vesga">1</Player>
    <Player player_id="234991" player_name="Youssef En-Nesyri">3</Player>
    <Player player_id="91338" player_name="Recio">6</Player>
    <Player player_id="67527" player_name="Allan Nyom">2</Player>
    <Player player_id="219173" player_name="José Arnáiz">2</Player>
    <Player player_id="68690" player_name="Martin Braithwaite">3</Player>
    <Player player_id="16261" player_name="Iván Cuéllar">2</Player>
    <Player player_id="197332" player_name="Sabin Merino">1</Player>
    <Player player_id="112540" player_name="Unai Bustinza">4</Player>
  </Player>
  <Player cross_lost="0" cross_success="0" jersey_num="20" pass_lost="0" pass_success="0" player_id="152582" player_name="Michael Santos" position="Substitute" position_id="5" sub_on="89" x="31.20" y="77.40" />
  <Player cross_lost="0" cross_success="0" jersey_num="16" pass_lost="2" pass_success="8" player_id="219173" player_name="José Arnáiz" position="Substitute" position_id="5" sub_on="45" x="59.65" y="66.29">
    <Player player_id="197326" player_name="Mikel Vesga">1</Player>
    <Player player_id="91338" player_name="Recio">1</Player>
    <Player player_id="223757" player_name="Óscar Rodríguez">3</Player>
    <Player player_id="67527" player_name="Allan Nyom">1</Player>
    <Player player_id="116132" player_name="Jonathan Silva">2</Player>
  </Player>
  <Player cross_lost="0" cross_success="1" jersey_num="3" pass_lost="21" pass_success="30" player_id="112540" player_name="Unai Bustinza" position="Defender" position_id="2" x="36.93" y="27.66">
    <Player player_id="197326" player_name="Mikel Vesga">2</Player>
    <Player cross="1" player_id="234991" player_name="Youssef En-Nesyri">4</Player>
    <Player player_id="91338" player_name="Recio">6</Player>
    <Player player_id="67527" player_name="Allan Nyom">2</Player>
    <Player player_id="219173" player_name="José Arnáiz">1</Player>
    <Player player_id="53020" player_name="Dimitrios Siovas">2</Player>
    <Player player_id="68690" player_name="Martin Braithwaite">2</Player>
    <Player player_id="16261" player_name="Iván Cuéllar">1</Player>
    <Player player_id="197332" player_name="Sabin Merino">1</Player>
    <Player player_id="223757" player_name="Óscar Rodríguez">2</Player>
    <Player player_id="116132" player_name="Jonathan Silva">2</Player>
    <Player player_id="112991" player_name="Kenneth Omeruo">5</Player>
  </Player>
  <Player cross_lost="0" cross_success="0" jersey_num="22" pass_lost="8" pass_success="20" player_id="53020" player_name="Dimitrios Siovas" position="Defender" position_id="2" sub_off="45" x="33.71" y="78.61">
    <Player player_id="197326" player_name="Mikel Vesga">2</Player>
    <Player player_id="68690" player_name="Martin Braithwaite">2</Player>
    <Player player_id="16261" player_name="Iván Cuéllar">3</Player>
    <Player player_id="91338" player_name="Recio">2</Player>
    <Player player_id="223757" player_name="Óscar Rodríguez">1</Player>
    <Player player_id="116132" player_name="Jonathan Silva">5</Player>
    <Player player_id="112991" player_name="Kenneth Omeruo">5</Player>
  </Player>
  <Player cross_lost="3" cross_success="0" jersey_num="5" pass_lost="16" pass_success="21" player_id="116132" player_name="Jonathan Silva" position="Defender" position_id="2" x="47.64" y="82.76">
    <Player player_id="197326" player_name="Mikel Vesga">6</Player>
    <Player player_id="16261" player_name="Iván Cuéllar">1</Player>
    <Player player_id="91338" player_name="Recio">5</Player>
    <Player player_id="223757" player_name="Óscar Rodríguez">1</Player>
    <Player player_id="219173" player_name="José Arnáiz">3</Player>
    <Player player_id="53020" player_name="Dimitrios Siovas">3</Player>
    <Player player_id="112991" player_name="Kenneth Omeruo">2</Player>
  </Player>
  <Player cross_lost="0" cross_success="0" jersey_num="24" pass_lost="16" pass_success="31" player_id="112991" player_name="Kenneth Omeruo" position="Defender" position_id="2" x="30.25" y="54.59">
    <Player player_id="197326" player_name="Mikel Vesga">1</Player>
    <Player player_id="234991" player_name="Youssef En-Nesyri">1</Player>
    <Player player_id="91338" player_name="Recio">5</Player>
    <Player player_id="67527" player_name="Allan Nyom">5</Player>
    <Player player_id="219173" player_name="José Arnáiz">1</Player>
    <Player player_id="53020" player_name="Dimitrios Siovas">4</Player>
    <Player player_id="68690" player_name="Martin Braithwaite">2</Player>
    <Player player_id="16261" player_name="Iván Cuéllar">4</Player>
    <Player player_id="223757" player_name="Óscar Rodríguez">1</Player>
    <Player player_id="112540" player_name="Unai Bustinza">6</Player>
    <Player player_id="116132" player_name="Jonathan Silva">1</Player>
  </Player>
</SoccerFeed>