﻿<?xml version="1.0" encoding="UTF-8"?>
<!-- Copyright 2001-2018 Opta Sportsdata Ltd. All rights reserved. -->
<!-- PRODUCTION HEADER
     produced on:        valde-jobq-a02.nexus.opta.net
     production time:    20181023T112336,736Z
     production module:  Opta::Feed::XML::Soccer::F27
-->
<SoccerFeed act_minute="94" act_period="2" act_second="8" away_team_id="957" away_team_name="Leganés" competition_id="23" competition_name="Spanish La Liga" game_date="2018-10-20 15:15:00" game_id="1009404" home_team_id="191" home_team_name="Valencia CF" season_id="2018" season_name="Season 2018/2019" team_id="957" team_name="Leganés">
  <Player cross_lost="0" cross_success="0" jersey_num="23" pass_lost="7" pass_success="27" player_id="197326" player_name="Mikel Vesga" position="Midfielder" position_id="3" x="45.87" y="44.92">
    <Player player_id="161030" player_name="Gerard Gumbau">2</Player>
    <Player player_id="223757" player_name="Óscar Rodríguez">1</Player>
    <Player player_id="59945" player_name="Rubén Pérez">9</Player>
    <Player player_id="40380" player_name="Nabil El Zhar">2</Player>
    <Player player_id="116132" player_name="Jonathan Silva">5</Player>
    <Player player_id="112991" player_name="Kenneth Omeruo">4</Player>
    <Player player_id="47645" player_name="Juanfran">3</Player>
    <Player player_id="98914" player_name="Guido Carrillo">1</Player>
  </Player>
  <Player cross_lost="1" cross_success="0" jersey_num="6" pass_lost="9" pass_success="17" player_id="161030" player_name="Gerard Gumbau" position="Midfielder" position_id="3" x="57.04" y="37.06">
    <Player player_id="197326" player_name="Mikel Vesga">1</Player>
    <Player player_id="197332" player_name="Sabin Merino">2</Player>
    <Player player_id="223757" player_name="Óscar Rodríguez">2</Player>
    <Player player_id="59945" player_name="Rubén Pérez">3</Player>
    <Player player_id="53020" player_name="Dimitrios Siovas">2</Player>
    <Player player_id="116132" player_name="Jonathan Silva">1</Player>
    <Player player_id="47645" player_name="Juanfran">6</Player>
  </Player>
  <Player cross_lost="0" cross_success="0" jersey_num="18" pass_lost="3" pass_success="13" player_id="197332" player_name="Sabin Merino" position="Substitute" position_id="5" sub_on="43" x="65.37" y="45.05">
    <Player player_id="161030" player_name="Gerard Gumbau">3</Player>
    <Player player_id="197326" player_name="Mikel Vesga">3</Player>
    <Player player_id="223757" player_name="Óscar Rodríguez">4</Player>
    <Player player_id="59945" player_name="Rubén Pérez">1</Player>
    <Player player_id="116132" player_name="Jonathan Silva">1</Player>
    <Player player_id="47645" player_name="Juanfran">1</Player>
  </Player>
  <Player cross_lost="0" cross_success="0" jersey_num="1" pass_lost="21" pass_success="28" player_id="16261" player_name="Iván Cuéllar" position="Goalkeeper" position_id="1" x="10.15" y="47.91">
    <Player player_id="161030" player_name="Gerard Gumbau">4</Player>
    <Player player_id="59945" player_name="Rubén Pérez">1</Player>
    <Player player_id="53020" player_name="Dimitrios Siovas">5</Player>
    <Player player_id="210419" player_name="Rodrigo Tarín">2</Player>
    <Player player_id="47645" player_name="Juanfran">2</Player>
    <Player player_id="197332" player_name="Sabin Merino">4</Player>
    <Player player_id="223757" player_name="Óscar Rodríguez">1</Player>
    <Player player_id="40380" player_name="Nabil El Zhar">1</Player>
    <Player player_id="116132" player_name="Jonathan Silva">1</Player>
    <Player player_id="112991" player_name="Kenneth Omeruo">4</Player>
    <Player player_id="98914" player_name="Guido Carrillo">3</Player>
  </Player>
  <Player cross_lost="0" cross_success="0" jersey_num="14" pass_lost="0" pass_success="3" player_id="80908" player_name="Raúl García" position="Substitute" position_id="5" sub_on="70" x="25.70" y="64.80">
    <Player player_id="223757" player_name="Óscar Rodríguez">1</Player>
    <Player player_id="59945" player_name="Rubén Pérez">1</Player>
    <Player player_id="116132" player_name="Jonathan Silva">1</Player>
  </Player>
  <Player cross_lost="2" cross_success="0" jersey_num="27" pass_lost="5" pass_success="25" player_id="223757" player_name="Óscar Rodríguez" position="Midfielder" position_id="3" x="51.58" y="73.03">
    <Player player_id="161030" player_name="Gerard Gumbau">1</Player>
    <Player player_id="197326" player_name="Mikel Vesga">3</Player>
    <Player player_id="80908" player_name="Raúl García">1</Player>
    <Player player_id="59945" player_name="Rubén Pérez">3</Player>
    <Player player_id="53020" player_name="Dimitrios Siovas">4</Player>
    <Player player_id="197332" player_name="Sabin Merino">5</Player>
    <Player player_id="16261" player_name="Iván Cuéllar">1</Player>
    <Player player_id="40380" player_name="Nabil El Zhar">1</Player>
    <Player player_id="116132" player_name="Jonathan Silva">5</Player>
    <Player player_id="98914" player_name="Guido Carrillo">1</Player>
  </Player>
  <Player cross_lost="0" cross_success="0" jersey_num="21" pass_lost="13" pass_success="48" player_id="59945" player_name="Rubén Pérez" position="Midfielder" position_id="3" x="40.69" y="44.13">
    <Player player_id="197326" player_name="Mikel Vesga">9</Player>
    <Player player_id="161030" player_name="Gerard Gumbau">4</Player>
    <Player player_id="53020" player_name="Dimitrios Siovas">4</Player>
    <Player player_id="210419" player_name="Rodrigo Tarín">2</Player>
    <Player player_id="47645" player_name="Juanfran">4</Player>
    <Player player_id="16261" player_name="Iván Cuéllar">2</Player>
    <Player player_id="197332" player_name="Sabin Merino">3</Player>
    <Player player_id="223757" player_name="Óscar Rodríguez">6</Player>
    <Player player_id="40380" player_name="Nabil El Zhar">2</Player>
    <Player player_id="116132" player_name="Jonathan Silva">3</Player>
    <Player player_id="112991" player_name="Kenneth Omeruo">9</Player>
  </Player>
  <Player cross_lost="0" cross_success="0" jersey_num="10" pass_lost="2" pass_success="8" player_id="40380" player_name="Nabil El Zhar" position="Midfielder" position_id="3" sub_off="45" x="50.03" y="29.26">
    <Player player_id="161030" player_name="Gerard Gumbau">3</Player>
    <Player player_id="197326" player_name="Mikel Vesga">2</Player>
    <Player player_id="47645" player_name="Juanfran">2</Player>
    <Player player_id="98914" player_name="Guido Carrillo">1</Player>
  </Player>
  <Player cross_lost="0" cross_success="0" jersey_num="22" pass_lost="9" pass_success="34" player_id="53020" player_name="Dimitrios Siovas" position="Defender" position_id="2" x="29.85" y="71.41">
    <Player player_id="161030" player_name="Gerard Gumbau">2</Player>
    <Player player_id="197326" player_name="Mikel Vesga">1</Player>
    <Player player_id="16261" player_name="Iván Cuéllar">4</Player>
    <Player player_id="80908" player_name="Raúl García">1</Player>
    <Player player_id="223757" player_name="Óscar Rodríguez">3</Player>
    <Player player_id="59945" player_name="Rubén Pérez">10</Player>
    <Player player_id="116132" player_name="Jonathan Silva">8</Player>
    <Player player_id="47645" player_name="Juanfran">1</Player>
    <Player player_id="112991" player_name="Kenneth Omeruo">3</Player>
    <Player player_id="98914" player_name="Guido Carrillo">1</Player>
  </Player>
  <Player cross_lost="0" cross_success="0" jersey_num="28" pass_lost="2" pass_success="4" player_id="210419" player_name="Rodrigo Tarín" position="Substitute" position_id="5" sub_on="45" x="31.43" y="21.24">
    <Player player_id="16261" player_name="Iván Cuéllar">2</Player>
    <Player player_id="59945" player_name="Rubén Pérez">1</Player>
    <Player player_id="112991" player_name="Kenneth Omeruo">1</Player>
  </Player>
  <Player cross_lost="1" cross_success="0" jersey_num="5" pass_lost="6" pass_success="26" player_id="116132" player_name="Jonathan Silva" position="Defender" position_id="2" x="33.99" y="82.26">
    <Player player_id="161030" player_name="Gerard Gumbau">1</Player>
    <Player player_id="197326" player_name="Mikel Vesga">1</Player>
    <Player player_id="80908" player_name="Raúl García">1</Player>
    <Player player_id="59945" player_name="Rubén Pérez">1</Player>
    <Player player_id="53020" player_name="Dimitrios Siovas">6</Player>
    <Player player_id="16261" player_name="Iván Cuéllar">1</Player>
    <Player player_id="197332" player_name="Sabin Merino">2</Player>
    <Player player_id="223757" player_name="Óscar Rodríguez">11</Player>
    <Player player_id="40380" player_name="Nabil El Zhar">1</Player>
    <Player player_id="112991" player_name="Kenneth Omeruo">1</Player>
  </Player>
  <Player cross_lost="0" cross_success="0" jersey_num="24" pass_lost="2" pass_success="36" player_id="112991" player_name="Kenneth Omeruo" position="Defender" position_id="2" sub_off="70" x="29.47" y="34.26">
    <Player player_id="197326" player_name="Mikel Vesga">2</Player>
    <Player player_id="16261" player_name="Iván Cuéllar">11</Player>
    <Player player_id="59945" player_name="Rubén Pérez">9</Player>
    <Player player_id="53020" player_name="Dimitrios Siovas">6</Player>
    <Player player_id="40380" player_name="Nabil El Zhar">1</Player>
    <Player player_id="47645" player_name="Juanfran">6</Player>
    <Player player_id="98914" player_name="Guido Carrillo">1</Player>
  </Player>
  <Player cross_lost="5" cross_success="0" jersey_num="2" pass_lost="8" pass_success="17" player_id="47645" player_name="Juanfran" position="Defender" position_id="2" x="47.11" y="11.84">
    <Player player_id="161030" player_name="Gerard Gumbau">2</Player>
    <Player player_id="197326" player_name="Mikel Vesga">4</Player>
    <Player player_id="197332" player_name="Sabin Merino">1</Player>
    <Player player_id="59945" player_name="Rubén Pérez">1</Player>
    <Player player_id="40380" player_name="Nabil El Zhar">5</Player>
    <Player player_id="210419" player_name="Rodrigo Tarín">2</Player>
    <Player player_id="112991" player_name="Kenneth Omeruo">2</Player>
  </Player>
  <Player cross_lost="0" cross_success="0" jersey_num="9" pass_lost="5" pass_success="3" player_id="98914" player_name="Guido Carrillo" position="Forward" position_id="4" sub_off="43" x="52.29" y="47.89">
    <Player player_id="161030" player_name="Gerard Gumbau">1</Player>
    <Player player_id="223757" player_name="Óscar Rodríguez">1</Player>
    <Player player_id="47645" player_name="Juanfran">1</Player>
  </Player>
</SoccerFeed>