﻿<?xml version="1.0" encoding="UTF-8"?>
<!-- Copyright 2001-2019 Opta Sportsdata Ltd. All rights reserved. -->
<!-- PRODUCTION HEADER
     produced on:        valde-jobq-a03.nexus.opta.net
     production time:    20190301T155549,768Z
     production module:  Opta::Feed::XML::Soccer::F27
-->
<SoccerFeed act_minute="96" act_period="2" act_second="3" away_team_id="2894" away_team_name="Huesca" competition_id="23" competition_name="Spanish La Liga" game_date="2019-02-22 20:00:00" game_id="1009559" home_team_id="177" home_team_name="Espanyol" season_id="2018" season_name="Season 2018/2019" team_id="2894" team_name="Huesca">
  <Player cross_lost="0" cross_success="0" jersey_num="13" pass_lost="9" pass_success="16" player_id="21062" player_name="Roberto Santamaría" position="Goalkeeper" position_id="1" x="8.83" y="52.32">
    <Player player_id="166138" player_name="Carlos Akapo">3</Player>
    <Player player_id="205992" player_name="Ezequiel Ávila">1</Player>
    <Player player_id="88925" player_name="Jorge Pulido">4</Player>
    <Player player_id="244716" player_name="Juan Camilo Hernández">1</Player>
    <Player player_id="454317" player_name="Enric Gallego">6</Player>
    <Player player_id="213572" player_name="Christian Rivera">1</Player>
  </Player>
  <Player cross_lost="1" cross_success="0" jersey_num="15" pass_lost="6" pass_success="16" player_id="166138" player_name="Carlos Akapo" position="Midfielder" position_id="3" x="40.43" y="16.84">
    <Player player_id="109243" player_name="Moi Gómez">1</Player>
    <Player player_id="205992" player_name="Ezequiel Ávila">2</Player>
    <Player player_id="58637" player_name="Xabier Etxeita">1</Player>
    <Player player_id="226541" player_name="Yangel Herrera">5</Player>
    <Player player_id="88925" player_name="Jorge Pulido">1</Player>
    <Player player_id="193450" player_name="Juanpi">2</Player>
    <Player player_id="213572" player_name="Christian Rivera">1</Player>
    <Player player_id="454317" player_name="Enric Gallego">2</Player>
    <Player player_id="90657" player_name="David Ferreiro">1</Player>
  </Player>
  <Player cross_lost="3" cross_success="0" jersey_num="6" pass_lost="5" pass_success="18" player_id="109243" player_name="Moi Gómez" position="Midfielder" position_id="3" x="51.92" y="72.98">
    <Player player_id="219717" player_name="Javi Galán">2</Player>
    <Player player_id="205992" player_name="Ezequiel Ávila">3</Player>
    <Player player_id="58637" player_name="Xabier Etxeita">1</Player>
    <Player player_id="226541" player_name="Yangel Herrera">1</Player>
    <Player player_id="88925" player_name="Jorge Pulido">4</Player>
    <Player player_id="193450" player_name="Juanpi">2</Player>
    <Player player_id="244716" player_name="Juan Camilo Hernández">1</Player>
    <Player player_id="454317" player_name="Enric Gallego">3</Player>
    <Player player_id="90657" player_name="David Ferreiro">1</Player>
  </Player>
  <Player cross_lost="4" cross_success="1" jersey_num="12" pass_lost="7" pass_success="13" player_id="219717" player_name="Javi Galán" position="Midfielder" position_id="3" x="49.96" y="87.81">
    <Player player_id="109243" player_name="Moi Gómez">5</Player>
    <Player player_id="166138" player_name="Carlos Akapo">1</Player>
    <Player player_id="205992" player_name="Ezequiel Ávila">1</Player>
    <Player player_id="226541" player_name="Yangel Herrera">1</Player>
    <Player cross="1" player_id="244716" player_name="Juan Camilo Hernández">1</Player>
    <Player player_id="213572" player_name="Christian Rivera">1</Player>
    <Player player_id="193450" player_name="Juanpi">1</Player>
    <Player player_id="88925" player_name="Jorge Pulido">1</Player>
    <Player player_id="454317" player_name="Enric Gallego">1</Player>
  </Player>
  <Player cross_lost="0" cross_success="0" jersey_num="19" pass_lost="6" pass_success="7" player_id="205992" player_name="Ezequiel Ávila" position="Forward" position_id="4" sub_off="71" x="64.25" y="58.24">
    <Player player_id="166138" player_name="Carlos Akapo">1</Player>
    <Player player_id="58637" player_name="Xabier Etxeita">1</Player>
    <Player player_id="193450" player_name="Juanpi">3</Player>
    <Player player_id="454317" player_name="Enric Gallego">2</Player>
  </Player>
  <Player cross_lost="0" cross_success="0" jersey_num="4" pass_lost="3" pass_success="9" player_id="235798" player_name="Adrián Diéguez" position="Defender" position_id="2" x="28.09" y="53.37">
    <Player player_id="166138" player_name="Carlos Akapo">1</Player>
    <Player player_id="109243" player_name="Moi Gómez">1</Player>
    <Player player_id="58637" player_name="Xabier Etxeita">1</Player>
    <Player player_id="226541" player_name="Yangel Herrera">1</Player>
    <Player player_id="193450" player_name="Juanpi">3</Player>
    <Player player_id="88925" player_name="Jorge Pulido">2</Player>
  </Player>
  <Player cross_lost="1" cross_success="0" jersey_num="3" pass_lost="5" pass_success="14" player_id="58637" player_name="Xabier Etxeita" position="Defender" position_id="2" x="27.88" y="34.36">
    <Player player_id="21062" player_name="Roberto Santamaría">2</Player>
    <Player player_id="109243" player_name="Moi Gómez">1</Player>
    <Player player_id="166138" player_name="Carlos Akapo">4</Player>
    <Player player_id="205992" player_name="Ezequiel Ávila">1</Player>
    <Player player_id="235798" player_name="Adrián Diéguez">1</Player>
    <Player player_id="226541" player_name="Yangel Herrera">1</Player>
    <Player player_id="213572" player_name="Christian Rivera">1</Player>
    <Player player_id="219717" player_name="Javi Galán">1</Player>
    <Player player_id="88925" player_name="Jorge Pulido">1</Player>
    <Player player_id="454317" player_name="Enric Gallego">1</Player>
  </Player>
  <Player cross_lost="2" cross_success="0" jersey_num="21" pass_lost="5" pass_success="12" player_id="226541" player_name="Yangel Herrera" position="Substitute" position_id="5" sub_on="68" x="52.73" y="35.47">
    <Player player_id="166138" player_name="Carlos Akapo">2</Player>
    <Player player_id="109243" player_name="Moi Gómez">3</Player>
    <Player player_id="219717" player_name="Javi Galán">1</Player>
    <Player player_id="58637" player_name="Xabier Etxeita">2</Player>
    <Player player_id="244716" player_name="Juan Camilo Hernández">2</Player>
    <Player player_id="454317" player_name="Enric Gallego">2</Player>
  </Player>
  <Player cross_lost="0" cross_success="0" jersey_num="14" pass_lost="7" pass_success="20" player_id="88925" player_name="Jorge Pulido" position="Defender" position_id="2" x="34.55" y="75.15">
    <Player player_id="21062" player_name="Roberto Santamaría">3</Player>
    <Player player_id="166138" player_name="Carlos Akapo">1</Player>
    <Player player_id="219717" player_name="Javi Galán">7</Player>
    <Player player_id="205992" player_name="Ezequiel Ávila">1</Player>
    <Player player_id="235798" player_name="Adrián Diéguez">4</Player>
    <Player player_id="58637" player_name="Xabier Etxeita">1</Player>
    <Player player_id="193450" player_name="Juanpi">1</Player>
    <Player player_id="454317" player_name="Enric Gallego">1</Player>
    <Player player_id="90657" player_name="David Ferreiro">1</Player>
  </Player>
  <Player cross_lost="0" cross_success="1" jersey_num="20" pass_lost="3" pass_success="21" player_id="193450" player_name="Juanpi" position="Midfielder" position_id="3" sub_off="82" x="51.90" y="49.75">
    <Player player_id="166138" player_name="Carlos Akapo">2</Player>
    <Player player_id="109243" player_name="Moi Gómez">1</Player>
    <Player player_id="205992" player_name="Ezequiel Ávila">3</Player>
    <Player player_id="219717" player_name="Javi Galán">5</Player>
    <Player cross="1" player_id="58637" player_name="Xabier Etxeita">1</Player>
    <Player player_id="88925" player_name="Jorge Pulido">2</Player>
    <Player player_id="454317" player_name="Enric Gallego">2</Player>
    <Player player_id="213572" player_name="Christian Rivera">5</Player>
  </Player>
  <Player cross_lost="0" cross_success="0" jersey_num="9" pass_lost="1" pass_success="4" player_id="244716" player_name="Juan Camilo Hernández" position="Substitute" position_id="5" sub_on="82" x="67.96" y="51.23">
    <Player player_id="109243" player_name="Moi Gómez">1</Player>
    <Player player_id="454317" player_name="Enric Gallego">1</Player>
    <Player player_id="90657" player_name="David Ferreiro">2</Player>
  </Player>
  <Player cross_lost="0" cross_success="0" jersey_num="22" pass_lost="8" pass_success="11" player_id="454317" player_name="Enric Gallego" position="Forward" position_id="4" x="60.89" y="54.11">
    <Player player_id="205992" player_name="Ezequiel Ávila">2</Player>
    <Player player_id="219717" player_name="Javi Galán">4</Player>
    <Player player_id="193450" player_name="Juanpi">1</Player>
    <Player player_id="244716" player_name="Juan Camilo Hernández">1</Player>
    <Player player_id="213572" player_name="Christian Rivera">2</Player>
    <Player player_id="90657" player_name="David Ferreiro">1</Player>
  </Player>
  <Player cross_lost="0" cross_success="0" jersey_num="17" pass_lost="5" pass_success="11" player_id="213572" player_name="Christian Rivera" position="Midfielder" position_id="3" sub_off="68" x="39.13" y="47.00">
    <Player player_id="109243" player_name="Moi Gómez">2</Player>
    <Player player_id="219717" player_name="Javi Galán">1</Player>
    <Player player_id="205992" player_name="Ezequiel Ávila">1</Player>
    <Player player_id="58637" player_name="Xabier Etxeita">1</Player>
    <Player player_id="88925" player_name="Jorge Pulido">4</Player>
    <Player player_id="193450" player_name="Juanpi">2</Player>
  </Player>
  <Player cross_lost="3" cross_success="0" jersey_num="7" pass_lost="3" pass_success="6" player_id="90657" player_name="David Ferreiro" position="Substitute" position_id="5" sub_on="71" x="55.61" y="37.73">
    <Player player_id="166138" player_name="Carlos Akapo">3</Player>
    <Player player_id="109243" player_name="Moi Gómez">1</Player>
    <Player player_id="58637" player_name="Xabier Etxeita">1</Player>
    <Player player_id="454317" player_name="Enric Gallego">1</Player>
  </Player>
</SoccerFeed>