﻿<?xml version="1.0" encoding="UTF-8"?>
<!-- Copyright 2001-2019 Opta Sportsdata Ltd. All rights reserved. -->
<!-- PRODUCTION HEADER
     produced on:        valde-jobq-a03.nexus.opta.net
     production time:    20190129T165229,690Z
     production module:  Opta::Feed::XML::Soccer::F27
-->
<SoccerFeed act_minute="92" act_period="2" act_second="59" away_team_id="449" away_team_name="Villarreal" competition_id="23" competition_name="Spanish La Liga" game_date="2019-01-26 19:45:00" game_id="1009520" home_team_id="191" home_team_name="Valencia CF" season_id="2018" season_name="Season 2018/2019" team_id="191" team_name="Valencia CF">
  <Player cross_lost="1" cross_success="1" jersey_num="8" pass_lost="2" pass_success="17" player_id="224860" player_name="Carlos Soler" position="Midfielder" position_id="3" sub_off="77" x="60.41" y="23.61">
    <Player player_id="56864" player_name="Francis Coquelin">4</Player>
    <Player player_id="88489" player_name="Denis Cheryshev">2</Player>
    <Player cross="1" player_id="80954" player_name="Rodrigo Moreno">6</Player>
    <Player player_id="92055" player_name="Cristiano Piccini">1</Player>
    <Player player_id="150360" player_name="Santi Mina">2</Player>
    <Player player_id="51952" player_name="Daniel Parejo">2</Player>
  </Player>
  <Player cross_lost="0" cross_success="3" jersey_num="11" pass_lost="6" pass_success="12" player_id="88489" player_name="Denis Cheryshev" position="Midfielder" position_id="3" sub_off="74" x="54.74" y="81.68">
    <Player player_id="56864" player_name="Francis Coquelin">2</Player>
    <Player player_id="208135" player_name="Mouctar Diakhaby">1</Player>
    <Player cross="1" player_id="80954" player_name="Rodrigo Moreno">0</Player>
    <Player cross="2" player_id="150360" player_name="Santi Mina">2</Player>
    <Player player_id="132105" player_name="José Gayá">7</Player>
  </Player>
  <Player cross_lost="0" cross_success="0" jersey_num="13" pass_lost="10" pass_success="19" player_id="69752" player_name="Neto" position="Goalkeeper" position_id="1" x="8.27" y="50.04">
    <Player player_id="224860" player_name="Carlos Soler">1</Player>
    <Player player_id="208135" player_name="Mouctar Diakhaby">3</Player>
    <Player player_id="80954" player_name="Rodrigo Moreno">3</Player>
    <Player player_id="28525" player_name="Ezequiel Garay">2</Player>
    <Player player_id="150360" player_name="Santi Mina">4</Player>
    <Player player_id="56624" player_name="Daniel Wass">3</Player>
    <Player player_id="51952" player_name="Daniel Parejo">1</Player>
    <Player player_id="132105" player_name="José Gayá">2</Player>
  </Player>
  <Player cross_lost="0" cross_success="0" jersey_num="17" pass_lost="3" pass_success="34" player_id="56864" player_name="Francis Coquelin" position="Midfielder" position_id="3" x="49.38" y="46.28">
    <Player player_id="224860" player_name="Carlos Soler">5</Player>
    <Player player_id="88489" player_name="Denis Cheryshev">1</Player>
    <Player player_id="208135" player_name="Mouctar Diakhaby">1</Player>
    <Player player_id="92055" player_name="Cristiano Piccini">2</Player>
    <Player player_id="80954" player_name="Rodrigo Moreno">2</Player>
    <Player player_id="28525" player_name="Ezequiel Garay">1</Player>
    <Player player_id="150360" player_name="Santi Mina">4</Player>
    <Player player_id="56624" player_name="Daniel Wass">3</Player>
    <Player player_id="51952" player_name="Daniel Parejo">7</Player>
    <Player player_id="132105" player_name="José Gayá">8</Player>
  </Player>
  <Player cross_lost="0" cross_success="0" jersey_num="12" pass_lost="8" pass_success="45" player_id="208135" player_name="Mouctar Diakhaby" position="Defender" position_id="2" x="33.67" y="62.69">
    <Player player_id="224860" player_name="Carlos Soler">1</Player>
    <Player player_id="88489" player_name="Denis Cheryshev">2</Player>
    <Player player_id="69752" player_name="Neto">2</Player>
    <Player player_id="56864" player_name="Francis Coquelin">4</Player>
    <Player player_id="92055" player_name="Cristiano Piccini">2</Player>
    <Player player_id="28525" player_name="Ezequiel Garay">5</Player>
    <Player player_id="56624" player_name="Daniel Wass">1</Player>
    <Player player_id="51952" player_name="Daniel Parejo">18</Player>
    <Player player_id="132105" player_name="José Gayá">10</Player>
  </Player>
  <Player cross_lost="3" cross_success="0" jersey_num="21" pass_lost="5" pass_success="26" player_id="92055" player_name="Cristiano Piccini" position="Defender" position_id="2" x="49.17" y="15.02">
    <Player player_id="224860" player_name="Carlos Soler">2</Player>
    <Player player_id="56864" player_name="Francis Coquelin">1</Player>
    <Player player_id="80954" player_name="Rodrigo Moreno">2</Player>
    <Player player_id="28525" player_name="Ezequiel Garay">8</Player>
    <Player player_id="150360" player_name="Santi Mina">4</Player>
    <Player player_id="224444" player_name="Ferrán Torres">3</Player>
    <Player player_id="51952" player_name="Daniel Parejo">6</Player>
  </Player>
  <Player cross_lost="0" cross_success="0" jersey_num="19" pass_lost="7" pass_success="17" player_id="80954" player_name="Rodrigo Moreno" position="Forward" position_id="4" x="66.09" y="39.63">
    <Player player_id="224860" player_name="Carlos Soler">3</Player>
    <Player player_id="88489" player_name="Denis Cheryshev">1</Player>
    <Player player_id="92055" player_name="Cristiano Piccini">3</Player>
    <Player player_id="150360" player_name="Santi Mina">3</Player>
    <Player player_id="132105" player_name="José Gayá">1</Player>
    <Player player_id="51952" player_name="Daniel Parejo">6</Player>
  </Player>
  <Player cross_lost="0" cross_success="0" jersey_num="24" pass_lost="8" pass_success="46" player_id="28525" player_name="Ezequiel Garay" position="Defender" position_id="2" x="31.82" y="33.45">
    <Player player_id="224860" player_name="Carlos Soler">2</Player>
    <Player player_id="56864" player_name="Francis Coquelin">4</Player>
    <Player player_id="69752" player_name="Neto">3</Player>
    <Player player_id="208135" player_name="Mouctar Diakhaby">15</Player>
    <Player player_id="92055" player_name="Cristiano Piccini">14</Player>
    <Player player_id="80954" player_name="Rodrigo Moreno">3</Player>
    <Player player_id="51952" player_name="Daniel Parejo">5</Player>
  </Player>
  <Player cross_lost="0" cross_success="0" jersey_num="22" pass_lost="11" pass_success="13" player_id="150360" player_name="Santi Mina" position="Forward" position_id="4" sub_off="84" x="66.11" y="40.11">
    <Player player_id="224860" player_name="Carlos Soler">1</Player>
    <Player player_id="56864" player_name="Francis Coquelin">2</Player>
    <Player player_id="80954" player_name="Rodrigo Moreno">1</Player>
    <Player player_id="92055" player_name="Cristiano Piccini">1</Player>
    <Player player_id="224444" player_name="Ferrán Torres">2</Player>
    <Player player_id="132105" player_name="José Gayá">1</Player>
    <Player player_id="51952" player_name="Daniel Parejo">5</Player>
  </Player>
  <Player cross_lost="0" cross_success="0" jersey_num="34" pass_lost="0" pass_success="0" player_id="451358" player_name="Lee Kang-In" position="Substitute" position_id="5" sub_on="84" x="57.80" y="5.20" />
  <Player cross_lost="0" cross_success="0" jersey_num="18" pass_lost="4" pass_success="5" player_id="56624" player_name="Daniel Wass" position="Substitute" position_id="5" sub_on="74" x="49.98" y="85.92">
    <Player player_id="80954" player_name="Rodrigo Moreno">1</Player>
    <Player player_id="51952" player_name="Daniel Parejo">1</Player>
    <Player player_id="132105" player_name="José Gayá">3</Player>
  </Player>
  <Player cross_lost="1" cross_success="1" jersey_num="20" pass_lost="1" pass_success="4" player_id="224444" player_name="Ferrán Torres" position="Substitute" position_id="5" sub_on="77" x="42.94" y="12.69">
    <Player cross="1" player_id="80954" player_name="Rodrigo Moreno">1</Player>
    <Player player_id="150360" player_name="Santi Mina">1</Player>
    <Player player_id="51952" player_name="Daniel Parejo">2</Player>
  </Player>
  <Player cross_lost="3" cross_success="0" jersey_num="14" pass_lost="10" pass_success="40" player_id="132105" player_name="José Gayá" position="Defender" position_id="2" x="44.63" y="89.28">
    <Player player_id="56864" player_name="Francis Coquelin">2</Player>
    <Player player_id="88489" player_name="Denis Cheryshev">7</Player>
    <Player player_id="208135" player_name="Mouctar Diakhaby">18</Player>
    <Player player_id="80954" player_name="Rodrigo Moreno">1</Player>
    <Player player_id="28525" player_name="Ezequiel Garay">4</Player>
    <Player player_id="150360" player_name="Santi Mina">2</Player>
    <Player player_id="56624" player_name="Daniel Wass">1</Player>
    <Player player_id="51952" player_name="Daniel Parejo">5</Player>
  </Player>
  <Player cross_lost="5" cross_success="3" jersey_num="10" pass_lost="4" pass_success="68" player_id="51952" player_name="Daniel Parejo" position="Midfielder" position_id="3" x="45.90" y="45.56">
    <Player player_id="224860" player_name="Carlos Soler">7</Player>
    <Player player_id="88489" player_name="Denis Cheryshev">2</Player>
    <Player cross="1" player_id="56864" player_name="Francis Coquelin">11</Player>
    <Player player_id="69752" player_name="Neto">3</Player>
    <Player cross="2" player_id="208135" player_name="Mouctar Diakhaby">4</Player>
    <Player player_id="92055" player_name="Cristiano Piccini">10</Player>
    <Player player_id="80954" player_name="Rodrigo Moreno">6</Player>
    <Player player_id="28525" player_name="Ezequiel Garay">11</Player>
    <Player player_id="150360" player_name="Santi Mina">2</Player>
    <Player player_id="56624" player_name="Daniel Wass">1</Player>
    <Player player_id="224444" player_name="Ferrán Torres">1</Player>
    <Player player_id="132105" player_name="José Gayá">9</Player>
  </Player>
</SoccerFeed>