﻿<?xml version="1.0" encoding="UTF-8"?>
<!-- Copyright 2001-2018 Opta Sportsdata Ltd. All rights reserved. -->
<!-- PRODUCTION HEADER
     produced on:        valde-jobq-a02.nexus.opta.net
     production time:    20181112T142102,145Z
     production module:  Opta::Feed::XML::Soccer::F27
-->
<SoccerFeed act_minute="93" act_period="2" act_second="0" away_team_id="2894" away_team_name="Huesca" competition_id="23" competition_name="Spanish La Liga" game_date="2018-11-11 11:00:00" game_id="1009426" home_team_id="173" home_team_name="Alavés" season_id="2018" season_name="Season 2018/2019" team_id="2894" team_name="Huesca">
  <Player cross_lost="0" cross_success="0" jersey_num="15" pass_lost="4" pass_success="19" player_id="166138" player_name="Carlos Akapo" position="Defender" position_id="2" sub_off="81" x="41.36" y="33.94">
    <Player player_id="109243" player_name="Moi Gómez">8</Player>
    <Player player_id="155713" player_name="Aleksandar Jovanovic">1</Player>
    <Player player_id="76744" player_name="Damián Musto">4</Player>
    <Player player_id="154293" player_name="Rúben Semedo">1</Player>
    <Player player_id="88925" player_name="Jorge Pulido">4</Player>
    <Player player_id="90657" player_name="David Ferreiro">1</Player>
  </Player>
  <Player cross_lost="4" cross_success="1" jersey_num="6" pass_lost="12" pass_success="45" player_id="109243" player_name="Moi Gómez" position="Midfielder" position_id="3" x="52.64" y="42.78">
    <Player player_id="166138" player_name="Carlos Akapo">3</Player>
    <Player player_id="62391" player_name="Rajko Brezancic">1</Player>
    <Player cross="1" player_id="88621" player_name="Pablo Ínsua">2</Player>
    <Player player_id="89334" player_name="Jorge Miramón">9</Player>
    <Player player_id="76744" player_name="Damián Musto">9</Player>
    <Player player_id="244716" player_name="Juan Camilo Hernández">3</Player>
    <Player player_id="97636" player_name="Álex Gallar">1</Player>
    <Player player_id="78631" player_name="Serdar Gurler">2</Player>
    <Player player_id="154293" player_name="Rúben Semedo">4</Player>
    <Player player_id="88925" player_name="Jorge Pulido">6</Player>
    <Player player_id="90657" player_name="David Ferreiro">5</Player>
  </Player>
  <Player cross_lost="2" cross_success="0" jersey_num="21" pass_lost="10" pass_success="18" player_id="78631" player_name="Serdar Gurler" position="Midfielder" position_id="3" sub_off="72" x="54.89" y="27.13">
    <Player player_id="109243" player_name="Moi Gómez">3</Player>
    <Player player_id="166138" player_name="Carlos Akapo">2</Player>
    <Player player_id="89334" player_name="Jorge Miramón">5</Player>
    <Player player_id="76744" player_name="Damián Musto">1</Player>
    <Player player_id="244716" player_name="Juan Camilo Hernández">4</Player>
    <Player player_id="90657" player_name="David Ferreiro">3</Player>
  </Player>
  <Player cross_lost="2" cross_success="0" jersey_num="20" pass_lost="5" pass_success="10" player_id="62391" player_name="Rajko Brezancic" position="Substitute" position_id="5" sub_on="24" x="46.71" y="80.67">
    <Player player_id="109243" player_name="Moi Gómez">1</Player>
    <Player player_id="78631" player_name="Serdar Gurler">1</Player>
    <Player player_id="155713" player_name="Aleksandar Jovanovic">2</Player>
    <Player player_id="244716" player_name="Juan Camilo Hernández">2</Player>
    <Player player_id="90657" player_name="David Ferreiro">4</Player>
  </Player>
  <Player cross_lost="0" cross_success="0" jersey_num="25" pass_lost="19" pass_success="13" player_id="155713" player_name="Aleksandar Jovanovic" position="Goalkeeper" position_id="1" x="9.78" y="48.78">
    <Player player_id="166138" player_name="Carlos Akapo">1</Player>
    <Player player_id="78631" player_name="Serdar Gurler">2</Player>
    <Player player_id="62391" player_name="Rajko Brezancic">2</Player>
    <Player player_id="89334" player_name="Jorge Miramón">2</Player>
    <Player player_id="76744" player_name="Damián Musto">1</Player>
    <Player player_id="154293" player_name="Rúben Semedo">1</Player>
    <Player player_id="244716" player_name="Juan Camilo Hernández">4</Player>
  </Player>
  <Player cross_lost="0" cross_success="0" jersey_num="18" pass_lost="4" pass_success="7" player_id="88621" player_name="Pablo Ínsua" position="Defender" position_id="2" sub_off="24" x="36.19" y="19.80">
    <Player player_id="78631" player_name="Serdar Gurler">2</Player>
    <Player player_id="155713" player_name="Aleksandar Jovanovic">2</Player>
    <Player player_id="76744" player_name="Damián Musto">1</Player>
    <Player player_id="154293" player_name="Rúben Semedo">1</Player>
    <Player player_id="244716" player_name="Juan Camilo Hernández">1</Player>
  </Player>
  <Player cross_lost="4" cross_success="2" jersey_num="24" pass_lost="9" pass_success="33" player_id="89334" player_name="Jorge Miramón" position="Defender" position_id="2" x="46.33" y="12.48">
    <Player player_id="109243" player_name="Moi Gómez">7</Player>
    <Player player_id="166138" player_name="Carlos Akapo">2</Player>
    <Player player_id="78631" player_name="Serdar Gurler">6</Player>
    <Player player_id="88621" player_name="Pablo Ínsua">3</Player>
    <Player player_id="76744" player_name="Damián Musto">5</Player>
    <Player cross="1" player_id="154293" player_name="Rúben Semedo">0</Player>
    <Player cross="1" player_id="244716" player_name="Juan Camilo Hernández">5</Player>
    <Player player_id="97636" player_name="Álex Gallar">3</Player>
    <Player player_id="90657" player_name="David Ferreiro">2</Player>
  </Player>
  <Player cross_lost="0" cross_success="0" jersey_num="23" pass_lost="9" pass_success="31" player_id="76744" player_name="Damián Musto" position="Midfielder" position_id="3" x="49.38" y="35.34">
    <Player player_id="166138" player_name="Carlos Akapo">2</Player>
    <Player player_id="109243" player_name="Moi Gómez">4</Player>
    <Player player_id="155713" player_name="Aleksandar Jovanovic">1</Player>
    <Player player_id="62391" player_name="Rajko Brezancic">3</Player>
    <Player player_id="89334" player_name="Jorge Miramón">8</Player>
    <Player player_id="244716" player_name="Juan Camilo Hernández">1</Player>
    <Player player_id="97636" player_name="Álex Gallar">1</Player>
    <Player player_id="78631" player_name="Serdar Gurler">5</Player>
    <Player player_id="154293" player_name="Rúben Semedo">2</Player>
    <Player player_id="88925" player_name="Jorge Pulido">1</Player>
    <Player player_id="90657" player_name="David Ferreiro">2</Player>
    <Player player_id="81045" player_name="Samuele Longo">1</Player>
  </Player>
  <Player cross_lost="0" cross_success="0" jersey_num="4" pass_lost="6" pass_success="23" player_id="154293" player_name="Rúben Semedo" position="Defender" position_id="2" x="32.87" y="48.90">
    <Player player_id="166138" player_name="Carlos Akapo">4</Player>
    <Player player_id="109243" player_name="Moi Gómez">3</Player>
    <Player player_id="78631" player_name="Serdar Gurler">1</Player>
    <Player player_id="62391" player_name="Rajko Brezancic">1</Player>
    <Player player_id="88621" player_name="Pablo Ínsua">3</Player>
    <Player player_id="89334" player_name="Jorge Miramón">2</Player>
    <Player player_id="76744" player_name="Damián Musto">3</Player>
    <Player player_id="88925" player_name="Jorge Pulido">6</Player>
  </Player>
  <Player cross_lost="0" cross_success="0" jersey_num="14" pass_lost="4" pass_success="25" player_id="88925" player_name="Jorge Pulido" position="Defender" position_id="2" x="30.75" y="74.38">
    <Player player_id="166138" player_name="Carlos Akapo">2</Player>
    <Player player_id="109243" player_name="Moi Gómez">5</Player>
    <Player player_id="78631" player_name="Serdar Gurler">2</Player>
    <Player player_id="62391" player_name="Rajko Brezancic">2</Player>
    <Player player_id="155713" player_name="Aleksandar Jovanovic">4</Player>
    <Player player_id="76744" player_name="Damián Musto">1</Player>
    <Player player_id="154293" player_name="Rúben Semedo">5</Player>
    <Player player_id="97636" player_name="Álex Gallar">1</Player>
    <Player player_id="90657" player_name="David Ferreiro">3</Player>
  </Player>
  <Player cross_lost="1" cross_success="0" jersey_num="9" pass_lost="7" pass_success="15" player_id="244716" player_name="Juan Camilo Hernández" position="Forward" position_id="4" x="62.90" y="38.31">
    <Player player_id="109243" player_name="Moi Gómez">4</Player>
    <Player player_id="78631" player_name="Serdar Gurler">4</Player>
    <Player player_id="89334" player_name="Jorge Miramón">1</Player>
    <Player player_id="154293" player_name="Rúben Semedo">1</Player>
    <Player player_id="81045" player_name="Samuele Longo">1</Player>
    <Player player_id="90657" player_name="David Ferreiro">4</Player>
  </Player>
  <Player cross_lost="0" cross_success="0" jersey_num="12" pass_lost="1" pass_success="1" player_id="81045" player_name="Samuele Longo" position="Substitute" position_id="5" sub_on="81" x="78.03" y="54.12">
    <Player player_id="97636" player_name="Álex Gallar">1</Player>
  </Player>
  <Player cross_lost="1" cross_success="0" jersey_num="11" pass_lost="0" pass_success="6" player_id="97636" player_name="Álex Gallar" position="Substitute" position_id="5" sub_on="72" x="58.66" y="32.35">
    <Player player_id="89334" player_name="Jorge Miramón">1</Player>
    <Player player_id="109243" player_name="Moi Gómez">3</Player>
    <Player player_id="90657" player_name="David Ferreiro">1</Player>
  </Player>
  <Player cross_lost="6" cross_success="3" jersey_num="7" pass_lost="3" pass_success="19" player_id="90657" player_name="David Ferreiro" position="Midfielder" position_id="3" x="59.10" y="67.80">
    <Player player_id="109243" player_name="Moi Gómez">4</Player>
    <Player player_id="78631" player_name="Serdar Gurler">2</Player>
    <Player player_id="62391" player_name="Rajko Brezancic">2</Player>
    <Player player_id="89334" player_name="Jorge Miramón">2</Player>
    <Player player_id="76744" player_name="Damián Musto">2</Player>
    <Player player_id="88925" player_name="Jorge Pulido">3</Player>
    <Player cross="1" player_id="154293" player_name="Rúben Semedo">0</Player>
    <Player cross="2" player_id="244716" player_name="Juan Camilo Hernández">4</Player>
  </Player>
</SoccerFeed>