﻿<?xml version="1.0" encoding="UTF-8"?>
<!-- Copyright 2001-2018 Opta Sportsdata Ltd. All rights reserved. -->
<!-- PRODUCTION HEADER
     produced on:        valde-jobq-a01.nexus.opta.net
     production time:    20181128T103615,887Z
     production module:  Opta::Feed::XML::Soccer::F27
-->
<SoccerFeed act_minute="96" act_period="2" act_second="58" away_team_id="177" away_team_name="Espanyol" competition_id="23" competition_name="Spanish La Liga" game_date="2018-09-02 15:15:00" game_id="1009336" home_team_id="173" home_team_name="Alavés" season_id="2018" season_name="Season 2018/2019" team_id="173" team_name="Alavés">
  <Player cross_lost="0" cross_success="0" jersey_num="19" pass_lost="2" pass_success="22" player_id="55378" player_name="Manu García" position="Midfielder" position_id="3" x="41.78" y="59.40">
    <Player player_id="246162" player_name="Martín Aguirregabiria">1</Player>
    <Player player_id="112994" player_name="Rubén Sobrino">1</Player>
    <Player player_id="82970" player_name="John Guidetti">1</Player>
    <Player player_id="126119" player_name="Rubén Duarte">6</Player>
    <Player player_id="84471" player_name="Ibai Gómez">1</Player>
    <Player player_id="55179" player_name="Mubarak Wakaso">4</Player>
    <Player player_id="155335" player_name="Guillermo Maripán">2</Player>
    <Player player_id="83091" player_name="Borja Bastón">1</Player>
    <Player player_id="92190" player_name="Jony">4</Player>
    <Player player_id="49370" player_name="Víctor Laguardia">1</Player>
  </Player>
  <Player cross_lost="2" cross_success="0" jersey_num="21" pass_lost="4" pass_success="21" player_id="246162" player_name="Martín Aguirregabiria" position="Defender" position_id="2" x="46.49" y="17.05">
    <Player player_id="55378" player_name="Manu García">2</Player>
    <Player player_id="112994" player_name="Rubén Sobrino">1</Player>
    <Player player_id="91406" player_name="Fernando Pacheco">1</Player>
    <Player player_id="55179" player_name="Mubarak Wakaso">2</Player>
    <Player player_id="84471" player_name="Ibai Gómez">9</Player>
    <Player player_id="83091" player_name="Borja Bastón">3</Player>
    <Player player_id="49370" player_name="Víctor Laguardia">3</Player>
  </Player>
  <Player cross_lost="1" cross_success="0" jersey_num="7" pass_lost="10" pass_success="10" player_id="112994" player_name="Rubén Sobrino" position="Forward" position_id="4" x="58.00" y="41.26">
    <Player player_id="55378" player_name="Manu García">1</Player>
    <Player player_id="155335" player_name="Guillermo Maripán">1</Player>
    <Player player_id="55179" player_name="Mubarak Wakaso">3</Player>
    <Player player_id="83091" player_name="Borja Bastón">1</Player>
    <Player player_id="92190" player_name="Jony">3</Player>
    <Player player_id="49370" player_name="Víctor Laguardia">1</Player>
  </Player>
  <Player cross_lost="0" cross_success="0" jersey_num="10" pass_lost="1" pass_success="5" player_id="82970" player_name="John Guidetti" position="Substitute" position_id="5" sub_on="64" x="38.47" y="41.51">
    <Player player_id="55378" player_name="Manu García">1</Player>
    <Player player_id="112994" player_name="Rubén Sobrino">2</Player>
    <Player player_id="178873" player_name="Adrián Marín">1</Player>
    <Player player_id="55179" player_name="Mubarak Wakaso">1</Player>
  </Player>
  <Player cross_lost="1" cross_success="0" jersey_num="17" pass_lost="1" pass_success="1" player_id="178873" player_name="Adrián Marín" position="Substitute" position_id="5" sub_on="81" x="49.67" y="89.07">
    <Player player_id="126119" player_name="Rubén Duarte">1</Player>
  </Player>
  <Player cross_lost="0" cross_success="0" jersey_num="1" pass_lost="13" pass_success="20" player_id="91406" player_name="Fernando Pacheco" position="Goalkeeper" position_id="1" x="9.29" y="51.14">
    <Player player_id="55378" player_name="Manu García">1</Player>
    <Player player_id="246162" player_name="Martín Aguirregabiria">1</Player>
    <Player player_id="112994" player_name="Rubén Sobrino">3</Player>
    <Player player_id="82970" player_name="John Guidetti">1</Player>
    <Player player_id="155335" player_name="Guillermo Maripán">7</Player>
    <Player player_id="55179" player_name="Mubarak Wakaso">1</Player>
    <Player player_id="83091" player_name="Borja Bastón">1</Player>
    <Player player_id="49370" player_name="Víctor Laguardia">5</Player>
  </Player>
  <Player cross_lost="0" cross_success="0" jersey_num="15" pass_lost="1" pass_success="0" player_id="90728" player_name="Ximo Navarro" position="Substitute" position_id="5" sub_on="85" x="24.25" y="63.80" />
  <Player cross_lost="1" cross_success="0" jersey_num="22" pass_lost="5" pass_success="27" player_id="55179" player_name="Mubarak Wakaso" position="Midfielder" position_id="3" x="42.83" y="37.22">
    <Player player_id="55378" player_name="Manu García">3</Player>
    <Player player_id="112994" player_name="Rubén Sobrino">3</Player>
    <Player player_id="246162" player_name="Martín Aguirregabiria">4</Player>
    <Player player_id="91406" player_name="Fernando Pacheco">3</Player>
    <Player player_id="84471" player_name="Ibai Gómez">2</Player>
    <Player player_id="155335" player_name="Guillermo Maripán">3</Player>
    <Player player_id="92190" player_name="Jony">2</Player>
    <Player player_id="49370" player_name="Víctor Laguardia">7</Player>
  </Player>
  <Player cross_lost="0" cross_success="0" jersey_num="6" pass_lost="6" pass_success="29" player_id="155335" player_name="Guillermo Maripán" position="Defender" position_id="2" x="30.30" y="66.71">
    <Player player_id="55378" player_name="Manu García">3</Player>
    <Player player_id="246162" player_name="Martín Aguirregabiria">3</Player>
    <Player player_id="178873" player_name="Adrián Marín">1</Player>
    <Player player_id="84471" player_name="Ibai Gómez">1</Player>
    <Player player_id="92190" player_name="Jony">2</Player>
    <Player player_id="49370" player_name="Víctor Laguardia">2</Player>
    <Player player_id="112994" player_name="Rubén Sobrino">2</Player>
    <Player player_id="82970" player_name="John Guidetti">1</Player>
    <Player player_id="91406" player_name="Fernando Pacheco">5</Player>
    <Player player_id="55179" player_name="Mubarak Wakaso">4</Player>
    <Player player_id="126119" player_name="Rubén Duarte">3</Player>
    <Player player_id="83091" player_name="Borja Bastón">2</Player>
  </Player>
  <Player cross_lost="1" cross_success="1" jersey_num="11" pass_lost="3" pass_success="17" player_id="84471" player_name="Ibai Gómez" position="Midfielder" position_id="3" sub_off="85" x="57.56" y="25.71">
    <Player player_id="112994" player_name="Rubén Sobrino">4</Player>
    <Player player_id="246162" player_name="Martín Aguirregabiria">5</Player>
    <Player player_id="155335" player_name="Guillermo Maripán">1</Player>
    <Player player_id="55179" player_name="Mubarak Wakaso">2</Player>
    <Player player_id="92190" player_name="Jony">3</Player>
    <Player cross="1" player_id="83091" player_name="Borja Bastón">1</Player>
    <Player player_id="49370" player_name="Víctor Laguardia">1</Player>
  </Player>
  <Player cross_lost="1" cross_success="0" jersey_num="3" pass_lost="9" pass_success="16" player_id="126119" player_name="Rubén Duarte" position="Defender" position_id="2" x="37.79" y="82.53">
    <Player player_id="55378" player_name="Manu García">3</Player>
    <Player player_id="112994" player_name="Rubén Sobrino">3</Player>
    <Player player_id="84471" player_name="Ibai Gómez">1</Player>
    <Player player_id="55179" player_name="Mubarak Wakaso">2</Player>
    <Player player_id="155335" player_name="Guillermo Maripán">2</Player>
    <Player player_id="92190" player_name="Jony">3</Player>
    <Player player_id="49370" player_name="Víctor Laguardia">1</Player>
  </Player>
  <Player cross_lost="0" cross_success="0" jersey_num="18" pass_lost="7" pass_success="10" player_id="83091" player_name="Borja Bastón" position="Forward" position_id="4" sub_off="64" x="57.69" y="46.58">
    <Player player_id="112994" player_name="Rubén Sobrino">1</Player>
    <Player player_id="84471" player_name="Ibai Gómez">2</Player>
    <Player player_id="155335" player_name="Guillermo Maripán">1</Player>
    <Player player_id="55179" player_name="Mubarak Wakaso">2</Player>
    <Player player_id="126119" player_name="Rubén Duarte">2</Player>
    <Player player_id="92190" player_name="Jony">1</Player>
    <Player player_id="49370" player_name="Víctor Laguardia">1</Player>
  </Player>
  <Player cross_lost="5" cross_success="0" jersey_num="23" pass_lost="7" pass_success="6" player_id="92190" player_name="Jony" position="Midfielder" position_id="3" sub_off="81" x="62.82" y="76.40">
    <Player player_id="112994" player_name="Rubén Sobrino">3</Player>
    <Player player_id="126119" player_name="Rubén Duarte">1</Player>
    <Player player_id="84471" player_name="Ibai Gómez">1</Player>
    <Player player_id="155335" player_name="Guillermo Maripán">1</Player>
  </Player>
  <Player cross_lost="0" cross_success="0" jersey_num="5" pass_lost="4" pass_success="23" player_id="49370" player_name="Víctor Laguardia" position="Defender" position_id="2" x="31.94" y="35.47">
    <Player player_id="55378" player_name="Manu García">1</Player>
    <Player player_id="246162" player_name="Martín Aguirregabiria">4</Player>
    <Player player_id="91406" player_name="Fernando Pacheco">4</Player>
    <Player player_id="155335" player_name="Guillermo Maripán">4</Player>
    <Player player_id="55179" player_name="Mubarak Wakaso">5</Player>
    <Player player_id="84471" player_name="Ibai Gómez">3</Player>
    <Player player_id="83091" player_name="Borja Bastón">1</Player>
    <Player player_id="92190" player_name="Jony">1</Player>
  </Player>
</SoccerFeed>