﻿<?xml version="1.0" encoding="UTF-8"?>
<!-- Copyright 2001-2018 Opta Sportsdata Ltd. All rights reserved. -->
<!-- PRODUCTION HEADER
     produced on:        valde-jobq-a01.nexus.opta.net
     production time:    20181212T140043,484Z
     production module:  Opta::Feed::XML::Soccer::F27
-->
<SoccerFeed act_minute="93" act_period="2" act_second="10" away_team_id="185" away_team_name="Real Betis" competition_id="23" competition_name="Spanish La Liga" game_date="2018-09-27 21:00:00" game_id="1009370" home_team_id="2893" home_team_name="Girona" season_id="2018" season_name="Season 2018/2019" team_id="185" team_name="Real Betis">
  <Player cross_lost="1" cross_success="0" jersey_num="6" pass_lost="7" pass_success="66" player_id="56448" player_name="Sergio Canales" position="Midfielder" position_id="3" x="58.41" y="37.30">
    <Player player_id="200826" player_name="Giovani Lo Celso">1</Player>
    <Player player_id="53142" player_name="Sidnei">4</Player>
    <Player player_id="37064" player_name="Andrés Guardado">4</Player>
    <Player player_id="10316" player_name="Joaquín">4</Player>
    <Player player_id="103263" player_name="Takashi Inui">3</Player>
    <Player player_id="55264" player_name="Ryad Boudebouz">10</Player>
    <Player player_id="81138" player_name="Marc Bartra">11</Player>
    <Player player_id="19534" player_name="Javi García">1</Player>
    <Player player_id="432757" player_name="Francis">9</Player>
    <Player player_id="443967" player_name="Júnior Firpo">3</Player>
    <Player player_id="86813" player_name="Aissa Mandi">14</Player>
    <Player player_id="432751" player_name="Loren Morón">1</Player>
  </Player>
  <Player cross_lost="0" cross_success="0" jersey_num="21" pass_lost="2" pass_success="14" player_id="200826" player_name="Giovani Lo Celso" position="Substitute" position_id="5" sub_on="75" x="62.55" y="28.64">
    <Player player_id="56448" player_name="Sergio Canales">5</Player>
    <Player player_id="86813" player_name="Aissa Mandi">2</Player>
    <Player player_id="432751" player_name="Loren Morón">1</Player>
    <Player player_id="19534" player_name="Javi García">1</Player>
    <Player player_id="432757" player_name="Francis">4</Player>
    <Player player_id="443967" player_name="Júnior Firpo">1</Player>
  </Player>
  <Player cross_lost="0" cross_success="0" jersey_num="23" pass_lost="7" pass_success="73" player_id="86813" player_name="Aissa Mandi" position="Defender" position_id="2" x="45.47" y="24.30">
    <Player player_id="56448" player_name="Sergio Canales">13</Player>
    <Player player_id="200826" player_name="Giovani Lo Celso">5</Player>
    <Player player_id="53142" player_name="Sidnei">2</Player>
    <Player player_id="37064" player_name="Andrés Guardado">6</Player>
    <Player player_id="55264" player_name="Ryad Boudebouz">15</Player>
    <Player player_id="432751" player_name="Loren Morón">2</Player>
    <Player player_id="103263" player_name="Takashi Inui">3</Player>
    <Player player_id="81138" player_name="Marc Bartra">15</Player>
    <Player player_id="182960" player_name="Pau López">1</Player>
    <Player player_id="432757" player_name="Francis">8</Player>
    <Player player_id="443967" player_name="Júnior Firpo">3</Player>
  </Player>
  <Player cross_lost="0" cross_success="0" jersey_num="12" pass_lost="9" pass_success="49" player_id="53142" player_name="Sidnei" position="Defender" position_id="2" x="33.04" y="78.15">
    <Player player_id="56448" player_name="Sergio Canales">2</Player>
    <Player player_id="86813" player_name="Aissa Mandi">3</Player>
    <Player player_id="37064" player_name="Andrés Guardado">6</Player>
    <Player player_id="10316" player_name="Joaquín">3</Player>
    <Player player_id="103263" player_name="Takashi Inui">3</Player>
    <Player player_id="81138" player_name="Marc Bartra">16</Player>
    <Player player_id="182960" player_name="Pau López">8</Player>
    <Player player_id="443967" player_name="Júnior Firpo">8</Player>
  </Player>
  <Player cross_lost="1" cross_success="0" jersey_num="18" pass_lost="5" pass_success="64" player_id="37064" player_name="Andrés Guardado" position="Midfielder" position_id="3" sub_off="86" x="47.37" y="57.85">
    <Player player_id="200826" player_name="Giovani Lo Celso">2</Player>
    <Player player_id="53142" player_name="Sidnei">8</Player>
    <Player player_id="10316" player_name="Joaquín">2</Player>
    <Player player_id="103263" player_name="Takashi Inui">5</Player>
    <Player player_id="55264" player_name="Ryad Boudebouz">6</Player>
    <Player player_id="81138" player_name="Marc Bartra">6</Player>
    <Player player_id="432757" player_name="Francis">4</Player>
    <Player player_id="443967" player_name="Júnior Firpo">4</Player>
    <Player player_id="56448" player_name="Sergio Canales">8</Player>
    <Player player_id="86813" player_name="Aissa Mandi">14</Player>
    <Player player_id="432751" player_name="Loren Morón">3</Player>
    <Player player_id="182960" player_name="Pau López">2</Player>
  </Player>
  <Player cross_lost="0" cross_success="0" jersey_num="17" pass_lost="2" pass_success="19" player_id="10316" player_name="Joaquín" position="Substitute" position_id="5" sub_on="65" x="51.70" y="69.58">
    <Player player_id="56448" player_name="Sergio Canales">2</Player>
    <Player player_id="200826" player_name="Giovani Lo Celso">1</Player>
    <Player player_id="86813" player_name="Aissa Mandi">2</Player>
    <Player player_id="53142" player_name="Sidnei">2</Player>
    <Player player_id="37064" player_name="Andrés Guardado">6</Player>
    <Player player_id="182960" player_name="Pau López">1</Player>
    <Player player_id="19534" player_name="Javi García">1</Player>
    <Player player_id="443967" player_name="Júnior Firpo">4</Player>
  </Player>
  <Player cross_lost="0" cross_success="0" jersey_num="16" pass_lost="3" pass_success="11" player_id="432751" player_name="Loren Morón" position="Forward" position_id="4" x="63.63" y="62.42">
    <Player player_id="56448" player_name="Sergio Canales">5</Player>
    <Player player_id="200826" player_name="Giovani Lo Celso">2</Player>
    <Player player_id="37064" player_name="Andrés Guardado">1</Player>
    <Player player_id="55264" player_name="Ryad Boudebouz">1</Player>
    <Player player_id="103263" player_name="Takashi Inui">1</Player>
    <Player player_id="443967" player_name="Júnior Firpo">1</Player>
  </Player>
  <Player cross_lost="0" cross_success="0" jersey_num="8" pass_lost="6" pass_success="20" player_id="103263" player_name="Takashi Inui" position="Forward" position_id="4" sub_off="65" x="57.66" y="66.97">
    <Player player_id="56448" player_name="Sergio Canales">1</Player>
    <Player player_id="53142" player_name="Sidnei">4</Player>
    <Player player_id="37064" player_name="Andrés Guardado">2</Player>
    <Player player_id="55264" player_name="Ryad Boudebouz">5</Player>
    <Player player_id="432751" player_name="Loren Morón">1</Player>
    <Player player_id="81138" player_name="Marc Bartra">2</Player>
    <Player player_id="443967" player_name="Júnior Firpo">5</Player>
  </Player>
  <Player cross_lost="1" cross_success="0" jersey_num="10" pass_lost="6" pass_success="49" player_id="55264" player_name="Ryad Boudebouz" position="Forward" position_id="4" sub_off="75" x="59.09" y="27.28">
    <Player player_id="56448" player_name="Sergio Canales">14</Player>
    <Player player_id="86813" player_name="Aissa Mandi">8</Player>
    <Player player_id="37064" player_name="Andrés Guardado">9</Player>
    <Player player_id="432751" player_name="Loren Morón">1</Player>
    <Player player_id="103263" player_name="Takashi Inui">4</Player>
    <Player player_id="81138" player_name="Marc Bartra">3</Player>
    <Player player_id="432757" player_name="Francis">8</Player>
    <Player player_id="443967" player_name="Júnior Firpo">2</Player>
  </Player>
  <Player cross_lost="0" cross_success="0" jersey_num="5" pass_lost="6" pass_success="67" player_id="81138" player_name="Marc Bartra" position="Defender" position_id="2" x="36.67" y="48.26">
    <Player player_id="53142" player_name="Sidnei">13</Player>
    <Player player_id="37064" player_name="Andrés Guardado">8</Player>
    <Player player_id="10316" player_name="Joaquín">1</Player>
    <Player player_id="55264" player_name="Ryad Boudebouz">3</Player>
    <Player player_id="103263" player_name="Takashi Inui">2</Player>
    <Player player_id="19534" player_name="Javi García">1</Player>
    <Player player_id="432757" player_name="Francis">1</Player>
    <Player player_id="443967" player_name="Júnior Firpo">1</Player>
    <Player player_id="56448" player_name="Sergio Canales">2</Player>
    <Player player_id="86813" player_name="Aissa Mandi">21</Player>
    <Player player_id="432751" player_name="Loren Morón">4</Player>
    <Player player_id="182960" player_name="Pau López">10</Player>
  </Player>
  <Player cross_lost="0" cross_success="0" jersey_num="3" pass_lost="0" pass_success="5" player_id="19534" player_name="Javi García" position="Substitute" position_id="5" sub_on="86" x="38.94" y="55.47">
    <Player player_id="56448" player_name="Sergio Canales">2</Player>
    <Player player_id="200826" player_name="Giovani Lo Celso">1</Player>
    <Player player_id="10316" player_name="Joaquín">1</Player>
    <Player player_id="443967" player_name="Júnior Firpo">1</Player>
  </Player>
  <Player cross_lost="0" cross_success="0" jersey_num="13" pass_lost="15" pass_success="26" player_id="182960" player_name="Pau López" position="Goalkeeper" position_id="1" x="11.30" y="54.16">
    <Player player_id="56448" player_name="Sergio Canales">4</Player>
    <Player player_id="86813" player_name="Aissa Mandi">3</Player>
    <Player player_id="53142" player_name="Sidnei">4</Player>
    <Player player_id="37064" player_name="Andrés Guardado">3</Player>
    <Player player_id="10316" player_name="Joaquín">2</Player>
    <Player player_id="55264" player_name="Ryad Boudebouz">2</Player>
    <Player player_id="432751" player_name="Loren Morón">3</Player>
    <Player player_id="103263" player_name="Takashi Inui">1</Player>
    <Player player_id="81138" player_name="Marc Bartra">4</Player>
  </Player>
  <Player cross_lost="3" cross_success="1" jersey_num="2" pass_lost="4" pass_success="30" player_id="432757" player_name="Francis" position="Midfielder" position_id="3" x="53.81" y="15.74">
    <Player player_id="200826" player_name="Giovani Lo Celso">3</Player>
    <Player player_id="37064" player_name="Andrés Guardado">2</Player>
    <Player player_id="10316" player_name="Joaquín">1</Player>
    <Player player_id="103263" player_name="Takashi Inui">1</Player>
    <Player player_id="55264" player_name="Ryad Boudebouz">6</Player>
    <Player player_id="81138" player_name="Marc Bartra">5</Player>
    <Player player_id="56448" player_name="Sergio Canales">4</Player>
    <Player player_id="86813" player_name="Aissa Mandi">7</Player>
    <Player cross="1" player_id="432751" player_name="Loren Morón">0</Player>
    <Player player_id="182960" player_name="Pau López">1</Player>
  </Player>
  <Player cross_lost="1" cross_success="0" jersey_num="20" pass_lost="5" pass_success="34" player_id="443967" player_name="Júnior Firpo" position="Midfielder" position_id="3" x="49.50" y="83.11">
    <Player player_id="200826" player_name="Giovani Lo Celso">1</Player>
    <Player player_id="53142" player_name="Sidnei">4</Player>
    <Player player_id="37064" player_name="Andrés Guardado">10</Player>
    <Player player_id="10316" player_name="Joaquín">4</Player>
    <Player player_id="55264" player_name="Ryad Boudebouz">3</Player>
    <Player player_id="103263" player_name="Takashi Inui">5</Player>
    <Player player_id="81138" player_name="Marc Bartra">3</Player>
    <Player player_id="19534" player_name="Javi García">1</Player>
    <Player player_id="86813" player_name="Aissa Mandi">1</Player>
    <Player player_id="432751" player_name="Loren Morón">1</Player>
    <Player player_id="182960" player_name="Pau López">1</Player>
  </Player>
</SoccerFeed>