﻿<?xml version="1.0" encoding="UTF-8"?>
<!-- Copyright 2001-2019 Opta Sportsdata Ltd. All rights reserved. -->
<!-- PRODUCTION HEADER
     produced on:        valde-jobq-a02.nexus.opta.net
     production time:    20190213T190641,596Z
     production module:  Opta::Feed::XML::Soccer::F27
-->
<SoccerFeed act_minute="95" act_period="2" act_second="57" away_team_id="953" away_team_name="Eibar" competition_id="23" competition_name="Spanish La Liga" game_date="2019-02-10 17:30:00" game_id="1009544" home_team_id="179" home_team_name="Sevilla" season_id="2018" season_name="Season 2018/2019" team_id="953" team_name="Eibar">
  <Player cross_lost="0" cross_success="0" jersey_num="5" pass_lost="4" pass_success="5" player_id="156305" player_name="Gonzalo Escalante" position="Substitute" position_id="5" sub_on="72" x="46.07" y="51.34">
    <Player player_id="195364" player_name="Joan Jordán">1</Player>
    <Player player_id="48854" player_name="Fabián Orellana">1</Player>
    <Player player_id="59140" player_name="Cote">2</Player>
    <Player player_id="87499" player_name="Paulo Oliveira">1</Player>
  </Player>
  <Player cross_lost="1" cross_success="2" jersey_num="24" pass_lost="12" pass_success="34" player_id="195364" player_name="Joan Jordán" position="Midfielder" position_id="3" x="54.78" y="51.73">
    <Player player_id="156305" player_name="Gonzalo Escalante">2</Player>
    <Player player_id="80791" player_name="Sergi Enrich">2</Player>
    <Player cross="1" player_id="87026" player_name="Anaitz Arbilla">3</Player>
    <Player cross="1" player_id="179268" player_name="Marc Cucurella">4</Player>
    <Player player_id="48854" player_name="Fabián Orellana">2</Player>
    <Player player_id="126290" player_name="Rubén Peña">7</Player>
    <Player player_id="86349" player_name="Charles">2</Player>
    <Player player_id="17906" player_name="Iván Ramis">2</Player>
    <Player player_id="59140" player_name="Cote">9</Player>
  </Player>
  <Player cross_lost="0" cross_success="0" jersey_num="17" pass_lost="2" pass_success="4" player_id="61597" player_name="Kike García" position="Substitute" position_id="5" sub_on="83" x="61.11" y="33.71">
    <Player player_id="126290" player_name="Rubén Peña">1</Player>
    <Player player_id="48854" player_name="Fabián Orellana">1</Player>
    <Player player_id="87026" player_name="Anaitz Arbilla">2</Player>
  </Player>
  <Player cross_lost="0" cross_success="0" jersey_num="13" pass_lost="20" pass_success="11" player_id="17973" player_name="Asier Riesgo" position="Goalkeeper" position_id="1" x="9.28" y="50.85">
    <Player player_id="80791" player_name="Sergi Enrich">5</Player>
    <Player player_id="48854" player_name="Fabián Orellana">1</Player>
    <Player player_id="126290" player_name="Rubén Peña">1</Player>
    <Player player_id="86349" player_name="Charles">4</Player>
  </Player>
  <Player cross_lost="0" cross_success="0" jersey_num="9" pass_lost="11" pass_success="16" player_id="80791" player_name="Sergi Enrich" position="Forward" position_id="4" sub_off="72" x="65.66" y="42.26">
    <Player player_id="195364" player_name="Joan Jordán">4</Player>
    <Player player_id="27672" player_name="Pape Diop">2</Player>
    <Player player_id="87026" player_name="Anaitz Arbilla">1</Player>
    <Player player_id="48854" player_name="Fabián Orellana">4</Player>
    <Player player_id="126290" player_name="Rubén Peña">3</Player>
    <Player player_id="86349" player_name="Charles">1</Player>
    <Player player_id="179268" player_name="Marc Cucurella">1</Player>
  </Player>
  <Player cross_lost="1" cross_success="0" jersey_num="8" pass_lost="7" pass_success="23" player_id="27672" player_name="Pape Diop" position="Midfielder" position_id="3" x="51.99" y="45.58">
    <Player player_id="195364" player_name="Joan Jordán">2</Player>
    <Player player_id="61597" player_name="Kike García">1</Player>
    <Player player_id="17973" player_name="Asier Riesgo">1</Player>
    <Player player_id="80791" player_name="Sergi Enrich">3</Player>
    <Player player_id="126290" player_name="Rubén Peña">1</Player>
    <Player player_id="48854" player_name="Fabián Orellana">2</Player>
    <Player player_id="87026" player_name="Anaitz Arbilla">4</Player>
    <Player player_id="17906" player_name="Iván Ramis">1</Player>
    <Player player_id="86349" player_name="Charles">2</Player>
    <Player player_id="59140" player_name="Cote">2</Player>
    <Player player_id="179268" player_name="Marc Cucurella">4</Player>
  </Player>
  <Player cross_lost="3" cross_success="0" jersey_num="14" pass_lost="9" pass_success="20" player_id="48854" player_name="Fabián Orellana" position="Midfielder" position_id="3" x="60.96" y="32.83">
    <Player player_id="156305" player_name="Gonzalo Escalante">2</Player>
    <Player player_id="195364" player_name="Joan Jordán">3</Player>
    <Player player_id="80791" player_name="Sergi Enrich">1</Player>
    <Player player_id="27672" player_name="Pape Diop">6</Player>
    <Player player_id="126290" player_name="Rubén Peña">2</Player>
    <Player player_id="17906" player_name="Iván Ramis">2</Player>
    <Player player_id="59140" player_name="Cote">2</Player>
    <Player player_id="179268" player_name="Marc Cucurella">2</Player>
  </Player>
  <Player cross_lost="0" cross_success="0" jersey_num="23" pass_lost="6" pass_success="26" player_id="87026" player_name="Anaitz Arbilla" position="Defender" position_id="2" x="33.81" y="65.47">
    <Player player_id="156305" player_name="Gonzalo Escalante">1</Player>
    <Player player_id="195364" player_name="Joan Jordán">4</Player>
    <Player player_id="61597" player_name="Kike García">1</Player>
    <Player player_id="17973" player_name="Asier Riesgo">1</Player>
    <Player player_id="80791" player_name="Sergi Enrich">1</Player>
    <Player player_id="27672" player_name="Pape Diop">2</Player>
    <Player player_id="126290" player_name="Rubén Peña">1</Player>
    <Player player_id="48854" player_name="Fabián Orellana">3</Player>
    <Player player_id="86349" player_name="Charles">3</Player>
    <Player player_id="17906" player_name="Iván Ramis">1</Player>
    <Player player_id="59140" player_name="Cote">8</Player>
  </Player>
  <Player cross_lost="2" cross_success="0" jersey_num="11" pass_lost="13" pass_success="22" player_id="126290" player_name="Rubén Peña" position="Defender" position_id="2" x="46.79" y="15.03">
    <Player player_id="156305" player_name="Gonzalo Escalante">1</Player>
    <Player player_id="195364" player_name="Joan Jordán">5</Player>
    <Player player_id="80791" player_name="Sergi Enrich">5</Player>
    <Player player_id="27672" player_name="Pape Diop">1</Player>
    <Player player_id="48854" player_name="Fabián Orellana">5</Player>
    <Player player_id="86349" player_name="Charles">1</Player>
    <Player player_id="17906" player_name="Iván Ramis">3</Player>
    <Player player_id="59140" player_name="Cote">1</Player>
  </Player>
  <Player cross_lost="0" cross_success="0" jersey_num="4" pass_lost="3" pass_success="19" player_id="17906" player_name="Iván Ramis" position="Defender" position_id="2" sub_off="57" x="29.79" y="36.02">
    <Player player_id="195364" player_name="Joan Jordán">1</Player>
    <Player player_id="17973" player_name="Asier Riesgo">1</Player>
    <Player player_id="80791" player_name="Sergi Enrich">3</Player>
    <Player player_id="27672" player_name="Pape Diop">1</Player>
    <Player player_id="126290" player_name="Rubén Peña">5</Player>
    <Player player_id="48854" player_name="Fabián Orellana">2</Player>
    <Player player_id="87026" player_name="Anaitz Arbilla">4</Player>
    <Player player_id="59140" player_name="Cote">1</Player>
    <Player player_id="179268" player_name="Marc Cucurella">1</Player>
  </Player>
  <Player cross_lost="0" cross_success="0" jersey_num="19" pass_lost="5" pass_success="14" player_id="86349" player_name="Charles" position="Forward" position_id="4" sub_off="83" x="63.78" y="43.42">
    <Player player_id="195364" player_name="Joan Jordán">2</Player>
    <Player player_id="80791" player_name="Sergi Enrich">1</Player>
    <Player player_id="48854" player_name="Fabián Orellana">5</Player>
    <Player player_id="126290" player_name="Rubén Peña">2</Player>
    <Player player_id="17906" player_name="Iván Ramis">1</Player>
    <Player player_id="179268" player_name="Marc Cucurella">3</Player>
  </Player>
  <Player cross_lost="6" cross_success="3" jersey_num="15" pass_lost="16" pass_success="16" player_id="59140" player_name="Cote" position="Defender" position_id="2" x="38.56" y="82.99">
    <Player player_id="156305" player_name="Gonzalo Escalante">1</Player>
    <Player player_id="17973" player_name="Asier Riesgo">1</Player>
    <Player player_id="80791" player_name="Sergi Enrich">1</Player>
    <Player player_id="87026" player_name="Anaitz Arbilla">3</Player>
    <Player cross="2" player_id="48854" player_name="Fabián Orellana">1</Player>
    <Player cross="1" player_id="86349" player_name="Charles">2</Player>
    <Player player_id="17906" player_name="Iván Ramis">4</Player>
    <Player player_id="179268" player_name="Marc Cucurella">3</Player>
  </Player>
  <Player cross_lost="0" cross_success="0" jersey_num="12" pass_lost="3" pass_success="2" player_id="87499" player_name="Paulo Oliveira" position="Substitute" position_id="5" sub_on="57" x="25.29" y="44.27">
    <Player player_id="80791" player_name="Sergi Enrich">1</Player>
    <Player player_id="179268" player_name="Marc Cucurella">1</Player>
  </Player>
  <Player cross_lost="3" cross_success="1" jersey_num="20" pass_lost="5" pass_success="18" player_id="179268" player_name="Marc Cucurella" position="Midfielder" position_id="3" x="57.62" y="77.38">
    <Player player_id="195364" player_name="Joan Jordán">7</Player>
    <Player player_id="27672" player_name="Pape Diop">2</Player>
    <Player player_id="48854" player_name="Fabián Orellana">4</Player>
    <Player player_id="126290" player_name="Rubén Peña">1</Player>
    <Player cross="1" player_id="86349" player_name="Charles">1</Player>
    <Player player_id="59140" player_name="Cote">3</Player>
  </Player>
</SoccerFeed>