﻿<?xml version="1.0" encoding="UTF-8"?>
<!-- Copyright 2001-2018 Opta Sportsdata Ltd. All rights reserved. -->
<!-- PRODUCTION HEADER
     produced on:        valde-jobq-a02.nexus.opta.net
     production time:    20180904T184357,194Z
     production module:  Opta::Feed::XML::Soccer::F27
-->
<SoccerFeed act_minute="94" act_period="2" act_second="15" away_team_id="957" away_team_name="Leganés" competition_id="23" competition_name="Spanish La Liga" game_date="2018-09-01 19:45:00" game_id="1009345" home_team_id="186" home_team_name="Real Madrid" season_id="2018" season_name="Season 2018/2019" team_id="957" team_name="Leganés">
  <Player cross_lost="0" cross_success="1" jersey_num="17" pass_lost="1" pass_success="12" player_id="90483" player_name="Javier Eraso" position="Midfielder" position_id="3" sub_off="69" x="49.76" y="43.30">
    <Player player_id="161030" player_name="Gerard Gumbau">1</Player>
    <Player player_id="59945" player_name="Rubén Pérez">3</Player>
    <Player cross="1" player_id="152582" player_name="Michael Santos">0</Player>
    <Player player_id="112540" player_name="Unai Bustinza">2</Player>
    <Player player_id="40380" player_name="Nabil El Zhar">2</Player>
    <Player player_id="47645" player_name="Juanfran">3</Player>
    <Player player_id="98914" player_name="Guido Carrillo">1</Player>
  </Player>
  <Player cross_lost="0" cross_success="0" jersey_num="23" pass_lost="0" pass_success="7" player_id="197326" player_name="Mikel Vesga" position="Substitute" position_id="5" sub_on="69" x="42.21" y="34.53">
    <Player player_id="161030" player_name="Gerard Gumbau">1</Player>
    <Player player_id="234991" player_name="Youssef En-Nesyri">2</Player>
    <Player player_id="59945" player_name="Rubén Pérez">2</Player>
    <Player player_id="116132" player_name="Jonathan Silva">1</Player>
    <Player player_id="148011" player_name="Diego Rolan">1</Player>
  </Player>
  <Player cross_lost="0" cross_success="0" jersey_num="6" pass_lost="6" pass_success="18" player_id="161030" player_name="Gerard Gumbau" position="Midfielder" position_id="3" x="44.16" y="72.83">
    <Player player_id="90483" player_name="Javier Eraso">2</Player>
    <Player player_id="59945" player_name="Rubén Pérez">4</Player>
    <Player player_id="152582" player_name="Michael Santos">2</Player>
    <Player player_id="53020" player_name="Dimitrios Siovas">1</Player>
    <Player player_id="116132" player_name="Jonathan Silva">3</Player>
    <Player player_id="148011" player_name="Diego Rolan">1</Player>
    <Player player_id="47645" player_name="Juanfran">2</Player>
    <Player player_id="98914" player_name="Guido Carrillo">3</Player>
  </Player>
  <Player cross_lost="0" cross_success="0" jersey_num="1" pass_lost="12" pass_success="14" player_id="16261" player_name="Iván Cuéllar" position="Goalkeeper" position_id="1" x="8.51" y="56.52">
    <Player player_id="161030" player_name="Gerard Gumbau">1</Player>
    <Player player_id="234991" player_name="Youssef En-Nesyri">1</Player>
    <Player player_id="152582" player_name="Michael Santos">1</Player>
    <Player player_id="53020" player_name="Dimitrios Siovas">1</Player>
    <Player player_id="116132" player_name="Jonathan Silva">3</Player>
    <Player player_id="47645" player_name="Juanfran">1</Player>
    <Player player_id="98914" player_name="Guido Carrillo">6</Player>
  </Player>
  <Player cross_lost="0" cross_success="0" jersey_num="26" pass_lost="1" pass_success="2" player_id="234991" player_name="Youssef En-Nesyri" position="Substitute" position_id="5" sub_on="70" x="58.69" y="21.79">
    <Player player_id="112540" player_name="Unai Bustinza">1</Player>
    <Player player_id="98914" player_name="Guido Carrillo">1</Player>
  </Player>
  <Player cross_lost="0" cross_success="0" jersey_num="21" pass_lost="5" pass_success="31" player_id="59945" player_name="Rubén Pérez" position="Midfielder" position_id="3" x="36.99" y="45.97">
    <Player player_id="161030" player_name="Gerard Gumbau">3</Player>
    <Player player_id="197326" player_name="Mikel Vesga">1</Player>
    <Player player_id="152582" player_name="Michael Santos">1</Player>
    <Player player_id="53020" player_name="Dimitrios Siovas">3</Player>
    <Player player_id="47645" player_name="Juanfran">4</Player>
    <Player player_id="16261" player_name="Iván Cuéllar">1</Player>
    <Player player_id="112540" player_name="Unai Bustinza">6</Player>
    <Player player_id="40380" player_name="Nabil El Zhar">7</Player>
    <Player player_id="116132" player_name="Jonathan Silva">2</Player>
    <Player player_id="148011" player_name="Diego Rolan">1</Player>
    <Player player_id="98914" player_name="Guido Carrillo">2</Player>
  </Player>
  <Player cross_lost="0" cross_success="0" jersey_num="3" pass_lost="8" pass_success="21" player_id="112540" player_name="Unai Bustinza" position="Defender" position_id="2" x="24.49" y="32.80">
    <Player player_id="90483" player_name="Javier Eraso">1</Player>
    <Player player_id="161030" player_name="Gerard Gumbau">2</Player>
    <Player player_id="234991" player_name="Youssef En-Nesyri">1</Player>
    <Player player_id="59945" player_name="Rubén Pérez">4</Player>
    <Player player_id="53020" player_name="Dimitrios Siovas">5</Player>
    <Player player_id="47645" player_name="Juanfran">5</Player>
    <Player player_id="98914" player_name="Guido Carrillo">3</Player>
  </Player>
  <Player cross_lost="0" cross_success="0" jersey_num="20" pass_lost="1" pass_success="12" player_id="152582" player_name="Michael Santos" position="Forward" position_id="4" sub_off="81" x="54.68" y="76.79">
    <Player player_id="90483" player_name="Javier Eraso">3</Player>
    <Player player_id="161030" player_name="Gerard Gumbau">2</Player>
    <Player player_id="59945" player_name="Rubén Pérez">1</Player>
    <Player player_id="112540" player_name="Unai Bustinza">1</Player>
    <Player player_id="40380" player_name="Nabil El Zhar">1</Player>
    <Player player_id="116132" player_name="Jonathan Silva">3</Player>
    <Player player_id="98914" player_name="Guido Carrillo">1</Player>
  </Player>
  <Player cross_lost="0" cross_success="0" jersey_num="22" pass_lost="3" pass_success="17" player_id="53020" player_name="Dimitrios Siovas" position="Defender" position_id="2" x="29.60" y="74.23">
    <Player player_id="16261" player_name="Iván Cuéllar">2</Player>
    <Player player_id="234991" player_name="Youssef En-Nesyri">1</Player>
    <Player player_id="59945" player_name="Rubén Pérez">6</Player>
    <Player player_id="112540" player_name="Unai Bustinza">3</Player>
    <Player player_id="116132" player_name="Jonathan Silva">5</Player>
  </Player>
  <Player cross_lost="0" cross_success="0" jersey_num="10" pass_lost="1" pass_success="9" player_id="40380" player_name="Nabil El Zhar" position="Midfielder" position_id="3" sub_off="70" x="54.87" y="33.80">
    <Player player_id="90483" player_name="Javier Eraso">2</Player>
    <Player player_id="161030" player_name="Gerard Gumbau">1</Player>
    <Player player_id="152582" player_name="Michael Santos">1</Player>
    <Player player_id="47645" player_name="Juanfran">5</Player>
  </Player>
  <Player cross_lost="2" cross_success="3" jersey_num="5" pass_lost="13" pass_success="14" player_id="116132" player_name="Jonathan Silva" position="Defender" position_id="2" x="35.76" y="86.72">
    <Player player_id="90483" player_name="Javier Eraso">1</Player>
    <Player player_id="161030" player_name="Gerard Gumbau">3</Player>
    <Player player_id="16261" player_name="Iván Cuéllar">1</Player>
    <Player cross="1" player_id="234991" player_name="Youssef En-Nesyri">0</Player>
    <Player player_id="59945" player_name="Rubén Pérez">1</Player>
    <Player cross="2" player_id="152582" player_name="Michael Santos">4</Player>
    <Player player_id="148011" player_name="Diego Rolan">3</Player>
    <Player player_id="98914" player_name="Guido Carrillo">1</Player>
  </Player>
  <Player cross_lost="0" cross_success="0" jersey_num="4" pass_lost="0" pass_success="3" player_id="148011" player_name="Diego Rolan" position="Substitute" position_id="5" sub_on="81" x="67.97" y="85.44">
    <Player player_id="116132" player_name="Jonathan Silva">3</Player>
  </Player>
  <Player cross_lost="5" cross_success="0" jersey_num="2" pass_lost="5" pass_success="17" player_id="47645" player_name="Juanfran" position="Defender" position_id="2" x="40.16" y="15.59">
    <Player player_id="90483" player_name="Javier Eraso">3</Player>
    <Player player_id="197326" player_name="Mikel Vesga">2</Player>
    <Player player_id="234991" player_name="Youssef En-Nesyri">1</Player>
    <Player player_id="59945" player_name="Rubén Pérez">3</Player>
    <Player player_id="112540" player_name="Unai Bustinza">5</Player>
    <Player player_id="40380" player_name="Nabil El Zhar">2</Player>
    <Player player_id="116132" player_name="Jonathan Silva">1</Player>
  </Player>
  <Player cross_lost="0" cross_success="0" jersey_num="9" pass_lost="9" pass_success="13" player_id="98914" player_name="Guido Carrillo" position="Forward" position_id="4" x="56.09" y="64.53">
    <Player player_id="90483" player_name="Javier Eraso">1</Player>
    <Player player_id="161030" player_name="Gerard Gumbau">2</Player>
    <Player player_id="234991" player_name="Youssef En-Nesyri">1</Player>
    <Player player_id="59945" player_name="Rubén Pérez">3</Player>
    <Player player_id="152582" player_name="Michael Santos">3</Player>
    <Player player_id="116132" player_name="Jonathan Silva">1</Player>
    <Player player_id="148011" player_name="Diego Rolan">1</Player>
    <Player player_id="47645" player_name="Juanfran">1</Player>
  </Player>
</SoccerFeed>