﻿<?xml version="1.0" encoding="UTF-8"?>
<!-- Copyright 2001-2018 Opta Sportsdata Ltd. All rights reserved. -->
<!-- PRODUCTION HEADER
     produced on:        valde-jobq-a01.nexus.opta.net
     production time:    20181023T112213,195Z
     production module:  Opta::Feed::XML::Soccer::F27
-->
<SoccerFeed act_minute="95" act_period="2" act_second="25" away_team_id="173" away_team_name="Alavés" competition_id="23" competition_name="Spanish La Liga" game_date="2018-10-19 20:00:00" game_id="1009398" home_team_id="176" home_team_name="Celta de Vigo" season_id="2018" season_name="Season 2018/2019" team_id="173" team_name="Alavés">
  <Player cross_lost="0" cross_success="0" jersey_num="19" pass_lost="7" pass_success="32" player_id="55378" player_name="Manu García" position="Midfielder" position_id="3" x="49.28" y="61.02">
    <Player player_id="112994" player_name="Rubén Sobrino">2</Player>
    <Player player_id="246162" player_name="Martín Aguirregabiria">1</Player>
    <Player player_id="90728" player_name="Ximo Navarro">2</Player>
    <Player player_id="55179" player_name="Mubarak Wakaso">1</Player>
    <Player player_id="126119" player_name="Rubén Duarte">4</Player>
    <Player player_id="84471" player_name="Ibai Gómez">2</Player>
    <Player player_id="84700" player_name="Darko Brasanac">3</Player>
    <Player player_id="92190" player_name="Jony">10</Player>
    <Player player_id="80956" player_name="Tomás Pina">5</Player>
    <Player player_id="49370" player_name="Víctor Laguardia">2</Player>
  </Player>
  <Player cross_lost="0" cross_success="0" jersey_num="7" pass_lost="2" pass_success="4" player_id="112994" player_name="Rubén Sobrino" position="Substitute" position_id="5" sub_on="74" x="53.35" y="60.49">
    <Player player_id="55378" player_name="Manu García">1</Player>
    <Player player_id="55179" player_name="Mubarak Wakaso">1</Player>
    <Player player_id="84471" player_name="Ibai Gómez">1</Player>
    <Player player_id="92190" player_name="Jony">1</Player>
  </Player>
  <Player cross_lost="2" cross_success="0" jersey_num="21" pass_lost="9" pass_success="23" player_id="246162" player_name="Martín Aguirregabiria" position="Defender" position_id="2" x="38.22" y="12.50">
    <Player player_id="55378" player_name="Manu García">2</Player>
    <Player player_id="91406" player_name="Fernando Pacheco">1</Player>
    <Player player_id="84471" player_name="Ibai Gómez">8</Player>
    <Player player_id="84700" player_name="Darko Brasanac">3</Player>
    <Player player_id="49370" player_name="Víctor Laguardia">3</Player>
    <Player player_id="80956" player_name="Tomás Pina">6</Player>
  </Player>
  <Player cross_lost="3" cross_success="0" jersey_num="12" pass_lost="4" pass_success="10" player_id="168287" player_name="Jonathan Calleri" position="Forward" position_id="4" sub_off="74" x="67.16" y="51.20">
    <Player player_id="55378" player_name="Manu García">3</Player>
    <Player player_id="84471" player_name="Ibai Gómez">1</Player>
    <Player player_id="84700" player_name="Darko Brasanac">1</Player>
    <Player player_id="126119" player_name="Rubén Duarte">1</Player>
    <Player player_id="92190" player_name="Jony">4</Player>
  </Player>
  <Player cross_lost="0" cross_success="0" jersey_num="1" pass_lost="11" pass_success="12" player_id="91406" player_name="Fernando Pacheco" position="Goalkeeper" position_id="1" x="7.16" y="49.96">
    <Player player_id="55378" player_name="Manu García">1</Player>
    <Player player_id="168287" player_name="Jonathan Calleri">1</Player>
    <Player player_id="246162" player_name="Martín Aguirregabiria">5</Player>
    <Player player_id="84471" player_name="Ibai Gómez">2</Player>
    <Player player_id="49370" player_name="Víctor Laguardia">2</Player>
    <Player player_id="80956" player_name="Tomás Pina">1</Player>
  </Player>
  <Player cross_lost="0" cross_success="0" jersey_num="15" pass_lost="7" pass_success="21" player_id="90728" player_name="Ximo Navarro" position="Defender" position_id="2" x="28.55" y="66.08">
    <Player player_id="55378" player_name="Manu García">3</Player>
    <Player player_id="168287" player_name="Jonathan Calleri">1</Player>
    <Player player_id="91406" player_name="Fernando Pacheco">1</Player>
    <Player player_id="84700" player_name="Darko Brasanac">2</Player>
    <Player player_id="126119" player_name="Rubén Duarte">5</Player>
    <Player player_id="92190" player_name="Jony">3</Player>
    <Player player_id="80956" player_name="Tomás Pina">4</Player>
    <Player player_id="49370" player_name="Víctor Laguardia">2</Player>
  </Player>
  <Player cross_lost="0" cross_success="0" jersey_num="22" pass_lost="2" pass_success="5" player_id="55179" player_name="Mubarak Wakaso" position="Substitute" position_id="5" sub_on="76" x="43.62" y="43.96">
    <Player player_id="246162" player_name="Martín Aguirregabiria">2</Player>
    <Player player_id="84471" player_name="Ibai Gómez">1</Player>
    <Player player_id="92190" player_name="Jony">1</Player>
    <Player player_id="49370" player_name="Víctor Laguardia">1</Player>
  </Player>
  <Player cross_lost="1" cross_success="0" jersey_num="20" pass_lost="5" pass_success="18" player_id="84700" player_name="Darko Brasanac" position="Midfielder" position_id="3" sub_off="76" x="53.11" y="38.86">
    <Player player_id="55378" player_name="Manu García">1</Player>
    <Player player_id="246162" player_name="Martín Aguirregabiria">4</Player>
    <Player player_id="84471" player_name="Ibai Gómez">5</Player>
    <Player player_id="92190" player_name="Jony">1</Player>
    <Player player_id="49370" player_name="Víctor Laguardia">1</Player>
    <Player player_id="168287" player_name="Jonathan Calleri">2</Player>
    <Player player_id="90728" player_name="Ximo Navarro">2</Player>
    <Player player_id="126119" player_name="Rubén Duarte">1</Player>
    <Player player_id="80956" player_name="Tomás Pina">1</Player>
  </Player>
  <Player cross_lost="4" cross_success="0" jersey_num="11" pass_lost="10" pass_success="36" player_id="84471" player_name="Ibai Gómez" position="Forward" position_id="4" x="51.80" y="29.39">
    <Player player_id="55378" player_name="Manu García">2</Player>
    <Player player_id="246162" player_name="Martín Aguirregabiria">5</Player>
    <Player player_id="92190" player_name="Jony">2</Player>
    <Player player_id="49370" player_name="Víctor Laguardia">4</Player>
    <Player player_id="112994" player_name="Rubén Sobrino">1</Player>
    <Player player_id="168287" player_name="Jonathan Calleri">4</Player>
    <Player player_id="90728" player_name="Ximo Navarro">3</Player>
    <Player player_id="126119" player_name="Rubén Duarte">4</Player>
    <Player player_id="84700" player_name="Darko Brasanac">7</Player>
    <Player player_id="55179" player_name="Mubarak Wakaso">1</Player>
    <Player player_id="80956" player_name="Tomás Pina">3</Player>
  </Player>
  <Player cross_lost="1" cross_success="0" jersey_num="3" pass_lost="5" pass_success="22" player_id="126119" player_name="Rubén Duarte" position="Defender" position_id="2" x="48.11" y="81.54">
    <Player player_id="55378" player_name="Manu García">4</Player>
    <Player player_id="168287" player_name="Jonathan Calleri">1</Player>
    <Player player_id="90728" player_name="Ximo Navarro">2</Player>
    <Player player_id="84700" player_name="Darko Brasanac">1</Player>
    <Player player_id="84471" player_name="Ibai Gómez">2</Player>
    <Player player_id="92190" player_name="Jony">7</Player>
    <Player player_id="49370" player_name="Víctor Laguardia">3</Player>
    <Player player_id="80956" player_name="Tomás Pina">1</Player>
  </Player>
  <Player cross_lost="0" cross_success="0" jersey_num="18" pass_lost="0" pass_success="1" player_id="83091" player_name="Borja Bastón" position="Substitute" position_id="5" sub_on="90+3" x="39.75" y="20.70">
    <Player player_id="55378" player_name="Manu García">1</Player>
  </Player>
  <Player cross_lost="4" cross_success="1" jersey_num="23" pass_lost="8" pass_success="21" player_id="92190" player_name="Jony" position="Forward" position_id="4" sub_off="90+3" x="56.80" y="82.82">
    <Player cross="1" player_id="55378" player_name="Manu García">6</Player>
    <Player player_id="90728" player_name="Ximo Navarro">1</Player>
    <Player player_id="84471" player_name="Ibai Gómez">3</Player>
    <Player player_id="84700" player_name="Darko Brasanac">3</Player>
    <Player player_id="126119" player_name="Rubén Duarte">6</Player>
    <Player player_id="49370" player_name="Víctor Laguardia">1</Player>
    <Player player_id="80956" player_name="Tomás Pina">1</Player>
  </Player>
  <Player cross_lost="0" cross_success="0" jersey_num="5" pass_lost="14" pass_success="25" player_id="49370" player_name="Víctor Laguardia" position="Defender" position_id="2" x="31.69" y="29.98">
    <Player player_id="55378" player_name="Manu García">2</Player>
    <Player player_id="246162" player_name="Martín Aguirregabiria">3</Player>
    <Player player_id="168287" player_name="Jonathan Calleri">5</Player>
    <Player player_id="91406" player_name="Fernando Pacheco">3</Player>
    <Player player_id="90728" player_name="Ximo Navarro">1</Player>
    <Player player_id="55179" player_name="Mubarak Wakaso">1</Player>
    <Player player_id="84700" player_name="Darko Brasanac">3</Player>
    <Player player_id="84471" player_name="Ibai Gómez">2</Player>
    <Player player_id="80956" player_name="Tomás Pina">5</Player>
  </Player>
  <Player cross_lost="1" cross_success="0" jersey_num="8" pass_lost="6" pass_success="37" player_id="80956" player_name="Tomás Pina" position="Midfielder" position_id="3" x="42.17" y="47.25">
    <Player player_id="55378" player_name="Manu García">7</Player>
    <Player player_id="246162" player_name="Martín Aguirregabiria">3</Player>
    <Player player_id="84471" player_name="Ibai Gómez">5</Player>
    <Player player_id="92190" player_name="Jony">7</Player>
    <Player player_id="49370" player_name="Víctor Laguardia">5</Player>
    <Player player_id="168287" player_name="Jonathan Calleri">4</Player>
    <Player player_id="91406" player_name="Fernando Pacheco">1</Player>
    <Player player_id="90728" player_name="Ximo Navarro">3</Player>
    <Player player_id="84700" player_name="Darko Brasanac">1</Player>
    <Player player_id="55179" player_name="Mubarak Wakaso">1</Player>
  </Player>
</SoccerFeed>