﻿<?xml version="1.0" encoding="UTF-8"?>
<!-- Copyright 2001-2018 Opta Sportsdata Ltd. All rights reserved. -->
<!-- PRODUCTION HEADER
     produced on:        valde-jobq-a03.nexus.opta.net
     production time:    20181009T213041,369Z
     production module:  Opta::Feed::XML::Soccer::F27
-->
<SoccerFeed act_minute="93" act_period="2" act_second="0" away_team_id="449" away_team_name="Villarreal" competition_id="23" competition_name="Spanish La Liga" game_date="2018-10-07 17:30:00" game_id="1009389" home_team_id="177" home_team_name="Espanyol" season_id="2018" season_name="Season 2018/2019" team_id="449" team_name="Villarreal">
  <Player cross_lost="0" cross_success="0" jersey_num="3" pass_lost="8" pass_success="27" player_id="96084" player_name="Álvaro González" position="Defender" position_id="2" x="32.42" y="35.10">
    <Player player_id="51948" player_name="Víctor Ruiz">3</Player>
    <Player player_id="48772" player_name="Sergio Asenjo">1</Player>
    <Player player_id="98961" player_name="Manu Trigueros">4</Player>
    <Player player_id="93721" player_name="Gerard Moreno">3</Player>
    <Player player_id="217593" player_name="Pablo Fornals">2</Player>
    <Player player_id="220162" player_name="Miguelón">5</Player>
    <Player player_id="121221" player_name="Ramiro Funes Mori">3</Player>
    <Player player_id="193454" player_name="Karl Toko Ekambi">2</Player>
    <Player player_id="58792" player_name="Jaume Costa">1</Player>
    <Player player_id="73698" player_name="Miguel Layún">3</Player>
  </Player>
  <Player cross_lost="0" cross_success="0" jersey_num="6" pass_lost="5" pass_success="30" player_id="51948" player_name="Víctor Ruiz" position="Defender" position_id="2" sub_off="86" x="30.15" y="71.88">
    <Player player_id="96084" player_name="Álvaro González">5</Player>
    <Player player_id="48772" player_name="Sergio Asenjo">1</Player>
    <Player player_id="98961" player_name="Manu Trigueros">3</Player>
    <Player player_id="217593" player_name="Pablo Fornals">8</Player>
    <Player player_id="220162" player_name="Miguelón">2</Player>
    <Player player_id="121221" player_name="Ramiro Funes Mori">5</Player>
    <Player player_id="58792" player_name="Jaume Costa">5</Player>
    <Player player_id="73698" player_name="Miguel Layún">1</Player>
  </Player>
  <Player cross_lost="1" cross_success="0" jersey_num="22" pass_lost="0" pass_success="7" player_id="240071" player_name="Raba" position="Substitute" position_id="5" sub_on="80" x="61.22" y="51.05">
    <Player player_id="96084" player_name="Álvaro González">1</Player>
    <Player player_id="111274" player_name="Carlos Bacca">1</Player>
    <Player player_id="98961" player_name="Manu Trigueros">1</Player>
    <Player player_id="217593" player_name="Pablo Fornals">1</Player>
    <Player player_id="58792" player_name="Jaume Costa">1</Player>
    <Player player_id="73698" player_name="Miguel Layún">2</Player>
  </Player>
  <Player cross_lost="0" cross_success="0" jersey_num="1" pass_lost="7" pass_success="16" player_id="48772" player_name="Sergio Asenjo" position="Goalkeeper" position_id="1" x="6.94" y="49.01">
    <Player player_id="96084" player_name="Álvaro González">8</Player>
    <Player player_id="51948" player_name="Víctor Ruiz">1</Player>
    <Player player_id="93721" player_name="Gerard Moreno">1</Player>
    <Player player_id="217593" player_name="Pablo Fornals">1</Player>
    <Player player_id="220162" player_name="Miguelón">1</Player>
    <Player player_id="121221" player_name="Ramiro Funes Mori">2</Player>
    <Player player_id="73698" player_name="Miguel Layún">2</Player>
  </Player>
  <Player cross_lost="2" cross_success="0" jersey_num="9" pass_lost="1" pass_success="4" player_id="111274" player_name="Carlos Bacca" position="Substitute" position_id="5" sub_on="67" x="69.08" y="70.98">
    <Player player_id="217593" player_name="Pablo Fornals">2</Player>
    <Player player_id="220162" player_name="Miguelón">1</Player>
    <Player player_id="58792" player_name="Jaume Costa">1</Player>
  </Player>
  <Player cross_lost="0" cross_success="0" jersey_num="14" pass_lost="2" pass_success="52" player_id="98961" player_name="Manu Trigueros" position="Midfielder" position_id="3" x="47.58" y="56.43">
    <Player player_id="96084" player_name="Álvaro González">3</Player>
    <Player player_id="51948" player_name="Víctor Ruiz">8</Player>
    <Player player_id="240071" player_name="Raba">1</Player>
    <Player player_id="111274" player_name="Carlos Bacca">2</Player>
    <Player player_id="93721" player_name="Gerard Moreno">5</Player>
    <Player player_id="217593" player_name="Pablo Fornals">6</Player>
    <Player player_id="220162" player_name="Miguelón">4</Player>
    <Player player_id="121221" player_name="Ramiro Funes Mori">10</Player>
    <Player player_id="58792" player_name="Jaume Costa">7</Player>
    <Player player_id="73698" player_name="Miguel Layún">6</Player>
  </Player>
  <Player cross_lost="0" cross_success="0" jersey_num="7" pass_lost="4" pass_success="22" player_id="93721" player_name="Gerard Moreno" position="Forward" position_id="4" x="55.33" y="38.69">
    <Player player_id="96084" player_name="Álvaro González">2</Player>
    <Player player_id="51948" player_name="Víctor Ruiz">1</Player>
    <Player player_id="98961" player_name="Manu Trigueros">5</Player>
    <Player player_id="208380" player_name="Alfonso Pedraza">1</Player>
    <Player player_id="217593" player_name="Pablo Fornals">3</Player>
    <Player player_id="121221" player_name="Ramiro Funes Mori">4</Player>
    <Player player_id="193454" player_name="Karl Toko Ekambi">4</Player>
    <Player player_id="58792" player_name="Jaume Costa">1</Player>
    <Player player_id="73698" player_name="Miguel Layún">1</Player>
  </Player>
  <Player cross_lost="0" cross_success="0" jersey_num="16" pass_lost="0" pass_success="0" player_id="208380" player_name="Alfonso Pedraza" position="Substitute" position_id="5" sub_on="86" x="93.90" y="68.40" />
  <Player cross_lost="0" cross_success="0" jersey_num="8" pass_lost="9" pass_success="49" player_id="217593" player_name="Pablo Fornals" position="Midfielder" position_id="3" x="52.11" y="64.33">
    <Player player_id="51948" player_name="Víctor Ruiz">1</Player>
    <Player player_id="240071" player_name="Raba">3</Player>
    <Player player_id="111274" player_name="Carlos Bacca">2</Player>
    <Player player_id="98961" player_name="Manu Trigueros">7</Player>
    <Player player_id="93721" player_name="Gerard Moreno">3</Player>
    <Player player_id="220162" player_name="Miguelón">2</Player>
    <Player player_id="121221" player_name="Ramiro Funes Mori">5</Player>
    <Player player_id="193454" player_name="Karl Toko Ekambi">7</Player>
    <Player player_id="73698" player_name="Miguel Layún">7</Player>
    <Player player_id="58792" player_name="Jaume Costa">11</Player>
  </Player>
  <Player cross_lost="2" cross_success="0" jersey_num="15" pass_lost="5" pass_success="22" player_id="220162" player_name="Miguelón" position="Defender" position_id="2" sub_off="80" x="38.02" y="17.57">
    <Player player_id="96084" player_name="Álvaro González">2</Player>
    <Player player_id="51948" player_name="Víctor Ruiz">1</Player>
    <Player player_id="98961" player_name="Manu Trigueros">2</Player>
    <Player player_id="93721" player_name="Gerard Moreno">1</Player>
    <Player player_id="217593" player_name="Pablo Fornals">2</Player>
    <Player player_id="121221" player_name="Ramiro Funes Mori">3</Player>
    <Player player_id="193454" player_name="Karl Toko Ekambi">2</Player>
    <Player player_id="73698" player_name="Miguel Layún">9</Player>
  </Player>
  <Player cross_lost="1" cross_success="0" jersey_num="17" pass_lost="4" pass_success="16" player_id="193454" player_name="Karl Toko Ekambi" position="Forward" position_id="4" sub_off="67" x="67.65" y="62.16">
    <Player player_id="98961" player_name="Manu Trigueros">1</Player>
    <Player player_id="93721" player_name="Gerard Moreno">1</Player>
    <Player player_id="217593" player_name="Pablo Fornals">8</Player>
    <Player player_id="220162" player_name="Miguelón">1</Player>
    <Player player_id="121221" player_name="Ramiro Funes Mori">2</Player>
    <Player player_id="73698" player_name="Miguel Layún">2</Player>
    <Player player_id="58792" player_name="Jaume Costa">1</Player>
  </Player>
  <Player cross_lost="0" cross_success="0" jersey_num="4" pass_lost="8" pass_success="52" player_id="121221" player_name="Ramiro Funes Mori" position="Midfielder" position_id="3" x="45.64" y="50.43">
    <Player player_id="96084" player_name="Álvaro González">2</Player>
    <Player player_id="51948" player_name="Víctor Ruiz">4</Player>
    <Player player_id="98961" player_name="Manu Trigueros">16</Player>
    <Player player_id="93721" player_name="Gerard Moreno">4</Player>
    <Player player_id="217593" player_name="Pablo Fornals">7</Player>
    <Player player_id="220162" player_name="Miguelón">2</Player>
    <Player player_id="193454" player_name="Karl Toko Ekambi">5</Player>
    <Player player_id="73698" player_name="Miguel Layún">6</Player>
    <Player player_id="58792" player_name="Jaume Costa">6</Player>
  </Player>
  <Player cross_lost="5" cross_success="0" jersey_num="11" pass_lost="2" pass_success="27" player_id="58792" player_name="Jaume Costa" position="Defender" position_id="2" x="53.32" y="84.41">
    <Player player_id="51948" player_name="Víctor Ruiz">1</Player>
    <Player player_id="111274" player_name="Carlos Bacca">2</Player>
    <Player player_id="98961" player_name="Manu Trigueros">5</Player>
    <Player player_id="217593" player_name="Pablo Fornals">7</Player>
    <Player player_id="193454" player_name="Karl Toko Ekambi">5</Player>
    <Player player_id="121221" player_name="Ramiro Funes Mori">6</Player>
    <Player player_id="73698" player_name="Miguel Layún">1</Player>
  </Player>
  <Player cross_lost="8" cross_success="3" jersey_num="24" pass_lost="7" pass_success="26" player_id="73698" player_name="Miguel Layún" position="Midfielder" position_id="3" x="59.10" y="22.78">
    <Player player_id="48772" player_name="Sergio Asenjo">1</Player>
    <Player player_id="111274" player_name="Carlos Bacca">1</Player>
    <Player player_id="98961" player_name="Manu Trigueros">2</Player>
    <Player cross="1" player_id="93721" player_name="Gerard Moreno">2</Player>
    <Player player_id="217593" player_name="Pablo Fornals">3</Player>
    <Player player_id="220162" player_name="Miguelón">5</Player>
    <Player cross="1" player_id="73698" player_name="Miguel Layún">0</Player>
    <Player cross="1" player_id="96084" player_name="Álvaro González">2</Player>
    <Player player_id="51948" player_name="Víctor Ruiz">1</Player>
    <Player player_id="240071" player_name="Raba">1</Player>
    <Player player_id="121221" player_name="Ramiro Funes Mori">7</Player>
  </Player>
</SoccerFeed>