﻿<?xml version="1.0" encoding="UTF-8"?>
<!-- Copyright 2001-2018 Opta Sportsdata Ltd. All rights reserved. -->
<!-- PRODUCTION HEADER
     produced on:        valde-jobq-a03.nexus.opta.net
     production time:    20181129T165210,160Z
     production module:  Opta::Feed::XML::Soccer::F27
-->
<SoccerFeed act_minute="94" act_period="2" act_second="0" away_team_id="191" away_team_name="Valencia CF" competition_id="23" competition_name="Spanish La Liga" game_date="2018-09-23 15:15:00" game_id="1009365" home_team_id="449" home_team_name="Villarreal" season_id="2018" season_name="Season 2018/2019" team_id="449" team_name="Villarreal">
  <Player cross_lost="0" cross_success="0" jersey_num="3" pass_lost="6" pass_success="49" player_id="96084" player_name="Álvaro González" position="Defender" position_id="2" x="30.29" y="28.32">
    <Player player_id="76610" player_name="Mario Gaspar">22</Player>
    <Player player_id="51948" player_name="Víctor Ruiz">4</Player>
    <Player player_id="48772" player_name="Sergio Asenjo">1</Player>
    <Player player_id="98961" player_name="Manu Trigueros">4</Player>
    <Player player_id="217593" player_name="Pablo Fornals">5</Player>
    <Player player_id="121221" player_name="Ramiro Funes Mori">10</Player>
    <Player player_id="73698" player_name="Miguel Layún">1</Player>
    <Player player_id="58792" player_name="Jaume Costa">2</Player>
  </Player>
  <Player cross_lost="4" cross_success="1" jersey_num="2" pass_lost="7" pass_success="54" player_id="76610" player_name="Mario Gaspar" position="Defender" position_id="2" x="52.28" y="12.38">
    <Player player_id="76610" player_name="Mario Gaspar">1</Player>
    <Player player_id="96084" player_name="Álvaro González">17</Player>
    <Player player_id="19524" player_name="Santi Cazorla">1</Player>
    <Player player_id="48772" player_name="Sergio Asenjo">1</Player>
    <Player player_id="98961" player_name="Manu Trigueros">4</Player>
    <Player player_id="111274" player_name="Carlos Bacca">1</Player>
    <Player cross="1" player_id="93721" player_name="Gerard Moreno">6</Player>
    <Player player_id="217593" player_name="Pablo Fornals">15</Player>
    <Player player_id="121221" player_name="Ramiro Funes Mori">4</Player>
    <Player player_id="73698" player_name="Miguel Layún">3</Player>
  </Player>
  <Player cross_lost="0" cross_success="0" jersey_num="6" pass_lost="4" pass_success="60" player_id="51948" player_name="Víctor Ruiz" position="Defender" position_id="2" x="38.69" y="72.61">
    <Player player_id="76610" player_name="Mario Gaspar">4</Player>
    <Player player_id="96084" player_name="Álvaro González">10</Player>
    <Player player_id="19524" player_name="Santi Cazorla">3</Player>
    <Player player_id="48772" player_name="Sergio Asenjo">1</Player>
    <Player player_id="111274" player_name="Carlos Bacca">2</Player>
    <Player player_id="98961" player_name="Manu Trigueros">6</Player>
    <Player player_id="93721" player_name="Gerard Moreno">1</Player>
    <Player player_id="208380" player_name="Alfonso Pedraza">3</Player>
    <Player player_id="217593" player_name="Pablo Fornals">1</Player>
    <Player player_id="121221" player_name="Ramiro Funes Mori">7</Player>
    <Player player_id="58792" player_name="Jaume Costa">15</Player>
    <Player player_id="73698" player_name="Miguel Layún">7</Player>
  </Player>
  <Player cross_lost="3" cross_success="0" jersey_num="19" pass_lost="1" pass_success="13" player_id="19524" player_name="Santi Cazorla" position="Substitute" position_id="5" sub_on="73" x="69.70" y="74.38">
    <Player player_id="51948" player_name="Víctor Ruiz">1</Player>
    <Player player_id="98961" player_name="Manu Trigueros">4</Player>
    <Player player_id="208380" player_name="Alfonso Pedraza">3</Player>
    <Player player_id="193454" player_name="Karl Toko Ekambi">2</Player>
    <Player player_id="121221" player_name="Ramiro Funes Mori">2</Player>
    <Player player_id="73698" player_name="Miguel Layún">1</Player>
  </Player>
  <Player cross_lost="0" cross_success="0" jersey_num="1" pass_lost="6" pass_success="18" player_id="48772" player_name="Sergio Asenjo" position="Goalkeeper" position_id="1" x="8.48" y="46.54">
    <Player player_id="76610" player_name="Mario Gaspar">1</Player>
    <Player player_id="96084" player_name="Álvaro González">8</Player>
    <Player player_id="51948" player_name="Víctor Ruiz">2</Player>
    <Player player_id="98961" player_name="Manu Trigueros">2</Player>
    <Player player_id="93721" player_name="Gerard Moreno">1</Player>
    <Player player_id="208380" player_name="Alfonso Pedraza">1</Player>
    <Player player_id="121221" player_name="Ramiro Funes Mori">1</Player>
    <Player player_id="73698" player_name="Miguel Layún">2</Player>
  </Player>
  <Player cross_lost="1" cross_success="0" jersey_num="9" pass_lost="2" pass_success="9" player_id="111274" player_name="Carlos Bacca" position="Forward" position_id="4" sub_off="81" x="63.80" y="47.33">
    <Player player_id="93721" player_name="Gerard Moreno">2</Player>
    <Player player_id="217593" player_name="Pablo Fornals">3</Player>
    <Player player_id="58792" player_name="Jaume Costa">1</Player>
    <Player player_id="73698" player_name="Miguel Layún">3</Player>
  </Player>
  <Player cross_lost="2" cross_success="0" jersey_num="14" pass_lost="5" pass_success="63" player_id="98961" player_name="Manu Trigueros" position="Midfielder" position_id="3" x="51.62" y="52.76">
    <Player player_id="76610" player_name="Mario Gaspar">9</Player>
    <Player player_id="111274" player_name="Carlos Bacca">2</Player>
    <Player player_id="93721" player_name="Gerard Moreno">4</Player>
    <Player player_id="217593" player_name="Pablo Fornals">9</Player>
    <Player player_id="193454" player_name="Karl Toko Ekambi">1</Player>
    <Player player_id="58792" player_name="Jaume Costa">8</Player>
    <Player player_id="73698" player_name="Miguel Layún">9</Player>
    <Player player_id="96084" player_name="Álvaro González">4</Player>
    <Player player_id="51948" player_name="Víctor Ruiz">7</Player>
    <Player player_id="19524" player_name="Santi Cazorla">4</Player>
    <Player player_id="208380" player_name="Alfonso Pedraza">2</Player>
    <Player player_id="121221" player_name="Ramiro Funes Mori">4</Player>
  </Player>
  <Player cross_lost="1" cross_success="0" jersey_num="7" pass_lost="7" pass_success="14" player_id="93721" player_name="Gerard Moreno" position="Forward" position_id="4" x="64.10" y="37.56">
    <Player player_id="76610" player_name="Mario Gaspar">3</Player>
    <Player player_id="111274" player_name="Carlos Bacca">2</Player>
    <Player player_id="98961" player_name="Manu Trigueros">3</Player>
    <Player player_id="217593" player_name="Pablo Fornals">4</Player>
    <Player player_id="121221" player_name="Ramiro Funes Mori">1</Player>
    <Player player_id="73698" player_name="Miguel Layún">1</Player>
  </Player>
  <Player cross_lost="3" cross_success="1" jersey_num="16" pass_lost="3" pass_success="8" player_id="208380" player_name="Alfonso Pedraza" position="Substitute" position_id="5" sub_on="67" x="63.14" y="85.25">
    <Player cross="1" player_id="76610" player_name="Mario Gaspar">0</Player>
    <Player player_id="19524" player_name="Santi Cazorla">4</Player>
    <Player player_id="98961" player_name="Manu Trigueros">1</Player>
    <Player player_id="121221" player_name="Ramiro Funes Mori">1</Player>
    <Player player_id="58792" player_name="Jaume Costa">1</Player>
    <Player player_id="73698" player_name="Miguel Layún">1</Player>
  </Player>
  <Player cross_lost="1" cross_success="0" jersey_num="8" pass_lost="7" pass_success="40" player_id="217593" player_name="Pablo Fornals" position="Midfielder" position_id="3" sub_off="67" x="56.02" y="26.97">
    <Player player_id="96084" player_name="Álvaro González">2</Player>
    <Player player_id="76610" player_name="Mario Gaspar">7</Player>
    <Player player_id="111274" player_name="Carlos Bacca">4</Player>
    <Player player_id="98961" player_name="Manu Trigueros">10</Player>
    <Player player_id="93721" player_name="Gerard Moreno">4</Player>
    <Player player_id="121221" player_name="Ramiro Funes Mori">5</Player>
    <Player player_id="73698" player_name="Miguel Layún">3</Player>
    <Player player_id="58792" player_name="Jaume Costa">5</Player>
  </Player>
  <Player cross_lost="0" cross_success="0" jersey_num="17" pass_lost="1" pass_success="2" player_id="193454" player_name="Karl Toko Ekambi" position="Substitute" position_id="5" sub_on="81" x="74.70" y="66.04">
    <Player player_id="51948" player_name="Víctor Ruiz">1</Player>
    <Player player_id="208380" player_name="Alfonso Pedraza">1</Player>
  </Player>
  <Player cross_lost="1" cross_success="0" jersey_num="4" pass_lost="2" pass_success="53" player_id="121221" player_name="Ramiro Funes Mori" position="Midfielder" position_id="3" x="47.53" y="46.58">
    <Player player_id="76610" player_name="Mario Gaspar">8</Player>
    <Player player_id="96084" player_name="Álvaro González">5</Player>
    <Player player_id="51948" player_name="Víctor Ruiz">16</Player>
    <Player player_id="19524" player_name="Santi Cazorla">3</Player>
    <Player player_id="98961" player_name="Manu Trigueros">8</Player>
    <Player player_id="93721" player_name="Gerard Moreno">1</Player>
    <Player player_id="217593" player_name="Pablo Fornals">4</Player>
    <Player player_id="73698" player_name="Miguel Layún">4</Player>
    <Player player_id="58792" player_name="Jaume Costa">4</Player>
  </Player>
  <Player cross_lost="4" cross_success="0" jersey_num="11" pass_lost="5" pass_success="38" player_id="58792" player_name="Jaume Costa" position="Defender" position_id="2" sub_off="73" x="53.05" y="84.70">
    <Player player_id="51948" player_name="Víctor Ruiz">11</Player>
    <Player player_id="111274" player_name="Carlos Bacca">1</Player>
    <Player player_id="98961" player_name="Manu Trigueros">7</Player>
    <Player player_id="93721" player_name="Gerard Moreno">1</Player>
    <Player player_id="208380" player_name="Alfonso Pedraza">3</Player>
    <Player player_id="217593" player_name="Pablo Fornals">3</Player>
    <Player player_id="121221" player_name="Ramiro Funes Mori">2</Player>
    <Player player_id="73698" player_name="Miguel Layún">10</Player>
  </Player>
  <Player cross_lost="8" cross_success="2" jersey_num="24" pass_lost="8" pass_success="34" player_id="73698" player_name="Miguel Layún" position="Midfielder" position_id="3" x="60.56" y="59.40">
    <Player cross="1" player_id="76610" player_name="Mario Gaspar">2</Player>
    <Player player_id="111274" player_name="Carlos Bacca">3</Player>
    <Player player_id="98961" player_name="Manu Trigueros">7</Player>
    <Player player_id="217593" player_name="Pablo Fornals">1</Player>
    <Player player_id="193454" player_name="Karl Toko Ekambi">1</Player>
    <Player player_id="58792" player_name="Jaume Costa">8</Player>
    <Player cross="1" player_id="96084" player_name="Álvaro González">0</Player>
    <Player player_id="51948" player_name="Víctor Ruiz">4</Player>
    <Player player_id="121221" player_name="Ramiro Funes Mori">8</Player>
  </Player>
</SoccerFeed>