﻿<?xml version="1.0" encoding="UTF-8"?>
<!-- Copyright 2001-2018 Opta Sportsdata Ltd. All rights reserved. -->
<!-- PRODUCTION HEADER
     produced on:        valde-jobq-a03.nexus.opta.net
     production time:    20180917T175925,971Z
     production module:  Opta::Feed::XML::Soccer::F27
-->
<SoccerFeed act_minute="99" act_period="2" act_second="0" away_team_id="1450" away_team_name="Getafe" competition_id="23" competition_name="Spanish La Liga" game_date="2018-09-16 19:45:00" game_id="1009355" home_team_id="179" home_team_name="Sevilla" season_id="2018" season_name="Season 2018/2019" team_id="1450" team_name="Getafe">
  <Player cross_lost="1" cross_success="1" jersey_num="8" pass_lost="6" pass_success="21" player_id="80795" player_name="Francisco Portillo" position="Midfielder" position_id="3" x="52.05" y="44.80">
    <Player player_id="198499" player_name="Nemanja Maksimovic">2</Player>
    <Player player_id="56419" player_name="Ángel Rodríguez">1</Player>
    <Player player_id="99005" player_name="Damián Suárez">4</Player>
    <Player cross="1" player_id="76555" player_name="Jorge Molina">2</Player>
    <Player player_id="151978" player_name="Sebastián Cristóforo">1</Player>
    <Player player_id="149838" player_name="Djené Dakonam">4</Player>
    <Player player_id="39621" player_name="Vitorino Antunes">4</Player>
    <Player player_id="158213" player_name="Gaku Shibasaki">2</Player>
    <Player player_id="96767" player_name="Dimitri Foulquier">1</Player>
  </Player>
  <Player cross_lost="0" cross_success="0" jersey_num="11" pass_lost="5" pass_success="8" player_id="225463" player_name="Amath Ndiaye" position="Midfielder" position_id="3" sub_off="69" x="47.32" y="78.19">
    <Player player_id="198499" player_name="Nemanja Maksimovic">1</Player>
    <Player player_id="56419" player_name="Ángel Rodríguez">2</Player>
    <Player player_id="76555" player_name="Jorge Molina">2</Player>
    <Player player_id="149838" player_name="Djené Dakonam">2</Player>
    <Player player_id="39621" player_name="Vitorino Antunes">1</Player>
  </Player>
  <Player cross_lost="0" cross_success="0" jersey_num="13" pass_lost="22" pass_success="16" player_id="175204" player_name="David Soria" position="Goalkeeper" position_id="1" x="10.76" y="48.02">
    <Player player_id="39621" player_name="Vitorino Antunes">1</Player>
    <Player player_id="225463" player_name="Amath Ndiaye">2</Player>
    <Player player_id="56419" player_name="Ángel Rodríguez">1</Player>
    <Player player_id="76555" player_name="Jorge Molina">11</Player>
    <Player player_id="96767" player_name="Dimitri Foulquier">1</Player>
  </Player>
  <Player cross_lost="0" cross_success="0" jersey_num="20" pass_lost="3" pass_success="17" player_id="198499" player_name="Nemanja Maksimovic" position="Midfielder" position_id="3" x="42.50" y="59.56">
    <Player player_id="80795" player_name="Francisco Portillo">2</Player>
    <Player player_id="225463" player_name="Amath Ndiaye">2</Player>
    <Player player_id="56419" player_name="Ángel Rodríguez">1</Player>
    <Player player_id="98976" player_name="Bruno González">2</Player>
    <Player player_id="76555" player_name="Jorge Molina">2</Player>
    <Player player_id="99005" player_name="Damián Suárez">1</Player>
    <Player player_id="149838" player_name="Djené Dakonam">1</Player>
    <Player player_id="39621" player_name="Vitorino Antunes">6</Player>
  </Player>
  <Player cross_lost="0" cross_success="0" jersey_num="9" pass_lost="0" pass_success="14" player_id="56419" player_name="Ángel Rodríguez" position="Forward" position_id="4" sub_off="62" x="66.40" y="39.85">
    <Player player_id="80795" player_name="Francisco Portillo">2</Player>
    <Player player_id="225463" player_name="Amath Ndiaye">3</Player>
    <Player player_id="198499" player_name="Nemanja Maksimovic">1</Player>
    <Player player_id="99005" player_name="Damián Suárez">3</Player>
    <Player player_id="76555" player_name="Jorge Molina">5</Player>
  </Player>
  <Player cross_lost="0" cross_success="0" jersey_num="6" pass_lost="6" pass_success="7" player_id="64662" player_name="Leandro Cabrera" position="Defender" position_id="2" x="23.64" y="56.22">
    <Player player_id="175204" player_name="David Soria">1</Player>
    <Player player_id="198499" player_name="Nemanja Maksimovic">1</Player>
    <Player player_id="98976" player_name="Bruno González">1</Player>
    <Player player_id="76555" player_name="Jorge Molina">3</Player>
    <Player player_id="39621" player_name="Vitorino Antunes">1</Player>
  </Player>
  <Player cross_lost="0" cross_success="0" jersey_num="4" pass_lost="2" pass_success="9" player_id="98976" player_name="Bruno González" position="Defender" position_id="2" x="21.36" y="30.38">
    <Player player_id="80795" player_name="Francisco Portillo">2</Player>
    <Player player_id="198499" player_name="Nemanja Maksimovic">1</Player>
    <Player player_id="175204" player_name="David Soria">2</Player>
    <Player player_id="56419" player_name="Ángel Rodríguez">2</Player>
    <Player player_id="76555" player_name="Jorge Molina">2</Player>
  </Player>
  <Player cross_lost="0" cross_success="2" jersey_num="22" pass_lost="9" pass_success="14" player_id="99005" player_name="Damián Suárez" position="Defender" position_id="2" x="41.33" y="16.79">
    <Player player_id="80795" player_name="Francisco Portillo">4</Player>
    <Player player_id="175204" player_name="David Soria">1</Player>
    <Player cross="1" player_id="56419" player_name="Ángel Rodríguez">2</Player>
    <Player player_id="64662" player_name="Leandro Cabrera">1</Player>
    <Player cross="1" player_id="76555" player_name="Jorge Molina">1</Player>
    <Player player_id="149838" player_name="Djené Dakonam">1</Player>
    <Player player_id="39621" player_name="Vitorino Antunes">2</Player>
    <Player player_id="96767" player_name="Dimitri Foulquier">2</Player>
  </Player>
  <Player cross_lost="0" cross_success="0" jersey_num="19" pass_lost="8" pass_success="22" player_id="76555" player_name="Jorge Molina" position="Forward" position_id="4" x="60.91" y="45.93">
    <Player player_id="80795" player_name="Francisco Portillo">8</Player>
    <Player player_id="198499" player_name="Nemanja Maksimovic">2</Player>
    <Player player_id="225463" player_name="Amath Ndiaye">3</Player>
    <Player player_id="56419" player_name="Ángel Rodríguez">5</Player>
    <Player player_id="151978" player_name="Sebastián Cristóforo">1</Player>
    <Player player_id="158213" player_name="Gaku Shibasaki">3</Player>
  </Player>
  <Player cross_lost="0" cross_success="0" jersey_num="15" pass_lost="0" pass_success="5" player_id="151978" player_name="Sebastián Cristóforo" position="Substitute" position_id="5" sub_on="78" x="27.75" y="40.27">
    <Player player_id="80795" player_name="Francisco Portillo">3</Player>
    <Player player_id="198499" player_name="Nemanja Maksimovic">1</Player>
    <Player player_id="158213" player_name="Gaku Shibasaki">1</Player>
  </Player>
  <Player cross_lost="1" cross_success="0" jersey_num="2" pass_lost="6" pass_success="15" player_id="149838" player_name="Djené Dakonam" position="Midfielder" position_id="3" sub_off="78" x="44.13" y="42.59">
    <Player player_id="80795" player_name="Francisco Portillo">2</Player>
    <Player player_id="198499" player_name="Nemanja Maksimovic">1</Player>
    <Player player_id="225463" player_name="Amath Ndiaye">3</Player>
    <Player player_id="56419" player_name="Ángel Rodríguez">5</Player>
    <Player player_id="98976" player_name="Bruno González">1</Player>
    <Player player_id="64662" player_name="Leandro Cabrera">1</Player>
    <Player player_id="76555" player_name="Jorge Molina">1</Player>
    <Player player_id="158213" player_name="Gaku Shibasaki">1</Player>
  </Player>
  <Player cross_lost="1" cross_success="0" jersey_num="3" pass_lost="14" pass_success="12" player_id="39621" player_name="Vitorino Antunes" position="Defender" position_id="2" x="32.48" y="83.35">
    <Player player_id="80795" player_name="Francisco Portillo">4</Player>
    <Player player_id="225463" player_name="Amath Ndiaye">3</Player>
    <Player player_id="175204" player_name="David Soria">1</Player>
    <Player player_id="64662" player_name="Leandro Cabrera">1</Player>
    <Player player_id="76555" player_name="Jorge Molina">1</Player>
    <Player player_id="99005" player_name="Damián Suárez">1</Player>
    <Player player_id="96767" player_name="Dimitri Foulquier">1</Player>
  </Player>
  <Player cross_lost="0" cross_success="0" jersey_num="10" pass_lost="7" pass_success="6" player_id="158213" player_name="Gaku Shibasaki" position="Substitute" position_id="5" sub_on="62" x="46.52" y="43.30">
    <Player player_id="80795" player_name="Francisco Portillo">4</Player>
    <Player player_id="39621" player_name="Vitorino Antunes">1</Player>
    <Player player_id="96767" player_name="Dimitri Foulquier">1</Player>
  </Player>
  <Player cross_lost="0" cross_success="0" jersey_num="24" pass_lost="2" pass_success="3" player_id="96767" player_name="Dimitri Foulquier" position="Substitute" position_id="5" sub_on="69" x="44.74" y="17.12">
    <Player player_id="99005" player_name="Damián Suárez">1</Player>
    <Player player_id="151978" player_name="Sebastián Cristóforo">1</Player>
    <Player player_id="158213" player_name="Gaku Shibasaki">1</Player>
  </Player>
</SoccerFeed>