﻿<?xml version="1.0" encoding="UTF-8"?>
<!-- Copyright 2001-2019 Opta Sportsdata Ltd. All rights reserved. -->
<!-- PRODUCTION HEADER
     produced on:        valde-jobq-a01.nexus.opta.net
     production time:    20190106T195111,495Z
     production module:  Opta::Feed::XML::Soccer::F27
-->
<SoccerFeed act_minute="93" act_period="2" act_second="30" away_team_id="184" away_team_name="Rayo Vallecano" competition_id="23" competition_name="Spanish La Liga" game_date="2019-01-05 12:00:00" game_id="1009495" home_team_id="192" home_team_name="Real Valladolid" season_id="2018" season_name="Season 2018/2019" team_id="192" team_name="Real Valladolid">
  <Player cross_lost="0" cross_success="0" jersey_num="9" pass_lost="6" pass_success="4" player_id="168636" player_name="Enes Ünal" position="Forward" position_id="4" x="67.15" y="57.73">
    <Player player_id="96771" player_name="Rubén Alcaraz">1</Player>
    <Player player_id="58876" player_name="Míchel">1</Player>
    <Player player_id="90394" player_name="Nacho">1</Player>
    <Player player_id="59944" player_name="Keko">1</Player>
  </Player>
  <Player cross_lost="0" cross_success="0" jersey_num="4" pass_lost="7" pass_success="57" player_id="58819" player_name="Kiko Olivas" position="Defender" position_id="2" x="39.14" y="33.09">
    <Player player_id="96771" player_name="Rubén Alcaraz">10</Player>
    <Player player_id="58876" player_name="Míchel">9</Player>
    <Player player_id="87804" player_name="Antoñito">10</Player>
    <Player player_id="242290" player_name="Toni Villa">1</Player>
    <Player player_id="87815" player_name="Javi Moyano">7</Player>
    <Player player_id="52686" player_name="Duje Cop">1</Player>
    <Player player_id="241869" player_name="Fernando Calero">12</Player>
    <Player player_id="90394" player_name="Nacho">1</Player>
    <Player player_id="59944" player_name="Keko">4</Player>
    <Player player_id="86148" player_name="Jordi Masip">2</Player>
  </Player>
  <Player cross_lost="0" cross_success="0" jersey_num="14" pass_lost="8" pass_success="71" player_id="96771" player_name="Rubén Alcaraz" position="Midfielder" position_id="3" x="48.90" y="55.88">
    <Player player_id="168636" player_name="Enes Ünal">2</Player>
    <Player player_id="87804" player_name="Antoñito">5</Player>
    <Player player_id="87815" player_name="Javi Moyano">6</Player>
    <Player player_id="153867" player_name="Daniele Verde">1</Player>
    <Player player_id="59944" player_name="Keko">2</Player>
    <Player player_id="58819" player_name="Kiko Olivas">12</Player>
    <Player player_id="58876" player_name="Míchel">13</Player>
    <Player player_id="242290" player_name="Toni Villa">2</Player>
    <Player player_id="241869" player_name="Fernando Calero">17</Player>
    <Player player_id="96785" player_name="Óscar Plano">3</Player>
    <Player player_id="90394" player_name="Nacho">8</Player>
  </Player>
  <Player cross_lost="7" cross_success="0" jersey_num="21" pass_lost="10" pass_success="57" player_id="58876" player_name="Míchel" position="Midfielder" position_id="3" x="54.17" y="41.56">
    <Player player_id="168636" player_name="Enes Ünal">2</Player>
    <Player player_id="96771" player_name="Rubén Alcaraz">18</Player>
    <Player player_id="87804" player_name="Antoñito">6</Player>
    <Player player_id="87815" player_name="Javi Moyano">3</Player>
    <Player player_id="153867" player_name="Daniele Verde">1</Player>
    <Player player_id="59944" player_name="Keko">4</Player>
    <Player player_id="58819" player_name="Kiko Olivas">8</Player>
    <Player player_id="242290" player_name="Toni Villa">2</Player>
    <Player player_id="241869" player_name="Fernando Calero">7</Player>
    <Player player_id="96785" player_name="Óscar Plano">4</Player>
    <Player player_id="90394" player_name="Nacho">2</Player>
  </Player>
  <Player cross_lost="7" cross_success="1" jersey_num="18" pass_lost="7" pass_success="21" player_id="87804" player_name="Antoñito" position="Substitute" position_id="5" sub_on="45" x="55.55" y="7.64">
    <Player player_id="168636" player_name="Enes Ünal">2</Player>
    <Player player_id="96771" player_name="Rubén Alcaraz">1</Player>
    <Player player_id="153867" player_name="Daniele Verde">4</Player>
    <Player player_id="86148" player_name="Jordi Masip">1</Player>
    <Player player_id="59944" player_name="Keko">5</Player>
    <Player player_id="58819" player_name="Kiko Olivas">4</Player>
    <Player player_id="58876" player_name="Míchel">2</Player>
    <Player player_id="241869" player_name="Fernando Calero">1</Player>
    <Player cross="1" player_id="96785" player_name="Óscar Plano">0</Player>
    <Player player_id="90394" player_name="Nacho">1</Player>
  </Player>
  <Player cross_lost="4" cross_success="0" jersey_num="19" pass_lost="4" pass_success="11" player_id="242290" player_name="Toni Villa" position="Forward" position_id="4" sub_off="63" x="68.56" y="56.36">
    <Player player_id="168636" player_name="Enes Ünal">1</Player>
    <Player player_id="58876" player_name="Míchel">3</Player>
    <Player player_id="87815" player_name="Javi Moyano">2</Player>
    <Player player_id="241869" player_name="Fernando Calero">1</Player>
    <Player player_id="96785" player_name="Óscar Plano">1</Player>
    <Player player_id="90394" player_name="Nacho">3</Player>
  </Player>
  <Player cross_lost="0" cross_success="1" jersey_num="17" pass_lost="6" pass_success="21" player_id="87815" player_name="Javi Moyano" position="Defender" position_id="2" sub_off="45" x="58.70" y="11.43">
    <Player cross="1" player_id="168636" player_name="Enes Ünal">0</Player>
    <Player player_id="58819" player_name="Kiko Olivas">5</Player>
    <Player player_id="58876" player_name="Míchel">6</Player>
    <Player player_id="242290" player_name="Toni Villa">4</Player>
    <Player player_id="59944" player_name="Keko">6</Player>
  </Player>
  <Player cross_lost="0" cross_success="0" jersey_num="20" pass_lost="5" pass_success="7" player_id="52686" player_name="Duje Cop" position="Substitute" position_id="5" sub_on="63" x="68.30" y="56.78">
    <Player player_id="87804" player_name="Antoñito">1</Player>
    <Player player_id="96785" player_name="Óscar Plano">1</Player>
    <Player player_id="241869" player_name="Fernando Calero">1</Player>
    <Player player_id="90394" player_name="Nacho">1</Player>
    <Player player_id="153867" player_name="Daniele Verde">3</Player>
  </Player>
  <Player cross_lost="0" cross_success="0" jersey_num="5" pass_lost="11" pass_success="60" player_id="241869" player_name="Fernando Calero" position="Defender" position_id="2" x="45.05" y="72.83">
    <Player player_id="168636" player_name="Enes Ünal">1</Player>
    <Player player_id="96771" player_name="Rubén Alcaraz">17</Player>
    <Player player_id="87815" player_name="Javi Moyano">1</Player>
    <Player player_id="59944" player_name="Keko">1</Player>
    <Player player_id="86148" player_name="Jordi Masip">2</Player>
    <Player player_id="58819" player_name="Kiko Olivas">7</Player>
    <Player player_id="58876" player_name="Míchel">8</Player>
    <Player player_id="242290" player_name="Toni Villa">1</Player>
    <Player player_id="96785" player_name="Óscar Plano">5</Player>
    <Player player_id="52686" player_name="Duje Cop">3</Player>
    <Player player_id="90394" player_name="Nacho">14</Player>
  </Player>
  <Player cross_lost="1" cross_success="0" jersey_num="10" pass_lost="6" pass_success="22" player_id="96785" player_name="Óscar Plano" position="Midfielder" position_id="3" x="62.17" y="68.83">
    <Player player_id="168636" player_name="Enes Ünal">2</Player>
    <Player player_id="96771" player_name="Rubén Alcaraz">2</Player>
    <Player player_id="58876" player_name="Míchel">2</Player>
    <Player player_id="87804" player_name="Antoñito">1</Player>
    <Player player_id="242290" player_name="Toni Villa">2</Player>
    <Player player_id="241869" player_name="Fernando Calero">2</Player>
    <Player player_id="90394" player_name="Nacho">8</Player>
    <Player player_id="153867" player_name="Daniele Verde">1</Player>
    <Player player_id="59944" player_name="Keko">2</Player>
  </Player>
  <Player cross_lost="5" cross_success="2" jersey_num="22" pass_lost="19" pass_success="30" player_id="90394" player_name="Nacho" position="Defender" position_id="2" x="60.46" y="84.21">
    <Player player_id="96771" player_name="Rubén Alcaraz">7</Player>
    <Player cross="1" player_id="87815" player_name="Javi Moyano">0</Player>
    <Player player_id="153867" player_name="Daniele Verde">1</Player>
    <Player player_id="86148" player_name="Jordi Masip">1</Player>
    <Player player_id="59944" player_name="Keko">1</Player>
    <Player cross="1" player_id="58819" player_name="Kiko Olivas">0</Player>
    <Player player_id="58876" player_name="Míchel">6</Player>
    <Player player_id="242290" player_name="Toni Villa">2</Player>
    <Player player_id="52686" player_name="Duje Cop">3</Player>
    <Player player_id="96785" player_name="Óscar Plano">4</Player>
    <Player player_id="241869" player_name="Fernando Calero">5</Player>
  </Player>
  <Player cross_lost="3" cross_success="0" jersey_num="11" pass_lost="3" pass_success="6" player_id="153867" player_name="Daniele Verde" position="Substitute" position_id="5" sub_on="74" x="74.46" y="16.04">
    <Player player_id="58876" player_name="Míchel">1</Player>
    <Player player_id="87804" player_name="Antoñito">4</Player>
    <Player player_id="52686" player_name="Duje Cop">1</Player>
  </Player>
  <Player cross_lost="5" cross_success="2" jersey_num="24" pass_lost="3" pass_success="18" player_id="59944" player_name="Keko" position="Midfielder" position_id="3" sub_off="74" x="69.24" y="25.07">
    <Player player_id="168636" player_name="Enes Ünal">1</Player>
    <Player player_id="96771" player_name="Rubén Alcaraz">2</Player>
    <Player player_id="87804" player_name="Antoñito">3</Player>
    <Player player_id="87815" player_name="Javi Moyano">1</Player>
    <Player player_id="86148" player_name="Jordi Masip">1</Player>
    <Player player_id="58819" player_name="Kiko Olivas">3</Player>
    <Player player_id="58876" player_name="Míchel">3</Player>
    <Player cross="1" player_id="242290" player_name="Toni Villa">3</Player>
    <Player player_id="52686" player_name="Duje Cop">1</Player>
    <Player cross="1" player_id="90394" player_name="Nacho">0</Player>
  </Player>
  <Player cross_lost="0" cross_success="0" jersey_num="1" pass_lost="3" pass_success="13" player_id="86148" player_name="Jordi Masip" position="Goalkeeper" position_id="1" x="9.73" y="49.36">
    <Player player_id="58819" player_name="Kiko Olivas">3</Player>
    <Player player_id="96771" player_name="Rubén Alcaraz">1</Player>
    <Player player_id="87815" player_name="Javi Moyano">1</Player>
    <Player player_id="52686" player_name="Duje Cop">1</Player>
    <Player player_id="241869" player_name="Fernando Calero">3</Player>
    <Player player_id="96785" player_name="Óscar Plano">2</Player>
    <Player player_id="90394" player_name="Nacho">1</Player>
    <Player player_id="59944" player_name="Keko">1</Player>
  </Player>
</SoccerFeed>