﻿<?xml version="1.0" encoding="UTF-8"?>
<!-- Copyright 2001-2018 Opta Sportsdata Ltd. All rights reserved. -->
<!-- PRODUCTION HEADER
     produced on:        valde-jobq-a02.nexus.opta.net
     production time:    20181212T140011,331Z
     production module:  Opta::Feed::XML::Soccer::F27
-->
<SoccerFeed act_minute="95" act_period="2" act_second="10" away_team_id="191" away_team_name="Valencia CF" competition_id="23" competition_name="Spanish La Liga" game_date="2018-09-02 11:00:00" game_id="1009341" home_team_id="855" home_team_name="Levante" season_id="2018" season_name="Season 2018/2019" team_id="191" team_name="Valencia CF">
  <Player cross_lost="0" cross_success="0" jersey_num="5" pass_lost="4" pass_success="41" player_id="158074" player_name="Gabriel" position="Defender" position_id="2" x="32.45" y="36.93">
    <Player player_id="224860" player_name="Carlos Soler">1</Player>
    <Player player_id="69752" player_name="Neto">1</Player>
    <Player player_id="208135" player_name="Mouctar Diakhaby">9</Player>
    <Player player_id="80954" player_name="Rodrigo Moreno">2</Player>
    <Player player_id="92055" player_name="Cristiano Piccini">11</Player>
    <Player player_id="56624" player_name="Daniel Wass">4</Player>
    <Player player_id="132105" player_name="José Gayá">4</Player>
    <Player player_id="51952" player_name="Daniel Parejo">8</Player>
  </Player>
  <Player cross_lost="1" cross_success="1" jersey_num="8" pass_lost="8" pass_success="28" player_id="224860" player_name="Carlos Soler" position="Midfielder" position_id="3" sub_off="82" x="52.79" y="20.14">
    <Player cross="1" player_id="88489" player_name="Denis Cheryshev">0</Player>
    <Player player_id="42779" player_name="Kevin Gameiro">2</Player>
    <Player player_id="80954" player_name="Rodrigo Moreno">6</Player>
    <Player player_id="92055" player_name="Cristiano Piccini">5</Player>
    <Player player_id="56624" player_name="Daniel Wass">1</Player>
    <Player player_id="94245" player_name="Michy Batshuayi">2</Player>
    <Player player_id="51952" player_name="Daniel Parejo">12</Player>
  </Player>
  <Player cross_lost="0" cross_success="0" jersey_num="13" pass_lost="10" pass_success="18" player_id="69752" player_name="Neto" position="Goalkeeper" position_id="1" x="9.12" y="50.90">
    <Player player_id="158074" player_name="Gabriel">1</Player>
    <Player player_id="224860" player_name="Carlos Soler">1</Player>
    <Player player_id="42779" player_name="Kevin Gameiro">1</Player>
    <Player player_id="88489" player_name="Denis Cheryshev">2</Player>
    <Player player_id="208135" player_name="Mouctar Diakhaby">2</Player>
    <Player player_id="92055" player_name="Cristiano Piccini">2</Player>
    <Player player_id="80954" player_name="Rodrigo Moreno">3</Player>
    <Player player_id="56624" player_name="Daniel Wass">2</Player>
    <Player player_id="51952" player_name="Daniel Parejo">4</Player>
  </Player>
  <Player cross_lost="5" cross_success="0" jersey_num="11" pass_lost="12" pass_success="14" player_id="88489" player_name="Denis Cheryshev" position="Midfielder" position_id="3" sub_off="70" x="57.00" y="80.25">
    <Player player_id="42779" player_name="Kevin Gameiro">1</Player>
    <Player player_id="208135" player_name="Mouctar Diakhaby">2</Player>
    <Player player_id="80954" player_name="Rodrigo Moreno">1</Player>
    <Player player_id="56624" player_name="Daniel Wass">2</Player>
    <Player player_id="132105" player_name="José Gayá">6</Player>
    <Player player_id="51952" player_name="Daniel Parejo">2</Player>
  </Player>
  <Player cross_lost="0" cross_success="0" jersey_num="9" pass_lost="4" pass_success="17" player_id="42779" player_name="Kevin Gameiro" position="Forward" position_id="4" sub_off="68" x="63.62" y="51.46">
    <Player player_id="158074" player_name="Gabriel">1</Player>
    <Player player_id="224860" player_name="Carlos Soler">2</Player>
    <Player player_id="88489" player_name="Denis Cheryshev">5</Player>
    <Player player_id="92055" player_name="Cristiano Piccini">1</Player>
    <Player player_id="80954" player_name="Rodrigo Moreno">4</Player>
    <Player player_id="56624" player_name="Daniel Wass">1</Player>
    <Player player_id="51952" player_name="Daniel Parejo">3</Player>
  </Player>
  <Player cross_lost="0" cross_success="0" jersey_num="12" pass_lost="7" pass_success="35" player_id="208135" player_name="Mouctar Diakhaby" position="Defender" position_id="2" x="31.01" y="68.52">
    <Player player_id="158074" player_name="Gabriel">7</Player>
    <Player player_id="224860" player_name="Carlos Soler">3</Player>
    <Player player_id="69752" player_name="Neto">1</Player>
    <Player player_id="88489" player_name="Denis Cheryshev">2</Player>
    <Player player_id="92055" player_name="Cristiano Piccini">1</Player>
    <Player player_id="56624" player_name="Daniel Wass">2</Player>
    <Player player_id="51952" player_name="Daniel Parejo">3</Player>
    <Player player_id="132105" player_name="José Gayá">16</Player>
  </Player>
  <Player cross_lost="2" cross_success="0" jersey_num="21" pass_lost="6" pass_success="37" player_id="92055" player_name="Cristiano Piccini" position="Defender" position_id="2" x="50.68" y="14.01">
    <Player player_id="158074" player_name="Gabriel">9</Player>
    <Player player_id="224860" player_name="Carlos Soler">5</Player>
    <Player player_id="42779" player_name="Kevin Gameiro">1</Player>
    <Player player_id="80954" player_name="Rodrigo Moreno">5</Player>
    <Player player_id="150360" player_name="Santi Mina">1</Player>
    <Player player_id="56624" player_name="Daniel Wass">3</Player>
    <Player player_id="94245" player_name="Michy Batshuayi">1</Player>
    <Player player_id="224444" player_name="Ferrán Torres">3</Player>
    <Player player_id="51952" player_name="Daniel Parejo">9</Player>
  </Player>
  <Player cross_lost="3" cross_success="0" jersey_num="19" pass_lost="5" pass_success="34" player_id="80954" player_name="Rodrigo Moreno" position="Forward" position_id="4" x="69.50" y="54.01">
    <Player player_id="158074" player_name="Gabriel">2</Player>
    <Player player_id="224860" player_name="Carlos Soler">2</Player>
    <Player player_id="42779" player_name="Kevin Gameiro">2</Player>
    <Player player_id="88489" player_name="Denis Cheryshev">5</Player>
    <Player player_id="92055" player_name="Cristiano Piccini">4</Player>
    <Player player_id="56624" player_name="Daniel Wass">6</Player>
    <Player player_id="224444" player_name="Ferrán Torres">2</Player>
    <Player player_id="132105" player_name="José Gayá">3</Player>
    <Player player_id="51952" player_name="Daniel Parejo">8</Player>
  </Player>
  <Player cross_lost="0" cross_success="0" jersey_num="22" pass_lost="0" pass_success="0" player_id="150360" player_name="Santi Mina" position="Substitute" position_id="5" sub_on="82" x="67.40" y="32.87" />
  <Player cross_lost="0" cross_success="0" jersey_num="18" pass_lost="5" pass_success="36" player_id="56624" player_name="Daniel Wass" position="Midfielder" position_id="3" x="46.54" y="53.59">
    <Player player_id="158074" player_name="Gabriel">4</Player>
    <Player player_id="224860" player_name="Carlos Soler">3</Player>
    <Player player_id="42779" player_name="Kevin Gameiro">3</Player>
    <Player player_id="88489" player_name="Denis Cheryshev">3</Player>
    <Player player_id="208135" player_name="Mouctar Diakhaby">1</Player>
    <Player player_id="80954" player_name="Rodrigo Moreno">1</Player>
    <Player player_id="92055" player_name="Cristiano Piccini">4</Player>
    <Player player_id="56624" player_name="Daniel Wass">1</Player>
    <Player player_id="94245" player_name="Michy Batshuayi">1</Player>
    <Player player_id="132105" player_name="José Gayá">8</Player>
    <Player player_id="51952" player_name="Daniel Parejo">7</Player>
  </Player>
  <Player cross_lost="0" cross_success="1" jersey_num="20" pass_lost="3" pass_success="7" player_id="224444" player_name="Ferrán Torres" position="Substitute" position_id="5" sub_on="70" x="54.66" y="41.38">
    <Player cross="1" player_id="224860" player_name="Carlos Soler">0</Player>
    <Player player_id="80954" player_name="Rodrigo Moreno">3</Player>
    <Player player_id="56624" player_name="Daniel Wass">2</Player>
    <Player player_id="51952" player_name="Daniel Parejo">2</Player>
  </Player>
  <Player cross_lost="0" cross_success="0" jersey_num="23" pass_lost="0" pass_success="3" player_id="94245" player_name="Michy Batshuayi" position="Substitute" position_id="5" sub_on="68" x="62.74" y="17.94">
    <Player player_id="80954" player_name="Rodrigo Moreno">1</Player>
    <Player player_id="92055" player_name="Cristiano Piccini">2</Player>
  </Player>
  <Player cross_lost="2" cross_success="2" jersey_num="10" pass_lost="13" pass_success="63" player_id="51952" player_name="Daniel Parejo" position="Midfielder" position_id="3" x="51.92" y="45.11">
    <Player cross="1" player_id="208135" player_name="Mouctar Diakhaby">4</Player>
    <Player player_id="80954" player_name="Rodrigo Moreno">9</Player>
    <Player player_id="224444" player_name="Ferrán Torres">4</Player>
    <Player player_id="132105" player_name="José Gayá">4</Player>
    <Player player_id="158074" player_name="Gabriel">4</Player>
    <Player player_id="224860" player_name="Carlos Soler">13</Player>
    <Player player_id="42779" player_name="Kevin Gameiro">8</Player>
    <Player player_id="88489" player_name="Denis Cheryshev">3</Player>
    <Player player_id="92055" player_name="Cristiano Piccini">8</Player>
    <Player cross="1" player_id="150360" player_name="Santi Mina">0</Player>
    <Player player_id="56624" player_name="Daniel Wass">6</Player>
  </Player>
  <Player cross_lost="2" cross_success="2" jersey_num="14" pass_lost="7" pass_success="40" player_id="132105" player_name="José Gayá" position="Defender" position_id="2" x="43.70" y="83.70">
    <Player player_id="69752" player_name="Neto">1</Player>
    <Player player_id="208135" player_name="Mouctar Diakhaby">5</Player>
    <Player player_id="80954" player_name="Rodrigo Moreno">6</Player>
    <Player player_id="224444" player_name="Ferrán Torres">3</Player>
    <Player player_id="51952" player_name="Daniel Parejo">6</Player>
    <Player player_id="158074" player_name="Gabriel">2</Player>
    <Player cross="1" player_id="224860" player_name="Carlos Soler">1</Player>
    <Player cross="1" player_id="42779" player_name="Kevin Gameiro">4</Player>
    <Player player_id="88489" player_name="Denis Cheryshev">7</Player>
    <Player player_id="56624" player_name="Daniel Wass">5</Player>
  </Player>
</SoccerFeed>