﻿<?xml version="1.0" encoding="UTF-8"?>
<!-- Copyright 2001-2018 Opta Sportsdata Ltd. All rights reserved. -->
<!-- PRODUCTION HEADER
     produced on:        valde-jobq-a01.nexus.opta.net
     production time:    20181105T160710,200Z
     production module:  Opta::Feed::XML::Soccer::F27
-->
<SoccerFeed act_minute="92" act_period="2" act_second="28" away_team_id="179" away_team_name="Sevilla" competition_id="23" competition_name="Spanish La Liga" game_date="2018-11-04 17:30:00" game_id="1009418" home_team_id="188" home_team_name="Real Sociedad" season_id="2018" season_name="Season 2018/2019" team_id="179" team_name="Sevilla">
  <Player cross_lost="0" cross_success="0" jersey_num="1" pass_lost="9" pass_success="23" player_id="51945" player_name="Tomás Vaclik" position="Goalkeeper" position_id="1" x="9.88" y="50.69">
    <Player player_id="49309" player_name="Éver Banega">4</Player>
    <Player player_id="193922" player_name="Guilherme Arana">1</Player>
    <Player player_id="86151" player_name="Sergi Gómez">6</Player>
    <Player player_id="87750" player_name="Luis Muriel">5</Player>
    <Player player_id="128348" player_name="Ibrahim Amadou">1</Player>
    <Player player_id="100731" player_name="Franco Vázquez">3</Player>
    <Player player_id="80758" player_name="Quincy Promes">1</Player>
    <Player player_id="106899" player_name="Roque Mesa">2</Player>
  </Player>
  <Player cross_lost="0" cross_success="0" jersey_num="6" pass_lost="3" pass_success="28" player_id="46479" player_name="Daniel Carriço" position="Defender" position_id="2" x="37.76" y="27.02">
    <Player player_id="51945" player_name="Tomás Vaclik">3</Player>
    <Player player_id="49309" player_name="Éver Banega">5</Player>
    <Player player_id="88484" player_name="Pablo Sarabia">3</Player>
    <Player player_id="17740" player_name="Jesús Navas">5</Player>
    <Player player_id="87750" player_name="Luis Muriel">1</Player>
    <Player player_id="128348" player_name="Ibrahim Amadou">3</Player>
    <Player player_id="100731" player_name="Franco Vázquez">4</Player>
    <Player player_id="80758" player_name="Quincy Promes">3</Player>
    <Player player_id="106899" player_name="Roque Mesa">1</Player>
  </Player>
  <Player cross_lost="2" cross_success="1" jersey_num="10" pass_lost="6" pass_success="55" player_id="49309" player_name="Éver Banega" position="Midfielder" position_id="3" x="43.38" y="57.55">
    <Player player_id="46479" player_name="Daniel Carriço">2</Player>
    <Player player_id="17740" player_name="Jesús Navas">2</Player>
    <Player player_id="87750" player_name="Luis Muriel">3</Player>
    <Player player_id="62991" player_name="Sergio Escudero">2</Player>
    <Player cross="1" player_id="100731" player_name="Franco Vázquez">9</Player>
    <Player player_id="80758" player_name="Quincy Promes">8</Player>
    <Player player_id="88484" player_name="Pablo Sarabia">16</Player>
    <Player player_id="193922" player_name="Guilherme Arana">2</Player>
    <Player player_id="86151" player_name="Sergi Gómez">7</Player>
    <Player player_id="128348" player_name="Ibrahim Amadou">3</Player>
    <Player player_id="106899" player_name="Roque Mesa">1</Player>
  </Player>
  <Player cross_lost="3" cross_success="0" jersey_num="23" pass_lost="6" pass_success="21" player_id="193922" player_name="Guilherme Arana" position="Midfielder" position_id="3" sub_off="66" x="48.32" y="85.92">
    <Player player_id="49309" player_name="Éver Banega">3</Player>
    <Player player_id="88484" player_name="Pablo Sarabia">2</Player>
    <Player player_id="86151" player_name="Sergi Gómez">9</Player>
    <Player player_id="87750" player_name="Luis Muriel">1</Player>
    <Player player_id="128348" player_name="Ibrahim Amadou">1</Player>
    <Player player_id="100731" player_name="Franco Vázquez">4</Player>
    <Player player_id="80758" player_name="Quincy Promes">1</Player>
  </Player>
  <Player cross_lost="4" cross_success="1" jersey_num="17" pass_lost="6" pass_success="45" player_id="88484" player_name="Pablo Sarabia" position="Forward" position_id="4" x="57.27" y="42.66">
    <Player cross="1" player_id="46479" player_name="Daniel Carriço">4</Player>
    <Player player_id="17740" player_name="Jesús Navas">10</Player>
    <Player player_id="87750" player_name="Luis Muriel">3</Player>
    <Player player_id="62991" player_name="Sergio Escudero">1</Player>
    <Player player_id="100731" player_name="Franco Vázquez">8</Player>
    <Player player_id="80758" player_name="Quincy Promes">3</Player>
    <Player player_id="49309" player_name="Éver Banega">11</Player>
    <Player player_id="193922" player_name="Guilherme Arana">3</Player>
    <Player player_id="86151" player_name="Sergi Gómez">1</Player>
    <Player player_id="128348" player_name="Ibrahim Amadou">1</Player>
  </Player>
  <Player cross_lost="3" cross_success="1" jersey_num="16" pass_lost="2" pass_success="24" player_id="17740" player_name="Jesús Navas" position="Midfielder" position_id="3" x="49.80" y="18.08">
    <Player player_id="51945" player_name="Tomás Vaclik">1</Player>
    <Player player_id="46479" player_name="Daniel Carriço">3</Player>
    <Player player_id="88484" player_name="Pablo Sarabia">5</Player>
    <Player player_id="49309" player_name="Éver Banega">4</Player>
    <Player player_id="86151" player_name="Sergi Gómez">2</Player>
    <Player cross="1" player_id="87750" player_name="Luis Muriel">1</Player>
    <Player player_id="128348" player_name="Ibrahim Amadou">2</Player>
    <Player player_id="100731" player_name="Franco Vázquez">1</Player>
    <Player player_id="80758" player_name="Quincy Promes">5</Player>
  </Player>
  <Player cross_lost="0" cross_success="0" jersey_num="3" pass_lost="8" pass_success="37" player_id="86151" player_name="Sergi Gómez" position="Defender" position_id="2" x="32.02" y="74.82">
    <Player player_id="51945" player_name="Tomás Vaclik">4</Player>
    <Player player_id="88484" player_name="Pablo Sarabia">1</Player>
    <Player player_id="49309" player_name="Éver Banega">6</Player>
    <Player player_id="193922" player_name="Guilherme Arana">9</Player>
    <Player player_id="17740" player_name="Jesús Navas">1</Player>
    <Player player_id="87750" player_name="Luis Muriel">3</Player>
    <Player player_id="128348" player_name="Ibrahim Amadou">6</Player>
    <Player player_id="62991" player_name="Sergio Escudero">1</Player>
    <Player player_id="100731" player_name="Franco Vázquez">2</Player>
    <Player player_id="80758" player_name="Quincy Promes">2</Player>
    <Player player_id="106899" player_name="Roque Mesa">2</Player>
  </Player>
  <Player cross_lost="0" cross_success="0" jersey_num="14" pass_lost="6" pass_success="22" player_id="87750" player_name="Luis Muriel" position="Forward" position_id="4" sub_off="72" x="64.07" y="66.91">
    <Player player_id="193922" player_name="Guilherme Arana">3</Player>
    <Player player_id="88484" player_name="Pablo Sarabia">4</Player>
    <Player player_id="49309" player_name="Éver Banega">3</Player>
    <Player player_id="17740" player_name="Jesús Navas">1</Player>
    <Player player_id="100731" player_name="Franco Vázquez">5</Player>
    <Player player_id="80758" player_name="Quincy Promes">6</Player>
  </Player>
  <Player cross_lost="0" cross_success="0" jersey_num="5" pass_lost="4" pass_success="23" player_id="128348" player_name="Ibrahim Amadou" position="Defender" position_id="2" x="29.28" y="44.70">
    <Player player_id="51945" player_name="Tomás Vaclik">5</Player>
    <Player player_id="46479" player_name="Daniel Carriço">4</Player>
    <Player player_id="193922" player_name="Guilherme Arana">1</Player>
    <Player player_id="49309" player_name="Éver Banega">2</Player>
    <Player player_id="17740" player_name="Jesús Navas">2</Player>
    <Player player_id="86151" player_name="Sergi Gómez">6</Player>
    <Player player_id="87750" player_name="Luis Muriel">1</Player>
    <Player player_id="62991" player_name="Sergio Escudero">1</Player>
    <Player player_id="100731" player_name="Franco Vázquez">1</Player>
  </Player>
  <Player cross_lost="2" cross_success="0" jersey_num="18" pass_lost="1" pass_success="7" player_id="62991" player_name="Sergio Escudero" position="Substitute" position_id="5" sub_on="66" x="49.00" y="86.12">
    <Player player_id="88484" player_name="Pablo Sarabia">1</Player>
    <Player player_id="49309" player_name="Éver Banega">2</Player>
    <Player player_id="17740" player_name="Jesús Navas">1</Player>
    <Player player_id="86151" player_name="Sergi Gómez">2</Player>
    <Player player_id="106899" player_name="Roque Mesa">1</Player>
  </Player>
  <Player cross_lost="0" cross_success="2" jersey_num="22" pass_lost="10" pass_success="35" player_id="100731" player_name="Franco Vázquez" position="Midfielder" position_id="3" x="56.04" y="71.50">
    <Player player_id="49309" player_name="Éver Banega">6</Player>
    <Player cross="2" player_id="88484" player_name="Pablo Sarabia">6</Player>
    <Player player_id="193922" player_name="Guilherme Arana">9</Player>
    <Player player_id="17740" player_name="Jesús Navas">3</Player>
    <Player player_id="87750" player_name="Luis Muriel">7</Player>
    <Player player_id="62991" player_name="Sergio Escudero">1</Player>
    <Player player_id="80758" player_name="Quincy Promes">3</Player>
  </Player>
  <Player cross_lost="1" cross_success="0" jersey_num="21" pass_lost="14" pass_success="19" player_id="80758" player_name="Quincy Promes" position="Forward" position_id="4" x="67.56" y="54.90">
    <Player player_id="193922" player_name="Guilherme Arana">1</Player>
    <Player player_id="88484" player_name="Pablo Sarabia">5</Player>
    <Player player_id="49309" player_name="Éver Banega">5</Player>
    <Player player_id="17740" player_name="Jesús Navas">5</Player>
    <Player player_id="100731" player_name="Franco Vázquez">3</Player>
  </Player>
  <Player cross_lost="0" cross_success="0" jersey_num="7" pass_lost="0" pass_success="7" player_id="106899" player_name="Roque Mesa" position="Substitute" position_id="5" sub_on="72" x="35.46" y="80.77">
    <Player player_id="49309" player_name="Éver Banega">2</Player>
    <Player player_id="88484" player_name="Pablo Sarabia">1</Player>
    <Player player_id="86151" player_name="Sergi Gómez">1</Player>
    <Player player_id="62991" player_name="Sergio Escudero">1</Player>
    <Player player_id="80758" player_name="Quincy Promes">1</Player>
    <Player player_id="106899" player_name="Roque Mesa">1</Player>
  </Player>
</SoccerFeed>