﻿<?xml version="1.0" encoding="UTF-8"?>
<!-- Copyright 2001-2018 Opta Sportsdata Ltd. All rights reserved. -->
<!-- PRODUCTION HEADER
     produced on:        valde-jobq-a01.nexus.opta.net
     production time:    20181128T103551,373Z
     production module:  Opta::Feed::XML::Soccer::F27
-->
<SoccerFeed act_minute="95" act_period="2" act_second="3" away_team_id="957" away_team_name="Leganés" competition_id="23" competition_name="Spanish La Liga" game_date="2018-08-20 21:00:00" game_id="1009316" home_team_id="174" home_team_name="Athletic Club" season_id="2018" season_name="Season 2018/2019" team_id="174" team_name="Athletic Club">
  <Player cross_lost="0" cross_success="0" jersey_num="16" pass_lost="8" pass_success="75" player_id="140264" player_name="Dani García" position="Midfielder" position_id="3" x="44.51" y="50.96">
    <Player player_id="215684" player_name="Iñigo Córdoba">1</Player>
    <Player player_id="42670" player_name="Yuri">11</Player>
    <Player player_id="59062" player_name="Óscar De Marcos">4</Player>
    <Player player_id="197334" player_name="Iñaki Williams">2</Player>
    <Player player_id="14464" player_name="Aritz Aduriz">1</Player>
    <Player player_id="140266" player_name="Ander Capa">3</Player>
    <Player player_id="212769" player_name="Unai Simón">1</Player>
    <Player player_id="183462" player_name="Unai López">18</Player>
    <Player player_id="18498" player_name="Raúl García">2</Player>
    <Player player_id="197319" player_name="Yeray Álvarez">10</Player>
    <Player player_id="47665" player_name="Markel Susaeta">2</Player>
    <Player player_id="76012" player_name="Iker Muniain">10</Player>
    <Player player_id="242831" player_name="Peru Nolaskoain">10</Player>
  </Player>
  <Player cross_lost="0" cross_success="1" jersey_num="22" pass_lost="6" pass_success="6" player_id="18498" player_name="Raúl García" position="Substitute" position_id="5" sub_on="76" x="45.29" y="28.63">
    <Player player_id="197319" player_name="Yeray Álvarez">1</Player>
    <Player player_id="140266" player_name="Ander Capa">1</Player>
    <Player player_id="212769" player_name="Unai Simón">1</Player>
    <Player player_id="47665" player_name="Markel Susaeta">1</Player>
    <Player cross="1" player_id="76012" player_name="Iker Muniain">0</Player>
    <Player player_id="242831" player_name="Peru Nolaskoain">2</Player>
  </Player>
  <Player cross_lost="2" cross_success="0" jersey_num="11" pass_lost="3" pass_success="13" player_id="215684" player_name="Iñigo Córdoba" position="Substitute" position_id="5" sub_on="70" x="65.38" y="67.92">
    <Player player_id="140264" player_name="Dani García">1</Player>
    <Player player_id="42670" player_name="Yuri">5</Player>
    <Player player_id="197334" player_name="Iñaki Williams">2</Player>
    <Player player_id="47665" player_name="Markel Susaeta">1</Player>
    <Player player_id="76012" player_name="Iker Muniain">4</Player>
  </Player>
  <Player cross_lost="6" cross_success="0" jersey_num="12" pass_lost="10" pass_success="44" player_id="42670" player_name="Yuri" position="Defender" position_id="2" x="49.43" y="84.12">
    <Player player_id="140264" player_name="Dani García">12</Player>
    <Player player_id="215684" player_name="Iñigo Córdoba">7</Player>
    <Player player_id="197319" player_name="Yeray Álvarez">1</Player>
    <Player player_id="197334" player_name="Iñaki Williams">9</Player>
    <Player player_id="14464" player_name="Aritz Aduriz">1</Player>
    <Player player_id="183462" player_name="Unai López">5</Player>
    <Player player_id="242831" player_name="Peru Nolaskoain">4</Player>
    <Player player_id="76012" player_name="Iker Muniain">5</Player>
  </Player>
  <Player cross_lost="1" cross_success="1" jersey_num="18" pass_lost="12" pass_success="36" player_id="59062" player_name="Óscar De Marcos" position="Defender" position_id="2" sub_off="65" x="56.71" y="13.96">
    <Player player_id="140264" player_name="Dani García">3</Player>
    <Player player_id="42670" player_name="Yuri">1</Player>
    <Player cross="1" player_id="197334" player_name="Iñaki Williams">1</Player>
    <Player player_id="14464" player_name="Aritz Aduriz">1</Player>
    <Player player_id="183462" player_name="Unai López">12</Player>
    <Player player_id="197319" player_name="Yeray Álvarez">5</Player>
    <Player player_id="47665" player_name="Markel Susaeta">9</Player>
    <Player player_id="242831" player_name="Peru Nolaskoain">1</Player>
    <Player player_id="76012" player_name="Iker Muniain">3</Player>
  </Player>
  <Player cross_lost="0" cross_success="0" jersey_num="5" pass_lost="14" pass_success="63" player_id="197319" player_name="Yeray Álvarez" position="Defender" position_id="2" x="36.05" y="39.20">
    <Player player_id="140264" player_name="Dani García">15</Player>
    <Player player_id="18498" player_name="Raúl García">1</Player>
    <Player player_id="42670" player_name="Yuri">1</Player>
    <Player player_id="59062" player_name="Óscar De Marcos">12</Player>
    <Player player_id="197334" player_name="Iñaki Williams">3</Player>
    <Player player_id="140266" player_name="Ander Capa">2</Player>
    <Player player_id="47665" player_name="Markel Susaeta">3</Player>
    <Player player_id="183462" player_name="Unai López">8</Player>
    <Player player_id="242831" player_name="Peru Nolaskoain">17</Player>
    <Player player_id="76012" player_name="Iker Muniain">1</Player>
  </Player>
  <Player cross_lost="1" cross_success="1" jersey_num="9" pass_lost="4" pass_success="18" player_id="197334" player_name="Iñaki Williams" position="Forward" position_id="4" x="61.32" y="73.37">
    <Player player_id="140264" player_name="Dani García">3</Player>
    <Player player_id="215684" player_name="Iñigo Córdoba">1</Player>
    <Player player_id="42670" player_name="Yuri">3</Player>
    <Player player_id="197319" player_name="Yeray Álvarez">1</Player>
    <Player cross="1" player_id="14464" player_name="Aritz Aduriz">1</Player>
    <Player player_id="183462" player_name="Unai López">3</Player>
    <Player player_id="242831" player_name="Peru Nolaskoain">1</Player>
    <Player player_id="76012" player_name="Iker Muniain">5</Player>
  </Player>
  <Player cross_lost="0" cross_success="0" jersey_num="20" pass_lost="4" pass_success="3" player_id="14464" player_name="Aritz Aduriz" position="Forward" position_id="4" sub_off="70" x="72.05" y="56.03">
    <Player player_id="140264" player_name="Dani García">1</Player>
    <Player player_id="42670" player_name="Yuri">1</Player>
    <Player player_id="59062" player_name="Óscar De Marcos">1</Player>
  </Player>
  <Player cross_lost="0" cross_success="0" jersey_num="21" pass_lost="4" pass_success="12" player_id="140266" player_name="Ander Capa" position="Substitute" position_id="5" sub_on="65" x="51.59" y="15.37">
    <Player player_id="140264" player_name="Dani García">1</Player>
    <Player player_id="18498" player_name="Raúl García">2</Player>
    <Player player_id="197319" player_name="Yeray Álvarez">4</Player>
    <Player player_id="47665" player_name="Markel Susaeta">3</Player>
    <Player player_id="76012" player_name="Iker Muniain">1</Player>
    <Player player_id="242831" player_name="Peru Nolaskoain">1</Player>
  </Player>
  <Player cross_lost="4" cross_success="7" jersey_num="14" pass_lost="9" pass_success="22" player_id="47665" player_name="Markel Susaeta" position="Forward" position_id="4" x="66.15" y="25.20">
    <Player player_id="140264" player_name="Dani García">2</Player>
    <Player player_id="215684" player_name="Iñigo Córdoba">1</Player>
    <Player player_id="59062" player_name="Óscar De Marcos">6</Player>
    <Player cross="1" player_id="197334" player_name="Iñaki Williams">0</Player>
    <Player cross="1" player_id="14464" player_name="Aritz Aduriz">0</Player>
    <Player player_id="140266" player_name="Ander Capa">1</Player>
    <Player player_id="183462" player_name="Unai López">2</Player>
    <Player cross="2" player_id="197319" player_name="Yeray Álvarez">4</Player>
    <Player player_id="76012" player_name="Iker Muniain">6</Player>
    <Player cross="3" player_id="242831" player_name="Peru Nolaskoain">0</Player>
  </Player>
  <Player cross_lost="0" cross_success="0" jersey_num="25" pass_lost="2" pass_success="17" player_id="212769" player_name="Unai Simón" position="Goalkeeper" position_id="1" x="8.43" y="54.40">
    <Player player_id="42670" player_name="Yuri">4</Player>
    <Player player_id="197319" player_name="Yeray Álvarez">5</Player>
    <Player player_id="197334" player_name="Iñaki Williams">2</Player>
    <Player player_id="14464" player_name="Aritz Aduriz">1</Player>
    <Player player_id="140266" player_name="Ander Capa">1</Player>
    <Player player_id="183462" player_name="Unai López">2</Player>
    <Player player_id="76012" player_name="Iker Muniain">1</Player>
    <Player player_id="242831" player_name="Peru Nolaskoain">1</Player>
  </Player>
  <Player cross_lost="1" cross_success="0" jersey_num="23" pass_lost="4" pass_success="71" player_id="183462" player_name="Unai López" position="Midfielder" position_id="3" sub_off="76" x="51.94" y="46.14">
    <Player player_id="140264" player_name="Dani García">13</Player>
    <Player player_id="59062" player_name="Óscar De Marcos">13</Player>
    <Player player_id="42670" player_name="Yuri">5</Player>
    <Player player_id="197319" player_name="Yeray Álvarez">10</Player>
    <Player player_id="140266" player_name="Ander Capa">2</Player>
    <Player player_id="47665" player_name="Markel Susaeta">4</Player>
    <Player player_id="242831" player_name="Peru Nolaskoain">13</Player>
    <Player player_id="76012" player_name="Iker Muniain">11</Player>
  </Player>
  <Player cross_lost="1" cross_success="0" jersey_num="10" pass_lost="2" pass_success="52" player_id="76012" player_name="Iker Muniain" position="Midfielder" position_id="3" x="60.56" y="56.69">
    <Player player_id="140264" player_name="Dani García">4</Player>
    <Player player_id="215684" player_name="Iñigo Córdoba">2</Player>
    <Player player_id="42670" player_name="Yuri">7</Player>
    <Player player_id="59062" player_name="Óscar De Marcos">4</Player>
    <Player player_id="197334" player_name="Iñaki Williams">4</Player>
    <Player player_id="140266" player_name="Ander Capa">2</Player>
    <Player player_id="183462" player_name="Unai López">13</Player>
    <Player player_id="197319" player_name="Yeray Álvarez">3</Player>
    <Player player_id="47665" player_name="Markel Susaeta">9</Player>
    <Player player_id="242831" player_name="Peru Nolaskoain">4</Player>
  </Player>
  <Player cross_lost="0" cross_success="0" jersey_num="31" pass_lost="8" pass_success="65" player_id="242831" player_name="Peru Nolaskoain" position="Defender" position_id="2" x="39.50" y="62.11">
    <Player player_id="140264" player_name="Dani García">11</Player>
    <Player player_id="215684" player_name="Iñigo Córdoba">3</Player>
    <Player player_id="59062" player_name="Óscar De Marcos">2</Player>
    <Player player_id="42670" player_name="Yuri">16</Player>
    <Player player_id="197334" player_name="Iñaki Williams">3</Player>
    <Player player_id="14464" player_name="Aritz Aduriz">1</Player>
    <Player player_id="212769" player_name="Unai Simón">1</Player>
    <Player player_id="183462" player_name="Unai López">10</Player>
    <Player player_id="18498" player_name="Raúl García">1</Player>
    <Player player_id="197319" player_name="Yeray Álvarez">14</Player>
    <Player player_id="47665" player_name="Markel Susaeta">1</Player>
    <Player player_id="76012" player_name="Iker Muniain">2</Player>
  </Player>
</SoccerFeed>