﻿<?xml version="1.0" encoding="UTF-8"?>
<!-- Copyright 2001-2018 Opta Sportsdata Ltd. All rights reserved. -->
<!-- PRODUCTION HEADER
     produced on:        valde-jobq-a02.nexus.opta.net
     production time:    20181029T215421,417Z
     production module:  Opta::Feed::XML::Soccer::F27
-->
<SoccerFeed act_minute="94" act_period="2" act_second="2" away_team_id="185" away_team_name="Real Betis" competition_id="23" competition_name="Spanish La Liga" game_date="2018-10-28 11:00:00" game_id="1009412" home_team_id="1450" home_team_name="Getafe" season_id="2018" season_name="Season 2018/2019" team_id="1450" team_name="Getafe">
  <Player cross_lost="0" cross_success="0" jersey_num="17" pass_lost="0" pass_success="2" player_id="168390" player_name="Robert Ibáñez" position="Substitute" position_id="5" sub_on="90" x="87.60" y="22.38">
    <Player player_id="151978" player_name="Sebastián Cristóforo">1</Player>
    <Player player_id="149838" player_name="Djené Dakonam">1</Player>
  </Player>
  <Player cross_lost="0" cross_success="0" jersey_num="20" pass_lost="1" pass_success="8" player_id="198499" player_name="Nemanja Maksimovic" position="Midfielder" position_id="3" x="53.47" y="53.06">
    <Player player_id="56419" player_name="Ángel Rodríguez">1</Player>
    <Player player_id="99005" player_name="Damián Suárez">1</Player>
    <Player player_id="39621" player_name="Vitorino Antunes">5</Player>
    <Player player_id="171222" player_name="Mauro Arambarri">1</Player>
  </Player>
  <Player cross_lost="2" cross_success="0" jersey_num="11" pass_lost="0" pass_success="7" player_id="225463" player_name="Amath Ndiaye" position="Midfielder" position_id="3" sub_off="84" x="54.42" y="70.81">
    <Player player_id="64662" player_name="Leandro Cabrera">1</Player>
    <Player player_id="76555" player_name="Jorge Molina">5</Player>
    <Player player_id="96767" player_name="Dimitri Foulquier">1</Player>
  </Player>
  <Player cross_lost="0" cross_success="0" jersey_num="13" pass_lost="11" pass_success="9" player_id="175204" player_name="David Soria" position="Goalkeeper" position_id="1" x="10.72" y="43.02">
    <Player player_id="39621" player_name="Vitorino Antunes">1</Player>
    <Player player_id="56419" player_name="Ángel Rodríguez">1</Player>
    <Player player_id="76555" player_name="Jorge Molina">4</Player>
    <Player player_id="99005" player_name="Damián Suárez">3</Player>
  </Player>
  <Player cross_lost="1" cross_success="1" jersey_num="9" pass_lost="6" pass_success="5" player_id="56419" player_name="Ángel Rodríguez" position="Forward" position_id="4" sub_off="71" x="67.71" y="45.90">
    <Player player_id="99005" player_name="Damián Suárez">2</Player>
    <Player cross="1" player_id="76555" player_name="Jorge Molina">1</Player>
    <Player player_id="39621" player_name="Vitorino Antunes">1</Player>
    <Player player_id="171222" player_name="Mauro Arambarri">1</Player>
  </Player>
  <Player cross_lost="0" cross_success="0" jersey_num="6" pass_lost="10" pass_success="13" player_id="64662" player_name="Leandro Cabrera" position="Defender" position_id="2" x="31.87" y="60.04">
    <Player player_id="175204" player_name="David Soria">2</Player>
    <Player player_id="225463" player_name="Amath Ndiaye">2</Player>
    <Player player_id="56419" player_name="Ángel Rodríguez">1</Player>
    <Player player_id="99005" player_name="Damián Suárez">1</Player>
    <Player player_id="76555" player_name="Jorge Molina">3</Player>
    <Player player_id="39621" player_name="Vitorino Antunes">1</Player>
    <Player player_id="109270" player_name="Jaime Mata">1</Player>
    <Player player_id="96767" player_name="Dimitri Foulquier">2</Player>
  </Player>
  <Player cross_lost="0" cross_success="0" jersey_num="19" pass_lost="7" pass_success="23" player_id="76555" player_name="Jorge Molina" position="Forward" position_id="4" sub_off="90" x="69.12" y="37.24">
    <Player player_id="198499" player_name="Nemanja Maksimovic">3</Player>
    <Player player_id="225463" player_name="Amath Ndiaye">1</Player>
    <Player player_id="56419" player_name="Ángel Rodríguez">4</Player>
    <Player player_id="64662" player_name="Leandro Cabrera">1</Player>
    <Player player_id="99005" player_name="Damián Suárez">4</Player>
    <Player player_id="39621" player_name="Vitorino Antunes">3</Player>
    <Player player_id="109270" player_name="Jaime Mata">1</Player>
    <Player player_id="171222" player_name="Mauro Arambarri">2</Player>
    <Player player_id="96767" player_name="Dimitri Foulquier">4</Player>
  </Player>
  <Player cross_lost="3" cross_success="0" jersey_num="22" pass_lost="13" pass_success="23" player_id="99005" player_name="Damián Suárez" position="Defender" position_id="2" x="46.65" y="11.98">
    <Player player_id="198499" player_name="Nemanja Maksimovic">1</Player>
    <Player player_id="175204" player_name="David Soria">3</Player>
    <Player player_id="56419" player_name="Ángel Rodríguez">1</Player>
    <Player player_id="39621" player_name="Vitorino Antunes">1</Player>
    <Player player_id="171222" player_name="Mauro Arambarri">4</Player>
    <Player player_id="96767" player_name="Dimitri Foulquier">2</Player>
    <Player player_id="225463" player_name="Amath Ndiaye">1</Player>
    <Player player_id="64662" player_name="Leandro Cabrera">1</Player>
    <Player player_id="76555" player_name="Jorge Molina">6</Player>
    <Player player_id="149838" player_name="Djené Dakonam">3</Player>
  </Player>
  <Player cross_lost="0" cross_success="0" jersey_num="15" pass_lost="2" pass_success="2" player_id="151978" player_name="Sebastián Cristóforo" position="Substitute" position_id="5" sub_on="84" x="77.37" y="70.69">
    <Player player_id="39621" player_name="Vitorino Antunes">1</Player>
    <Player player_id="149838" player_name="Djené Dakonam">1</Player>
  </Player>
  <Player cross_lost="1" cross_success="1" jersey_num="2" pass_lost="1" pass_success="13" player_id="149838" player_name="Djené Dakonam" position="Defender" position_id="2" x="35.57" y="31.28">
    <Player cross="1" player_id="198499" player_name="Nemanja Maksimovic">0</Player>
    <Player player_id="175204" player_name="David Soria">2</Player>
    <Player player_id="39621" player_name="Vitorino Antunes">3</Player>
    <Player player_id="171222" player_name="Mauro Arambarri">2</Player>
    <Player player_id="96767" player_name="Dimitri Foulquier">1</Player>
    <Player player_id="168390" player_name="Robert Ibáñez">1</Player>
    <Player player_id="64662" player_name="Leandro Cabrera">2</Player>
    <Player player_id="99005" player_name="Damián Suárez">1</Player>
    <Player player_id="76555" player_name="Jorge Molina">1</Player>
  </Player>
  <Player cross_lost="3" cross_success="5" jersey_num="3" pass_lost="14" pass_success="17" player_id="39621" player_name="Vitorino Antunes" position="Defender" position_id="2" x="49.11" y="82.46">
    <Player player_id="198499" player_name="Nemanja Maksimovic">1</Player>
    <Player player_id="175204" player_name="David Soria">1</Player>
    <Player cross="2" player_id="56419" player_name="Ángel Rodríguez">2</Player>
    <Player player_id="109270" player_name="Jaime Mata">2</Player>
    <Player cross="1" player_id="96767" player_name="Dimitri Foulquier">1</Player>
    <Player player_id="225463" player_name="Amath Ndiaye">3</Player>
    <Player player_id="64662" player_name="Leandro Cabrera">1</Player>
    <Player player_id="99005" player_name="Damián Suárez">3</Player>
    <Player cross="1" player_id="76555" player_name="Jorge Molina">1</Player>
    <Player player_id="151978" player_name="Sebastián Cristóforo">2</Player>
    <Player cross="1" player_id="149838" player_name="Djené Dakonam">0</Player>
  </Player>
  <Player cross_lost="0" cross_success="0" jersey_num="7" pass_lost="2" pass_success="4" player_id="109270" player_name="Jaime Mata" position="Substitute" position_id="5" sub_on="71" x="65.48" y="61.03">
    <Player player_id="76555" player_name="Jorge Molina">1</Player>
    <Player player_id="151978" player_name="Sebastián Cristóforo">1</Player>
    <Player player_id="39621" player_name="Vitorino Antunes">2</Player>
  </Player>
  <Player cross_lost="1" cross_success="0" jersey_num="18" pass_lost="7" pass_success="19" player_id="171222" player_name="Mauro Arambarri" position="Midfielder" position_id="3" x="52.36" y="34.29">
    <Player player_id="225463" player_name="Amath Ndiaye">2</Player>
    <Player player_id="56419" player_name="Ángel Rodríguez">3</Player>
    <Player player_id="64662" player_name="Leandro Cabrera">1</Player>
    <Player player_id="76555" player_name="Jorge Molina">2</Player>
    <Player player_id="99005" player_name="Damián Suárez">4</Player>
    <Player player_id="149838" player_name="Djené Dakonam">1</Player>
    <Player player_id="39621" player_name="Vitorino Antunes">2</Player>
    <Player player_id="109270" player_name="Jaime Mata">2</Player>
    <Player player_id="96767" player_name="Dimitri Foulquier">2</Player>
  </Player>
  <Player cross_lost="0" cross_success="0" jersey_num="24" pass_lost="6" pass_success="13" player_id="96767" player_name="Dimitri Foulquier" position="Midfielder" position_id="3" x="56.14" y="27.06">
    <Player player_id="225463" player_name="Amath Ndiaye">1</Player>
    <Player player_id="175204" player_name="David Soria">1</Player>
    <Player player_id="56419" player_name="Ángel Rodríguez">2</Player>
    <Player player_id="76555" player_name="Jorge Molina">2</Player>
    <Player player_id="99005" player_name="Damián Suárez">5</Player>
    <Player player_id="39621" player_name="Vitorino Antunes">1</Player>
    <Player player_id="171222" player_name="Mauro Arambarri">1</Player>
  </Player>
</SoccerFeed>