﻿<?xml version="1.0" encoding="UTF-8"?>
<!-- Copyright 2001-2018 Opta Sportsdata Ltd. All rights reserved. -->
<!-- PRODUCTION HEADER
     produced on:        valde-jobq-a01.nexus.opta.net
     production time:    20181203T172131,736Z
     production module:  Opta::Feed::XML::Soccer::F27
-->
<SoccerFeed act_minute="93" act_period="2" act_second="59" away_team_id="449" away_team_name="Villarreal" competition_id="23" competition_name="Spanish La Liga" game_date="2018-12-02 17:30:00" game_id="1009447" home_team_id="178" home_team_name="Barcelona" season_id="2018" season_name="Season 2018/2019" team_id="449" team_name="Villarreal">
  <Player cross_lost="0" cross_success="0" jersey_num="3" pass_lost="6" pass_success="41" player_id="96084" player_name="Álvaro González" position="Defender" position_id="2" x="34.01" y="27.41">
    <Player player_id="76610" player_name="Mario Gaspar">10</Player>
    <Player player_id="51948" player_name="Víctor Ruiz">2</Player>
    <Player player_id="19524" player_name="Santi Cazorla">5</Player>
    <Player player_id="241160" player_name="Santiago Cáseres">8</Player>
    <Player player_id="48772" player_name="Sergio Asenjo">6</Player>
    <Player player_id="98961" player_name="Manu Trigueros">1</Player>
    <Player player_id="93721" player_name="Gerard Moreno">3</Player>
    <Player player_id="217593" player_name="Pablo Fornals">1</Player>
    <Player player_id="208380" player_name="Alfonso Pedraza">1</Player>
    <Player player_id="218328" player_name="Samuel Chukwueze">4</Player>
  </Player>
  <Player cross_lost="0" cross_success="0" jersey_num="2" pass_lost="9" pass_success="37" player_id="76610" player_name="Mario Gaspar" position="Defender" position_id="2" x="44.50" y="18.04">
    <Player player_id="96084" player_name="Álvaro González">7</Player>
    <Player player_id="240071" player_name="Raba">1</Player>
    <Player player_id="19524" player_name="Santi Cazorla">4</Player>
    <Player player_id="241160" player_name="Santiago Cáseres">4</Player>
    <Player player_id="111274" player_name="Carlos Bacca">1</Player>
    <Player player_id="98961" player_name="Manu Trigueros">3</Player>
    <Player player_id="93721" player_name="Gerard Moreno">7</Player>
    <Player player_id="217593" player_name="Pablo Fornals">2</Player>
    <Player player_id="218328" player_name="Samuel Chukwueze">8</Player>
  </Player>
  <Player cross_lost="0" cross_success="0" jersey_num="6" pass_lost="3" pass_success="44" player_id="51948" player_name="Víctor Ruiz" position="Defender" position_id="2" x="30.79" y="69.30">
    <Player player_id="96084" player_name="Álvaro González">10</Player>
    <Player player_id="19524" player_name="Santi Cazorla">3</Player>
    <Player player_id="241160" player_name="Santiago Cáseres">12</Player>
    <Player player_id="48772" player_name="Sergio Asenjo">4</Player>
    <Player player_id="111274" player_name="Carlos Bacca">2</Player>
    <Player player_id="93721" player_name="Gerard Moreno">1</Player>
    <Player player_id="217593" player_name="Pablo Fornals">6</Player>
    <Player player_id="208380" player_name="Alfonso Pedraza">5</Player>
    <Player player_id="218328" player_name="Samuel Chukwueze">1</Player>
  </Player>
  <Player cross_lost="0" cross_success="0" jersey_num="22" pass_lost="0" pass_success="3" player_id="240071" player_name="Raba" position="Substitute" position_id="5" sub_on="88" x="71.97" y="34.10">
    <Player player_id="241160" player_name="Santiago Cáseres">1</Player>
    <Player player_id="193454" player_name="Karl Toko Ekambi">1</Player>
    <Player player_id="218328" player_name="Samuel Chukwueze">1</Player>
  </Player>
  <Player cross_lost="1" cross_success="0" jersey_num="19" pass_lost="5" pass_success="38" player_id="19524" player_name="Santi Cazorla" position="Midfielder" position_id="3" sub_off="88" x="48.71" y="43.84">
    <Player player_id="76610" player_name="Mario Gaspar">5</Player>
    <Player player_id="111274" player_name="Carlos Bacca">1</Player>
    <Player player_id="98961" player_name="Manu Trigueros">5</Player>
    <Player player_id="93721" player_name="Gerard Moreno">2</Player>
    <Player player_id="217593" player_name="Pablo Fornals">4</Player>
    <Player player_id="218328" player_name="Samuel Chukwueze">4</Player>
    <Player player_id="96084" player_name="Álvaro González">3</Player>
    <Player player_id="51948" player_name="Víctor Ruiz">4</Player>
    <Player player_id="241160" player_name="Santiago Cáseres">7</Player>
    <Player player_id="208380" player_name="Alfonso Pedraza">3</Player>
  </Player>
  <Player cross_lost="0" cross_success="0" jersey_num="5" pass_lost="6" pass_success="51" player_id="241160" player_name="Santiago Cáseres" position="Midfielder" position_id="3" x="44.28" y="48.94">
    <Player player_id="76610" player_name="Mario Gaspar">2</Player>
    <Player player_id="96084" player_name="Álvaro González">10</Player>
    <Player player_id="51948" player_name="Víctor Ruiz">8</Player>
    <Player player_id="19524" player_name="Santi Cazorla">6</Player>
    <Player player_id="48772" player_name="Sergio Asenjo">2</Player>
    <Player player_id="111274" player_name="Carlos Bacca">1</Player>
    <Player player_id="98961" player_name="Manu Trigueros">4</Player>
    <Player player_id="208380" player_name="Alfonso Pedraza">8</Player>
    <Player player_id="217593" player_name="Pablo Fornals">8</Player>
    <Player player_id="193454" player_name="Karl Toko Ekambi">1</Player>
    <Player player_id="218328" player_name="Samuel Chukwueze">1</Player>
  </Player>
  <Player cross_lost="0" cross_success="0" jersey_num="1" pass_lost="3" pass_success="26" player_id="48772" player_name="Sergio Asenjo" position="Goalkeeper" position_id="1" x="10.49" y="47.90">
    <Player player_id="96084" player_name="Álvaro González">4</Player>
    <Player player_id="76610" player_name="Mario Gaspar">8</Player>
    <Player player_id="51948" player_name="Víctor Ruiz">10</Player>
    <Player player_id="241160" player_name="Santiago Cáseres">1</Player>
    <Player player_id="98961" player_name="Manu Trigueros">1</Player>
    <Player player_id="208380" player_name="Alfonso Pedraza">1</Player>
    <Player player_id="218328" player_name="Samuel Chukwueze">1</Player>
  </Player>
  <Player cross_lost="0" cross_success="0" jersey_num="9" pass_lost="2" pass_success="5" player_id="111274" player_name="Carlos Bacca" position="Substitute" position_id="5" sub_on="67" x="66.30" y="73.92">
    <Player player_id="51948" player_name="Víctor Ruiz">1</Player>
    <Player player_id="208380" player_name="Alfonso Pedraza">1</Player>
    <Player player_id="217593" player_name="Pablo Fornals">3</Player>
  </Player>
  <Player cross_lost="0" cross_success="0" jersey_num="14" pass_lost="2" pass_success="25" player_id="98961" player_name="Manu Trigueros" position="Midfielder" position_id="3" sub_off="67" x="51.65" y="38.96">
    <Player player_id="96084" player_name="Álvaro González">1</Player>
    <Player player_id="51948" player_name="Víctor Ruiz">2</Player>
    <Player player_id="19524" player_name="Santi Cazorla">8</Player>
    <Player player_id="241160" player_name="Santiago Cáseres">6</Player>
    <Player player_id="208380" player_name="Alfonso Pedraza">1</Player>
    <Player player_id="217593" player_name="Pablo Fornals">4</Player>
    <Player player_id="218328" player_name="Samuel Chukwueze">3</Player>
  </Player>
  <Player cross_lost="1" cross_success="0" jersey_num="7" pass_lost="6" pass_success="19" player_id="93721" player_name="Gerard Moreno" position="Forward" position_id="4" sub_off="79" x="61.17" y="43.97">
    <Player player_id="76610" player_name="Mario Gaspar">3</Player>
    <Player player_id="96084" player_name="Álvaro González">1</Player>
    <Player player_id="51948" player_name="Víctor Ruiz">2</Player>
    <Player player_id="19524" player_name="Santi Cazorla">1</Player>
    <Player player_id="241160" player_name="Santiago Cáseres">3</Player>
    <Player player_id="98961" player_name="Manu Trigueros">2</Player>
    <Player player_id="217593" player_name="Pablo Fornals">1</Player>
    <Player player_id="218328" player_name="Samuel Chukwueze">6</Player>
  </Player>
  <Player cross_lost="0" cross_success="0" jersey_num="8" pass_lost="7" pass_success="31" player_id="217593" player_name="Pablo Fornals" position="Midfielder" position_id="3" x="51.64" y="56.27">
    <Player player_id="76610" player_name="Mario Gaspar">5</Player>
    <Player player_id="111274" player_name="Carlos Bacca">2</Player>
    <Player player_id="98961" player_name="Manu Trigueros">2</Player>
    <Player player_id="93721" player_name="Gerard Moreno">2</Player>
    <Player player_id="193454" player_name="Karl Toko Ekambi">1</Player>
    <Player player_id="218328" player_name="Samuel Chukwueze">4</Player>
    <Player player_id="96084" player_name="Álvaro González">1</Player>
    <Player player_id="51948" player_name="Víctor Ruiz">2</Player>
    <Player player_id="19524" player_name="Santi Cazorla">5</Player>
    <Player player_id="240071" player_name="Raba">1</Player>
    <Player player_id="241160" player_name="Santiago Cáseres">2</Player>
    <Player player_id="208380" player_name="Alfonso Pedraza">4</Player>
  </Player>
  <Player cross_lost="4" cross_success="0" jersey_num="16" pass_lost="7" pass_success="17" player_id="208380" player_name="Alfonso Pedraza" position="Defender" position_id="2" x="49.29" y="87.06">
    <Player player_id="51948" player_name="Víctor Ruiz">8</Player>
    <Player player_id="19524" player_name="Santi Cazorla">1</Player>
    <Player player_id="241160" player_name="Santiago Cáseres">1</Player>
    <Player player_id="111274" player_name="Carlos Bacca">1</Player>
    <Player player_id="93721" player_name="Gerard Moreno">3</Player>
    <Player player_id="217593" player_name="Pablo Fornals">2</Player>
    <Player player_id="218328" player_name="Samuel Chukwueze">1</Player>
  </Player>
  <Player cross_lost="0" cross_success="0" jersey_num="17" pass_lost="0" pass_success="5" player_id="193454" player_name="Karl Toko Ekambi" position="Substitute" position_id="5" sub_on="79" x="69.10" y="52.35">
    <Player player_id="76610" player_name="Mario Gaspar">1</Player>
    <Player player_id="96084" player_name="Álvaro González">2</Player>
    <Player player_id="19524" player_name="Santi Cazorla">1</Player>
    <Player player_id="111274" player_name="Carlos Bacca">1</Player>
  </Player>
  <Player cross_lost="1" cross_success="0" jersey_num="30" pass_lost="5" pass_success="21" player_id="218328" player_name="Samuel Chukwueze" position="Midfielder" position_id="3" x="62.03" y="20.07">
    <Player player_id="96084" player_name="Álvaro González">3</Player>
    <Player player_id="76610" player_name="Mario Gaspar">4</Player>
    <Player player_id="19524" player_name="Santi Cazorla">3</Player>
    <Player player_id="241160" player_name="Santiago Cáseres">2</Player>
    <Player player_id="98961" player_name="Manu Trigueros">4</Player>
    <Player player_id="93721" player_name="Gerard Moreno">2</Player>
    <Player player_id="217593" player_name="Pablo Fornals">3</Player>
  </Player>
</SoccerFeed>