﻿<?xml version="1.0" encoding="UTF-8"?>
<!-- Copyright 2001-2018 Opta Sportsdata Ltd. All rights reserved. -->
<!-- PRODUCTION HEADER
     produced on:        valde-jobq-a03.nexus.opta.net
     production time:    20181220T091909,61Z
     production module:  Opta::Feed::XML::Soccer::F27
-->
<SoccerFeed act_minute="92" act_period="2" act_second="56" away_team_id="179" away_team_name="Sevilla" competition_id="23" competition_name="Spanish La Liga" game_date="2018-09-23 11:00:00" game_id="1009360" home_team_id="855" home_team_name="Levante" season_id="2018" season_name="Season 2018/2019" team_id="179" team_name="Sevilla">
  <Player cross_lost="0" cross_success="0" jersey_num="1" pass_lost="16" pass_success="20" player_id="51945" player_name="Tomás Vaclik" position="Goalkeeper" position_id="1" x="9.03" y="49.39">
    <Player player_id="46479" player_name="Daniel Carriço">4</Player>
    <Player player_id="17740" player_name="Jesús Navas">1</Player>
    <Player player_id="79627" player_name="Aleix Vidal">3</Player>
    <Player player_id="86151" player_name="Sergi Gómez">3</Player>
    <Player player_id="87750" player_name="Luis Muriel">1</Player>
    <Player player_id="165811" player_name="André Silva">3</Player>
    <Player player_id="100731" player_name="Franco Vázquez">1</Player>
    <Player player_id="48714" player_name="Simon Kjaer">3</Player>
    <Player player_id="83912" player_name="Wissam Ben Yedder">1</Player>
  </Player>
  <Player cross_lost="0" cross_success="0" jersey_num="6" pass_lost="6" pass_success="39" player_id="46479" player_name="Daniel Carriço" position="Defender" position_id="2" x="32.95" y="25.67">
    <Player player_id="51945" player_name="Tomás Vaclik">3</Player>
    <Player player_id="88484" player_name="Pablo Sarabia">1</Player>
    <Player player_id="49309" player_name="Éver Banega">5</Player>
    <Player player_id="17740" player_name="Jesús Navas">9</Player>
    <Player player_id="79627" player_name="Aleix Vidal">1</Player>
    <Player player_id="87750" player_name="Luis Muriel">3</Player>
    <Player player_id="100731" player_name="Franco Vázquez">4</Player>
    <Player player_id="48714" player_name="Simon Kjaer">8</Player>
    <Player player_id="83912" player_name="Wissam Ben Yedder">1</Player>
    <Player player_id="106899" player_name="Roque Mesa">4</Player>
  </Player>
  <Player cross_lost="3" cross_success="2" jersey_num="17" pass_lost="9" pass_success="23" player_id="88484" player_name="Pablo Sarabia" position="Midfielder" position_id="3" sub_off="73" x="58.54" y="70.63">
    <Player player_id="46479" player_name="Daniel Carriço">1</Player>
    <Player player_id="49309" player_name="Éver Banega">5</Player>
    <Player cross="1" player_id="17740" player_name="Jesús Navas">1</Player>
    <Player cross="1" player_id="79627" player_name="Aleix Vidal">8</Player>
    <Player player_id="165811" player_name="André Silva">2</Player>
    <Player player_id="100731" player_name="Franco Vázquez">1</Player>
    <Player player_id="83912" player_name="Wissam Ben Yedder">5</Player>
  </Player>
  <Player cross_lost="1" cross_success="2" jersey_num="10" pass_lost="5" pass_success="42" player_id="49309" player_name="Éver Banega" position="Midfielder" position_id="3" sub_off="63" x="41.02" y="53.72">
    <Player player_id="51945" player_name="Tomás Vaclik">1</Player>
    <Player player_id="46479" player_name="Daniel Carriço">5</Player>
    <Player player_id="17740" player_name="Jesús Navas">7</Player>
    <Player player_id="100731" player_name="Franco Vázquez">6</Player>
    <Player player_id="88484" player_name="Pablo Sarabia">5</Player>
    <Player cross="1" player_id="86151" player_name="Sergi Gómez">6</Player>
    <Player player_id="79627" player_name="Aleix Vidal">5</Player>
    <Player player_id="48714" player_name="Simon Kjaer">5</Player>
    <Player cross="1" player_id="83912" player_name="Wissam Ben Yedder">2</Player>
  </Player>
  <Player cross_lost="6" cross_success="1" jersey_num="16" pass_lost="5" pass_success="29" player_id="17740" player_name="Jesús Navas" position="Midfielder" position_id="3" x="57.61" y="17.44">
    <Player player_id="51945" player_name="Tomás Vaclik">2</Player>
    <Player player_id="46479" player_name="Daniel Carriço">6</Player>
    <Player player_id="87750" player_name="Luis Muriel">1</Player>
    <Player player_id="100731" player_name="Franco Vázquez">7</Player>
    <Player player_id="80758" player_name="Quincy Promes">1</Player>
    <Player player_id="49309" player_name="Éver Banega">2</Player>
    <Player player_id="88484" player_name="Pablo Sarabia">2</Player>
    <Player cross="1" player_id="165811" player_name="André Silva">3</Player>
    <Player player_id="48714" player_name="Simon Kjaer">2</Player>
    <Player player_id="83912" player_name="Wissam Ben Yedder">1</Player>
    <Player player_id="106899" player_name="Roque Mesa">2</Player>
  </Player>
  <Player cross_lost="0" cross_success="0" jersey_num="3" pass_lost="4" pass_success="34" player_id="86151" player_name="Sergi Gómez" position="Defender" position_id="2" x="33.87" y="73.74">
    <Player player_id="51945" player_name="Tomás Vaclik">6</Player>
    <Player player_id="46479" player_name="Daniel Carriço">3</Player>
    <Player player_id="88484" player_name="Pablo Sarabia">2</Player>
    <Player player_id="49309" player_name="Éver Banega">1</Player>
    <Player player_id="17740" player_name="Jesús Navas">1</Player>
    <Player player_id="79627" player_name="Aleix Vidal">9</Player>
    <Player player_id="165811" player_name="André Silva">2</Player>
    <Player player_id="100731" player_name="Franco Vázquez">2</Player>
    <Player player_id="48714" player_name="Simon Kjaer">5</Player>
    <Player player_id="106899" player_name="Roque Mesa">3</Player>
  </Player>
  <Player cross_lost="2" cross_success="1" jersey_num="11" pass_lost="7" pass_success="39" player_id="79627" player_name="Aleix Vidal" position="Midfielder" position_id="3" x="46.54" y="84.80">
    <Player player_id="51945" player_name="Tomás Vaclik">1</Player>
    <Player player_id="46479" player_name="Daniel Carriço">1</Player>
    <Player player_id="49309" player_name="Éver Banega">7</Player>
    <Player player_id="88484" player_name="Pablo Sarabia">7</Player>
    <Player cross="1" player_id="17740" player_name="Jesús Navas">1</Player>
    <Player player_id="86151" player_name="Sergi Gómez">13</Player>
    <Player player_id="165811" player_name="André Silva">1</Player>
    <Player player_id="100731" player_name="Franco Vázquez">6</Player>
    <Player player_id="48714" player_name="Simon Kjaer">1</Player>
    <Player player_id="106899" player_name="Roque Mesa">1</Player>
  </Player>
  <Player cross_lost="0" cross_success="0" jersey_num="14" pass_lost="0" pass_success="5" player_id="87750" player_name="Luis Muriel" position="Substitute" position_id="5" sub_on="73" x="58.93" y="36.80">
    <Player player_id="46479" player_name="Daniel Carriço">1</Player>
    <Player player_id="17740" player_name="Jesús Navas">1</Player>
    <Player player_id="100731" player_name="Franco Vázquez">2</Player>
    <Player player_id="106899" player_name="Roque Mesa">1</Player>
  </Player>
  <Player cross_lost="0" cross_success="0" jersey_num="12" pass_lost="2" pass_success="16" player_id="165811" player_name="André Silva" position="Forward" position_id="4" x="61.52" y="47.75">
    <Player player_id="88484" player_name="Pablo Sarabia">2</Player>
    <Player player_id="49309" player_name="Éver Banega">3</Player>
    <Player player_id="17740" player_name="Jesús Navas">1</Player>
    <Player player_id="79627" player_name="Aleix Vidal">2</Player>
    <Player player_id="100731" player_name="Franco Vázquez">1</Player>
    <Player player_id="80758" player_name="Quincy Promes">1</Player>
    <Player player_id="83912" player_name="Wissam Ben Yedder">4</Player>
    <Player player_id="106899" player_name="Roque Mesa">2</Player>
  </Player>
  <Player cross_lost="0" cross_success="0" jersey_num="22" pass_lost="5" pass_success="49" player_id="100731" player_name="Franco Vázquez" position="Midfielder" position_id="3" x="48.00" y="43.72">
    <Player player_id="51945" player_name="Tomás Vaclik">1</Player>
    <Player player_id="46479" player_name="Daniel Carriço">5</Player>
    <Player player_id="17740" player_name="Jesús Navas">8</Player>
    <Player player_id="87750" player_name="Luis Muriel">1</Player>
    <Player player_id="80758" player_name="Quincy Promes">5</Player>
    <Player player_id="49309" player_name="Éver Banega">7</Player>
    <Player player_id="88484" player_name="Pablo Sarabia">5</Player>
    <Player player_id="79627" player_name="Aleix Vidal">6</Player>
    <Player player_id="86151" player_name="Sergi Gómez">3</Player>
    <Player player_id="165811" player_name="André Silva">1</Player>
    <Player player_id="48714" player_name="Simon Kjaer">3</Player>
    <Player player_id="106899" player_name="Roque Mesa">4</Player>
  </Player>
  <Player cross_lost="0" cross_success="0" jersey_num="21" pass_lost="1" pass_success="8" player_id="80758" player_name="Quincy Promes" position="Substitute" position_id="5" sub_on="63" x="60.93" y="83.15">
    <Player player_id="100731" player_name="Franco Vázquez">3</Player>
    <Player player_id="79627" player_name="Aleix Vidal">4</Player>
    <Player player_id="165811" player_name="André Silva">1</Player>
  </Player>
  <Player cross_lost="0" cross_success="0" jersey_num="4" pass_lost="3" pass_success="30" player_id="48714" player_name="Simon Kjaer" position="Defender" position_id="2" x="26.79" y="49.04">
    <Player player_id="51945" player_name="Tomás Vaclik">2</Player>
    <Player player_id="46479" player_name="Daniel Carriço">8</Player>
    <Player player_id="49309" player_name="Éver Banega">5</Player>
    <Player player_id="17740" player_name="Jesús Navas">1</Player>
    <Player player_id="79627" player_name="Aleix Vidal">3</Player>
    <Player player_id="86151" player_name="Sergi Gómez">5</Player>
    <Player player_id="100731" player_name="Franco Vázquez">4</Player>
    <Player player_id="106899" player_name="Roque Mesa">2</Player>
  </Player>
  <Player cross_lost="0" cross_success="0" jersey_num="9" pass_lost="2" pass_success="13" player_id="83912" player_name="Wissam Ben Yedder" position="Forward" position_id="4" sub_off="63" x="69.86" y="50.58">
    <Player player_id="49309" player_name="Éver Banega">3</Player>
    <Player player_id="88484" player_name="Pablo Sarabia">6</Player>
    <Player player_id="17740" player_name="Jesús Navas">1</Player>
    <Player player_id="79627" player_name="Aleix Vidal">1</Player>
    <Player player_id="100731" player_name="Franco Vázquez">2</Player>
  </Player>
  <Player cross_lost="0" cross_success="0" jersey_num="7" pass_lost="1" pass_success="21" player_id="106899" player_name="Roque Mesa" position="Substitute" position_id="5" sub_on="63" x="48.84" y="47.42">
    <Player player_id="46479" player_name="Daniel Carriço">6</Player>
    <Player player_id="17740" player_name="Jesús Navas">3</Player>
    <Player player_id="79627" player_name="Aleix Vidal">5</Player>
    <Player player_id="165811" player_name="André Silva">1</Player>
    <Player player_id="100731" player_name="Franco Vázquez">3</Player>
    <Player player_id="48714" player_name="Simon Kjaer">3</Player>
  </Player>
</SoccerFeed>