﻿<?xml version="1.0" encoding="UTF-8"?>
<!-- Copyright 2001-2018 Opta Sportsdata Ltd. All rights reserved. -->
<!-- PRODUCTION HEADER
     produced on:        valde-jobq-a03.nexus.opta.net
     production time:    20181129T165024,318Z
     production module:  Opta::Feed::XML::Soccer::F27
-->
<SoccerFeed act_minute="93" act_period="2" act_second="1" away_team_id="2894" away_team_name="Huesca" competition_id="23" competition_name="Spanish La Liga" game_date="2018-09-02 17:30:00" game_id="1009337" home_team_id="178" home_team_name="Barcelona" season_id="2018" season_name="Season 2018/2019" team_id="178" team_name="Barcelona">
  <Player cross_lost="0" cross_success="0" jersey_num="15" pass_lost="1" pass_success="16" player_id="171101" player_name="Clément Lenglet" position="Substitute" position_id="5" sub_on="65" x="32.78" y="69.65">
    <Player player_id="84583" player_name="Coutinho">1</Player>
    <Player player_id="18221" player_name="Gerard Piqué">1</Player>
    <Player player_id="77318" player_name="Marc-André ter Stegen">3</Player>
    <Player player_id="54104" player_name="Sergio Busquets">2</Player>
    <Player player_id="34703" player_name="Ivan Rakitic">1</Player>
    <Player player_id="219438" player_name="Ousmane Dembélé">1</Player>
    <Player player_id="42565" player_name="Arturo Vidal">1</Player>
    <Player player_id="52356" player_name="Jordi Alba">4</Player>
    <Player player_id="19054" player_name="Lionel Messi">2</Player>
  </Player>
  <Player cross_lost="0" cross_success="0" jersey_num="7" pass_lost="11" pass_success="78" player_id="84583" player_name="Coutinho" position="Midfielder" position_id="3" x="62.77" y="69.07">
    <Player player_id="171101" player_name="Clément Lenglet">1</Player>
    <Player player_id="88580" player_name="Samuel Umtiti">2</Player>
    <Player player_id="18221" player_name="Gerard Piqué">3</Player>
    <Player player_id="54104" player_name="Sergio Busquets">7</Player>
    <Player player_id="39336" player_name="Luis Suárez">7</Player>
    <Player player_id="34703" player_name="Ivan Rakitic">8</Player>
    <Player player_id="204043" player_name="Arthur">2</Player>
    <Player player_id="219438" player_name="Ousmane Dembélé">13</Player>
    <Player player_id="52356" player_name="Jordi Alba">22</Player>
    <Player player_id="86157" player_name="Sergi Roberto">1</Player>
    <Player player_id="19054" player_name="Lionel Messi">12</Player>
  </Player>
  <Player cross_lost="0" cross_success="0" jersey_num="3" pass_lost="1" pass_success="59" player_id="18221" player_name="Gerard Piqué" position="Defender" position_id="2" x="39.40" y="35.65">
    <Player player_id="171101" player_name="Clément Lenglet">5</Player>
    <Player player_id="84583" player_name="Coutinho">4</Player>
    <Player player_id="88580" player_name="Samuel Umtiti">6</Player>
    <Player player_id="54104" player_name="Sergio Busquets">5</Player>
    <Player player_id="77318" player_name="Marc-André ter Stegen">4</Player>
    <Player player_id="39336" player_name="Luis Suárez">2</Player>
    <Player player_id="34703" player_name="Ivan Rakitic">10</Player>
    <Player player_id="204043" player_name="Arthur">2</Player>
    <Player player_id="219438" player_name="Ousmane Dembélé">2</Player>
    <Player player_id="42565" player_name="Arturo Vidal">3</Player>
    <Player player_id="19054" player_name="Lionel Messi">4</Player>
    <Player player_id="86157" player_name="Sergi Roberto">12</Player>
  </Player>
  <Player cross_lost="0" cross_success="0" jersey_num="23" pass_lost="2" pass_success="37" player_id="88580" player_name="Samuel Umtiti" position="Defender" position_id="2" sub_off="65" x="38.61" y="65.92">
    <Player player_id="18221" player_name="Gerard Piqué">3</Player>
    <Player player_id="84583" player_name="Coutinho">9</Player>
    <Player player_id="77318" player_name="Marc-André ter Stegen">1</Player>
    <Player player_id="54104" player_name="Sergio Busquets">4</Player>
    <Player player_id="39336" player_name="Luis Suárez">3</Player>
    <Player player_id="34703" player_name="Ivan Rakitic">9</Player>
    <Player player_id="52356" player_name="Jordi Alba">6</Player>
    <Player player_id="86157" player_name="Sergi Roberto">1</Player>
    <Player player_id="19054" player_name="Lionel Messi">1</Player>
  </Player>
  <Player cross_lost="0" cross_success="0" jersey_num="5" pass_lost="6" pass_success="49" player_id="54104" player_name="Sergio Busquets" position="Midfielder" position_id="3" sub_off="76" x="51.76" y="49.93">
    <Player player_id="18221" player_name="Gerard Piqué">10</Player>
    <Player player_id="84583" player_name="Coutinho">10</Player>
    <Player player_id="39336" player_name="Luis Suárez">3</Player>
    <Player player_id="42565" player_name="Arturo Vidal">2</Player>
    <Player player_id="19054" player_name="Lionel Messi">3</Player>
    <Player player_id="86157" player_name="Sergi Roberto">4</Player>
    <Player player_id="88580" player_name="Samuel Umtiti">6</Player>
    <Player player_id="34703" player_name="Ivan Rakitic">7</Player>
    <Player player_id="219438" player_name="Ousmane Dembélé">1</Player>
    <Player player_id="52356" player_name="Jordi Alba">3</Player>
  </Player>
  <Player cross_lost="0" cross_success="0" jersey_num="1" pass_lost="1" pass_success="22" player_id="77318" player_name="Marc-André ter Stegen" position="Goalkeeper" position_id="1" x="10.74" y="49.11">
    <Player player_id="171101" player_name="Clément Lenglet">1</Player>
    <Player player_id="88580" player_name="Samuel Umtiti">3</Player>
    <Player player_id="84583" player_name="Coutinho">4</Player>
    <Player player_id="18221" player_name="Gerard Piqué">11</Player>
    <Player player_id="54104" player_name="Sergio Busquets">1</Player>
    <Player player_id="42565" player_name="Arturo Vidal">1</Player>
    <Player player_id="19054" player_name="Lionel Messi">1</Player>
  </Player>
  <Player cross_lost="0" cross_success="1" jersey_num="9" pass_lost="5" pass_success="24" player_id="39336" player_name="Luis Suárez" position="Forward" position_id="4" x="72.38" y="52.61">
    <Player player_id="171101" player_name="Clément Lenglet">1</Player>
    <Player player_id="88580" player_name="Samuel Umtiti">1</Player>
    <Player player_id="84583" player_name="Coutinho">4</Player>
    <Player player_id="54104" player_name="Sergio Busquets">3</Player>
    <Player player_id="34703" player_name="Ivan Rakitic">2</Player>
    <Player player_id="204043" player_name="Arthur">1</Player>
    <Player cross="1" player_id="219438" player_name="Ousmane Dembélé">5</Player>
    <Player player_id="42565" player_name="Arturo Vidal">1</Player>
    <Player player_id="52356" player_name="Jordi Alba">1</Player>
    <Player player_id="19054" player_name="Lionel Messi">3</Player>
    <Player player_id="86157" player_name="Sergi Roberto">2</Player>
  </Player>
  <Player cross_lost="1" cross_success="0" jersey_num="4" pass_lost="5" pass_success="65" player_id="34703" player_name="Ivan Rakitic" position="Midfielder" position_id="3" sub_off="71" x="56.79" y="29.95">
    <Player player_id="18221" player_name="Gerard Piqué">4</Player>
    <Player player_id="88580" player_name="Samuel Umtiti">5</Player>
    <Player player_id="84583" player_name="Coutinho">8</Player>
    <Player player_id="54104" player_name="Sergio Busquets">4</Player>
    <Player player_id="39336" player_name="Luis Suárez">1</Player>
    <Player player_id="34703" player_name="Ivan Rakitic">1</Player>
    <Player player_id="19054" player_name="Lionel Messi">21</Player>
    <Player player_id="86157" player_name="Sergi Roberto">21</Player>
  </Player>
  <Player cross_lost="0" cross_success="0" jersey_num="8" pass_lost="0" pass_success="14" player_id="204043" player_name="Arthur" position="Substitute" position_id="5" sub_on="76" x="43.85" y="59.42">
    <Player player_id="18221" player_name="Gerard Piqué">2</Player>
    <Player player_id="84583" player_name="Coutinho">2</Player>
    <Player player_id="39336" player_name="Luis Suárez">1</Player>
    <Player player_id="42565" player_name="Arturo Vidal">4</Player>
    <Player player_id="52356" player_name="Jordi Alba">2</Player>
    <Player player_id="86157" player_name="Sergi Roberto">1</Player>
    <Player player_id="19054" player_name="Lionel Messi">2</Player>
  </Player>
  <Player cross_lost="3" cross_success="1" jersey_num="11" pass_lost="5" pass_success="43" player_id="219438" player_name="Ousmane Dembélé" position="Forward" position_id="4" x="69.89" y="49.84">
    <Player cross="1" player_id="18221" player_name="Gerard Piqué">0</Player>
    <Player player_id="84583" player_name="Coutinho">12</Player>
    <Player player_id="54104" player_name="Sergio Busquets">2</Player>
    <Player player_id="39336" player_name="Luis Suárez">2</Player>
    <Player player_id="34703" player_name="Ivan Rakitic">3</Player>
    <Player player_id="204043" player_name="Arthur">1</Player>
    <Player player_id="42565" player_name="Arturo Vidal">4</Player>
    <Player player_id="52356" player_name="Jordi Alba">5</Player>
    <Player player_id="86157" player_name="Sergi Roberto">3</Player>
    <Player player_id="19054" player_name="Lionel Messi">11</Player>
  </Player>
  <Player cross_lost="0" cross_success="0" jersey_num="22" pass_lost="1" pass_success="23" player_id="42565" player_name="Arturo Vidal" position="Substitute" position_id="5" sub_on="71" x="50.15" y="45.87">
    <Player player_id="171101" player_name="Clément Lenglet">3</Player>
    <Player player_id="18221" player_name="Gerard Piqué">4</Player>
    <Player player_id="39336" player_name="Luis Suárez">2</Player>
    <Player player_id="204043" player_name="Arthur">3</Player>
    <Player player_id="219438" player_name="Ousmane Dembélé">2</Player>
    <Player player_id="52356" player_name="Jordi Alba">1</Player>
    <Player player_id="19054" player_name="Lionel Messi">4</Player>
    <Player player_id="86157" player_name="Sergi Roberto">4</Player>
  </Player>
  <Player cross_lost="0" cross_success="0" jersey_num="18" pass_lost="8" pass_success="55" player_id="52356" player_name="Jordi Alba" position="Defender" position_id="2" x="58.17" y="83.26">
    <Player player_id="18221" player_name="Gerard Piqué">2</Player>
    <Player player_id="88580" player_name="Samuel Umtiti">6</Player>
    <Player player_id="84583" player_name="Coutinho">17</Player>
    <Player player_id="54104" player_name="Sergio Busquets">4</Player>
    <Player player_id="77318" player_name="Marc-André ter Stegen">3</Player>
    <Player player_id="39336" player_name="Luis Suárez">3</Player>
    <Player player_id="34703" player_name="Ivan Rakitic">2</Player>
    <Player player_id="204043" player_name="Arthur">2</Player>
    <Player player_id="219438" player_name="Ousmane Dembélé">8</Player>
    <Player player_id="42565" player_name="Arturo Vidal">1</Player>
    <Player player_id="86157" player_name="Sergi Roberto">1</Player>
    <Player player_id="19054" player_name="Lionel Messi">5</Player>
  </Player>
  <Player cross_lost="1" cross_success="0" jersey_num="20" pass_lost="1" pass_success="57" player_id="86157" player_name="Sergi Roberto" position="Defender" position_id="2" x="63.82" y="15.84">
    <Player player_id="171101" player_name="Clément Lenglet">1</Player>
    <Player player_id="18221" player_name="Gerard Piqué">5</Player>
    <Player player_id="88580" player_name="Samuel Umtiti">2</Player>
    <Player player_id="54104" player_name="Sergio Busquets">3</Player>
    <Player player_id="77318" player_name="Marc-André ter Stegen">1</Player>
    <Player player_id="39336" player_name="Luis Suárez">5</Player>
    <Player player_id="34703" player_name="Ivan Rakitic">17</Player>
    <Player player_id="219438" player_name="Ousmane Dembélé">5</Player>
    <Player player_id="42565" player_name="Arturo Vidal">2</Player>
    <Player player_id="52356" player_name="Jordi Alba">2</Player>
    <Player player_id="19054" player_name="Lionel Messi">14</Player>
  </Player>
  <Player cross_lost="1" cross_success="0" jersey_num="10" pass_lost="11" pass_success="71" player_id="19054" player_name="Lionel Messi" position="Forward" position_id="4" x="69.42" y="40.56">
    <Player player_id="171101" player_name="Clément Lenglet">2</Player>
    <Player player_id="18221" player_name="Gerard Piqué">4</Player>
    <Player player_id="84583" player_name="Coutinho">16</Player>
    <Player player_id="54104" player_name="Sergio Busquets">1</Player>
    <Player player_id="39336" player_name="Luis Suárez">2</Player>
    <Player player_id="204043" player_name="Arthur">2</Player>
    <Player player_id="42565" player_name="Arturo Vidal">4</Player>
    <Player player_id="86157" player_name="Sergi Roberto">7</Player>
    <Player player_id="88580" player_name="Samuel Umtiti">2</Player>
    <Player player_id="34703" player_name="Ivan Rakitic">9</Player>
    <Player player_id="219438" player_name="Ousmane Dembélé">12</Player>
    <Player player_id="52356" player_name="Jordi Alba">10</Player>
  </Player>
</SoccerFeed>