﻿<?xml version="1.0" encoding="UTF-8"?>
<!-- Copyright 2001-2018 Opta Sportsdata Ltd. All rights reserved. -->
<!-- PRODUCTION HEADER
     produced on:        valde-jobq-a02.nexus.opta.net
     production time:    20180823T201756,433Z
     production module:  Opta::Feed::XML::Soccer::F27
-->
<SoccerFeed act_minute="92" act_period="2" act_second="4" away_team_id="1450" away_team_name="Getafe" competition_id="23" competition_name="Spanish La Liga" game_date="2018-08-19 21:15:00" game_id="1009324" home_team_id="186" home_team_name="Real Madrid" season_id="2018" season_name="Season 2018/2019" team_id="1450" team_name="Getafe">
  <Player cross_lost="1" cross_success="0" jersey_num="8" pass_lost="5" pass_success="11" player_id="80795" player_name="Francisco Portillo" position="Midfielder" position_id="3" sub_off="64" x="41.88" y="11.82">
    <Player player_id="198499" player_name="Nemanja Maksimovic">1</Player>
    <Player player_id="76555" player_name="Jorge Molina">2</Player>
    <Player player_id="99005" player_name="Damián Suárez">3</Player>
    <Player player_id="171222" player_name="Mauro Arambarri">5</Player>
  </Player>
  <Player cross_lost="0" cross_success="0" jersey_num="13" pass_lost="19" pass_success="11" player_id="175204" player_name="David Soria" position="Goalkeeper" position_id="1" x="10.32" y="47.91">
    <Player player_id="80795" player_name="Francisco Portillo">1</Player>
    <Player player_id="56419" player_name="Ángel Rodríguez">1</Player>
    <Player player_id="64662" player_name="Leandro Cabrera">5</Player>
    <Player player_id="99005" player_name="Damián Suárez">1</Player>
    <Player player_id="76555" player_name="Jorge Molina">1</Player>
    <Player player_id="149838" player_name="Djené Dakonam">1</Player>
    <Player player_id="109270" player_name="Jaime Mata">1</Player>
  </Player>
  <Player cross_lost="0" cross_success="0" jersey_num="11" pass_lost="3" pass_success="5" player_id="225463" player_name="Amath Ndiaye" position="Midfielder" position_id="3" sub_off="58" x="60.72" y="81.47">
    <Player player_id="198499" player_name="Nemanja Maksimovic">1</Player>
    <Player player_id="76555" player_name="Jorge Molina">1</Player>
    <Player player_id="158213" player_name="Gaku Shibasaki">3</Player>
  </Player>
  <Player cross_lost="0" cross_success="0" jersey_num="20" pass_lost="2" pass_success="10" player_id="198499" player_name="Nemanja Maksimovic" position="Midfielder" position_id="3" x="42.88" y="56.80">
    <Player player_id="80795" player_name="Francisco Portillo">1</Player>
    <Player player_id="225463" player_name="Amath Ndiaye">1</Player>
    <Player player_id="56419" player_name="Ángel Rodríguez">1</Player>
    <Player player_id="64662" player_name="Leandro Cabrera">1</Player>
    <Player player_id="98976" player_name="Bruno González">2</Player>
    <Player player_id="76555" player_name="Jorge Molina">1</Player>
    <Player player_id="149838" player_name="Djené Dakonam">1</Player>
    <Player player_id="158213" player_name="Gaku Shibasaki">1</Player>
    <Player player_id="171222" player_name="Mauro Arambarri">1</Player>
  </Player>
  <Player cross_lost="0" cross_success="0" jersey_num="9" pass_lost="0" pass_success="1" player_id="56419" player_name="Ángel Rodríguez" position="Substitute" position_id="5" sub_on="71" x="69.94" y="43.09">
    <Player player_id="109270" player_name="Jaime Mata">1</Player>
  </Player>
  <Player cross_lost="1" cross_success="1" jersey_num="6" pass_lost="11" pass_success="10" player_id="64662" player_name="Leandro Cabrera" position="Defender" position_id="2" x="46.36" y="87.36">
    <Player player_id="175204" player_name="David Soria">1</Player>
    <Player player_id="225463" player_name="Amath Ndiaye">4</Player>
    <Player player_id="98976" player_name="Bruno González">1</Player>
    <Player cross="1" player_id="109270" player_name="Jaime Mata">2</Player>
    <Player player_id="158213" player_name="Gaku Shibasaki">2</Player>
  </Player>
  <Player cross_lost="0" cross_success="0" jersey_num="4" pass_lost="6" pass_success="14" player_id="98976" player_name="Bruno González" position="Defender" position_id="2" x="30.20" y="56.22">
    <Player player_id="198499" player_name="Nemanja Maksimovic">1</Player>
    <Player player_id="175204" player_name="David Soria">1</Player>
    <Player player_id="64662" player_name="Leandro Cabrera">3</Player>
    <Player player_id="149838" player_name="Djené Dakonam">2</Player>
    <Player player_id="158213" player_name="Gaku Shibasaki">3</Player>
    <Player player_id="179926" player_name="Iván Alejo">2</Player>
    <Player player_id="171222" player_name="Mauro Arambarri">2</Player>
  </Player>
  <Player cross_lost="0" cross_success="0" jersey_num="19" pass_lost="3" pass_success="4" player_id="76555" player_name="Jorge Molina" position="Forward" position_id="4" sub_off="71" x="58.16" y="61.80">
    <Player player_id="225463" player_name="Amath Ndiaye">2</Player>
    <Player player_id="64662" player_name="Leandro Cabrera">1</Player>
    <Player player_id="98976" player_name="Bruno González">1</Player>
  </Player>
  <Player cross_lost="1" cross_success="0" jersey_num="22" pass_lost="10" pass_success="16" player_id="99005" player_name="Damián Suárez" position="Defender" position_id="2" x="39.61" y="14.09">
    <Player player_id="80795" player_name="Francisco Portillo">7</Player>
    <Player player_id="175204" player_name="David Soria">2</Player>
    <Player player_id="64662" player_name="Leandro Cabrera">1</Player>
    <Player player_id="149838" player_name="Djené Dakonam">1</Player>
    <Player player_id="179926" player_name="Iván Alejo">1</Player>
    <Player player_id="171222" player_name="Mauro Arambarri">4</Player>
  </Player>
  <Player cross_lost="0" cross_success="0" jersey_num="2" pass_lost="4" pass_success="21" player_id="149838" player_name="Djené Dakonam" position="Defender" position_id="2" x="28.65" y="26.69">
    <Player player_id="80795" player_name="Francisco Portillo">2</Player>
    <Player player_id="198499" player_name="Nemanja Maksimovic">1</Player>
    <Player player_id="175204" player_name="David Soria">3</Player>
    <Player player_id="56419" player_name="Ángel Rodríguez">1</Player>
    <Player player_id="64662" player_name="Leandro Cabrera">1</Player>
    <Player player_id="98976" player_name="Bruno González">3</Player>
    <Player player_id="99005" player_name="Damián Suárez">6</Player>
    <Player player_id="158213" player_name="Gaku Shibasaki">1</Player>
    <Player player_id="179926" player_name="Iván Alejo">1</Player>
    <Player player_id="171222" player_name="Mauro Arambarri">2</Player>
  </Player>
  <Player cross_lost="1" cross_success="0" jersey_num="7" pass_lost="2" pass_success="8" player_id="109270" player_name="Jaime Mata" position="Substitute" position_id="5" sub_on="58" x="50.67" y="54.19">
    <Player player_id="198499" player_name="Nemanja Maksimovic">1</Player>
    <Player player_id="56419" player_name="Ángel Rodríguez">1</Player>
    <Player player_id="64662" player_name="Leandro Cabrera">1</Player>
    <Player player_id="99005" player_name="Damián Suárez">1</Player>
    <Player player_id="158213" player_name="Gaku Shibasaki">3</Player>
    <Player player_id="179926" player_name="Iván Alejo">1</Player>
  </Player>
  <Player cross_lost="1" cross_success="0" jersey_num="10" pass_lost="8" pass_success="17" player_id="158213" player_name="Gaku Shibasaki" position="Midfielder" position_id="3" x="52.52" y="62.60">
    <Player player_id="80795" player_name="Francisco Portillo">1</Player>
    <Player player_id="225463" player_name="Amath Ndiaye">2</Player>
    <Player player_id="98976" player_name="Bruno González">1</Player>
    <Player player_id="64662" player_name="Leandro Cabrera">4</Player>
    <Player player_id="76555" player_name="Jorge Molina">3</Player>
    <Player player_id="149838" player_name="Djené Dakonam">2</Player>
    <Player player_id="109270" player_name="Jaime Mata">3</Player>
    <Player player_id="171222" player_name="Mauro Arambarri">1</Player>
  </Player>
  <Player cross_lost="0" cross_success="0" jersey_num="23" pass_lost="2" pass_success="3" player_id="179926" player_name="Iván Alejo" position="Substitute" position_id="5" sub_on="64" x="55.70" y="21.71">
    <Player player_id="99005" player_name="Damián Suárez">1</Player>
    <Player player_id="149838" player_name="Djené Dakonam">1</Player>
    <Player player_id="109270" player_name="Jaime Mata">1</Player>
  </Player>
  <Player cross_lost="0" cross_success="0" jersey_num="18" pass_lost="2" pass_success="17" player_id="171222" player_name="Mauro Arambarri" position="Midfielder" position_id="3" x="46.73" y="35.62">
    <Player player_id="80795" player_name="Francisco Portillo">2</Player>
    <Player player_id="225463" player_name="Amath Ndiaye">1</Player>
    <Player player_id="98976" player_name="Bruno González">1</Player>
    <Player player_id="64662" player_name="Leandro Cabrera">1</Player>
    <Player player_id="99005" player_name="Damián Suárez">1</Player>
    <Player player_id="149838" player_name="Djené Dakonam">2</Player>
    <Player player_id="109270" player_name="Jaime Mata">1</Player>
    <Player player_id="158213" player_name="Gaku Shibasaki">4</Player>
    <Player player_id="179926" player_name="Iván Alejo">4</Player>
  </Player>
</SoccerFeed>