﻿<?xml version="1.0" encoding="UTF-8"?>
<!-- Copyright 2001-2018 Opta Sportsdata Ltd. All rights reserved. -->
<!-- PRODUCTION HEADER
     produced on:        valde-jobq-a04.nexus.opta.net
     production time:    20180828T175732,184Z
     production module:  Opta::Feed::XML::Soccer::F27
-->
<SoccerFeed act_minute="93" act_period="2" act_second="2" away_team_id="2894" away_team_name="Huesca" competition_id="23" competition_name="Spanish La Liga" game_date="2018-08-27 21:00:00" game_id="1009327" home_team_id="174" home_team_name="Athletic Club" season_id="2018" season_name="Season 2018/2019" team_id="174" team_name="Athletic Club">
  <Player cross_lost="0" cross_success="0" jersey_num="30" pass_lost="1" pass_success="1" player_id="220182" player_name="Gorka Guruzeta" position="Substitute" position_id="5" sub_on="84" x="56.83" y="54.07">
    <Player player_id="76012" player_name="Iker Muniain">1</Player>
  </Player>
  <Player cross_lost="0" cross_success="0" jersey_num="16" pass_lost="9" pass_success="56" player_id="140264" player_name="Dani García" position="Midfielder" position_id="3" x="45.31" y="50.29">
    <Player player_id="220182" player_name="Gorka Guruzeta">1</Player>
    <Player player_id="59062" player_name="Óscar De Marcos">3</Player>
    <Player player_id="215684" player_name="Iñigo Córdoba">1</Player>
    <Player player_id="42670" player_name="Yuri">11</Player>
    <Player player_id="56249" player_name="Ander Iturraspe">1</Player>
    <Player player_id="197334" player_name="Iñaki Williams">2</Player>
    <Player player_id="212769" player_name="Unai Simón">1</Player>
    <Player player_id="18498" player_name="Raúl García">6</Player>
    <Player player_id="197319" player_name="Yeray Álvarez">12</Player>
    <Player player_id="47665" player_name="Markel Susaeta">3</Player>
    <Player player_id="242831" player_name="Peru Nolaskoain">8</Player>
    <Player player_id="76012" player_name="Iker Muniain">7</Player>
  </Player>
  <Player cross_lost="1" cross_success="0" jersey_num="22" pass_lost="19" pass_success="39" player_id="18498" player_name="Raúl García" position="Midfielder" position_id="3" x="54.88" y="30.29">
    <Player player_id="140264" player_name="Dani García">4</Player>
    <Player player_id="42670" player_name="Yuri">3</Player>
    <Player player_id="59062" player_name="Óscar De Marcos">12</Player>
    <Player player_id="56249" player_name="Ander Iturraspe">1</Player>
    <Player player_id="197334" player_name="Iñaki Williams">5</Player>
    <Player player_id="140266" player_name="Ander Capa">2</Player>
    <Player player_id="197319" player_name="Yeray Álvarez">4</Player>
    <Player player_id="47665" player_name="Markel Susaeta">4</Player>
    <Player player_id="76012" player_name="Iker Muniain">3</Player>
    <Player player_id="242831" player_name="Peru Nolaskoain">1</Player>
  </Player>
  <Player cross_lost="2" cross_success="1" jersey_num="18" pass_lost="8" pass_success="42" player_id="59062" player_name="Óscar De Marcos" position="Defender" position_id="2" sub_off="81" x="56.90" y="14.70">
    <Player player_id="140264" player_name="Dani García">6</Player>
    <Player player_id="42670" player_name="Yuri">1</Player>
    <Player cross="1" player_id="215684" player_name="Iñigo Córdoba">1</Player>
    <Player player_id="56249" player_name="Ander Iturraspe">1</Player>
    <Player player_id="212769" player_name="Unai Simón">1</Player>
    <Player player_id="18498" player_name="Raúl García">15</Player>
    <Player player_id="197319" player_name="Yeray Álvarez">3</Player>
    <Player player_id="47665" player_name="Markel Susaeta">9</Player>
    <Player player_id="76012" player_name="Iker Muniain">3</Player>
    <Player player_id="242831" player_name="Peru Nolaskoain">2</Player>
  </Player>
  <Player cross_lost="2" cross_success="0" jersey_num="11" pass_lost="7" pass_success="14" player_id="215684" player_name="Iñigo Córdoba" position="Midfielder" position_id="3" sub_off="71" x="64.76" y="75.24">
    <Player player_id="140264" player_name="Dani García">1</Player>
    <Player player_id="18498" player_name="Raúl García">2</Player>
    <Player player_id="42670" player_name="Yuri">2</Player>
    <Player player_id="197319" player_name="Yeray Álvarez">1</Player>
    <Player player_id="197334" player_name="Iñaki Williams">1</Player>
    <Player player_id="76012" player_name="Iker Muniain">5</Player>
    <Player player_id="242831" player_name="Peru Nolaskoain">2</Player>
  </Player>
  <Player cross_lost="2" cross_success="1" jersey_num="12" pass_lost="6" pass_success="42" player_id="42670" player_name="Yuri" position="Defender" position_id="2" x="52.17" y="82.98">
    <Player player_id="140264" player_name="Dani García">11</Player>
    <Player player_id="215684" player_name="Iñigo Córdoba">11</Player>
    <Player player_id="56249" player_name="Ander Iturraspe">1</Player>
    <Player cross="1" player_id="197334" player_name="Iñaki Williams">1</Player>
    <Player player_id="18498" player_name="Raúl García">2</Player>
    <Player player_id="197319" player_name="Yeray Álvarez">1</Player>
    <Player player_id="47665" player_name="Markel Susaeta">1</Player>
    <Player player_id="242831" player_name="Peru Nolaskoain">11</Player>
    <Player player_id="76012" player_name="Iker Muniain">3</Player>
  </Player>
  <Player cross_lost="0" cross_success="0" jersey_num="8" pass_lost="2" pass_success="10" player_id="56249" player_name="Ander Iturraspe" position="Substitute" position_id="5" sub_on="71" x="46.06" y="45.30">
    <Player player_id="140264" player_name="Dani García">2</Player>
    <Player player_id="197319" player_name="Yeray Álvarez">1</Player>
    <Player player_id="197334" player_name="Iñaki Williams">2</Player>
    <Player player_id="212769" player_name="Unai Simón">1</Player>
    <Player player_id="76012" player_name="Iker Muniain">1</Player>
    <Player player_id="242831" player_name="Peru Nolaskoain">3</Player>
  </Player>
  <Player cross_lost="0" cross_success="0" jersey_num="5" pass_lost="8" pass_success="59" player_id="197319" player_name="Yeray Álvarez" position="Defender" position_id="2" x="36.32" y="32.35">
    <Player player_id="140264" player_name="Dani García">10</Player>
    <Player player_id="215684" player_name="Iñigo Córdoba">1</Player>
    <Player player_id="42670" player_name="Yuri">3</Player>
    <Player player_id="59062" player_name="Óscar De Marcos">11</Player>
    <Player player_id="56249" player_name="Ander Iturraspe">1</Player>
    <Player player_id="197334" player_name="Iñaki Williams">6</Player>
    <Player player_id="140266" player_name="Ander Capa">1</Player>
    <Player player_id="212769" player_name="Unai Simón">3</Player>
    <Player player_id="18498" player_name="Raúl García">5</Player>
    <Player player_id="47665" player_name="Markel Susaeta">7</Player>
    <Player player_id="242831" player_name="Peru Nolaskoain">10</Player>
    <Player player_id="76012" player_name="Iker Muniain">1</Player>
  </Player>
  <Player cross_lost="0" cross_success="0" jersey_num="9" pass_lost="4" pass_success="15" player_id="197334" player_name="Iñaki Williams" position="Forward" position_id="4" x="65.30" y="46.12">
    <Player player_id="140264" player_name="Dani García">2</Player>
    <Player player_id="18498" player_name="Raúl García">2</Player>
    <Player player_id="42670" player_name="Yuri">2</Player>
    <Player player_id="59062" player_name="Óscar De Marcos">2</Player>
    <Player player_id="56249" player_name="Ander Iturraspe">1</Player>
    <Player player_id="47665" player_name="Markel Susaeta">3</Player>
    <Player player_id="76012" player_name="Iker Muniain">3</Player>
  </Player>
  <Player cross_lost="0" cross_success="0" jersey_num="21" pass_lost="0" pass_success="3" player_id="140266" player_name="Ander Capa" position="Substitute" position_id="5" sub_on="81" x="55.42" y="16.83">
    <Player player_id="18498" player_name="Raúl García">2</Player>
    <Player player_id="197319" player_name="Yeray Álvarez">1</Player>
  </Player>
  <Player cross_lost="0" cross_success="0" jersey_num="25" pass_lost="3" pass_success="17" player_id="212769" player_name="Unai Simón" position="Goalkeeper" position_id="1" x="8.10" y="49.07">
    <Player player_id="220182" player_name="Gorka Guruzeta">1</Player>
    <Player player_id="140264" player_name="Dani García">2</Player>
    <Player player_id="215684" player_name="Iñigo Córdoba">1</Player>
    <Player player_id="42670" player_name="Yuri">2</Player>
    <Player player_id="197319" player_name="Yeray Álvarez">5</Player>
    <Player player_id="242831" player_name="Peru Nolaskoain">5</Player>
    <Player player_id="76012" player_name="Iker Muniain">1</Player>
  </Player>
  <Player cross_lost="3" cross_success="2" jersey_num="14" pass_lost="8" pass_success="36" player_id="47665" player_name="Markel Susaeta" position="Midfielder" position_id="3" sub_off="84" x="60.30" y="36.13">
    <Player cross="1" player_id="18498" player_name="Raúl García">10</Player>
    <Player cross="1" player_id="215684" player_name="Iñigo Córdoba">0</Player>
    <Player player_id="59062" player_name="Óscar De Marcos">10</Player>
    <Player player_id="42670" player_name="Yuri">3</Player>
    <Player player_id="197319" player_name="Yeray Álvarez">1</Player>
    <Player player_id="242831" player_name="Peru Nolaskoain">1</Player>
    <Player player_id="76012" player_name="Iker Muniain">11</Player>
  </Player>
  <Player cross_lost="0" cross_success="0" jersey_num="31" pass_lost="5" pass_success="52" player_id="242831" player_name="Peru Nolaskoain" position="Defender" position_id="2" x="39.99" y="67.65">
    <Player player_id="140264" player_name="Dani García">9</Player>
    <Player player_id="18498" player_name="Raúl García">5</Player>
    <Player player_id="215684" player_name="Iñigo Córdoba">1</Player>
    <Player player_id="59062" player_name="Óscar De Marcos">1</Player>
    <Player player_id="42670" player_name="Yuri">13</Player>
    <Player player_id="197319" player_name="Yeray Álvarez">11</Player>
    <Player player_id="212769" player_name="Unai Simón">1</Player>
    <Player player_id="76012" player_name="Iker Muniain">11</Player>
  </Player>
  <Player cross_lost="0" cross_success="0" jersey_num="10" pass_lost="7" pass_success="44" player_id="76012" player_name="Iker Muniain" position="Midfielder" position_id="3" x="57.84" y="53.61">
    <Player player_id="140264" player_name="Dani García">2</Player>
    <Player player_id="18498" player_name="Raúl García">3</Player>
    <Player player_id="215684" player_name="Iñigo Córdoba">4</Player>
    <Player player_id="42670" player_name="Yuri">7</Player>
    <Player player_id="59062" player_name="Óscar De Marcos">7</Player>
    <Player player_id="56249" player_name="Ander Iturraspe">2</Player>
    <Player player_id="197319" player_name="Yeray Álvarez">3</Player>
    <Player player_id="197334" player_name="Iñaki Williams">5</Player>
    <Player player_id="47665" player_name="Markel Susaeta">9</Player>
    <Player player_id="242831" player_name="Peru Nolaskoain">2</Player>
  </Player>
</SoccerFeed>