﻿<?xml version="1.0" encoding="UTF-8"?>
<!-- Copyright 2001-2019 Opta Sportsdata Ltd. All rights reserved. -->
<!-- PRODUCTION HEADER
     produced on:        valde-jobq-a02.nexus.opta.net
     production time:    20190217T172641,876Z
     production module:  Opta::Feed::XML::Soccer::F27
-->
<SoccerFeed act_minute="93" act_period="2" act_second="58" away_team_id="192" away_team_name="Real Valladolid" competition_id="23" competition_name="Spanish La Liga" game_date="2019-02-16 19:45:00" game_id="1009546" home_team_id="178" home_team_name="Barcelona" season_id="2018" season_name="Season 2018/2019" team_id="192" team_name="Real Valladolid">
  <Player cross_lost="0" cross_success="0" jersey_num="9" pass_lost="4" pass_success="17" player_id="168636" player_name="Enes Ünal" position="Forward" position_id="4" sub_off="79" x="57.68" y="47.19">
    <Player player_id="58876" player_name="Míchel">2</Player>
    <Player player_id="89850" player_name="Sergi Guardiola">2</Player>
    <Player player_id="87804" player_name="Antoñito">4</Player>
    <Player player_id="198906" player_name="Anuar Mohamed">3</Player>
    <Player player_id="90394" player_name="Nacho">3</Player>
    <Player player_id="153867" player_name="Daniele Verde">3</Player>
  </Player>
  <Player cross_lost="0" cross_success="0" jersey_num="2" pass_lost="6" pass_success="26" player_id="220122" player_name="Joaquín Fernández" position="Defender" position_id="2" x="31.63" y="27.48">
    <Player player_id="58819" player_name="Kiko Olivas">8</Player>
    <Player player_id="89850" player_name="Sergi Guardiola">1</Player>
    <Player player_id="87804" player_name="Antoñito">5</Player>
    <Player player_id="198906" player_name="Anuar Mohamed">4</Player>
    <Player player_id="59944" player_name="Keko">3</Player>
    <Player player_id="153867" player_name="Daniele Verde">1</Player>
    <Player player_id="86148" player_name="Jordi Masip">4</Player>
  </Player>
  <Player cross_lost="0" cross_success="0" jersey_num="4" pass_lost="4" pass_success="37" player_id="58819" player_name="Kiko Olivas" position="Defender" position_id="2" x="30.51" y="48.31">
    <Player player_id="220122" player_name="Joaquín Fernández">4</Player>
    <Player player_id="168636" player_name="Enes Ünal">1</Player>
    <Player player_id="89850" player_name="Sergi Guardiola">3</Player>
    <Player player_id="58876" player_name="Míchel">8</Player>
    <Player player_id="87804" player_name="Antoñito">2</Player>
    <Player player_id="241869" player_name="Fernando Calero">5</Player>
    <Player player_id="198906" player_name="Anuar Mohamed">4</Player>
    <Player player_id="90394" player_name="Nacho">2</Player>
    <Player player_id="86148" player_name="Jordi Masip">6</Player>
    <Player player_id="153867" player_name="Daniele Verde">1</Player>
  </Player>
  <Player cross_lost="1" cross_success="1" jersey_num="12" pass_lost="7" pass_success="19" player_id="89850" player_name="Sergi Guardiola" position="Forward" position_id="4" x="57.79" y="44.01">
    <Player player_id="168636" player_name="Enes Ünal">4</Player>
    <Player player_id="58876" player_name="Míchel">1</Player>
    <Player player_id="242290" player_name="Toni Villa">1</Player>
    <Player player_id="87804" player_name="Antoñito">2</Player>
    <Player player_id="198906" player_name="Anuar Mohamed">3</Player>
    <Player player_id="90394" player_name="Nacho">5</Player>
    <Player cross="1" player_id="153867" player_name="Daniele Verde">3</Player>
  </Player>
  <Player cross_lost="2" cross_success="0" jersey_num="21" pass_lost="4" pass_success="55" player_id="58876" player_name="Míchel" position="Midfielder" position_id="3" x="38.38" y="52.92">
    <Player player_id="220122" player_name="Joaquín Fernández">3</Player>
    <Player player_id="168636" player_name="Enes Ünal">2</Player>
    <Player player_id="87804" player_name="Antoñito">6</Player>
    <Player player_id="59944" player_name="Keko">1</Player>
    <Player player_id="86148" player_name="Jordi Masip">2</Player>
    <Player player_id="153867" player_name="Daniele Verde">4</Player>
    <Player player_id="58819" player_name="Kiko Olivas">7</Player>
    <Player player_id="89850" player_name="Sergi Guardiola">2</Player>
    <Player player_id="241869" player_name="Fernando Calero">9</Player>
    <Player player_id="198906" player_name="Anuar Mohamed">7</Player>
    <Player player_id="90394" player_name="Nacho">12</Player>
  </Player>
  <Player cross_lost="0" cross_success="0" jersey_num="19" pass_lost="1" pass_success="3" player_id="242290" player_name="Toni Villa" position="Substitute" position_id="5" sub_off="76" sub_on="67" x="59.50" y="23.23">
    <Player player_id="87804" player_name="Antoñito">3</Player>
  </Player>
  <Player cross_lost="5" cross_success="0" jersey_num="18" pass_lost="14" pass_success="21" player_id="87804" player_name="Antoñito" position="Midfielder" position_id="3" x="44.87" y="12.86">
    <Player player_id="220122" player_name="Joaquín Fernández">6</Player>
    <Player player_id="168636" player_name="Enes Ünal">1</Player>
    <Player player_id="58876" player_name="Míchel">3</Player>
    <Player player_id="89850" player_name="Sergi Guardiola">4</Player>
    <Player player_id="452551" player_name="Stiven Plaza">1</Player>
    <Player player_id="198906" player_name="Anuar Mohamed">4</Player>
    <Player player_id="153867" player_name="Daniele Verde">2</Player>
  </Player>
  <Player cross_lost="0" cross_success="0" jersey_num="5" pass_lost="5" pass_success="38" player_id="241869" player_name="Fernando Calero" position="Defender" position_id="2" x="32.99" y="75.03">
    <Player player_id="168636" player_name="Enes Ünal">1</Player>
    <Player player_id="220122" player_name="Joaquín Fernández">2</Player>
    <Player player_id="58819" player_name="Kiko Olivas">5</Player>
    <Player player_id="89850" player_name="Sergi Guardiola">3</Player>
    <Player player_id="58876" player_name="Míchel">5</Player>
    <Player player_id="198906" player_name="Anuar Mohamed">4</Player>
    <Player player_id="90394" player_name="Nacho">13</Player>
    <Player player_id="59944" player_name="Keko">1</Player>
    <Player player_id="153867" player_name="Daniele Verde">1</Player>
    <Player player_id="86148" player_name="Jordi Masip">3</Player>
  </Player>
  <Player cross_lost="0" cross_success="0" jersey_num="42" pass_lost="0" pass_success="1" player_id="452551" player_name="Stiven Plaza" position="Substitute" position_id="5" sub_on="76" x="57.75" y="41.30">
    <Player player_id="89850" player_name="Sergi Guardiola">1</Player>
  </Player>
  <Player cross_lost="1" cross_success="0" jersey_num="23" pass_lost="10" pass_success="46" player_id="198906" player_name="Anuar Mohamed" position="Midfielder" position_id="3" x="42.00" y="47.41">
    <Player player_id="168636" player_name="Enes Ünal">3</Player>
    <Player player_id="220122" player_name="Joaquín Fernández">7</Player>
    <Player player_id="87804" player_name="Antoñito">5</Player>
    <Player player_id="59944" player_name="Keko">1</Player>
    <Player player_id="86148" player_name="Jordi Masip">1</Player>
    <Player player_id="153867" player_name="Daniele Verde">3</Player>
    <Player player_id="58819" player_name="Kiko Olivas">4</Player>
    <Player player_id="89850" player_name="Sergi Guardiola">3</Player>
    <Player player_id="58876" player_name="Míchel">6</Player>
    <Player player_id="241869" player_name="Fernando Calero">3</Player>
    <Player player_id="90394" player_name="Nacho">9</Player>
  </Player>
  <Player cross_lost="3" cross_success="1" jersey_num="22" pass_lost="10" pass_success="43" player_id="90394" player_name="Nacho" position="Midfielder" position_id="3" x="47.18" y="83.96">
    <Player player_id="220122" player_name="Joaquín Fernández">1</Player>
    <Player player_id="168636" player_name="Enes Ünal">1</Player>
    <Player player_id="59944" player_name="Keko">1</Player>
    <Player player_id="86148" player_name="Jordi Masip">1</Player>
    <Player cross="1" player_id="153867" player_name="Daniele Verde">7</Player>
    <Player player_id="58876" player_name="Míchel">14</Player>
    <Player player_id="89850" player_name="Sergi Guardiola">5</Player>
    <Player player_id="241869" player_name="Fernando Calero">6</Player>
    <Player player_id="198906" player_name="Anuar Mohamed">7</Player>
  </Player>
  <Player cross_lost="0" cross_success="0" jersey_num="24" pass_lost="3" pass_success="4" player_id="59944" player_name="Keko" position="Substitute" position_id="5" sub_on="79" x="41.12" y="33.67">
    <Player player_id="58876" player_name="Míchel">1</Player>
    <Player player_id="87804" player_name="Antoñito">1</Player>
    <Player player_id="198906" player_name="Anuar Mohamed">1</Player>
    <Player player_id="452551" player_name="Stiven Plaza">1</Player>
  </Player>
  <Player cross_lost="3" cross_success="0" jersey_num="11" pass_lost="6" pass_success="20" player_id="153867" player_name="Daniele Verde" position="Forward" position_id="4" sub_off="67" x="50.54" y="55.75">
    <Player player_id="220122" player_name="Joaquín Fernández">1</Player>
    <Player player_id="168636" player_name="Enes Ünal">3</Player>
    <Player player_id="58876" player_name="Míchel">6</Player>
    <Player player_id="87804" player_name="Antoñito">4</Player>
    <Player player_id="241869" player_name="Fernando Calero">1</Player>
    <Player player_id="198906" player_name="Anuar Mohamed">3</Player>
    <Player player_id="90394" player_name="Nacho">2</Player>
  </Player>
  <Player cross_lost="0" cross_success="0" jersey_num="1" pass_lost="15" pass_success="22" player_id="86148" player_name="Jordi Masip" position="Goalkeeper" position_id="1" x="7.83" y="48.11">
    <Player player_id="220122" player_name="Joaquín Fernández">1</Player>
    <Player player_id="168636" player_name="Enes Ünal">2</Player>
    <Player player_id="58819" player_name="Kiko Olivas">1</Player>
    <Player player_id="58876" player_name="Míchel">3</Player>
    <Player player_id="89850" player_name="Sergi Guardiola">1</Player>
    <Player player_id="87804" player_name="Antoñito">1</Player>
    <Player player_id="241869" player_name="Fernando Calero">8</Player>
    <Player player_id="198906" player_name="Anuar Mohamed">1</Player>
    <Player player_id="90394" player_name="Nacho">4</Player>
  </Player>
</SoccerFeed>