﻿<?xml version="1.0" encoding="UTF-8"?>
<!-- Copyright 2001-2019 Opta Sportsdata Ltd. All rights reserved. -->
<!-- PRODUCTION HEADER
     produced on:        valde-jobq-a02.nexus.opta.net
     production time:    20190213T190310,564Z
     production module:  Opta::Feed::XML::Soccer::F27
-->
<SoccerFeed act_minute="93" act_period="2" act_second="3" away_team_id="176" away_team_name="Celta de Vigo" competition_id="23" competition_name="Spanish La Liga" game_date="2019-02-09 12:00:00" game_id="1009543" home_team_id="1450" home_team_name="Getafe" season_id="2018" season_name="Season 2018/2019" team_id="1450" team_name="Getafe">
  <Player cross_lost="0" cross_success="0" jersey_num="8" pass_lost="3" pass_success="6" player_id="80795" player_name="Francisco Portillo" position="Substitute" position_id="5" sub_on="71" x="57.19" y="73.35">
    <Player player_id="198499" player_name="Nemanja Maksimovic">2</Player>
    <Player player_id="214966" player_name="Mathías Olivera">3</Player>
  </Player>
  <Player cross_lost="0" cross_success="0" jersey_num="13" pass_lost="13" pass_success="13" player_id="175204" player_name="David Soria" position="Goalkeeper" position_id="1" x="13.65" y="51.02">
    <Player player_id="64662" player_name="Leandro Cabrera">1</Player>
    <Player player_id="76555" player_name="Jorge Molina">2</Player>
    <Player player_id="99005" player_name="Damián Suárez">2</Player>
    <Player player_id="149838" player_name="Djené Dakonam">2</Player>
    <Player player_id="18155" player_name="Mathieu Flamini">1</Player>
    <Player player_id="109270" player_name="Jaime Mata">3</Player>
    <Player player_id="214966" player_name="Mathías Olivera">2</Player>
  </Player>
  <Player cross_lost="1" cross_success="0" jersey_num="20" pass_lost="2" pass_success="20" player_id="198499" player_name="Nemanja Maksimovic" position="Midfielder" position_id="3" x="55.38" y="58.46">
    <Player player_id="80795" player_name="Francisco Portillo">1</Player>
    <Player player_id="88961" player_name="Samu Sáiz">2</Player>
    <Player player_id="64662" player_name="Leandro Cabrera">4</Player>
    <Player player_id="99005" player_name="Damián Suárez">2</Player>
    <Player player_id="76555" player_name="Jorge Molina">4</Player>
    <Player player_id="149838" player_name="Djené Dakonam">2</Player>
    <Player player_id="109270" player_name="Jaime Mata">3</Player>
    <Player player_id="214966" player_name="Mathías Olivera">2</Player>
  </Player>
  <Player cross_lost="0" cross_success="0" jersey_num="9" pass_lost="0" pass_success="0" player_id="56419" player_name="Ángel Rodríguez" position="Substitute" position_id="5" sub_on="83" x="69.28" y="59.40" />
  <Player cross_lost="1" cross_success="0" jersey_num="11" pass_lost="6" pass_success="24" player_id="88961" player_name="Samu Sáiz" position="Midfielder" position_id="3" sub_off="71" x="64.79" y="77.77">
    <Player player_id="64662" player_name="Leandro Cabrera">5</Player>
    <Player player_id="99005" player_name="Damián Suárez">4</Player>
    <Player player_id="149838" player_name="Djené Dakonam">2</Player>
    <Player player_id="109270" player_name="Jaime Mata">5</Player>
    <Player player_id="171222" player_name="Mauro Arambarri">5</Player>
    <Player player_id="96767" player_name="Dimitri Foulquier">1</Player>
    <Player player_id="214966" player_name="Mathías Olivera">2</Player>
  </Player>
  <Player cross_lost="0" cross_success="1" jersey_num="6" pass_lost="21" pass_success="28" player_id="64662" player_name="Leandro Cabrera" position="Defender" position_id="2" x="42.23" y="68.01">
    <Player player_id="175204" player_name="David Soria">1</Player>
    <Player player_id="198499" player_name="Nemanja Maksimovic">2</Player>
    <Player player_id="109270" player_name="Jaime Mata">4</Player>
    <Player player_id="171222" player_name="Mauro Arambarri">1</Player>
    <Player player_id="96767" player_name="Dimitri Foulquier">3</Player>
    <Player player_id="88961" player_name="Samu Sáiz">2</Player>
    <Player cross="1" player_id="99005" player_name="Damián Suárez">1</Player>
    <Player player_id="76555" player_name="Jorge Molina">1</Player>
    <Player player_id="149838" player_name="Djené Dakonam">6</Player>
    <Player player_id="214966" player_name="Mathías Olivera">7</Player>
  </Player>
  <Player cross_lost="5" cross_success="6" jersey_num="22" pass_lost="12" pass_success="33" player_id="99005" player_name="Damián Suárez" position="Defender" position_id="2" x="57.00" y="15.91">
    <Player player_id="175204" player_name="David Soria">1</Player>
    <Player cross="1" player_id="198499" player_name="Nemanja Maksimovic">0</Player>
    <Player player_id="56419" player_name="Ángel Rodríguez">1</Player>
    <Player cross="2" player_id="109270" player_name="Jaime Mata">4</Player>
    <Player player_id="171222" player_name="Mauro Arambarri">4</Player>
    <Player cross="1" player_id="96767" player_name="Dimitri Foulquier">9</Player>
    <Player player_id="80795" player_name="Francisco Portillo">1</Player>
    <Player cross="1" player_id="88961" player_name="Samu Sáiz">3</Player>
    <Player player_id="64662" player_name="Leandro Cabrera">2</Player>
    <Player player_id="76555" player_name="Jorge Molina">2</Player>
    <Player player_id="149838" player_name="Djené Dakonam">4</Player>
    <Player cross="1" player_id="214966" player_name="Mathías Olivera">2</Player>
  </Player>
  <Player cross_lost="0" cross_success="0" jersey_num="19" pass_lost="5" pass_success="12" player_id="76555" player_name="Jorge Molina" position="Forward" position_id="4" x="67.75" y="51.82">
    <Player player_id="80795" player_name="Francisco Portillo">1</Player>
    <Player player_id="88961" player_name="Samu Sáiz">3</Player>
    <Player player_id="64662" player_name="Leandro Cabrera">1</Player>
    <Player player_id="99005" player_name="Damián Suárez">4</Player>
    <Player player_id="109270" player_name="Jaime Mata">2</Player>
    <Player player_id="96767" player_name="Dimitri Foulquier">1</Player>
  </Player>
  <Player cross_lost="0" cross_success="0" jersey_num="2" pass_lost="7" pass_success="42" player_id="149838" player_name="Djené Dakonam" position="Defender" position_id="2" x="36.05" y="37.98">
    <Player player_id="80795" player_name="Francisco Portillo">1</Player>
    <Player player_id="175204" player_name="David Soria">2</Player>
    <Player player_id="198499" player_name="Nemanja Maksimovic">2</Player>
    <Player player_id="56419" player_name="Ángel Rodríguez">1</Player>
    <Player player_id="64662" player_name="Leandro Cabrera">10</Player>
    <Player player_id="76555" player_name="Jorge Molina">1</Player>
    <Player player_id="99005" player_name="Damián Suárez">12</Player>
    <Player player_id="18155" player_name="Mathieu Flamini">1</Player>
    <Player player_id="109270" player_name="Jaime Mata">2</Player>
    <Player player_id="171222" player_name="Mauro Arambarri">4</Player>
    <Player player_id="214966" player_name="Mathías Olivera">5</Player>
    <Player player_id="96767" player_name="Dimitri Foulquier">1</Player>
  </Player>
  <Player cross_lost="0" cross_success="0" jersey_num="16" pass_lost="2" pass_success="6" player_id="18155" player_name="Mathieu Flamini" position="Substitute" position_id="5" sub_on="61" x="36.59" y="52.42">
    <Player player_id="175204" player_name="David Soria">1</Player>
    <Player player_id="198499" player_name="Nemanja Maksimovic">3</Player>
    <Player player_id="88961" player_name="Samu Sáiz">2</Player>
  </Player>
  <Player cross_lost="2" cross_success="0" jersey_num="7" pass_lost="11" pass_success="18" player_id="109270" player_name="Jaime Mata" position="Forward" position_id="4" sub_off="83" x="62.56" y="70.63">
    <Player player_id="198499" player_name="Nemanja Maksimovic">2</Player>
    <Player player_id="88961" player_name="Samu Sáiz">2</Player>
    <Player player_id="64662" player_name="Leandro Cabrera">1</Player>
    <Player player_id="99005" player_name="Damián Suárez">2</Player>
    <Player player_id="76555" player_name="Jorge Molina">5</Player>
    <Player player_id="171222" player_name="Mauro Arambarri">1</Player>
    <Player player_id="214966" player_name="Mathías Olivera">3</Player>
    <Player player_id="96767" player_name="Dimitri Foulquier">2</Player>
  </Player>
  <Player cross_lost="1" cross_success="1" jersey_num="18" pass_lost="5" pass_success="18" player_id="171222" player_name="Mauro Arambarri" position="Midfielder" position_id="3" sub_off="61" x="58.51" y="39.54">
    <Player player_id="88961" player_name="Samu Sáiz">2</Player>
    <Player player_id="64662" player_name="Leandro Cabrera">3</Player>
    <Player player_id="99005" player_name="Damián Suárez">8</Player>
    <Player player_id="149838" player_name="Djené Dakonam">1</Player>
    <Player cross="1" player_id="109270" player_name="Jaime Mata">2</Player>
    <Player player_id="96767" player_name="Dimitri Foulquier">1</Player>
    <Player player_id="214966" player_name="Mathías Olivera">1</Player>
  </Player>
  <Player cross_lost="3" cross_success="0" jersey_num="17" pass_lost="13" pass_success="24" player_id="214966" player_name="Mathías Olivera" position="Defender" position_id="2" x="54.08" y="82.91">
    <Player player_id="80795" player_name="Francisco Portillo">1</Player>
    <Player player_id="175204" player_name="David Soria">1</Player>
    <Player player_id="198499" player_name="Nemanja Maksimovic">4</Player>
    <Player player_id="88961" player_name="Samu Sáiz">12</Player>
    <Player player_id="64662" player_name="Leandro Cabrera">2</Player>
    <Player player_id="109270" player_name="Jaime Mata">3</Player>
    <Player player_id="96767" player_name="Dimitri Foulquier">1</Player>
  </Player>
  <Player cross_lost="1" cross_success="0" jersey_num="24" pass_lost="7" pass_success="13" player_id="96767" player_name="Dimitri Foulquier" position="Midfielder" position_id="3" x="66.26" y="20.94">
    <Player player_id="80795" player_name="Francisco Portillo">1</Player>
    <Player player_id="76555" player_name="Jorge Molina">1</Player>
    <Player player_id="99005" player_name="Damián Suárez">3</Player>
    <Player player_id="149838" player_name="Djené Dakonam">1</Player>
    <Player player_id="171222" player_name="Mauro Arambarri">5</Player>
    <Player player_id="214966" player_name="Mathías Olivera">2</Player>
  </Player>
</SoccerFeed>