﻿<?xml version="1.0" encoding="UTF-8"?>
<!-- Copyright 2001-2018 Opta Sportsdata Ltd. All rights reserved. -->
<!-- PRODUCTION HEADER
     produced on:        valde-jobq-a03.nexus.opta.net
     production time:    20181025T195748,173Z
     production module:  Opta::Feed::XML::Soccer::F27
-->
<SoccerFeed act_minute="93" act_period="2" act_second="8" away_team_id="174" away_team_name="Athletic Club" competition_id="23" competition_name="Spanish La Liga" game_date="2018-10-24 18:00:00" game_id="1009342" home_team_id="184" home_team_name="Rayo Vallecano" season_id="2018" season_name="Season 2018/2019" team_id="184" team_name="Rayo Vallecano">
  <Player cross_lost="0" cross_success="0" jersey_num="15" pass_lost="1" pass_success="3" player_id="91953" player_name="Álex Alegría" position="Substitute" position_id="5" sub_on="73" x="66.09" y="55.23">
    <Player player_id="80789" player_name="Jordi Amat">1</Player>
    <Player player_id="106468" player_name="Álex Moreno">1</Player>
    <Player player_id="165682" player_name="Álvaro García">1</Player>
  </Player>
  <Player cross_lost="1" cross_success="1" jersey_num="17" pass_lost="4" pass_success="14" player_id="98901" player_name="Luis Advíncula" position="Defender" position_id="2" x="46.12" y="18.64">
    <Player player_id="91953" player_name="Álex Alegría">1</Player>
    <Player player_id="102738" player_name="Giannelli Imbula">1</Player>
    <Player player_id="132161" player_name="Adrián Embarba">4</Player>
    <Player cross="1" player_id="90573" player_name="Alejandro Gálvez">4</Player>
    <Player player_id="106468" player_name="Álex Moreno">1</Player>
    <Player player_id="59325" player_name="Gaël Kakuta">1</Player>
    <Player player_id="114323" player_name="José Pozo">2</Player>
  </Player>
  <Player cross_lost="0" cross_success="0" jersey_num="16" pass_lost="6" pass_success="22" player_id="80789" player_name="Jordi Amat" position="Defender" position_id="2" x="32.97" y="65.49">
    <Player player_id="98901" player_name="Luis Advíncula">1</Player>
    <Player player_id="48415" player_name="Alberto García">1</Player>
    <Player player_id="102738" player_name="Giannelli Imbula">2</Player>
    <Player player_id="230071" player_name="Santiago Comesaña">7</Player>
    <Player player_id="132161" player_name="Adrián Embarba">1</Player>
    <Player player_id="90573" player_name="Alejandro Gálvez">3</Player>
    <Player player_id="106468" player_name="Álex Moreno">3</Player>
    <Player player_id="119403" player_name="Raúl de Tomás">2</Player>
    <Player player_id="59325" player_name="Gaël Kakuta">1</Player>
    <Player player_id="114323" player_name="José Pozo">1</Player>
  </Player>
  <Player cross_lost="0" cross_success="1" jersey_num="12" pass_lost="3" pass_success="22" player_id="102738" player_name="Giannelli Imbula" position="Midfielder" position_id="3" x="50.26" y="50.57">
    <Player player_id="98901" player_name="Luis Advíncula">2</Player>
    <Player player_id="80789" player_name="Jordi Amat">2</Player>
    <Player player_id="230071" player_name="Santiago Comesaña">3</Player>
    <Player cross="1" player_id="90573" player_name="Alejandro Gálvez">2</Player>
    <Player player_id="106468" player_name="Álex Moreno">4</Player>
    <Player player_id="119403" player_name="Raúl de Tomás">3</Player>
    <Player player_id="165682" player_name="Álvaro García">1</Player>
    <Player player_id="114323" player_name="José Pozo">3</Player>
    <Player player_id="59325" player_name="Gaël Kakuta">2</Player>
  </Player>
  <Player cross_lost="0" cross_success="0" jersey_num="1" pass_lost="16" pass_success="16" player_id="48415" player_name="Alberto García" position="Goalkeeper" position_id="1" x="8.31" y="48.75">
    <Player player_id="80789" player_name="Jordi Amat">1</Player>
    <Player player_id="98901" player_name="Luis Advíncula">5</Player>
    <Player player_id="230071" player_name="Santiago Comesaña">1</Player>
    <Player player_id="132161" player_name="Adrián Embarba">2</Player>
    <Player player_id="90573" player_name="Alejandro Gálvez">1</Player>
    <Player player_id="106468" player_name="Álex Moreno">2</Player>
    <Player player_id="119403" player_name="Raúl de Tomás">3</Player>
    <Player player_id="114323" player_name="José Pozo">1</Player>
  </Player>
  <Player cross_lost="0" cross_success="0" jersey_num="27" pass_lost="9" pass_success="36" player_id="230071" player_name="Santiago Comesaña" position="Midfielder" position_id="3" x="43.49" y="51.87">
    <Player player_id="98901" player_name="Luis Advíncula">2</Player>
    <Player player_id="132161" player_name="Adrián Embarba">2</Player>
    <Player player_id="90573" player_name="Alejandro Gálvez">5</Player>
    <Player player_id="119403" player_name="Raúl de Tomás">3</Player>
    <Player player_id="59325" player_name="Gaël Kakuta">3</Player>
    <Player player_id="91953" player_name="Álex Alegría">1</Player>
    <Player player_id="80789" player_name="Jordi Amat">4</Player>
    <Player player_id="102738" player_name="Giannelli Imbula">3</Player>
    <Player player_id="48415" player_name="Alberto García">2</Player>
    <Player player_id="106468" player_name="Álex Moreno">6</Player>
    <Player player_id="114323" player_name="José Pozo">5</Player>
  </Player>
  <Player cross_lost="8" cross_success="3" jersey_num="11" pass_lost="3" pass_success="10" player_id="132161" player_name="Adrián Embarba" position="Midfielder" position_id="3" sub_off="90" x="60.19" y="35.93">
    <Player player_id="98901" player_name="Luis Advíncula">2</Player>
    <Player player_id="102738" player_name="Giannelli Imbula">3</Player>
    <Player cross="1" player_id="230071" player_name="Santiago Comesaña">1</Player>
    <Player player_id="90573" player_name="Alejandro Gálvez">1</Player>
    <Player player_id="106468" player_name="Álex Moreno">1</Player>
    <Player cross="2" player_id="119403" player_name="Raúl de Tomás">1</Player>
    <Player player_id="59325" player_name="Gaël Kakuta">1</Player>
  </Player>
  <Player cross_lost="0" cross_success="0" jersey_num="23" pass_lost="9" pass_success="24" player_id="90573" player_name="Alejandro Gálvez" position="Defender" position_id="2" x="30.88" y="43.82">
    <Player player_id="98901" player_name="Luis Advíncula">1</Player>
    <Player player_id="80789" player_name="Jordi Amat">3</Player>
    <Player player_id="102738" player_name="Giannelli Imbula">3</Player>
    <Player player_id="48415" player_name="Alberto García">4</Player>
    <Player player_id="230071" player_name="Santiago Comesaña">4</Player>
    <Player player_id="132161" player_name="Adrián Embarba">2</Player>
    <Player player_id="106468" player_name="Álex Moreno">2</Player>
    <Player player_id="119403" player_name="Raúl de Tomás">1</Player>
    <Player player_id="165682" player_name="Álvaro García">1</Player>
    <Player player_id="59325" player_name="Gaël Kakuta">2</Player>
    <Player player_id="114323" player_name="José Pozo">1</Player>
  </Player>
  <Player cross_lost="4" cross_success="0" jersey_num="7" pass_lost="6" pass_success="23" player_id="106468" player_name="Álex Moreno" position="Defender" position_id="2" x="45.86" y="83.57">
    <Player player_id="98901" player_name="Luis Advíncula">1</Player>
    <Player player_id="230071" player_name="Santiago Comesaña">1</Player>
    <Player player_id="132161" player_name="Adrián Embarba">1</Player>
    <Player player_id="90573" player_name="Alejandro Gálvez">1</Player>
    <Player player_id="119403" player_name="Raúl de Tomás">1</Player>
    <Player player_id="165682" player_name="Álvaro García">2</Player>
    <Player player_id="59325" player_name="Gaël Kakuta">3</Player>
    <Player player_id="80789" player_name="Jordi Amat">5</Player>
    <Player player_id="102738" player_name="Giannelli Imbula">2</Player>
    <Player player_id="48415" player_name="Alberto García">2</Player>
    <Player player_id="114323" player_name="José Pozo">4</Player>
  </Player>
  <Player cross_lost="0" cross_success="0" jersey_num="14" pass_lost="0" pass_success="0" player_id="84374" player_name="Bebé" position="Substitute" position_id="5" sub_on="90" x="40.77" y="14.00" />
  <Player cross_lost="3" cross_success="0" jersey_num="9" pass_lost="4" pass_success="11" player_id="119403" player_name="Raúl de Tomás" position="Forward" position_id="4" x="55.19" y="50.15">
    <Player player_id="98901" player_name="Luis Advíncula">1</Player>
    <Player player_id="230071" player_name="Santiago Comesaña">1</Player>
    <Player player_id="132161" player_name="Adrián Embarba">1</Player>
    <Player player_id="90573" player_name="Alejandro Gálvez">1</Player>
    <Player player_id="165682" player_name="Álvaro García">1</Player>
    <Player player_id="59325" player_name="Gaël Kakuta">1</Player>
    <Player player_id="80789" player_name="Jordi Amat">1</Player>
    <Player player_id="48415" player_name="Alberto García">1</Player>
    <Player player_id="102738" player_name="Giannelli Imbula">2</Player>
    <Player player_id="106468" player_name="Álex Moreno">1</Player>
  </Player>
  <Player cross_lost="2" cross_success="0" jersey_num="18" pass_lost="1" pass_success="3" player_id="165682" player_name="Álvaro García" position="Substitute" position_id="5" sub_on="61" x="53.62" y="82.24">
    <Player player_id="91953" player_name="Álex Alegría">1</Player>
    <Player player_id="106468" player_name="Álex Moreno">2</Player>
  </Player>
  <Player cross_lost="0" cross_success="0" jersey_num="22" pass_lost="1" pass_success="14" player_id="114323" player_name="José Pozo" position="Midfielder" position_id="3" sub_off="73" x="52.84" y="65.53">
    <Player player_id="102738" player_name="Giannelli Imbula">3</Player>
    <Player player_id="132161" player_name="Adrián Embarba">1</Player>
    <Player player_id="106468" player_name="Álex Moreno">1</Player>
    <Player player_id="119403" player_name="Raúl de Tomás">2</Player>
    <Player player_id="59325" player_name="Gaël Kakuta">7</Player>
  </Player>
  <Player cross_lost="2" cross_success="1" jersey_num="10" pass_lost="1" pass_success="17" player_id="59325" player_name="Gaël Kakuta" position="Midfielder" position_id="3" sub_off="61" x="55.44" y="53.51">
    <Player player_id="98901" player_name="Luis Advíncula">3</Player>
    <Player player_id="102738" player_name="Giannelli Imbula">3</Player>
    <Player player_id="48415" player_name="Alberto García">1</Player>
    <Player cross="1" player_id="132161" player_name="Adrián Embarba">1</Player>
    <Player player_id="106468" player_name="Álex Moreno">2</Player>
    <Player player_id="119403" player_name="Raúl de Tomás">6</Player>
    <Player player_id="114323" player_name="José Pozo">1</Player>
  </Player>
</SoccerFeed>