﻿<?xml version="1.0" encoding="UTF-8"?>
<!-- Copyright 2001-2018 Opta Sportsdata Ltd. All rights reserved. -->
<!-- PRODUCTION HEADER
     produced on:        valde-jobq-a03.nexus.opta.net
     production time:    20181111T214328,160Z
     production module:  Opta::Feed::XML::Soccer::F27
-->
<SoccerFeed act_minute="94" act_period="2" act_second="32" away_team_id="191" away_team_name="Valencia CF" competition_id="23" competition_name="Spanish La Liga" game_date="2018-11-10 15:15:00" game_id="1009429" home_team_id="1450" home_team_name="Getafe" season_id="2018" season_name="Season 2018/2019" team_id="191" team_name="Valencia CF">
  <Player cross_lost="0" cross_success="0" jersey_num="5" pass_lost="9" pass_success="56" player_id="158074" player_name="Gabriel" position="Defender" position_id="2" x="30.42" y="64.74">
    <Player player_id="69752" player_name="Neto">1</Player>
    <Player player_id="56864" player_name="Francis Coquelin">15</Player>
    <Player player_id="80954" player_name="Rodrigo Moreno">1</Player>
    <Player player_id="28525" player_name="Ezequiel Garay">14</Player>
    <Player player_id="56624" player_name="Daniel Wass">2</Player>
    <Player player_id="181284" player_name="Gonçalo Guedes">3</Player>
    <Player player_id="132105" player_name="José Gayá">11</Player>
    <Player player_id="51952" player_name="Daniel Parejo">9</Player>
  </Player>
  <Player cross_lost="3" cross_success="1" jersey_num="8" pass_lost="5" pass_success="25" player_id="224860" player_name="Carlos Soler" position="Midfielder" position_id="3" x="55.41" y="21.75">
    <Player player_id="56864" player_name="Francis Coquelin">10</Player>
    <Player player_id="116206" player_name="Rúben Vezo">1</Player>
    <Player cross="1" player_id="80954" player_name="Rodrigo Moreno">1</Player>
    <Player player_id="150360" player_name="Santi Mina">2</Player>
    <Player player_id="56624" player_name="Daniel Wass">6</Player>
    <Player player_id="51952" player_name="Daniel Parejo">5</Player>
  </Player>
  <Player cross_lost="0" cross_success="0" jersey_num="9" pass_lost="2" pass_success="2" player_id="42779" player_name="Kevin Gameiro" position="Substitute" position_id="5" sub_on="69" x="73.72" y="56.88">
    <Player player_id="56624" player_name="Daniel Wass">1</Player>
    <Player player_id="132105" player_name="José Gayá">1</Player>
  </Player>
  <Player cross_lost="0" cross_success="0" jersey_num="13" pass_lost="15" pass_success="17" player_id="69752" player_name="Neto" position="Goalkeeper" position_id="1" x="9.26" y="51.41">
    <Player player_id="158074" player_name="Gabriel">3</Player>
    <Player player_id="56864" player_name="Francis Coquelin">2</Player>
    <Player player_id="80954" player_name="Rodrigo Moreno">2</Player>
    <Player player_id="28525" player_name="Ezequiel Garay">3</Player>
    <Player player_id="150360" player_name="Santi Mina">1</Player>
    <Player player_id="56624" player_name="Daniel Wass">3</Player>
    <Player player_id="132105" player_name="José Gayá">1</Player>
    <Player player_id="181284" player_name="Gonçalo Guedes">1</Player>
    <Player player_id="51952" player_name="Daniel Parejo">1</Player>
  </Player>
  <Player cross_lost="0" cross_success="0" jersey_num="17" pass_lost="10" pass_success="57" player_id="56864" player_name="Francis Coquelin" position="Midfielder" position_id="3" x="42.21" y="61.85">
    <Player player_id="158074" player_name="Gabriel">9</Player>
    <Player player_id="224860" player_name="Carlos Soler">2</Player>
    <Player player_id="42779" player_name="Kevin Gameiro">1</Player>
    <Player player_id="80954" player_name="Rodrigo Moreno">1</Player>
    <Player player_id="28525" player_name="Ezequiel Garay">1</Player>
    <Player player_id="150360" player_name="Santi Mina">7</Player>
    <Player player_id="56624" player_name="Daniel Wass">4</Player>
    <Player player_id="181284" player_name="Gonçalo Guedes">5</Player>
    <Player player_id="132105" player_name="José Gayá">17</Player>
    <Player player_id="51952" player_name="Daniel Parejo">10</Player>
  </Player>
  <Player cross_lost="0" cross_success="0" jersey_num="3" pass_lost="0" pass_success="5" player_id="116206" player_name="Rúben Vezo" position="Substitute" position_id="5" sub_on="85" x="41.19" y="13.50">
    <Player player_id="224860" player_name="Carlos Soler">1</Player>
    <Player player_id="42779" player_name="Kevin Gameiro">1</Player>
    <Player player_id="80954" player_name="Rodrigo Moreno">1</Player>
    <Player player_id="28525" player_name="Ezequiel Garay">1</Player>
    <Player player_id="51952" player_name="Daniel Parejo">1</Player>
  </Player>
  <Player cross_lost="1" cross_success="0" jersey_num="19" pass_lost="9" pass_success="13" player_id="80954" player_name="Rodrigo Moreno" position="Forward" position_id="4" x="60.77" y="57.44">
    <Player player_id="224860" player_name="Carlos Soler">1</Player>
    <Player player_id="56864" player_name="Francis Coquelin">1</Player>
    <Player player_id="150360" player_name="Santi Mina">1</Player>
    <Player player_id="132105" player_name="José Gayá">3</Player>
    <Player player_id="51952" player_name="Daniel Parejo">3</Player>
    <Player player_id="181284" player_name="Gonçalo Guedes">4</Player>
  </Player>
  <Player cross_lost="0" cross_success="0" jersey_num="24" pass_lost="8" pass_success="51" player_id="28525" player_name="Ezequiel Garay" position="Defender" position_id="2" x="32.10" y="33.48">
    <Player player_id="158074" player_name="Gabriel">17</Player>
    <Player player_id="224860" player_name="Carlos Soler">1</Player>
    <Player player_id="42779" player_name="Kevin Gameiro">1</Player>
    <Player player_id="69752" player_name="Neto">3</Player>
    <Player player_id="56864" player_name="Francis Coquelin">4</Player>
    <Player player_id="116206" player_name="Rúben Vezo">1</Player>
    <Player player_id="150360" player_name="Santi Mina">1</Player>
    <Player player_id="56624" player_name="Daniel Wass">14</Player>
    <Player player_id="224444" player_name="Ferrán Torres">1</Player>
    <Player player_id="51952" player_name="Daniel Parejo">6</Player>
    <Player player_id="132105" player_name="José Gayá">1</Player>
  </Player>
  <Player cross_lost="0" cross_success="0" jersey_num="22" pass_lost="7" pass_success="10" player_id="150360" player_name="Santi Mina" position="Forward" position_id="4" sub_off="69" x="58.92" y="40.71">
    <Player player_id="224860" player_name="Carlos Soler">4</Player>
    <Player player_id="56864" player_name="Francis Coquelin">1</Player>
    <Player player_id="28525" player_name="Ezequiel Garay">1</Player>
    <Player player_id="56624" player_name="Daniel Wass">1</Player>
    <Player player_id="181284" player_name="Gonçalo Guedes">3</Player>
  </Player>
  <Player cross_lost="2" cross_success="0" jersey_num="18" pass_lost="15" pass_success="37" player_id="56624" player_name="Daniel Wass" position="Defender" position_id="2" sub_off="90" x="42.10" y="20.09">
    <Player player_id="80954" player_name="Rodrigo Moreno">4</Player>
    <Player player_id="132105" player_name="José Gayá">1</Player>
    <Player player_id="51952" player_name="Daniel Parejo">4</Player>
    <Player player_id="158074" player_name="Gabriel">2</Player>
    <Player player_id="224860" player_name="Carlos Soler">13</Player>
    <Player player_id="56864" player_name="Francis Coquelin">2</Player>
    <Player player_id="42779" player_name="Kevin Gameiro">2</Player>
    <Player player_id="28525" player_name="Ezequiel Garay">7</Player>
    <Player player_id="150360" player_name="Santi Mina">2</Player>
  </Player>
  <Player cross_lost="0" cross_success="0" jersey_num="20" pass_lost="1" pass_success="2" player_id="224444" player_name="Ferrán Torres" position="Substitute" position_id="5" sub_on="90" x="61.62" y="86.40">
    <Player player_id="132105" player_name="José Gayá">2</Player>
  </Player>
  <Player cross_lost="3" cross_success="2" jersey_num="10" pass_lost="5" pass_success="60" player_id="51952" player_name="Daniel Parejo" position="Midfielder" position_id="3" x="43.10" y="44.88">
    <Player player_id="69752" player_name="Neto">1</Player>
    <Player player_id="116206" player_name="Rúben Vezo">1</Player>
    <Player player_id="80954" player_name="Rodrigo Moreno">1</Player>
    <Player player_id="181284" player_name="Gonçalo Guedes">4</Player>
    <Player player_id="132105" player_name="José Gayá">7</Player>
    <Player player_id="158074" player_name="Gabriel">6</Player>
    <Player cross="1" player_id="224860" player_name="Carlos Soler">13</Player>
    <Player player_id="56864" player_name="Francis Coquelin">7</Player>
    <Player cross="1" player_id="28525" player_name="Ezequiel Garay">10</Player>
    <Player player_id="150360" player_name="Santi Mina">3</Player>
    <Player player_id="56624" player_name="Daniel Wass">7</Player>
  </Player>
  <Player cross_lost="2" cross_success="0" jersey_num="14" pass_lost="10" pass_success="47" player_id="132105" player_name="José Gayá" position="Defender" position_id="2" x="46.98" y="84.71">
    <Player player_id="69752" player_name="Neto">2</Player>
    <Player player_id="80954" player_name="Rodrigo Moreno">3</Player>
    <Player player_id="224444" player_name="Ferrán Torres">2</Player>
    <Player player_id="132105" player_name="José Gayá">1</Player>
    <Player player_id="51952" player_name="Daniel Parejo">4</Player>
    <Player player_id="181284" player_name="Gonçalo Guedes">11</Player>
    <Player player_id="158074" player_name="Gabriel">9</Player>
    <Player player_id="56864" player_name="Francis Coquelin">8</Player>
    <Player player_id="42779" player_name="Kevin Gameiro">1</Player>
    <Player player_id="28525" player_name="Ezequiel Garay">1</Player>
    <Player player_id="150360" player_name="Santi Mina">1</Player>
    <Player player_id="56624" player_name="Daniel Wass">4</Player>
  </Player>
  <Player cross_lost="0" cross_success="0" jersey_num="7" pass_lost="9" pass_success="24" player_id="181284" player_name="Gonçalo Guedes" position="Midfielder" position_id="3" sub_off="85" x="55.58" y="78.50">
    <Player player_id="80954" player_name="Rodrigo Moreno">7</Player>
    <Player player_id="28525" player_name="Ezequiel Garay">1</Player>
    <Player player_id="150360" player_name="Santi Mina">1</Player>
    <Player player_id="132105" player_name="José Gayá">7</Player>
    <Player player_id="51952" player_name="Daniel Parejo">8</Player>
  </Player>
</SoccerFeed>