﻿<?xml version="1.0" encoding="UTF-8"?>
<!-- Copyright 2001-2019 Opta Sportsdata Ltd. All rights reserved. -->
<!-- PRODUCTION HEADER
     produced on:        valde-jobq-a02.nexus.opta.net
     production time:    20190129T165704,271Z
     production module:  Opta::Feed::XML::Soccer::F27
-->
<SoccerFeed act_minute="93" act_period="2" act_second="15" away_team_id="185" away_team_name="Real Betis" competition_id="23" competition_name="Spanish La Liga" game_date="2019-01-27 17:30:00" game_id="1009517" home_team_id="174" home_team_name="Athletic Club" season_id="2018" season_name="Season 2018/2019" team_id="185" team_name="Real Betis">
  <Player cross_lost="3" cross_success="3" jersey_num="6" pass_lost="8" pass_success="66" player_id="56448" player_name="Sergio Canales" position="Midfielder" position_id="3" x="53.06" y="41.91">
    <Player player_id="200826" player_name="Giovani Lo Celso">13</Player>
    <Player cross="1" player_id="53142" player_name="Sidnei">8</Player>
    <Player player_id="37064" player_name="Andrés Guardado">2</Player>
    <Player cross="1" player_id="96122" player_name="William Carvalho">6</Player>
    <Player player_id="224389" player_name="Diego Lainez">3</Player>
    <Player player_id="432757" player_name="Francis">9</Player>
    <Player cross="1" player_id="89747" player_name="Zouhair Feddal">5</Player>
    <Player player_id="86813" player_name="Aissa Mandi">10</Player>
    <Player player_id="86169" player_name="Cristian Tello">4</Player>
    <Player player_id="432751" player_name="Loren Morón">1</Player>
    <Player player_id="20399" player_name="Antonio Barragán">4</Player>
    <Player player_id="182960" player_name="Pau López">1</Player>
  </Player>
  <Player cross_lost="0" cross_success="0" jersey_num="21" pass_lost="11" pass_success="54" player_id="200826" player_name="Giovani Lo Celso" position="Midfielder" position_id="3" x="57.21" y="50.16">
    <Player player_id="53142" player_name="Sidnei">7</Player>
    <Player player_id="37064" player_name="Andrés Guardado">2</Player>
    <Player player_id="96122" player_name="William Carvalho">9</Player>
    <Player player_id="224389" player_name="Diego Lainez">5</Player>
    <Player player_id="432757" player_name="Francis">3</Player>
    <Player player_id="89747" player_name="Zouhair Feddal">1</Player>
    <Player player_id="56448" player_name="Sergio Canales">12</Player>
    <Player player_id="86813" player_name="Aissa Mandi">8</Player>
    <Player player_id="86169" player_name="Cristian Tello">2</Player>
    <Player player_id="20399" player_name="Antonio Barragán">3</Player>
    <Player player_id="82418" player_name="Sergio León">1</Player>
  </Player>
  <Player cross_lost="0" cross_success="0" jersey_num="23" pass_lost="5" pass_success="62" player_id="86813" player_name="Aissa Mandi" position="Defender" position_id="2" x="48.66" y="20.76">
    <Player player_id="200826" player_name="Giovani Lo Celso">5</Player>
    <Player player_id="53142" player_name="Sidnei">9</Player>
    <Player player_id="37064" player_name="Andrés Guardado">3</Player>
    <Player player_id="96122" player_name="William Carvalho">11</Player>
    <Player player_id="432757" player_name="Francis">1</Player>
    <Player player_id="224389" player_name="Diego Lainez">3</Player>
    <Player player_id="89747" player_name="Zouhair Feddal">1</Player>
    <Player player_id="56448" player_name="Sergio Canales">19</Player>
    <Player player_id="86169" player_name="Cristian Tello">3</Player>
    <Player player_id="20399" player_name="Antonio Barragán">4</Player>
    <Player player_id="182960" player_name="Pau López">3</Player>
  </Player>
  <Player cross_lost="0" cross_success="0" jersey_num="11" pass_lost="0" pass_success="19" player_id="86169" player_name="Cristian Tello" position="Substitute" position_id="5" sub_on="58" x="55.84" y="49.36">
    <Player player_id="56448" player_name="Sergio Canales">2</Player>
    <Player player_id="200826" player_name="Giovani Lo Celso">2</Player>
    <Player player_id="86813" player_name="Aissa Mandi">5</Player>
    <Player player_id="53142" player_name="Sidnei">1</Player>
    <Player player_id="37064" player_name="Andrés Guardado">2</Player>
    <Player player_id="96122" player_name="William Carvalho">4</Player>
    <Player player_id="182960" player_name="Pau López">1</Player>
    <Player player_id="224389" player_name="Diego Lainez">2</Player>
  </Player>
  <Player cross_lost="0" cross_success="0" jersey_num="12" pass_lost="6" pass_success="49" player_id="53142" player_name="Sidnei" position="Defender" position_id="2" x="36.67" y="39.83">
    <Player player_id="56448" player_name="Sergio Canales">4</Player>
    <Player player_id="200826" player_name="Giovani Lo Celso">3</Player>
    <Player player_id="86813" player_name="Aissa Mandi">10</Player>
    <Player player_id="86169" player_name="Cristian Tello">3</Player>
    <Player player_id="37064" player_name="Andrés Guardado">2</Player>
    <Player player_id="96122" player_name="William Carvalho">5</Player>
    <Player player_id="432751" player_name="Loren Morón">3</Player>
    <Player player_id="182960" player_name="Pau López">4</Player>
    <Player player_id="224389" player_name="Diego Lainez">4</Player>
    <Player player_id="89747" player_name="Zouhair Feddal">10</Player>
  </Player>
  <Player cross_lost="0" cross_success="1" jersey_num="18" pass_lost="1" pass_success="18" player_id="37064" player_name="Andrés Guardado" position="Substitute" position_id="5" sub_on="75" x="60.95" y="69.17">
    <Player player_id="200826" player_name="Giovani Lo Celso">6</Player>
    <Player player_id="86813" player_name="Aissa Mandi">4</Player>
    <Player player_id="86169" player_name="Cristian Tello">1</Player>
    <Player player_id="53142" player_name="Sidnei">2</Player>
    <Player player_id="96122" player_name="William Carvalho">4</Player>
    <Player cross="1" player_id="82418" player_name="Sergio León">0</Player>
    <Player player_id="89747" player_name="Zouhair Feddal">1</Player>
  </Player>
  <Player cross_lost="0" cross_success="0" jersey_num="14" pass_lost="7" pass_success="50" player_id="96122" player_name="William Carvalho" position="Midfielder" position_id="3" x="52.06" y="50.86">
    <Player player_id="200826" player_name="Giovani Lo Celso">11</Player>
    <Player player_id="53142" player_name="Sidnei">3</Player>
    <Player player_id="37064" player_name="Andrés Guardado">3</Player>
    <Player player_id="224389" player_name="Diego Lainez">5</Player>
    <Player player_id="432757" player_name="Francis">8</Player>
    <Player player_id="89747" player_name="Zouhair Feddal">4</Player>
    <Player player_id="56448" player_name="Sergio Canales">4</Player>
    <Player player_id="86813" player_name="Aissa Mandi">7</Player>
    <Player player_id="432751" player_name="Loren Morón">2</Player>
    <Player player_id="20399" player_name="Antonio Barragán">2</Player>
    <Player player_id="82418" player_name="Sergio León">1</Player>
  </Player>
  <Player cross_lost="0" cross_success="0" jersey_num="16" pass_lost="6" pass_success="6" player_id="432751" player_name="Loren Morón" position="Forward" position_id="4" sub_off="75" x="52.31" y="57.64">
    <Player player_id="56448" player_name="Sergio Canales">3</Player>
    <Player player_id="200826" player_name="Giovani Lo Celso">2</Player>
    <Player player_id="96122" player_name="William Carvalho">1</Player>
  </Player>
  <Player cross_lost="0" cross_success="0" jersey_num="7" pass_lost="0" pass_success="3" player_id="82418" player_name="Sergio León" position="Substitute" position_id="5" sub_on="75" x="84.63" y="56.07">
    <Player player_id="200826" player_name="Giovani Lo Celso">2</Player>
    <Player player_id="432757" player_name="Francis">1</Player>
  </Player>
  <Player cross_lost="0" cross_success="0" jersey_num="13" pass_lost="4" pass_success="27" player_id="182960" player_name="Pau López" position="Goalkeeper" position_id="1" x="6.19" y="54.60">
    <Player player_id="56448" player_name="Sergio Canales">6</Player>
    <Player player_id="200826" player_name="Giovani Lo Celso">2</Player>
    <Player player_id="86813" player_name="Aissa Mandi">4</Player>
    <Player player_id="53142" player_name="Sidnei">6</Player>
    <Player player_id="432751" player_name="Loren Morón">1</Player>
    <Player player_id="224389" player_name="Diego Lainez">2</Player>
    <Player player_id="432757" player_name="Francis">3</Player>
    <Player player_id="89747" player_name="Zouhair Feddal">3</Player>
  </Player>
  <Player cross_lost="2" cross_success="0" jersey_num="19" pass_lost="3" pass_success="17" player_id="20399" player_name="Antonio Barragán" position="Midfielder" position_id="3" sub_off="58" x="52.89" y="14.09">
    <Player player_id="56448" player_name="Sergio Canales">6</Player>
    <Player player_id="200826" player_name="Giovani Lo Celso">3</Player>
    <Player player_id="86813" player_name="Aissa Mandi">2</Player>
    <Player player_id="53142" player_name="Sidnei">1</Player>
    <Player player_id="96122" player_name="William Carvalho">1</Player>
    <Player player_id="182960" player_name="Pau López">1</Player>
    <Player player_id="432757" player_name="Francis">1</Player>
    <Player player_id="224389" player_name="Diego Lainez">2</Player>
  </Player>
  <Player cross_lost="5" cross_success="0" jersey_num="2" pass_lost="15" pass_success="18" player_id="432757" player_name="Francis" position="Midfielder" position_id="3" x="46.94" y="74.15">
    <Player player_id="56448" player_name="Sergio Canales">2</Player>
    <Player player_id="200826" player_name="Giovani Lo Celso">2</Player>
    <Player player_id="86813" player_name="Aissa Mandi">1</Player>
    <Player player_id="53142" player_name="Sidnei">1</Player>
    <Player player_id="96122" player_name="William Carvalho">4</Player>
    <Player player_id="182960" player_name="Pau López">1</Player>
    <Player player_id="224389" player_name="Diego Lainez">2</Player>
    <Player player_id="89747" player_name="Zouhair Feddal">5</Player>
  </Player>
  <Player cross_lost="1" cross_success="0" jersey_num="22" pass_lost="4" pass_success="18" player_id="224389" player_name="Diego Lainez" position="Forward" position_id="4" sub_off="75" x="61.14" y="32.00">
    <Player player_id="200826" player_name="Giovani Lo Celso">3</Player>
    <Player player_id="96122" player_name="William Carvalho">1</Player>
    <Player player_id="432757" player_name="Francis">2</Player>
    <Player player_id="89747" player_name="Zouhair Feddal">2</Player>
    <Player player_id="56448" player_name="Sergio Canales">1</Player>
    <Player player_id="86813" player_name="Aissa Mandi">2</Player>
    <Player player_id="86169" player_name="Cristian Tello">1</Player>
    <Player player_id="432751" player_name="Loren Morón">1</Player>
    <Player player_id="20399" player_name="Antonio Barragán">5</Player>
  </Player>
  <Player cross_lost="0" cross_success="0" jersey_num="4" pass_lost="6" pass_success="45" player_id="89747" player_name="Zouhair Feddal" position="Defender" position_id="2" x="36.51" y="72.34">
    <Player player_id="56448" player_name="Sergio Canales">2</Player>
    <Player player_id="200826" player_name="Giovani Lo Celso">8</Player>
    <Player player_id="86813" player_name="Aissa Mandi">1</Player>
    <Player player_id="86169" player_name="Cristian Tello">2</Player>
    <Player player_id="53142" player_name="Sidnei">10</Player>
    <Player player_id="37064" player_name="Andrés Guardado">2</Player>
    <Player player_id="96122" player_name="William Carvalho">5</Player>
    <Player player_id="432751" player_name="Loren Morón">3</Player>
    <Player player_id="182960" player_name="Pau López">4</Player>
    <Player player_id="224389" player_name="Diego Lainez">1</Player>
    <Player player_id="432757" player_name="Francis">7</Player>
  </Player>
</SoccerFeed>