﻿<?xml version="1.0" encoding="UTF-8"?>
<!-- Copyright 2001-2018 Opta Sportsdata Ltd. All rights reserved. -->
<!-- PRODUCTION HEADER
     produced on:        valde-jobq-a04.nexus.opta.net
     production time:    20181023T150124,436Z
     production module:  Opta::Feed::XML::Soccer::F27
-->
<SoccerFeed act_minute="93" act_period="2" act_second="30" away_team_id="2893" away_team_name="Girona" competition_id="23" competition_name="Spanish La Liga" game_date="2018-10-22 20:00:00" game_id="1009403" home_team_id="188" home_team_name="Real Sociedad" season_id="2018" season_name="Season 2018/2019" team_id="2893" team_name="Girona">
  <Player cross_lost="1" cross_success="0" jersey_num="19" pass_lost="2" pass_success="6" player_id="104448" player_name="Anthony Lozano" position="Substitute" position_id="5" sub_on="56" x="64.84" y="30.89">
    <Player player_id="230046" player_name="Douglas Luiz">2</Player>
    <Player player_id="441164" player_name="Pedro Porro">4</Player>
  </Player>
  <Player cross_lost="0" cross_success="0" jersey_num="2" pass_lost="6" pass_success="39" player_id="55317" player_name="Bernardo Espinosa" position="Defender" position_id="2" x="33.74" y="49.20">
    <Player player_id="230046" player_name="Douglas Luiz">1</Player>
    <Player player_id="441164" player_name="Pedro Porro">2</Player>
    <Player player_id="120026" player_name="Bono">3</Player>
    <Player player_id="63119" player_name="Juanpe">10</Player>
    <Player player_id="131411" player_name="Pere Pons">4</Player>
    <Player player_id="88550" player_name="Portu">2</Player>
    <Player player_id="87713" player_name="Aday Benítez">4</Player>
    <Player player_id="63904" player_name="Borja García">4</Player>
    <Player player_id="80077" player_name="Jonás Ramalho">9</Player>
  </Player>
  <Player cross_lost="0" cross_success="0" jersey_num="12" pass_lost="6" pass_success="33" player_id="230046" player_name="Douglas Luiz" position="Midfielder" position_id="3" x="48.50" y="47.16">
    <Player player_id="104448" player_name="Anthony Lozano">2</Player>
    <Player player_id="55317" player_name="Bernardo Espinosa">4</Player>
    <Player player_id="441164" player_name="Pedro Porro">5</Player>
    <Player player_id="63119" player_name="Juanpe">2</Player>
    <Player player_id="131411" player_name="Pere Pons">1</Player>
    <Player player_id="52117" player_name="Seydou Doumbia">1</Player>
    <Player player_id="88550" player_name="Portu">3</Player>
    <Player player_id="87713" player_name="Aday Benítez">7</Player>
    <Player player_id="63904" player_name="Borja García">5</Player>
    <Player player_id="80077" player_name="Jonás Ramalho">3</Player>
  </Player>
  <Player cross_lost="1" cross_success="2" jersey_num="23" pass_lost="1" pass_success="3" player_id="178871" player_name="Aleix García" position="Substitute" position_id="5" sub_on="89" x="36.24" y="26.52">
    <Player cross="1" player_id="104448" player_name="Anthony Lozano">0</Player>
    <Player cross="1" player_id="55317" player_name="Bernardo Espinosa">0</Player>
    <Player player_id="87713" player_name="Aday Benítez">2</Player>
    <Player player_id="49464" player_name="Cristhian Stuani">1</Player>
  </Player>
  <Player cross_lost="7" cross_success="0" jersey_num="29" pass_lost="9" pass_success="29" player_id="441164" player_name="Pedro Porro" position="Midfielder" position_id="3" x="52.45" y="15.08">
    <Player player_id="104448" player_name="Anthony Lozano">3</Player>
    <Player player_id="55317" player_name="Bernardo Espinosa">2</Player>
    <Player player_id="230046" player_name="Douglas Luiz">4</Player>
    <Player player_id="120026" player_name="Bono">1</Player>
    <Player player_id="131411" player_name="Pere Pons">6</Player>
    <Player player_id="88550" player_name="Portu">3</Player>
    <Player player_id="63904" player_name="Borja García">2</Player>
    <Player player_id="80077" player_name="Jonás Ramalho">6</Player>
    <Player player_id="49464" player_name="Cristhian Stuani">2</Player>
  </Player>
  <Player cross_lost="0" cross_success="0" jersey_num="13" pass_lost="17" pass_success="14" player_id="120026" player_name="Bono" position="Goalkeeper" position_id="1" x="8.99" y="50.82">
    <Player player_id="104448" player_name="Anthony Lozano">1</Player>
    <Player player_id="55317" player_name="Bernardo Espinosa">1</Player>
    <Player player_id="441164" player_name="Pedro Porro">2</Player>
    <Player player_id="63119" player_name="Juanpe">2</Player>
    <Player player_id="52117" player_name="Seydou Doumbia">1</Player>
    <Player player_id="131411" player_name="Pere Pons">1</Player>
    <Player player_id="87713" player_name="Aday Benítez">3</Player>
    <Player player_id="63904" player_name="Borja García">1</Player>
    <Player player_id="80077" player_name="Jonás Ramalho">1</Player>
    <Player player_id="49464" player_name="Cristhian Stuani">1</Player>
  </Player>
  <Player cross_lost="0" cross_success="0" jersey_num="15" pass_lost="7" pass_success="29" player_id="63119" player_name="Juanpe" position="Defender" position_id="2" x="37.51" y="71.88">
    <Player player_id="230046" player_name="Douglas Luiz">2</Player>
    <Player player_id="55317" player_name="Bernardo Espinosa">5</Player>
    <Player player_id="120026" player_name="Bono">2</Player>
    <Player player_id="88550" player_name="Portu">1</Player>
    <Player player_id="87713" player_name="Aday Benítez">16</Player>
    <Player player_id="63904" player_name="Borja García">3</Player>
  </Player>
  <Player cross_lost="0" cross_success="0" jersey_num="22" pass_lost="2" pass_success="5" player_id="52117" player_name="Seydou Doumbia" position="Forward" position_id="4" sub_off="56" x="58.04" y="47.40">
    <Player player_id="230046" player_name="Douglas Luiz">2</Player>
    <Player player_id="131411" player_name="Pere Pons">1</Player>
    <Player player_id="88550" player_name="Portu">1</Player>
    <Player player_id="63904" player_name="Borja García">1</Player>
  </Player>
  <Player cross_lost="2" cross_success="0" jersey_num="8" pass_lost="10" pass_success="27" player_id="131411" player_name="Pere Pons" position="Midfielder" position_id="3" x="50.04" y="33.26">
    <Player player_id="104448" player_name="Anthony Lozano">1</Player>
    <Player player_id="55317" player_name="Bernardo Espinosa">4</Player>
    <Player player_id="230046" player_name="Douglas Luiz">2</Player>
    <Player player_id="441164" player_name="Pedro Porro">9</Player>
    <Player player_id="120026" player_name="Bono">1</Player>
    <Player player_id="63119" player_name="Juanpe">3</Player>
    <Player player_id="88550" player_name="Portu">1</Player>
    <Player player_id="63904" player_name="Borja García">2</Player>
    <Player player_id="80077" player_name="Jonás Ramalho">4</Player>
  </Player>
  <Player cross_lost="4" cross_success="0" jersey_num="9" pass_lost="4" pass_success="7" player_id="88550" player_name="Portu" position="Forward" position_id="4" sub_off="72" x="67.88" y="18.84">
    <Player player_id="230046" player_name="Douglas Luiz">1</Player>
    <Player player_id="441164" player_name="Pedro Porro">1</Player>
    <Player player_id="52117" player_name="Seydou Doumbia">1</Player>
    <Player player_id="131411" player_name="Pere Pons">4</Player>
  </Player>
  <Player cross_lost="12" cross_success="0" jersey_num="11" pass_lost="8" pass_success="31" player_id="87713" player_name="Aday Benítez" position="Midfielder" position_id="3" x="52.61" y="83.08">
    <Player player_id="55317" player_name="Bernardo Espinosa">3</Player>
    <Player player_id="230046" player_name="Douglas Luiz">4</Player>
    <Player player_id="178871" player_name="Aleix García">2</Player>
    <Player player_id="63119" player_name="Juanpe">8</Player>
    <Player player_id="52117" player_name="Seydou Doumbia">1</Player>
    <Player player_id="131411" player_name="Pere Pons">1</Player>
    <Player player_id="63904" player_name="Borja García">10</Player>
    <Player player_id="80077" player_name="Jonás Ramalho">1</Player>
    <Player player_id="49464" player_name="Cristhian Stuani">1</Player>
  </Player>
  <Player cross_lost="0" cross_success="0" jersey_num="10" pass_lost="5" pass_success="28" player_id="63904" player_name="Borja García" position="Forward" position_id="4" sub_off="89" x="59.85" y="70.44">
    <Player player_id="55317" player_name="Bernardo Espinosa">1</Player>
    <Player player_id="120026" player_name="Bono">1</Player>
    <Player player_id="131411" player_name="Pere Pons">2</Player>
    <Player player_id="230046" player_name="Douglas Luiz">5</Player>
    <Player player_id="104448" player_name="Anthony Lozano">1</Player>
    <Player player_id="441164" player_name="Pedro Porro">4</Player>
    <Player player_id="63119" player_name="Juanpe">3</Player>
    <Player player_id="88550" player_name="Portu">1</Player>
    <Player player_id="87713" player_name="Aday Benítez">7</Player>
    <Player player_id="80077" player_name="Jonás Ramalho">1</Player>
    <Player player_id="49464" player_name="Cristhian Stuani">1</Player>
  </Player>
  <Player cross_lost="0" cross_success="0" jersey_num="4" pass_lost="6" pass_success="27" player_id="80077" player_name="Jonás Ramalho" position="Defender" position_id="2" x="36.48" y="23.66">
    <Player player_id="230046" player_name="Douglas Luiz">4</Player>
    <Player player_id="55317" player_name="Bernardo Espinosa">10</Player>
    <Player player_id="441164" player_name="Pedro Porro">6</Player>
    <Player player_id="120026" player_name="Bono">1</Player>
    <Player player_id="131411" player_name="Pere Pons">4</Player>
    <Player player_id="88550" player_name="Portu">1</Player>
    <Player player_id="49464" player_name="Cristhian Stuani">1</Player>
  </Player>
  <Player cross_lost="0" cross_success="0" jersey_num="7" pass_lost="2" pass_success="4" player_id="49464" player_name="Cristhian Stuani" position="Substitute" position_id="5" sub_on="72" x="71.75" y="45.13">
    <Player player_id="230046" player_name="Douglas Luiz">1</Player>
    <Player player_id="441164" player_name="Pedro Porro">2</Player>
    <Player player_id="87713" player_name="Aday Benítez">1</Player>
  </Player>
</SoccerFeed>