﻿<?xml version="1.0" encoding="UTF-8"?>
<!-- Copyright 2001-2018 Opta Sportsdata Ltd. All rights reserved. -->
<!-- PRODUCTION HEADER
     produced on:        valde-jobq-a03.nexus.opta.net
     production time:    20181029T215139,90Z
     production module:  Opta::Feed::XML::Soccer::F27
-->
<SoccerFeed act_minute="93" act_period="2" act_second="0" away_team_id="957" away_team_name="Leganés" competition_id="23" competition_name="Spanish La Liga" game_date="2018-10-27 17:30:00" game_id="1009415" home_team_id="855" home_team_name="Levante" season_id="2018" season_name="Season 2018/2019" team_id="957" team_name="Leganés">
  <Player cross_lost="0" cross_success="0" jersey_num="1" pass_lost="7" pass_success="32" player_id="16261" player_name="Iván Cuéllar" position="Goalkeeper" position_id="1" x="9.93" y="53.59">
    <Player player_id="197332" player_name="Sabin Merino">2</Player>
    <Player player_id="234991" player_name="Youssef En-Nesyri">2</Player>
    <Player player_id="223757" player_name="Óscar Rodríguez">1</Player>
    <Player player_id="53020" player_name="Dimitrios Siovas">10</Player>
    <Player player_id="116132" player_name="Jonathan Silva">3</Player>
    <Player player_id="210419" player_name="Rodrigo Tarín">5</Player>
    <Player player_id="47645" player_name="Juanfran">2</Player>
    <Player player_id="112991" player_name="Kenneth Omeruo">2</Player>
    <Player player_id="98914" player_name="Guido Carrillo">5</Player>
  </Player>
  <Player cross_lost="0" cross_success="0" jersey_num="18" pass_lost="6" pass_success="12" player_id="197332" player_name="Sabin Merino" position="Forward" position_id="4" sub_off="61" x="67.62" y="62.98">
    <Player player_id="91338" player_name="Recio">2</Player>
    <Player player_id="223757" player_name="Óscar Rodríguez">3</Player>
    <Player player_id="53020" player_name="Dimitrios Siovas">1</Player>
    <Player player_id="116132" player_name="Jonathan Silva">5</Player>
    <Player player_id="98914" player_name="Guido Carrillo">1</Player>
  </Player>
  <Player cross_lost="0" cross_success="0" jersey_num="26" pass_lost="3" pass_success="4" player_id="234991" player_name="Youssef En-Nesyri" position="Substitute" position_id="5" sub_on="61" x="66.30" y="31.77">
    <Player player_id="91338" player_name="Recio">1</Player>
    <Player player_id="223757" player_name="Óscar Rodríguez">1</Player>
    <Player player_id="98914" player_name="Guido Carrillo">2</Player>
  </Player>
  <Player cross_lost="2" cross_success="0" jersey_num="8" pass_lost="7" pass_success="54" player_id="91338" player_name="Recio" position="Midfielder" position_id="3" x="55.68" y="45.71">
    <Player player_id="59945" player_name="Rubén Pérez">10</Player>
    <Player player_id="53020" player_name="Dimitrios Siovas">5</Player>
    <Player player_id="210419" player_name="Rodrigo Tarín">5</Player>
    <Player player_id="47645" player_name="Juanfran">4</Player>
    <Player player_id="197332" player_name="Sabin Merino">3</Player>
    <Player player_id="223757" player_name="Óscar Rodríguez">7</Player>
    <Player player_id="40380" player_name="Nabil El Zhar">4</Player>
    <Player player_id="116132" player_name="Jonathan Silva">6</Player>
    <Player player_id="112991" player_name="Kenneth Omeruo">5</Player>
    <Player player_id="98914" player_name="Guido Carrillo">5</Player>
  </Player>
  <Player cross_lost="2" cross_success="0" jersey_num="27" pass_lost="14" pass_success="41" player_id="223757" player_name="Óscar Rodríguez" position="Midfielder" position_id="3" x="60.73" y="55.12">
    <Player player_id="91338" player_name="Recio">8</Player>
    <Player player_id="59945" player_name="Rubén Pérez">5</Player>
    <Player player_id="53020" player_name="Dimitrios Siovas">3</Player>
    <Player player_id="210419" player_name="Rodrigo Tarín">3</Player>
    <Player player_id="47645" player_name="Juanfran">6</Player>
    <Player player_id="40380" player_name="Nabil El Zhar">1</Player>
    <Player player_id="116132" player_name="Jonathan Silva">8</Player>
    <Player player_id="112991" player_name="Kenneth Omeruo">3</Player>
    <Player player_id="148011" player_name="Diego Rolan">1</Player>
    <Player player_id="98914" player_name="Guido Carrillo">3</Player>
  </Player>
  <Player cross_lost="0" cross_success="0" jersey_num="21" pass_lost="3" pass_success="55" player_id="59945" player_name="Rubén Pérez" position="Midfielder" position_id="3" x="47.92" y="50.06">
    <Player player_id="234991" player_name="Youssef En-Nesyri">2</Player>
    <Player player_id="91338" player_name="Recio">16</Player>
    <Player player_id="53020" player_name="Dimitrios Siovas">3</Player>
    <Player player_id="210419" player_name="Rodrigo Tarín">4</Player>
    <Player player_id="47645" player_name="Juanfran">3</Player>
    <Player player_id="197332" player_name="Sabin Merino">3</Player>
    <Player player_id="223757" player_name="Óscar Rodríguez">8</Player>
    <Player player_id="40380" player_name="Nabil El Zhar">3</Player>
    <Player player_id="116132" player_name="Jonathan Silva">5</Player>
    <Player player_id="112991" player_name="Kenneth Omeruo">3</Player>
    <Player player_id="148011" player_name="Diego Rolan">3</Player>
    <Player player_id="98914" player_name="Guido Carrillo">2</Player>
  </Player>
  <Player cross_lost="0" cross_success="0" jersey_num="10" pass_lost="2" pass_success="6" player_id="40380" player_name="Nabil El Zhar" position="Substitute" position_id="5" sub_on="76" x="66.17" y="20.61">
    <Player player_id="234991" player_name="Youssef En-Nesyri">1</Player>
    <Player player_id="91338" player_name="Recio">2</Player>
    <Player player_id="59945" player_name="Rubén Pérez">1</Player>
    <Player player_id="148011" player_name="Diego Rolan">2</Player>
  </Player>
  <Player cross_lost="2" cross_success="1" jersey_num="22" pass_lost="11" pass_success="46" player_id="53020" player_name="Dimitrios Siovas" position="Defender" position_id="2" x="36.42" y="76.70">
    <Player player_id="91338" player_name="Recio">6</Player>
    <Player player_id="59945" player_name="Rubén Pérez">11</Player>
    <Player player_id="210419" player_name="Rodrigo Tarín">1</Player>
    <Player player_id="47645" player_name="Juanfran">2</Player>
    <Player player_id="16261" player_name="Iván Cuéllar">9</Player>
    <Player player_id="197332" player_name="Sabin Merino">2</Player>
    <Player player_id="223757" player_name="Óscar Rodríguez">3</Player>
    <Player player_id="116132" player_name="Jonathan Silva">6</Player>
    <Player player_id="112991" player_name="Kenneth Omeruo">4</Player>
    <Player cross="1" player_id="98914" player_name="Guido Carrillo">2</Player>
  </Player>
  <Player cross_lost="6" cross_success="2" jersey_num="5" pass_lost="8" pass_success="31" player_id="116132" player_name="Jonathan Silva" position="Defender" position_id="2" x="60.03" y="88.07">
    <Player player_id="16261" player_name="Iván Cuéllar">1</Player>
    <Player player_id="197332" player_name="Sabin Merino">2</Player>
    <Player cross="1" player_id="91338" player_name="Recio">7</Player>
    <Player player_id="223757" player_name="Óscar Rodríguez">16</Player>
    <Player player_id="59945" player_name="Rubén Pérez">3</Player>
    <Player cross="1" player_id="98914" player_name="Guido Carrillo">2</Player>
  </Player>
  <Player cross_lost="1" cross_success="0" jersey_num="28" pass_lost="7" pass_success="33" player_id="210419" player_name="Rodrigo Tarín" position="Defender" position_id="2" sub_off="76" x="37.73" y="18.18">
    <Player player_id="91338" player_name="Recio">4</Player>
    <Player player_id="59945" player_name="Rubén Pérez">2</Player>
    <Player player_id="47645" player_name="Juanfran">7</Player>
    <Player player_id="16261" player_name="Iván Cuéllar">4</Player>
    <Player player_id="197332" player_name="Sabin Merino">1</Player>
    <Player player_id="223757" player_name="Óscar Rodríguez">3</Player>
    <Player player_id="112991" player_name="Kenneth Omeruo">10</Player>
    <Player player_id="148011" player_name="Diego Rolan">1</Player>
    <Player player_id="98914" player_name="Guido Carrillo">1</Player>
  </Player>
  <Player cross_lost="0" cross_success="0" jersey_num="4" pass_lost="3" pass_success="11" player_id="148011" player_name="Diego Rolan" position="Substitute" position_id="5" sub_on="69" x="46.13" y="14.24">
    <Player player_id="234991" player_name="Youssef En-Nesyri">2</Player>
    <Player player_id="91338" player_name="Recio">3</Player>
    <Player player_id="223757" player_name="Óscar Rodríguez">1</Player>
    <Player player_id="59945" player_name="Rubén Pérez">2</Player>
    <Player player_id="40380" player_name="Nabil El Zhar">3</Player>
  </Player>
  <Player cross_lost="4" cross_success="2" jersey_num="2" pass_lost="10" pass_success="23" player_id="47645" player_name="Juanfran" position="Defender" position_id="2" sub_off="69" x="56.02" y="9.01">
    <Player cross="1" player_id="197332" player_name="Sabin Merino">2</Player>
    <Player player_id="91338" player_name="Recio">6</Player>
    <Player player_id="223757" player_name="Óscar Rodríguez">4</Player>
    <Player player_id="59945" player_name="Rubén Pérez">3</Player>
    <Player player_id="210419" player_name="Rodrigo Tarín">5</Player>
    <Player player_id="112991" player_name="Kenneth Omeruo">1</Player>
    <Player cross="1" player_id="98914" player_name="Guido Carrillo">2</Player>
  </Player>
  <Player cross_lost="0" cross_success="0" jersey_num="24" pass_lost="1" pass_success="42" player_id="112991" player_name="Kenneth Omeruo" position="Defender" position_id="2" x="32.09" y="44.65">
    <Player player_id="16261" player_name="Iván Cuéllar">6</Player>
    <Player player_id="234991" player_name="Youssef En-Nesyri">1</Player>
    <Player player_id="91338" player_name="Recio">1</Player>
    <Player player_id="223757" player_name="Óscar Rodríguez">2</Player>
    <Player player_id="59945" player_name="Rubén Pérez">5</Player>
    <Player player_id="53020" player_name="Dimitrios Siovas">12</Player>
    <Player player_id="116132" player_name="Jonathan Silva">3</Player>
    <Player player_id="210419" player_name="Rodrigo Tarín">7</Player>
    <Player player_id="148011" player_name="Diego Rolan">1</Player>
    <Player player_id="47645" player_name="Juanfran">3</Player>
    <Player player_id="98914" player_name="Guido Carrillo">1</Player>
  </Player>
  <Player cross_lost="0" cross_success="0" jersey_num="9" pass_lost="8" pass_success="31" player_id="98914" player_name="Guido Carrillo" position="Forward" position_id="4" x="63.77" y="51.54">
    <Player player_id="197332" player_name="Sabin Merino">3</Player>
    <Player player_id="234991" player_name="Youssef En-Nesyri">1</Player>
    <Player player_id="91338" player_name="Recio">6</Player>
    <Player player_id="223757" player_name="Óscar Rodríguez">3</Player>
    <Player player_id="59945" player_name="Rubén Pérez">5</Player>
    <Player player_id="116132" player_name="Jonathan Silva">7</Player>
    <Player player_id="210419" player_name="Rodrigo Tarín">3</Player>
    <Player player_id="47645" player_name="Juanfran">3</Player>
  </Player>
</SoccerFeed>