﻿<?xml version="1.0" encoding="UTF-8"?>
<!-- Copyright 2001-2019 Opta Sportsdata Ltd. All rights reserved. -->
<!-- PRODUCTION HEADER
     produced on:        valde-jobq-a04.nexus.opta.net
     production time:    20190122T175710,571Z
     production module:  Opta::Feed::XML::Soccer::F27
-->
<SoccerFeed act_minute="94" act_period="2" act_second="0" away_team_id="177" away_team_name="Espanyol" competition_id="23" competition_name="Spanish La Liga" game_date="2019-01-21 20:00:00" game_id="1009509" home_team_id="953" home_team_name="Eibar" season_id="2018" season_name="Season 2018/2019" team_id="953" team_name="Eibar">
  <Player cross_lost="0" cross_success="0" jersey_num="5" pass_lost="2" pass_success="3" player_id="156305" player_name="Gonzalo Escalante" position="Substitute" position_id="5" sub_on="83" x="40.13" y="60.20">
    <Player player_id="17973" player_name="Asier Riesgo">1</Player>
    <Player player_id="86349" player_name="Charles">1</Player>
    <Player player_id="59140" player_name="Cote">1</Player>
  </Player>
  <Player cross_lost="4" cross_success="3" jersey_num="24" pass_lost="14" pass_success="47" player_id="195364" player_name="Joan Jordán" position="Midfielder" position_id="3" x="61.60" y="46.18">
    <Player player_id="91393" player_name="Pedro Bigas">7</Player>
    <Player cross="1" player_id="61597" player_name="Kike García">0</Player>
    <Player player_id="17973" player_name="Asier Riesgo">2</Player>
    <Player cross="2" player_id="80791" player_name="Sergi Enrich">2</Player>
    <Player player_id="27672" player_name="Pape Diop">8</Player>
    <Player player_id="126290" player_name="Rubén Peña">7</Player>
    <Player player_id="87026" player_name="Anaitz Arbilla">6</Player>
    <Player player_id="59140" player_name="Cote">1</Player>
    <Player player_id="179268" player_name="Marc Cucurella">8</Player>
    <Player player_id="126510" player_name="Pablo De Blasis">6</Player>
  </Player>
  <Player cross_lost="0" cross_success="0" jersey_num="7" pass_lost="0" pass_success="2" player_id="244363" player_name="Marc Cardona" position="Substitute" position_id="5" sub_on="87" x="69.18" y="36.86">
    <Player player_id="195364" player_name="Joan Jordán">1</Player>
    <Player player_id="27672" player_name="Pape Diop">1</Player>
  </Player>
  <Player cross_lost="0" cross_success="0" jersey_num="3" pass_lost="3" pass_success="26" player_id="91393" player_name="Pedro Bigas" position="Defender" position_id="2" x="39.16" y="61.35">
    <Player player_id="195364" player_name="Joan Jordán">5</Player>
    <Player player_id="61597" player_name="Kike García">1</Player>
    <Player player_id="17973" player_name="Asier Riesgo">1</Player>
    <Player player_id="80791" player_name="Sergi Enrich">1</Player>
    <Player player_id="27672" player_name="Pape Diop">1</Player>
    <Player player_id="87026" player_name="Anaitz Arbilla">9</Player>
    <Player player_id="59140" player_name="Cote">6</Player>
    <Player player_id="126510" player_name="Pablo De Blasis">1</Player>
    <Player player_id="179268" player_name="Marc Cucurella">1</Player>
  </Player>
  <Player cross_lost="0" cross_success="0" jersey_num="17" pass_lost="7" pass_success="18" player_id="61597" player_name="Kike García" position="Forward" position_id="4" sub_off="78" x="70.25" y="60.76">
    <Player player_id="195364" player_name="Joan Jordán">4</Player>
    <Player player_id="80791" player_name="Sergi Enrich">3</Player>
    <Player player_id="27672" player_name="Pape Diop">1</Player>
    <Player player_id="126290" player_name="Rubén Peña">2</Player>
    <Player player_id="59140" player_name="Cote">1</Player>
    <Player player_id="179268" player_name="Marc Cucurella">5</Player>
    <Player player_id="126510" player_name="Pablo De Blasis">2</Player>
  </Player>
  <Player cross_lost="0" cross_success="0" jersey_num="13" pass_lost="9" pass_success="20" player_id="17973" player_name="Asier Riesgo" position="Goalkeeper" position_id="1" x="13.35" y="49.18">
    <Player player_id="91393" player_name="Pedro Bigas">1</Player>
    <Player player_id="61597" player_name="Kike García">2</Player>
    <Player player_id="80791" player_name="Sergi Enrich">6</Player>
    <Player player_id="126290" player_name="Rubén Peña">1</Player>
    <Player player_id="87026" player_name="Anaitz Arbilla">6</Player>
    <Player player_id="86349" player_name="Charles">1</Player>
    <Player player_id="59140" player_name="Cote">1</Player>
    <Player player_id="179268" player_name="Marc Cucurella">2</Player>
  </Player>
  <Player cross_lost="1" cross_success="0" jersey_num="9" pass_lost="8" pass_success="28" player_id="80791" player_name="Sergi Enrich" position="Forward" position_id="4" sub_off="87" x="69.55" y="56.37">
    <Player player_id="195364" player_name="Joan Jordán">4</Player>
    <Player player_id="61597" player_name="Kike García">4</Player>
    <Player player_id="27672" player_name="Pape Diop">4</Player>
    <Player player_id="87026" player_name="Anaitz Arbilla">1</Player>
    <Player player_id="126290" player_name="Rubén Peña">6</Player>
    <Player player_id="59140" player_name="Cote">2</Player>
    <Player player_id="126510" player_name="Pablo De Blasis">2</Player>
    <Player player_id="179268" player_name="Marc Cucurella">5</Player>
  </Player>
  <Player cross_lost="1" cross_success="0" jersey_num="8" pass_lost="9" pass_success="23" player_id="27672" player_name="Pape Diop" position="Midfielder" position_id="3" x="52.75" y="44.86">
    <Player player_id="195364" player_name="Joan Jordán">5</Player>
    <Player player_id="61597" player_name="Kike García">1</Player>
    <Player player_id="80791" player_name="Sergi Enrich">1</Player>
    <Player player_id="87026" player_name="Anaitz Arbilla">4</Player>
    <Player player_id="126290" player_name="Rubén Peña">4</Player>
    <Player player_id="59140" player_name="Cote">4</Player>
    <Player player_id="126510" player_name="Pablo De Blasis">4</Player>
  </Player>
  <Player cross_lost="3" cross_success="0" jersey_num="11" pass_lost="9" pass_success="30" player_id="126290" player_name="Rubén Peña" position="Defender" position_id="2" x="55.21" y="14.12">
    <Player player_id="195364" player_name="Joan Jordán">6</Player>
    <Player player_id="244363" player_name="Marc Cardona">1</Player>
    <Player player_id="91393" player_name="Pedro Bigas">2</Player>
    <Player player_id="80791" player_name="Sergi Enrich">2</Player>
    <Player player_id="87026" player_name="Anaitz Arbilla">6</Player>
    <Player player_id="179268" player_name="Marc Cucurella">1</Player>
    <Player player_id="61597" player_name="Kike García">3</Player>
    <Player player_id="27672" player_name="Pape Diop">1</Player>
    <Player player_id="86349" player_name="Charles">1</Player>
    <Player player_id="59140" player_name="Cote">1</Player>
    <Player player_id="126510" player_name="Pablo De Blasis">6</Player>
  </Player>
  <Player cross_lost="1" cross_success="0" jersey_num="23" pass_lost="12" pass_success="42" player_id="87026" player_name="Anaitz Arbilla" position="Defender" position_id="2" x="38.16" y="31.51">
    <Player player_id="195364" player_name="Joan Jordán">9</Player>
    <Player player_id="91393" player_name="Pedro Bigas">6</Player>
    <Player player_id="61597" player_name="Kike García">2</Player>
    <Player player_id="17973" player_name="Asier Riesgo">6</Player>
    <Player player_id="80791" player_name="Sergi Enrich">1</Player>
    <Player player_id="27672" player_name="Pape Diop">1</Player>
    <Player player_id="126290" player_name="Rubén Peña">9</Player>
    <Player player_id="59140" player_name="Cote">2</Player>
    <Player player_id="179268" player_name="Marc Cucurella">1</Player>
    <Player player_id="126510" player_name="Pablo De Blasis">5</Player>
  </Player>
  <Player cross_lost="0" cross_success="0" jersey_num="19" pass_lost="3" pass_success="3" player_id="86349" player_name="Charles" position="Substitute" position_id="5" sub_on="78" x="66.37" y="51.00">
    <Player player_id="195364" player_name="Joan Jordán">1</Player>
    <Player player_id="156305" player_name="Gonzalo Escalante">1</Player>
    <Player player_id="126510" player_name="Pablo De Blasis">1</Player>
  </Player>
  <Player cross_lost="7" cross_success="0" jersey_num="15" pass_lost="13" pass_success="31" player_id="59140" player_name="Cote" position="Defender" position_id="2" x="54.78" y="83.65">
    <Player player_id="195364" player_name="Joan Jordán">4</Player>
    <Player player_id="91393" player_name="Pedro Bigas">2</Player>
    <Player player_id="61597" player_name="Kike García">1</Player>
    <Player player_id="17973" player_name="Asier Riesgo">3</Player>
    <Player player_id="80791" player_name="Sergi Enrich">7</Player>
    <Player player_id="27672" player_name="Pape Diop">2</Player>
    <Player player_id="86349" player_name="Charles">2</Player>
    <Player player_id="126510" player_name="Pablo De Blasis">1</Player>
    <Player player_id="179268" player_name="Marc Cucurella">9</Player>
  </Player>
  <Player cross_lost="2" cross_success="1" jersey_num="16" pass_lost="9" pass_success="19" player_id="126510" player_name="Pablo De Blasis" position="Midfielder" position_id="3" sub_off="83" x="69.58" y="20.30">
    <Player player_id="195364" player_name="Joan Jordán">4</Player>
    <Player cross="1" player_id="61597" player_name="Kike García">0</Player>
    <Player player_id="80791" player_name="Sergi Enrich">3</Player>
    <Player player_id="27672" player_name="Pape Diop">2</Player>
    <Player player_id="87026" player_name="Anaitz Arbilla">2</Player>
    <Player player_id="126290" player_name="Rubén Peña">7</Player>
    <Player player_id="179268" player_name="Marc Cucurella">1</Player>
  </Player>
  <Player cross_lost="0" cross_success="1" jersey_num="20" pass_lost="7" pass_success="36" player_id="179268" player_name="Marc Cucurella" position="Midfielder" position_id="3" x="67.07" y="80.49">
    <Player player_id="156305" player_name="Gonzalo Escalante">1</Player>
    <Player player_id="195364" player_name="Joan Jordán">4</Player>
    <Player player_id="91393" player_name="Pedro Bigas">1</Player>
    <Player player_id="80791" player_name="Sergi Enrich">3</Player>
    <Player player_id="87026" player_name="Anaitz Arbilla">1</Player>
    <Player player_id="61597" player_name="Kike García">8</Player>
    <Player player_id="17973" player_name="Asier Riesgo">1</Player>
    <Player cross="1" player_id="27672" player_name="Pape Diop">1</Player>
    <Player player_id="126290" player_name="Rubén Peña">1</Player>
    <Player player_id="59140" player_name="Cote">12</Player>
    <Player player_id="126510" player_name="Pablo De Blasis">3</Player>
  </Player>
</SoccerFeed>