﻿<?xml version="1.0" encoding="UTF-8"?>
<!-- Copyright 2001-2018 Opta Sportsdata Ltd. All rights reserved. -->
<!-- PRODUCTION HEADER
     produced on:        valde-jobq-a03.nexus.opta.net
     production time:    20181023T112402,585Z
     production module:  Opta::Feed::XML::Soccer::F27
-->
<SoccerFeed act_minute="93" act_period="2" act_second="9" away_team_id="175" away_team_name="Atlético de Madrid" competition_id="23" competition_name="Spanish La Liga" game_date="2018-10-20 17:30:00" game_id="1009400" home_team_id="449" home_team_name="Villarreal" season_id="2018" season_name="Season 2018/2019" team_id="449" team_name="Villarreal">
  <Player cross_lost="1" cross_success="0" jersey_num="2" pass_lost="6" pass_success="42" player_id="76610" player_name="Mario Gaspar" position="Defender" position_id="2" x="49.56" y="12.55">
    <Player player_id="96084" player_name="Álvaro González">13</Player>
    <Player player_id="37267" player_name="Manuel Iturra">6</Player>
    <Player player_id="19524" player_name="Santi Cazorla">2</Player>
    <Player player_id="241160" player_name="Santiago Cáseres">2</Player>
    <Player player_id="98961" player_name="Manu Trigueros">7</Player>
    <Player player_id="93721" player_name="Gerard Moreno">5</Player>
    <Player player_id="217593" player_name="Pablo Fornals">6</Player>
    <Player player_id="121221" player_name="Ramiro Funes Mori">1</Player>
  </Player>
  <Player cross_lost="0" cross_success="0" jersey_num="3" pass_lost="9" pass_success="41" player_id="96084" player_name="Álvaro González" position="Defender" position_id="2" x="34.86" y="26.87">
    <Player player_id="76610" player_name="Mario Gaspar">10</Player>
    <Player player_id="19524" player_name="Santi Cazorla">5</Player>
    <Player player_id="37267" player_name="Manuel Iturra">3</Player>
    <Player player_id="241160" player_name="Santiago Cáseres">1</Player>
    <Player player_id="48772" player_name="Sergio Asenjo">6</Player>
    <Player player_id="98961" player_name="Manu Trigueros">6</Player>
    <Player player_id="217593" player_name="Pablo Fornals">2</Player>
    <Player player_id="121221" player_name="Ramiro Funes Mori">5</Player>
    <Player player_id="58792" player_name="Jaume Costa">2</Player>
  </Player>
  <Player cross_lost="7" cross_success="0" jersey_num="19" pass_lost="5" pass_success="50" player_id="19524" player_name="Santi Cazorla" position="Midfielder" position_id="3" x="51.58" y="41.88">
    <Player player_id="76610" player_name="Mario Gaspar">10</Player>
    <Player player_id="37267" player_name="Manuel Iturra">5</Player>
    <Player player_id="111274" player_name="Carlos Bacca">1</Player>
    <Player player_id="98961" player_name="Manu Trigueros">12</Player>
    <Player player_id="93721" player_name="Gerard Moreno">3</Player>
    <Player player_id="217593" player_name="Pablo Fornals">3</Player>
    <Player player_id="58792" player_name="Jaume Costa">7</Player>
    <Player player_id="96084" player_name="Álvaro González">2</Player>
    <Player player_id="241160" player_name="Santiago Cáseres">1</Player>
    <Player player_id="208380" player_name="Alfonso Pedraza">4</Player>
    <Player player_id="121221" player_name="Ramiro Funes Mori">2</Player>
  </Player>
  <Player cross_lost="0" cross_success="0" jersey_num="20" pass_lost="7" pass_success="38" player_id="37267" player_name="Manuel Iturra" position="Midfielder" position_id="3" sub_off="64" x="46.51" y="41.83">
    <Player player_id="76610" player_name="Mario Gaspar">7</Player>
    <Player player_id="48772" player_name="Sergio Asenjo">1</Player>
    <Player player_id="98961" player_name="Manu Trigueros">2</Player>
    <Player player_id="93721" player_name="Gerard Moreno">2</Player>
    <Player player_id="217593" player_name="Pablo Fornals">4</Player>
    <Player player_id="58792" player_name="Jaume Costa">5</Player>
    <Player player_id="96084" player_name="Álvaro González">6</Player>
    <Player player_id="19524" player_name="Santi Cazorla">8</Player>
    <Player player_id="208380" player_name="Alfonso Pedraza">1</Player>
    <Player player_id="121221" player_name="Ramiro Funes Mori">2</Player>
  </Player>
  <Player cross_lost="0" cross_success="0" jersey_num="5" pass_lost="2" pass_success="14" player_id="241160" player_name="Santiago Cáseres" position="Substitute" position_id="5" sub_on="73" x="36.39" y="40.05">
    <Player player_id="76610" player_name="Mario Gaspar">2</Player>
    <Player player_id="96084" player_name="Álvaro González">2</Player>
    <Player player_id="98961" player_name="Manu Trigueros">3</Player>
    <Player player_id="217593" player_name="Pablo Fornals">3</Player>
    <Player player_id="121221" player_name="Ramiro Funes Mori">1</Player>
    <Player player_id="58792" player_name="Jaume Costa">3</Player>
  </Player>
  <Player cross_lost="0" cross_success="0" jersey_num="1" pass_lost="6" pass_success="21" player_id="48772" player_name="Sergio Asenjo" position="Goalkeeper" position_id="1" x="7.05" y="48.97">
    <Player player_id="96084" player_name="Álvaro González">6</Player>
    <Player player_id="37267" player_name="Manuel Iturra">2</Player>
    <Player player_id="19524" player_name="Santi Cazorla">1</Player>
    <Player player_id="98961" player_name="Manu Trigueros">2</Player>
    <Player player_id="93721" player_name="Gerard Moreno">1</Player>
    <Player player_id="217593" player_name="Pablo Fornals">3</Player>
    <Player player_id="121221" player_name="Ramiro Funes Mori">5</Player>
    <Player player_id="58792" player_name="Jaume Costa">1</Player>
  </Player>
  <Player cross_lost="0" cross_success="0" jersey_num="9" pass_lost="2" pass_success="2" player_id="111274" player_name="Carlos Bacca" position="Substitute" position_id="5" sub_off="76" sub_on="64" x="87.06" y="56.43">
    <Player player_id="98961" player_name="Manu Trigueros">1</Player>
    <Player player_id="93721" player_name="Gerard Moreno">1</Player>
  </Player>
  <Player cross_lost="1" cross_success="1" jersey_num="14" pass_lost="7" pass_success="60" player_id="98961" player_name="Manu Trigueros" position="Midfielder" position_id="3" x="51.24" y="51.53">
    <Player player_id="76610" player_name="Mario Gaspar">3</Player>
    <Player player_id="37267" player_name="Manuel Iturra">5</Player>
    <Player player_id="111274" player_name="Carlos Bacca">2</Player>
    <Player cross="1" player_id="93721" player_name="Gerard Moreno">4</Player>
    <Player player_id="217593" player_name="Pablo Fornals">9</Player>
    <Player player_id="58792" player_name="Jaume Costa">13</Player>
    <Player player_id="96084" player_name="Álvaro González">8</Player>
    <Player player_id="19524" player_name="Santi Cazorla">10</Player>
    <Player player_id="241160" player_name="Santiago Cáseres">1</Player>
    <Player player_id="208380" player_name="Alfonso Pedraza">1</Player>
    <Player player_id="121221" player_name="Ramiro Funes Mori">4</Player>
  </Player>
  <Player cross_lost="0" cross_success="0" jersey_num="7" pass_lost="4" pass_success="16" player_id="93721" player_name="Gerard Moreno" position="Forward" position_id="4" x="61.73" y="30.15">
    <Player player_id="76610" player_name="Mario Gaspar">3</Player>
    <Player player_id="19524" player_name="Santi Cazorla">2</Player>
    <Player player_id="111274" player_name="Carlos Bacca">1</Player>
    <Player player_id="98961" player_name="Manu Trigueros">3</Player>
    <Player player_id="208380" player_name="Alfonso Pedraza">1</Player>
    <Player player_id="217593" player_name="Pablo Fornals">4</Player>
    <Player player_id="121221" player_name="Ramiro Funes Mori">1</Player>
    <Player player_id="58792" player_name="Jaume Costa">1</Player>
  </Player>
  <Player cross_lost="2" cross_success="0" jersey_num="16" pass_lost="5" pass_success="13" player_id="208380" player_name="Alfonso Pedraza" position="Midfielder" position_id="3" sub_off="73" x="68.79" y="78.99">
    <Player player_id="19524" player_name="Santi Cazorla">1</Player>
    <Player player_id="111274" player_name="Carlos Bacca">1</Player>
    <Player player_id="98961" player_name="Manu Trigueros">1</Player>
    <Player player_id="93721" player_name="Gerard Moreno">1</Player>
    <Player player_id="217593" player_name="Pablo Fornals">4</Player>
    <Player player_id="121221" player_name="Ramiro Funes Mori">1</Player>
    <Player player_id="58792" player_name="Jaume Costa">4</Player>
  </Player>
  <Player cross_lost="2" cross_success="0" jersey_num="8" pass_lost="14" pass_success="34" player_id="217593" player_name="Pablo Fornals" position="Midfielder" position_id="3" x="59.90" y="38.83">
    <Player player_id="76610" player_name="Mario Gaspar">7</Player>
    <Player player_id="37267" player_name="Manuel Iturra">2</Player>
    <Player player_id="98961" player_name="Manu Trigueros">2</Player>
    <Player player_id="93721" player_name="Gerard Moreno">5</Player>
    <Player player_id="193454" player_name="Karl Toko Ekambi">2</Player>
    <Player player_id="58792" player_name="Jaume Costa">3</Player>
    <Player player_id="96084" player_name="Álvaro González">1</Player>
    <Player player_id="19524" player_name="Santi Cazorla">7</Player>
    <Player player_id="241160" player_name="Santiago Cáseres">1</Player>
    <Player player_id="208380" player_name="Alfonso Pedraza">2</Player>
    <Player player_id="121221" player_name="Ramiro Funes Mori">2</Player>
  </Player>
  <Player cross_lost="0" cross_success="0" jersey_num="17" pass_lost="2" pass_success="4" player_id="193454" player_name="Karl Toko Ekambi" position="Substitute" position_id="5" sub_on="76" x="77.44" y="69.31">
    <Player player_id="76610" player_name="Mario Gaspar">1</Player>
    <Player player_id="98961" player_name="Manu Trigueros">1</Player>
    <Player player_id="217593" player_name="Pablo Fornals">1</Player>
    <Player player_id="58792" player_name="Jaume Costa">1</Player>
  </Player>
  <Player cross_lost="0" cross_success="0" jersey_num="4" pass_lost="12" pass_success="37" player_id="121221" player_name="Ramiro Funes Mori" position="Defender" position_id="2" x="35.32" y="66.85">
    <Player player_id="76610" player_name="Mario Gaspar">4</Player>
    <Player player_id="96084" player_name="Álvaro González">1</Player>
    <Player player_id="19524" player_name="Santi Cazorla">5</Player>
    <Player player_id="37267" player_name="Manuel Iturra">4</Player>
    <Player player_id="48772" player_name="Sergio Asenjo">7</Player>
    <Player player_id="98961" player_name="Manu Trigueros">5</Player>
    <Player player_id="93721" player_name="Gerard Moreno">2</Player>
    <Player player_id="217593" player_name="Pablo Fornals">1</Player>
    <Player player_id="208380" player_name="Alfonso Pedraza">1</Player>
    <Player player_id="58792" player_name="Jaume Costa">6</Player>
  </Player>
  <Player cross_lost="2" cross_success="1" jersey_num="11" pass_lost="9" pass_success="46" player_id="58792" player_name="Jaume Costa" position="Defender" position_id="2" x="50.11" y="82.46">
    <Player cross="1" player_id="37267" player_name="Manuel Iturra">4</Player>
    <Player player_id="111274" player_name="Carlos Bacca">1</Player>
    <Player player_id="98961" player_name="Manu Trigueros">6</Player>
    <Player player_id="217593" player_name="Pablo Fornals">7</Player>
    <Player player_id="193454" player_name="Karl Toko Ekambi">4</Player>
    <Player player_id="19524" player_name="Santi Cazorla">4</Player>
    <Player player_id="241160" player_name="Santiago Cáseres">4</Player>
    <Player player_id="208380" player_name="Alfonso Pedraza">9</Player>
    <Player player_id="121221" player_name="Ramiro Funes Mori">7</Player>
  </Player>
</SoccerFeed>