﻿<?xml version="1.0" encoding="UTF-8"?>
<!-- Copyright 2001-2019 Opta Sportsdata Ltd. All rights reserved. -->
<!-- PRODUCTION HEADER
     produced on:        valde-jobq-a03.nexus.opta.net
     production time:    20190205T211007,719Z
     production module:  Opta::Feed::XML::Soccer::F27
-->
<SoccerFeed act_minute="96" act_period="2" act_second="0" away_team_id="957" away_team_name="Leganés" competition_id="23" competition_name="Spanish La Liga" game_date="2019-02-04 20:00:00" game_id="1009535" home_team_id="184" home_team_name="Rayo Vallecano" season_id="2018" season_name="Season 2018/2019" team_id="957" team_name="Leganés">
  <Player cross_lost="0" cross_success="0" jersey_num="17" pass_lost="0" pass_success="0" player_id="90483" player_name="Javier Eraso" position="Substitute" position_id="5" sub_on="90" x="15.30" y="55.15" />
  <Player cross_lost="0" cross_success="0" jersey_num="23" pass_lost="7" pass_success="18" player_id="197326" player_name="Mikel Vesga" position="Midfielder" position_id="3" sub_off="75" x="52.12" y="67.38">
    <Player player_id="68690" player_name="Martin Braithwaite">5</Player>
    <Player player_id="234991" player_name="Youssef En-Nesyri">3</Player>
    <Player player_id="91338" player_name="Recio">3</Player>
    <Player player_id="67527" player_name="Allan Nyom">1</Player>
    <Player player_id="112540" player_name="Unai Bustinza">1</Player>
    <Player player_id="53020" player_name="Dimitrios Siovas">2</Player>
    <Player player_id="116132" player_name="Jonathan Silva">3</Player>
  </Player>
  <Player cross_lost="1" cross_success="0" jersey_num="25" pass_lost="5" pass_success="7" player_id="68690" player_name="Martin Braithwaite" position="Forward" position_id="4" sub_off="79" x="65.36" y="36.89">
    <Player player_id="91338" player_name="Recio">1</Player>
    <Player player_id="223757" player_name="Óscar Rodríguez">1</Player>
    <Player player_id="67527" player_name="Allan Nyom">1</Player>
    <Player player_id="112540" player_name="Unai Bustinza">3</Player>
    <Player player_id="116132" player_name="Jonathan Silva">1</Player>
  </Player>
  <Player cross_lost="0" cross_success="0" jersey_num="1" pass_lost="25" pass_success="6" player_id="16261" player_name="Iván Cuéllar" position="Goalkeeper" position_id="1" x="10.22" y="50.58">
    <Player player_id="234991" player_name="Youssef En-Nesyri">2</Player>
    <Player player_id="91338" player_name="Recio">1</Player>
    <Player player_id="223757" player_name="Óscar Rodríguez">1</Player>
    <Player player_id="67527" player_name="Allan Nyom">1</Player>
    <Player player_id="53020" player_name="Dimitrios Siovas">1</Player>
  </Player>
  <Player cross_lost="3" cross_success="0" jersey_num="26" pass_lost="10" pass_success="16" player_id="234991" player_name="Youssef En-Nesyri" position="Forward" position_id="4" x="62.21" y="51.77">
    <Player player_id="197326" player_name="Mikel Vesga">3</Player>
    <Player player_id="68690" player_name="Martin Braithwaite">4</Player>
    <Player player_id="91338" player_name="Recio">1</Player>
    <Player player_id="67527" player_name="Allan Nyom">1</Player>
    <Player player_id="223757" player_name="Óscar Rodríguez">2</Player>
    <Player player_id="112540" player_name="Unai Bustinza">1</Player>
    <Player player_id="53020" player_name="Dimitrios Siovas">3</Player>
    <Player player_id="116132" player_name="Jonathan Silva">1</Player>
  </Player>
  <Player cross_lost="0" cross_success="0" jersey_num="4" pass_lost="0" pass_success="0" player_id="100867" player_name="Diego Reyes" position="Substitute" position_id="5" sub_on="79" x="15.20" y="39.50" />
  <Player cross_lost="0" cross_success="0" jersey_num="8" pass_lost="5" pass_success="32" player_id="91338" player_name="Recio" position="Midfielder" position_id="3" sub_off="90" x="52.80" y="49.42">
    <Player player_id="197326" player_name="Mikel Vesga">7</Player>
    <Player player_id="68690" player_name="Martin Braithwaite">2</Player>
    <Player player_id="234991" player_name="Youssef En-Nesyri">2</Player>
    <Player player_id="223757" player_name="Óscar Rodríguez">3</Player>
    <Player player_id="59945" player_name="Rubén Pérez">1</Player>
    <Player player_id="112540" player_name="Unai Bustinza">4</Player>
    <Player player_id="53020" player_name="Dimitrios Siovas">1</Player>
    <Player player_id="116132" player_name="Jonathan Silva">9</Player>
    <Player player_id="112991" player_name="Kenneth Omeruo">3</Player>
  </Player>
  <Player cross_lost="1" cross_success="1" jersey_num="12" pass_lost="5" pass_success="10" player_id="67527" player_name="Allan Nyom" position="Midfielder" position_id="3" sent_off="58" x="45.49" y="10.11">
    <Player cross="1" player_id="68690" player_name="Martin Braithwaite">1</Player>
    <Player player_id="234991" player_name="Youssef En-Nesyri">3</Player>
    <Player player_id="223757" player_name="Óscar Rodríguez">3</Player>
    <Player player_id="112540" player_name="Unai Bustinza">3</Player>
  </Player>
  <Player cross_lost="3" cross_success="2" jersey_num="27" pass_lost="12" pass_success="18" player_id="223757" player_name="Óscar Rodríguez" position="Midfielder" position_id="3" x="53.35" y="33.37">
    <Player player_id="197326" player_name="Mikel Vesga">3</Player>
    <Player cross="1" player_id="234991" player_name="Youssef En-Nesyri">0</Player>
    <Player player_id="91338" player_name="Recio">5</Player>
    <Player player_id="67527" player_name="Allan Nyom">5</Player>
    <Player cross="1" player_id="112540" player_name="Unai Bustinza">4</Player>
    <Player player_id="53020" player_name="Dimitrios Siovas">1</Player>
  </Player>
  <Player cross_lost="0" cross_success="0" jersey_num="21" pass_lost="1" pass_success="1" player_id="59945" player_name="Rubén Pérez" position="Substitute" position_id="5" sub_on="75" x="24.37" y="47.14">
    <Player player_id="234991" player_name="Youssef En-Nesyri">1</Player>
  </Player>
  <Player cross_lost="1" cross_success="1" jersey_num="3" pass_lost="10" pass_success="19" player_id="112540" player_name="Unai Bustinza" position="Defender" position_id="2" x="40.87" y="28.85">
    <Player cross="1" player_id="68690" player_name="Martin Braithwaite">0</Player>
    <Player player_id="197326" player_name="Mikel Vesga">1</Player>
    <Player player_id="234991" player_name="Youssef En-Nesyri">6</Player>
    <Player player_id="91338" player_name="Recio">2</Player>
    <Player player_id="67527" player_name="Allan Nyom">3</Player>
    <Player player_id="223757" player_name="Óscar Rodríguez">3</Player>
    <Player player_id="53020" player_name="Dimitrios Siovas">2</Player>
    <Player player_id="116132" player_name="Jonathan Silva">1</Player>
    <Player player_id="112991" player_name="Kenneth Omeruo">1</Player>
  </Player>
  <Player cross_lost="1" cross_success="0" jersey_num="22" pass_lost="6" pass_success="14" player_id="53020" player_name="Dimitrios Siovas" position="Defender" position_id="2" x="35.57" y="65.89">
    <Player player_id="68690" player_name="Martin Braithwaite">2</Player>
    <Player player_id="197326" player_name="Mikel Vesga">3</Player>
    <Player player_id="16261" player_name="Iván Cuéllar">2</Player>
    <Player player_id="67527" player_name="Allan Nyom">1</Player>
    <Player player_id="112540" player_name="Unai Bustinza">1</Player>
    <Player player_id="116132" player_name="Jonathan Silva">5</Player>
  </Player>
  <Player cross_lost="3" cross_success="4" jersey_num="5" pass_lost="11" pass_success="17" player_id="116132" player_name="Jonathan Silva" position="Midfielder" position_id="3" x="51.12" y="87.60">
    <Player player_id="197326" player_name="Mikel Vesga">4</Player>
    <Player cross="1" player_id="68690" player_name="Martin Braithwaite">1</Player>
    <Player cross="3" player_id="234991" player_name="Youssef En-Nesyri">4</Player>
    <Player player_id="91338" player_name="Recio">1</Player>
    <Player player_id="223757" player_name="Óscar Rodríguez">4</Player>
    <Player player_id="112540" player_name="Unai Bustinza">1</Player>
    <Player player_id="53020" player_name="Dimitrios Siovas">2</Player>
  </Player>
  <Player cross_lost="0" cross_success="0" jersey_num="24" pass_lost="4" pass_success="11" player_id="112991" player_name="Kenneth Omeruo" position="Defender" position_id="2" x="26.47" y="40.23">
    <Player player_id="68690" player_name="Martin Braithwaite">1</Player>
    <Player player_id="16261" player_name="Iván Cuéllar">3</Player>
    <Player player_id="234991" player_name="Youssef En-Nesyri">2</Player>
    <Player player_id="91338" player_name="Recio">2</Player>
    <Player player_id="223757" player_name="Óscar Rodríguez">2</Player>
    <Player player_id="112540" player_name="Unai Bustinza">1</Player>
  </Player>
</SoccerFeed>