﻿<?xml version="1.0" encoding="UTF-8"?>
<!-- Copyright 2001-2018 Opta Sportsdata Ltd. All rights reserved. -->
<!-- PRODUCTION HEADER
     produced on:        valde-jobq-a03.nexus.opta.net
     production time:    20181112T180131,247Z
     production module:  Opta::Feed::XML::Soccer::F27
-->
<SoccerFeed act_minute="94" act_period="2" act_second="50" away_team_id="177" away_team_name="Espanyol" competition_id="23" competition_name="Spanish La Liga" game_date="2018-11-11 17:30:00" game_id="1009435" home_team_id="179" home_team_name="Sevilla" season_id="2018" season_name="Season 2018/2019" team_id="177" team_name="Espanyol">
  <Player cross_lost="2" cross_success="0" jersey_num="12" pass_lost="11" pass_success="18" player_id="59790" player_name="Dídac Vilá" position="Defender" position_id="2" x="37.34" y="83.23">
    <Player player_id="169007" player_name="Sergi Darder">2</Player>
    <Player player_id="11129" player_name="David López">1</Player>
    <Player player_id="46998" player_name="Esteban Granero">2</Player>
    <Player player_id="213431" player_name="Mario Hermoso">3</Player>
    <Player player_id="202044" player_name="Borja Iglesias">1</Player>
    <Player player_id="17679" player_name="Sergio García">4</Player>
    <Player player_id="234370" player_name="Marc Roca">2</Player>
    <Player player_id="16021" player_name="Diego López">1</Player>
    <Player player_id="243718" player_name="Óscar Melendo">2</Player>
  </Player>
  <Player cross_lost="2" cross_success="0" jersey_num="11" pass_lost="2" pass_success="5" player_id="109269" player_name="Leo Baptistao" position="Substitute" position_id="5" sub_on="70" x="65.55" y="23.05">
    <Player player_id="46998" player_name="Esteban Granero">2</Player>
    <Player player_id="17679" player_name="Sergio García">1</Player>
    <Player player_id="48832" player_name="Roberto Rosales">1</Player>
    <Player player_id="78333" player_name="Javi López">1</Player>
  </Player>
  <Player cross_lost="0" cross_success="0" jersey_num="10" pass_lost="6" pass_success="26" player_id="169007" player_name="Sergi Darder" position="Midfielder" position_id="3" sub_off="76" x="49.29" y="37.02">
    <Player player_id="59790" player_name="Dídac Vilá">3</Player>
    <Player player_id="11129" player_name="David López">2</Player>
    <Player player_id="46998" player_name="Esteban Granero">4</Player>
    <Player player_id="213431" player_name="Mario Hermoso">3</Player>
    <Player player_id="17679" player_name="Sergio García">3</Player>
    <Player player_id="234370" player_name="Marc Roca">2</Player>
    <Player player_id="243718" player_name="Óscar Melendo">5</Player>
    <Player player_id="48832" player_name="Roberto Rosales">4</Player>
  </Player>
  <Player cross_lost="0" cross_success="0" jersey_num="15" pass_lost="4" pass_success="50" player_id="11129" player_name="David López" position="Defender" position_id="2" x="32.38" y="27.86">
    <Player player_id="46998" player_name="Esteban Granero">5</Player>
    <Player player_id="213431" player_name="Mario Hermoso">9</Player>
    <Player player_id="16021" player_name="Diego López">3</Player>
    <Player player_id="243718" player_name="Óscar Melendo">3</Player>
    <Player player_id="48832" player_name="Roberto Rosales">9</Player>
    <Player player_id="109269" player_name="Leo Baptistao">1</Player>
    <Player player_id="169007" player_name="Sergi Darder">5</Player>
    <Player player_id="49267" player_name="Víctor Sánchez">1</Player>
    <Player player_id="202044" player_name="Borja Iglesias">2</Player>
    <Player player_id="17679" player_name="Sergio García">1</Player>
    <Player player_id="234370" player_name="Marc Roca">11</Player>
  </Player>
  <Player cross_lost="3" cross_success="0" jersey_num="23" pass_lost="8" pass_success="39" player_id="46998" player_name="Esteban Granero" position="Midfielder" position_id="3" x="47.71" y="45.02">
    <Player player_id="59790" player_name="Dídac Vilá">4</Player>
    <Player player_id="213431" player_name="Mario Hermoso">2</Player>
    <Player player_id="16021" player_name="Diego López">1</Player>
    <Player player_id="243718" player_name="Óscar Melendo">3</Player>
    <Player player_id="48832" player_name="Roberto Rosales">3</Player>
    <Player player_id="109269" player_name="Leo Baptistao">3</Player>
    <Player player_id="169007" player_name="Sergi Darder">5</Player>
    <Player player_id="11129" player_name="David López">6</Player>
    <Player player_id="49267" player_name="Víctor Sánchez">2</Player>
    <Player player_id="202044" player_name="Borja Iglesias">3</Player>
    <Player player_id="17679" player_name="Sergio García">2</Player>
    <Player player_id="234370" player_name="Marc Roca">4</Player>
    <Player player_id="78333" player_name="Javi López">1</Player>
  </Player>
  <Player cross_lost="0" cross_success="0" jersey_num="22" pass_lost="9" pass_success="47" player_id="213431" player_name="Mario Hermoso" position="Defender" position_id="2" x="29.46" y="67.43">
    <Player player_id="59790" player_name="Dídac Vilá">5</Player>
    <Player player_id="46998" player_name="Esteban Granero">3</Player>
    <Player player_id="16021" player_name="Diego López">8</Player>
    <Player player_id="48832" player_name="Roberto Rosales">3</Player>
    <Player player_id="243718" player_name="Óscar Melendo">1</Player>
    <Player player_id="109269" player_name="Leo Baptistao">1</Player>
    <Player player_id="169007" player_name="Sergi Darder">6</Player>
    <Player player_id="11129" player_name="David López">5</Player>
    <Player player_id="49267" player_name="Víctor Sánchez">1</Player>
    <Player player_id="17679" player_name="Sergio García">1</Player>
    <Player player_id="234370" player_name="Marc Roca">11</Player>
    <Player player_id="78333" player_name="Javi López">2</Player>
  </Player>
  <Player cross_lost="0" cross_success="0" jersey_num="4" pass_lost="2" pass_success="4" player_id="49267" player_name="Víctor Sánchez" position="Substitute" position_id="5" sub_on="76" x="60.63" y="61.06">
    <Player player_id="59790" player_name="Dídac Vilá">1</Player>
    <Player player_id="46998" player_name="Esteban Granero">3</Player>
  </Player>
  <Player cross_lost="0" cross_success="0" jersey_num="7" pass_lost="4" pass_success="13" player_id="202044" player_name="Borja Iglesias" position="Forward" position_id="4" x="62.16" y="45.79">
    <Player player_id="169007" player_name="Sergi Darder">2</Player>
    <Player player_id="11129" player_name="David López">1</Player>
    <Player player_id="46998" player_name="Esteban Granero">2</Player>
    <Player player_id="213431" player_name="Mario Hermoso">1</Player>
    <Player player_id="17679" player_name="Sergio García">1</Player>
    <Player player_id="234370" player_name="Marc Roca">2</Player>
    <Player player_id="243718" player_name="Óscar Melendo">1</Player>
    <Player player_id="48832" player_name="Roberto Rosales">3</Player>
  </Player>
  <Player cross_lost="3" cross_success="0" jersey_num="9" pass_lost="7" pass_success="11" player_id="17679" player_name="Sergio García" position="Forward" position_id="4" x="67.19" y="53.79">
    <Player player_id="109269" player_name="Leo Baptistao">1</Player>
    <Player player_id="169007" player_name="Sergi Darder">2</Player>
    <Player player_id="46998" player_name="Esteban Granero">1</Player>
    <Player player_id="49267" player_name="Víctor Sánchez">1</Player>
    <Player player_id="202044" player_name="Borja Iglesias">3</Player>
    <Player player_id="243718" player_name="Óscar Melendo">2</Player>
    <Player player_id="48832" player_name="Roberto Rosales">1</Player>
  </Player>
  <Player cross_lost="0" cross_success="0" jersey_num="21" pass_lost="2" pass_success="41" player_id="234370" player_name="Marc Roca" position="Midfielder" position_id="3" x="37.50" y="52.53">
    <Player player_id="59790" player_name="Dídac Vilá">8</Player>
    <Player player_id="169007" player_name="Sergi Darder">3</Player>
    <Player player_id="11129" player_name="David López">7</Player>
    <Player player_id="46998" player_name="Esteban Granero">4</Player>
    <Player player_id="213431" player_name="Mario Hermoso">9</Player>
    <Player player_id="17679" player_name="Sergio García">2</Player>
    <Player player_id="16021" player_name="Diego López">3</Player>
    <Player player_id="78333" player_name="Javi López">1</Player>
    <Player player_id="48832" player_name="Roberto Rosales">2</Player>
    <Player player_id="243718" player_name="Óscar Melendo">2</Player>
  </Player>
  <Player cross_lost="0" cross_success="0" jersey_num="13" pass_lost="13" pass_success="30" player_id="16021" player_name="Diego López" position="Goalkeeper" position_id="1" x="6.69" y="49.57">
    <Player player_id="11129" player_name="David López">5</Player>
    <Player player_id="46998" player_name="Esteban Granero">3</Player>
    <Player player_id="213431" player_name="Mario Hermoso">11</Player>
    <Player player_id="202044" player_name="Borja Iglesias">4</Player>
    <Player player_id="17679" player_name="Sergio García">2</Player>
    <Player player_id="234370" player_name="Marc Roca">4</Player>
    <Player player_id="48832" player_name="Roberto Rosales">1</Player>
  </Player>
  <Player cross_lost="0" cross_success="0" jersey_num="16" pass_lost="1" pass_success="8" player_id="78333" player_name="Javi López" position="Substitute" position_id="5" sub_on="81" x="32.57" y="25.82">
    <Player player_id="109269" player_name="Leo Baptistao">3</Player>
    <Player player_id="46998" player_name="Esteban Granero">1</Player>
    <Player player_id="49267" player_name="Víctor Sánchez">1</Player>
    <Player player_id="17679" player_name="Sergio García">1</Player>
    <Player player_id="16021" player_name="Diego López">2</Player>
  </Player>
  <Player cross_lost="1" cross_success="0" jersey_num="8" pass_lost="7" pass_success="35" player_id="48832" player_name="Roberto Rosales" position="Defender" position_id="2" sub_off="81" x="40.31" y="14.33">
    <Player player_id="46998" player_name="Esteban Granero">5</Player>
    <Player player_id="213431" player_name="Mario Hermoso">1</Player>
    <Player player_id="16021" player_name="Diego López">1</Player>
    <Player player_id="243718" player_name="Óscar Melendo">9</Player>
    <Player player_id="109269" player_name="Leo Baptistao">1</Player>
    <Player player_id="169007" player_name="Sergi Darder">3</Player>
    <Player player_id="11129" player_name="David López">7</Player>
    <Player player_id="202044" player_name="Borja Iglesias">2</Player>
    <Player player_id="17679" player_name="Sergio García">4</Player>
    <Player player_id="234370" player_name="Marc Roca">2</Player>
  </Player>
  <Player cross_lost="0" cross_success="0" jersey_num="14" pass_lost="4" pass_success="28" player_id="243718" player_name="Óscar Melendo" position="Forward" position_id="4" sub_off="70" x="56.51" y="30.26">
    <Player player_id="169007" player_name="Sergi Darder">4</Player>
    <Player player_id="11129" player_name="David López">1</Player>
    <Player player_id="46998" player_name="Esteban Granero">5</Player>
    <Player player_id="213431" player_name="Mario Hermoso">3</Player>
    <Player player_id="202044" player_name="Borja Iglesias">2</Player>
    <Player player_id="17679" player_name="Sergio García">4</Player>
    <Player player_id="234370" player_name="Marc Roca">1</Player>
    <Player player_id="48832" player_name="Roberto Rosales">8</Player>
  </Player>
</SoccerFeed>