﻿<?xml version="1.0" encoding="UTF-8"?>
<!-- Copyright 2001-2018 Opta Sportsdata Ltd. All rights reserved. -->
<!-- PRODUCTION HEADER
     produced on:        valde-jobq-a03.nexus.opta.net
     production time:    20181212T140043,974Z
     production module:  Opta::Feed::XML::Soccer::F27
-->
<SoccerFeed act_minute="93" act_period="2" act_second="10" away_team_id="185" away_team_name="Real Betis" competition_id="23" competition_name="Spanish La Liga" game_date="2018-09-27 21:00:00" game_id="1009370" home_team_id="2893" home_team_name="Girona" season_id="2018" season_name="Season 2018/2019" team_id="2893" team_name="Girona">
  <Player cross_lost="0" cross_success="0" jersey_num="2" pass_lost="3" pass_success="25" player_id="55317" player_name="Bernardo Espinosa" position="Defender" position_id="2" x="35.88" y="42.10">
    <Player player_id="230046" player_name="Douglas Luiz">3</Player>
    <Player player_id="441164" player_name="Pedro Porro">2</Player>
    <Player player_id="120026" player_name="Yassine Bounou">4</Player>
    <Player player_id="63119" player_name="Juanpe">3</Player>
    <Player player_id="67759" player_name="Pedro Alcalá">2</Player>
    <Player player_id="124165" player_name="Patrick Roberts">1</Player>
    <Player player_id="139472" player_name="Álex Granell">1</Player>
    <Player player_id="88550" player_name="Portu">2</Player>
    <Player player_id="87713" player_name="Aday Benítez">2</Player>
    <Player player_id="63904" player_name="Borja García">4</Player>
    <Player player_id="49464" player_name="Cristhian Stuani">1</Player>
  </Player>
  <Player cross_lost="1" cross_success="0" jersey_num="12" pass_lost="6" pass_success="37" player_id="230046" player_name="Douglas Luiz" position="Midfielder" position_id="3" x="50.08" y="57.57">
    <Player player_id="55317" player_name="Bernardo Espinosa">3</Player>
    <Player player_id="178871" player_name="Aleix García">1</Player>
    <Player player_id="124165" player_name="Patrick Roberts">3</Player>
    <Player player_id="139472" player_name="Álex Granell">3</Player>
    <Player player_id="63904" player_name="Borja García">5</Player>
    <Player player_id="441164" player_name="Pedro Porro">3</Player>
    <Player player_id="63119" player_name="Juanpe">5</Player>
    <Player player_id="67759" player_name="Pedro Alcalá">4</Player>
    <Player player_id="88550" player_name="Portu">3</Player>
    <Player player_id="87713" player_name="Aday Benítez">4</Player>
    <Player player_id="49464" player_name="Cristhian Stuani">3</Player>
  </Player>
  <Player cross_lost="0" cross_success="0" jersey_num="23" pass_lost="2" pass_success="5" player_id="178871" player_name="Aleix García" position="Substitute" position_id="5" sub_on="73" x="43.67" y="40.48">
    <Player player_id="230046" player_name="Douglas Luiz">2</Player>
    <Player player_id="55317" player_name="Bernardo Espinosa">1</Player>
    <Player player_id="441164" player_name="Pedro Porro">1</Player>
    <Player player_id="124165" player_name="Patrick Roberts">1</Player>
  </Player>
  <Player cross_lost="2" cross_success="0" jersey_num="29" pass_lost="12" pass_success="20" player_id="441164" player_name="Pedro Porro" position="Midfielder" position_id="3" sub_off="82" x="45.17" y="16.22">
    <Player player_id="55317" player_name="Bernardo Espinosa">1</Player>
    <Player player_id="120026" player_name="Yassine Bounou">3</Player>
    <Player player_id="124165" player_name="Patrick Roberts">1</Player>
    <Player player_id="139472" player_name="Álex Granell">2</Player>
    <Player player_id="63904" player_name="Borja García">1</Player>
    <Player player_id="230046" player_name="Douglas Luiz">1</Player>
    <Player player_id="67759" player_name="Pedro Alcalá">4</Player>
    <Player player_id="88550" player_name="Portu">5</Player>
    <Player player_id="87713" player_name="Aday Benítez">2</Player>
  </Player>
  <Player cross_lost="0" cross_success="0" jersey_num="13" pass_lost="12" pass_success="16" player_id="120026" player_name="Yassine Bounou" position="Goalkeeper" position_id="1" x="7.78" y="49.60">
    <Player player_id="55317" player_name="Bernardo Espinosa">2</Player>
    <Player player_id="441164" player_name="Pedro Porro">2</Player>
    <Player player_id="63119" player_name="Juanpe">3</Player>
    <Player player_id="67759" player_name="Pedro Alcalá">2</Player>
    <Player player_id="124165" player_name="Patrick Roberts">1</Player>
    <Player player_id="139472" player_name="Álex Granell">1</Player>
    <Player player_id="87713" player_name="Aday Benítez">1</Player>
    <Player player_id="63904" player_name="Borja García">2</Player>
    <Player player_id="49464" player_name="Cristhian Stuani">2</Player>
  </Player>
  <Player cross_lost="1" cross_success="0" jersey_num="15" pass_lost="8" pass_success="21" player_id="63119" player_name="Juanpe" position="Defender" position_id="2" x="35.21" y="68.31">
    <Player player_id="55317" player_name="Bernardo Espinosa">2</Player>
    <Player player_id="178871" player_name="Aleix García">1</Player>
    <Player player_id="441164" player_name="Pedro Porro">3</Player>
    <Player player_id="120026" player_name="Yassine Bounou">5</Player>
    <Player player_id="139472" player_name="Álex Granell">1</Player>
    <Player player_id="87713" player_name="Aday Benítez">3</Player>
    <Player player_id="63904" player_name="Borja García">6</Player>
  </Player>
  <Player cross_lost="0" cross_success="0" jersey_num="5" pass_lost="5" pass_success="23" player_id="67759" player_name="Pedro Alcalá" position="Defender" position_id="2" sub_off="73" x="33.82" y="29.55">
    <Player player_id="230046" player_name="Douglas Luiz">4</Player>
    <Player player_id="55317" player_name="Bernardo Espinosa">4</Player>
    <Player player_id="441164" player_name="Pedro Porro">6</Player>
    <Player player_id="120026" player_name="Yassine Bounou">1</Player>
    <Player player_id="139472" player_name="Álex Granell">3</Player>
    <Player player_id="88550" player_name="Portu">2</Player>
    <Player player_id="63904" player_name="Borja García">3</Player>
  </Player>
  <Player cross_lost="0" cross_success="0" jersey_num="22" pass_lost="0" pass_success="3" player_id="52117" player_name="Seydou Doumbia" position="Substitute" position_id="5" sub_on="82" x="78.77" y="58.45">
    <Player player_id="55317" player_name="Bernardo Espinosa">1</Player>
    <Player player_id="124165" player_name="Patrick Roberts">1</Player>
    <Player player_id="88550" player_name="Portu">1</Player>
  </Player>
  <Player cross_lost="0" cross_success="0" jersey_num="17" pass_lost="3" pass_success="8" player_id="124165" player_name="Patrick Roberts" position="Substitute" position_id="5" sub_on="73" x="47.83" y="22.23">
    <Player player_id="230046" player_name="Douglas Luiz">2</Player>
    <Player player_id="178871" player_name="Aleix García">1</Player>
    <Player player_id="63119" player_name="Juanpe">1</Player>
    <Player player_id="52117" player_name="Seydou Doumbia">2</Player>
    <Player player_id="87713" player_name="Aday Benítez">1</Player>
    <Player player_id="63904" player_name="Borja García">1</Player>
  </Player>
  <Player cross_lost="2" cross_success="1" jersey_num="6" pass_lost="5" pass_success="19" player_id="139472" player_name="Álex Granell" position="Midfielder" position_id="3" sub_off="73" x="51.63" y="41.56">
    <Player player_id="55317" player_name="Bernardo Espinosa">1</Player>
    <Player player_id="120026" player_name="Yassine Bounou">1</Player>
    <Player player_id="63904" player_name="Borja García">1</Player>
    <Player player_id="230046" player_name="Douglas Luiz">2</Player>
    <Player player_id="441164" player_name="Pedro Porro">4</Player>
    <Player cross="1" player_id="63119" player_name="Juanpe">2</Player>
    <Player player_id="67759" player_name="Pedro Alcalá">5</Player>
    <Player player_id="88550" player_name="Portu">1</Player>
    <Player player_id="87713" player_name="Aday Benítez">2</Player>
  </Player>
  <Player cross_lost="2" cross_success="2" jersey_num="9" pass_lost="5" pass_success="7" player_id="88550" player_name="Portu" position="Forward" position_id="4" x="73.16" y="30.83">
    <Player player_id="230046" player_name="Douglas Luiz">2</Player>
    <Player player_id="441164" player_name="Pedro Porro">3</Player>
    <Player player_id="52117" player_name="Seydou Doumbia">1</Player>
    <Player player_id="63904" player_name="Borja García">1</Player>
    <Player cross="2" player_id="49464" player_name="Cristhian Stuani">0</Player>
  </Player>
  <Player cross_lost="5" cross_success="2" jersey_num="11" pass_lost="3" pass_success="21" player_id="87713" player_name="Aday Benítez" position="Midfielder" position_id="3" x="51.18" y="83.25">
    <Player player_id="55317" player_name="Bernardo Espinosa">1</Player>
    <Player player_id="178871" player_name="Aleix García">1</Player>
    <Player player_id="139472" player_name="Álex Granell">2</Player>
    <Player player_id="63904" player_name="Borja García">8</Player>
    <Player player_id="230046" player_name="Douglas Luiz">4</Player>
    <Player player_id="63119" player_name="Juanpe">3</Player>
    <Player player_id="52117" player_name="Seydou Doumbia">1</Player>
    <Player player_id="88550" player_name="Portu">1</Player>
    <Player cross="2" player_id="49464" player_name="Cristhian Stuani">0</Player>
  </Player>
  <Player cross_lost="0" cross_success="0" jersey_num="10" pass_lost="4" pass_success="30" player_id="63904" player_name="Borja García" position="Forward" position_id="4" x="51.38" y="69.97">
    <Player player_id="55317" player_name="Bernardo Espinosa">1</Player>
    <Player player_id="230046" player_name="Douglas Luiz">12</Player>
    <Player player_id="120026" player_name="Yassine Bounou">1</Player>
    <Player player_id="63119" player_name="Juanpe">3</Player>
    <Player player_id="67759" player_name="Pedro Alcalá">2</Player>
    <Player player_id="139472" player_name="Álex Granell">1</Player>
    <Player player_id="88550" player_name="Portu">2</Player>
    <Player player_id="87713" player_name="Aday Benítez">6</Player>
    <Player player_id="49464" player_name="Cristhian Stuani">2</Player>
  </Player>
  <Player cross_lost="0" cross_success="0" jersey_num="7" pass_lost="4" pass_success="10" player_id="49464" player_name="Cristhian Stuani" position="Forward" position_id="4" x="65.54" y="50.25">
    <Player player_id="230046" player_name="Douglas Luiz">2</Player>
    <Player player_id="52117" player_name="Seydou Doumbia">1</Player>
    <Player player_id="139472" player_name="Álex Granell">3</Player>
    <Player player_id="87713" player_name="Aday Benítez">2</Player>
    <Player player_id="63904" player_name="Borja García">2</Player>
  </Player>
</SoccerFeed>