﻿<?xml version="1.0" encoding="UTF-8"?>
<!-- Copyright 2001-2018 Opta Sportsdata Ltd. All rights reserved. -->
<!-- PRODUCTION HEADER
     produced on:        valde-jobq-a04.nexus.opta.net
     production time:    20180821T185428,216Z
     production module:  Opta::Feed::XML::Soccer::F27
-->
<SoccerFeed act_minute="93" act_period="2" act_second="2" away_team_id="192" away_team_name="Real Valladolid" competition_id="23" competition_name="Spanish La Liga" game_date="2018-08-17 19:15:00" game_id="1009320" home_team_id="2893" home_team_name="Girona" season_id="2018" season_name="Season 2018/2019" team_id="192" team_name="Real Valladolid">
  <Player cross_lost="0" cross_success="0" jersey_num="4" pass_lost="3" pass_success="23" player_id="58819" player_name="Kiko Olivas" position="Defender" position_id="2" x="26.38" y="39.52">
    <Player player_id="96771" player_name="Rubén Alcaraz">3</Player>
    <Player player_id="11602" player_name="Borja Fernández">1</Player>
    <Player player_id="442838" player_name="Chris Ramos">1</Player>
    <Player player_id="87815" player_name="Javi Moyano">4</Player>
    <Player player_id="96785" player_name="Óscar Plano">1</Player>
    <Player player_id="241869" player_name="Fernando Calero">5</Player>
    <Player player_id="198906" player_name="Anuar Mohamed">3</Player>
    <Player player_id="90394" player_name="Nacho">2</Player>
    <Player player_id="86148" player_name="Jordi Masip">3</Player>
  </Player>
  <Player cross_lost="3" cross_success="1" jersey_num="14" pass_lost="9" pass_success="27" player_id="96771" player_name="Rubén Alcaraz" position="Midfielder" position_id="3" x="40.20" y="57.67">
    <Player player_id="11602" player_name="Borja Fernández">1</Player>
    <Player player_id="87815" player_name="Javi Moyano">2</Player>
    <Player player_id="86148" player_name="Jordi Masip">4</Player>
    <Player player_id="58819" player_name="Kiko Olivas">3</Player>
    <Player player_id="58876" player_name="Míchel">1</Player>
    <Player player_id="242290" player_name="Toni Villa">4</Player>
    <Player cross="1" player_id="442838" player_name="Chris Ramos">1</Player>
    <Player player_id="241869" player_name="Fernando Calero">4</Player>
    <Player player_id="198906" player_name="Anuar Mohamed">1</Player>
    <Player player_id="90394" player_name="Nacho">6</Player>
  </Player>
  <Player cross_lost="0" cross_success="0" jersey_num="8" pass_lost="10" pass_success="19" player_id="11602" player_name="Borja Fernández" position="Midfielder" position_id="3" x="39.28" y="45.73">
    <Player player_id="58819" player_name="Kiko Olivas">2</Player>
    <Player player_id="96771" player_name="Rubén Alcaraz">1</Player>
    <Player player_id="242290" player_name="Toni Villa">1</Player>
    <Player player_id="87815" player_name="Javi Moyano">4</Player>
    <Player player_id="241869" player_name="Fernando Calero">2</Player>
    <Player player_id="96785" player_name="Óscar Plano">1</Player>
    <Player player_id="198906" player_name="Anuar Mohamed">1</Player>
    <Player player_id="90394" player_name="Nacho">4</Player>
    <Player player_id="59944" player_name="Keko">3</Player>
  </Player>
  <Player cross_lost="0" cross_success="0" jersey_num="21" pass_lost="0" pass_success="2" player_id="58876" player_name="Míchel" position="Substitute" position_id="5" sub_on="88" x="42.30" y="58.97">
    <Player player_id="87815" player_name="Javi Moyano">1</Player>
    <Player player_id="153867" player_name="Daniele Verde">1</Player>
  </Player>
  <Player cross_lost="2" cross_success="0" jersey_num="19" pass_lost="6" pass_success="11" player_id="242290" player_name="Toni Villa" position="Midfielder" position_id="3" sub_off="88" x="48.49" y="85.35">
    <Player player_id="96771" player_name="Rubén Alcaraz">1</Player>
    <Player player_id="442838" player_name="Chris Ramos">1</Player>
    <Player player_id="96785" player_name="Óscar Plano">1</Player>
    <Player player_id="241869" player_name="Fernando Calero">1</Player>
    <Player player_id="90394" player_name="Nacho">7</Player>
  </Player>
  <Player cross_lost="2" cross_success="0" jersey_num="17" pass_lost="7" pass_success="13" player_id="87815" player_name="Javi Moyano" position="Defender" position_id="2" x="32.66" y="15.63">
    <Player player_id="58819" player_name="Kiko Olivas">2</Player>
    <Player player_id="96771" player_name="Rubén Alcaraz">3</Player>
    <Player player_id="11602" player_name="Borja Fernández">2</Player>
    <Player player_id="242290" player_name="Toni Villa">1</Player>
    <Player player_id="442838" player_name="Chris Ramos">1</Player>
    <Player player_id="96785" player_name="Óscar Plano">1</Player>
    <Player player_id="198906" player_name="Anuar Mohamed">1</Player>
    <Player player_id="59944" player_name="Keko">2</Player>
  </Player>
  <Player cross_lost="0" cross_success="0" jersey_num="12" pass_lost="7" pass_success="3" player_id="442838" player_name="Chris Ramos" position="Forward" position_id="4" sub_off="64" x="62.07" y="45.12">
    <Player player_id="198906" player_name="Anuar Mohamed">3</Player>
  </Player>
  <Player cross_lost="0" cross_success="0" jersey_num="10" pass_lost="1" pass_success="4" player_id="96785" player_name="Óscar Plano" position="Substitute" position_id="5" sub_on="64" x="56.76" y="67.62">
    <Player player_id="96771" player_name="Rubén Alcaraz">1</Player>
    <Player player_id="242290" player_name="Toni Villa">2</Player>
    <Player player_id="90394" player_name="Nacho">1</Player>
  </Player>
  <Player cross_lost="0" cross_success="0" jersey_num="5" pass_lost="6" pass_success="21" player_id="241869" player_name="Fernando Calero" position="Defender" position_id="2" x="27.89" y="64.63">
    <Player player_id="58819" player_name="Kiko Olivas">3</Player>
    <Player player_id="96771" player_name="Rubén Alcaraz">3</Player>
    <Player player_id="11602" player_name="Borja Fernández">3</Player>
    <Player player_id="242290" player_name="Toni Villa">1</Player>
    <Player player_id="442838" player_name="Chris Ramos">1</Player>
    <Player player_id="87815" player_name="Javi Moyano">1</Player>
    <Player player_id="90394" player_name="Nacho">3</Player>
    <Player player_id="59944" player_name="Keko">1</Player>
    <Player player_id="86148" player_name="Jordi Masip">5</Player>
  </Player>
  <Player cross_lost="0" cross_success="0" jersey_num="23" pass_lost="10" pass_success="9" player_id="198906" player_name="Anuar Mohamed" position="Midfielder" position_id="3" sub_off="71" x="52.57" y="46.49">
    <Player player_id="96771" player_name="Rubén Alcaraz">3</Player>
    <Player player_id="11602" player_name="Borja Fernández">1</Player>
    <Player player_id="242290" player_name="Toni Villa">1</Player>
    <Player player_id="87815" player_name="Javi Moyano">1</Player>
    <Player player_id="90394" player_name="Nacho">1</Player>
    <Player player_id="59944" player_name="Keko">2</Player>
  </Player>
  <Player cross_lost="3" cross_success="1" jersey_num="22" pass_lost="13" pass_success="17" player_id="90394" player_name="Nacho" position="Defender" position_id="2" x="35.42" y="85.95">
    <Player player_id="96771" player_name="Rubén Alcaraz">2</Player>
    <Player player_id="11602" player_name="Borja Fernández">2</Player>
    <Player player_id="242290" player_name="Toni Villa">7</Player>
    <Player player_id="241869" player_name="Fernando Calero">3</Player>
    <Player player_id="198906" player_name="Anuar Mohamed">1</Player>
    <Player cross="1" player_id="59944" player_name="Keko">0</Player>
    <Player player_id="86148" player_name="Jordi Masip">2</Player>
  </Player>
  <Player cross_lost="1" cross_success="0" jersey_num="11" pass_lost="1" pass_success="2" player_id="153867" player_name="Daniele Verde" position="Substitute" position_id="5" sub_on="71" x="60.40" y="53.93">
    <Player player_id="242290" player_name="Toni Villa">1</Player>
    <Player player_id="87815" player_name="Javi Moyano">1</Player>
  </Player>
  <Player cross_lost="2" cross_success="0" jersey_num="24" pass_lost="2" pass_success="11" player_id="59944" player_name="Keko" position="Midfielder" position_id="3" x="46.94" y="23.08">
    <Player player_id="58819" player_name="Kiko Olivas">1</Player>
    <Player player_id="242290" player_name="Toni Villa">1</Player>
    <Player player_id="87815" player_name="Javi Moyano">2</Player>
    <Player player_id="96785" player_name="Óscar Plano">1</Player>
    <Player player_id="198906" player_name="Anuar Mohamed">3</Player>
    <Player player_id="90394" player_name="Nacho">1</Player>
    <Player player_id="153867" player_name="Daniele Verde">1</Player>
    <Player player_id="86148" player_name="Jordi Masip">1</Player>
  </Player>
  <Player cross_lost="0" cross_success="0" jersey_num="1" pass_lost="28" pass_success="13" player_id="86148" player_name="Jordi Masip" position="Goalkeeper" position_id="1" x="9.68" y="50.80">
    <Player player_id="58819" player_name="Kiko Olivas">1</Player>
    <Player player_id="96771" player_name="Rubén Alcaraz">2</Player>
    <Player player_id="11602" player_name="Borja Fernández">1</Player>
    <Player player_id="442838" player_name="Chris Ramos">3</Player>
    <Player player_id="96785" player_name="Óscar Plano">1</Player>
    <Player player_id="241869" player_name="Fernando Calero">1</Player>
    <Player player_id="90394" player_name="Nacho">3</Player>
    <Player player_id="59944" player_name="Keko">1</Player>
  </Player>
</SoccerFeed>