﻿<?xml version="1.0" encoding="UTF-8"?>
<!-- Copyright 2001-2019 Opta Sportsdata Ltd. All rights reserved. -->
<!-- PRODUCTION HEADER
     produced on:        valde-jobq-a04.nexus.opta.net
     production time:    20190219T183121,182Z
     production module:  Opta::Feed::XML::Soccer::F27
-->
<SoccerFeed act_minute="95" act_period="2" act_second="25" away_team_id="2893" away_team_name="Girona" competition_id="23" competition_name="Spanish La Liga" game_date="2019-02-17 11:00:00" game_id="1009553" home_team_id="186" home_team_name="Real Madrid" season_id="2018" season_name="Season 2018/2019" team_id="186" team_name="Real Madrid">
  <Player cross_lost="0" cross_success="0" jersey_num="4" pass_lost="7" pass_success="44" player_id="17861" player_name="Sergio Ramos" position="Defender" position_id="2" sent_off="90" x="35.59" y="66.19">
    <Player player_id="44989" player_name="Toni Kroos">14</Player>
    <Player player_id="36903" player_name="Gareth Bale">1</Player>
    <Player player_id="107593" player_name="Lucas Vázquez">1</Player>
    <Player player_id="19927" player_name="Karim Benzema">1</Player>
    <Player player_id="90152" player_name="Raphael Varane">5</Player>
    <Player player_id="182539" player_name="Dani Ceballos">2</Player>
    <Player player_id="61256" player_name="Casemiro">3</Player>
    <Player player_id="174292" player_name="Marco Asensio">1</Player>
    <Player player_id="178347" player_name="Mariano">1</Player>
    <Player player_id="201172" player_name="Álvaro Odriozola">1</Player>
    <Player player_id="246333" player_name="Vinícius Júnior">1</Player>
    <Player player_id="39563" player_name="Marcelo">10</Player>
    <Player player_id="60772" player_name="Thibaut Courtois">3</Player>
  </Player>
  <Player cross_lost="1" cross_success="0" jersey_num="24" pass_lost="6" pass_success="40" player_id="182539" player_name="Dani Ceballos" position="Midfielder" position_id="3" sub_off="74" x="56.71" y="39.81">
    <Player player_id="44989" player_name="Toni Kroos">6</Player>
    <Player player_id="36903" player_name="Gareth Bale">1</Player>
    <Player player_id="107593" player_name="Lucas Vázquez">5</Player>
    <Player player_id="19927" player_name="Karim Benzema">7</Player>
    <Player player_id="90152" player_name="Raphael Varane">5</Player>
    <Player player_id="61256" player_name="Casemiro">6</Player>
    <Player player_id="174292" player_name="Marco Asensio">6</Player>
    <Player player_id="201172" player_name="Álvaro Odriozola">2</Player>
    <Player player_id="39563" player_name="Marcelo">1</Player>
  </Player>
  <Player cross_lost="8" cross_success="4" jersey_num="8" pass_lost="7" pass_success="61" player_id="44989" player_name="Toni Kroos" position="Midfielder" position_id="3" x="54.51" y="65.35">
    <Player player_id="17861" player_name="Sergio Ramos">4</Player>
    <Player player_id="36903" player_name="Gareth Bale">1</Player>
    <Player player_id="107593" player_name="Lucas Vázquez">3</Player>
    <Player cross="1" player_id="19927" player_name="Karim Benzema">2</Player>
    <Player player_id="90152" player_name="Raphael Varane">9</Player>
    <Player player_id="182539" player_name="Dani Ceballos">6</Player>
    <Player cross="1" player_id="61256" player_name="Casemiro">12</Player>
    <Player player_id="174292" player_name="Marco Asensio">7</Player>
    <Player cross="1" player_id="178347" player_name="Mariano">0</Player>
    <Player player_id="201172" player_name="Álvaro Odriozola">2</Player>
    <Player player_id="246333" player_name="Vinícius Júnior">1</Player>
    <Player cross="1" player_id="60772" player_name="Thibaut Courtois">0</Player>
    <Player player_id="39563" player_name="Marcelo">14</Player>
  </Player>
  <Player cross_lost="1" cross_success="1" jersey_num="11" pass_lost="1" pass_success="5" player_id="36903" player_name="Gareth Bale" position="Substitute" position_id="5" sub_on="66" x="57.56" y="20.21">
    <Player player_id="61256" player_name="Casemiro">1</Player>
    <Player player_id="19927" player_name="Karim Benzema">2</Player>
    <Player cross="1" player_id="178347" player_name="Mariano">0</Player>
    <Player player_id="201172" player_name="Álvaro Odriozola">2</Player>
  </Player>
  <Player cross_lost="0" cross_success="0" jersey_num="14" pass_lost="10" pass_success="47" player_id="61256" player_name="Casemiro" position="Midfielder" position_id="3" x="49.07" y="45.75">
    <Player player_id="17861" player_name="Sergio Ramos">7</Player>
    <Player player_id="44989" player_name="Toni Kroos">11</Player>
    <Player player_id="107593" player_name="Lucas Vázquez">4</Player>
    <Player player_id="19927" player_name="Karim Benzema">3</Player>
    <Player player_id="90152" player_name="Raphael Varane">6</Player>
    <Player player_id="182539" player_name="Dani Ceballos">3</Player>
    <Player player_id="174292" player_name="Marco Asensio">1</Player>
    <Player player_id="178347" player_name="Mariano">1</Player>
    <Player player_id="201172" player_name="Álvaro Odriozola">5</Player>
    <Player player_id="39563" player_name="Marcelo">4</Player>
    <Player player_id="60772" player_name="Thibaut Courtois">2</Player>
  </Player>
  <Player cross_lost="3" cross_success="0" jersey_num="17" pass_lost="6" pass_success="25" player_id="107593" player_name="Lucas Vázquez" position="Forward" position_id="4" sub_off="58" x="61.11" y="24.09">
    <Player player_id="182539" player_name="Dani Ceballos">2</Player>
    <Player player_id="44989" player_name="Toni Kroos">3</Player>
    <Player player_id="61256" player_name="Casemiro">8</Player>
    <Player player_id="174292" player_name="Marco Asensio">1</Player>
    <Player player_id="19927" player_name="Karim Benzema">5</Player>
    <Player player_id="90152" player_name="Raphael Varane">4</Player>
    <Player player_id="201172" player_name="Álvaro Odriozola">2</Player>
  </Player>
  <Player cross_lost="0" cross_success="0" jersey_num="9" pass_lost="11" pass_success="25" player_id="19927" player_name="Karim Benzema" position="Forward" position_id="4" x="68.47" y="44.57">
    <Player player_id="182539" player_name="Dani Ceballos">5</Player>
    <Player player_id="44989" player_name="Toni Kroos">4</Player>
    <Player player_id="36903" player_name="Gareth Bale">1</Player>
    <Player player_id="61256" player_name="Casemiro">2</Player>
    <Player player_id="107593" player_name="Lucas Vázquez">2</Player>
    <Player player_id="174292" player_name="Marco Asensio">3</Player>
    <Player player_id="90152" player_name="Raphael Varane">1</Player>
    <Player player_id="246333" player_name="Vinícius Júnior">2</Player>
    <Player player_id="201172" player_name="Álvaro Odriozola">4</Player>
    <Player player_id="39563" player_name="Marcelo">1</Player>
  </Player>
  <Player cross_lost="3" cross_success="1" jersey_num="20" pass_lost="4" pass_success="26" player_id="174292" player_name="Marco Asensio" position="Forward" position_id="4" sub_off="66" x="71.08" y="69.46">
    <Player player_id="17861" player_name="Sergio Ramos">1</Player>
    <Player player_id="44989" player_name="Toni Kroos">10</Player>
    <Player player_id="107593" player_name="Lucas Vázquez">1</Player>
    <Player cross="1" player_id="19927" player_name="Karim Benzema">0</Player>
    <Player player_id="182539" player_name="Dani Ceballos">5</Player>
    <Player player_id="61256" player_name="Casemiro">2</Player>
    <Player player_id="201172" player_name="Álvaro Odriozola">3</Player>
    <Player player_id="246333" player_name="Vinícius Júnior">1</Player>
    <Player player_id="39563" player_name="Marcelo">3</Player>
  </Player>
  <Player cross_lost="0" cross_success="0" jersey_num="7" pass_lost="0" pass_success="3" player_id="178347" player_name="Mariano" position="Substitute" position_id="5" sub_on="74" x="73.78" y="59.57">
    <Player player_id="36903" player_name="Gareth Bale">1</Player>
    <Player player_id="19927" player_name="Karim Benzema">1</Player>
    <Player player_id="246333" player_name="Vinícius Júnior">1</Player>
  </Player>
  <Player cross_lost="0" cross_success="0" jersey_num="5" pass_lost="9" pass_success="55" player_id="90152" player_name="Raphael Varane" position="Defender" position_id="2" x="29.71" y="30.35">
    <Player player_id="17861" player_name="Sergio Ramos">9</Player>
    <Player player_id="44989" player_name="Toni Kroos">2</Player>
    <Player player_id="36903" player_name="Gareth Bale">2</Player>
    <Player player_id="107593" player_name="Lucas Vázquez">5</Player>
    <Player player_id="19927" player_name="Karim Benzema">2</Player>
    <Player player_id="182539" player_name="Dani Ceballos">6</Player>
    <Player player_id="61256" player_name="Casemiro">4</Player>
    <Player player_id="174292" player_name="Marco Asensio">3</Player>
    <Player player_id="201172" player_name="Álvaro Odriozola">13</Player>
    <Player player_id="60772" player_name="Thibaut Courtois">7</Player>
    <Player player_id="39563" player_name="Marcelo">2</Player>
  </Player>
  <Player cross_lost="1" cross_success="0" jersey_num="28" pass_lost="2" pass_success="2" player_id="246333" player_name="Vinícius Júnior" position="Substitute" position_id="5" sub_on="58" x="72.70" y="81.15">
    <Player player_id="17861" player_name="Sergio Ramos">1</Player>
    <Player player_id="19927" player_name="Karim Benzema">1</Player>
  </Player>
  <Player cross_lost="1" cross_success="0" jersey_num="19" pass_lost="4" pass_success="30" player_id="201172" player_name="Álvaro Odriozola" position="Defender" position_id="2" x="52.98" y="15.61">
    <Player player_id="17861" player_name="Sergio Ramos">1</Player>
    <Player player_id="44989" player_name="Toni Kroos">1</Player>
    <Player player_id="36903" player_name="Gareth Bale">2</Player>
    <Player player_id="107593" player_name="Lucas Vázquez">8</Player>
    <Player player_id="19927" player_name="Karim Benzema">1</Player>
    <Player player_id="90152" player_name="Raphael Varane">7</Player>
    <Player player_id="182539" player_name="Dani Ceballos">5</Player>
    <Player player_id="61256" player_name="Casemiro">1</Player>
    <Player player_id="246333" player_name="Vinícius Júnior">1</Player>
    <Player player_id="60772" player_name="Thibaut Courtois">2</Player>
    <Player player_id="39563" player_name="Marcelo">1</Player>
  </Player>
  <Player cross_lost="1" cross_success="0" jersey_num="12" pass_lost="6" pass_success="41" player_id="39563" player_name="Marcelo" position="Defender" position_id="2" x="47.40" y="84.79">
    <Player player_id="182539" player_name="Dani Ceballos">2</Player>
    <Player player_id="17861" player_name="Sergio Ramos">5</Player>
    <Player player_id="44989" player_name="Toni Kroos">7</Player>
    <Player player_id="61256" player_name="Casemiro">6</Player>
    <Player player_id="107593" player_name="Lucas Vázquez">1</Player>
    <Player player_id="174292" player_name="Marco Asensio">9</Player>
    <Player player_id="19927" player_name="Karim Benzema">6</Player>
    <Player player_id="90152" player_name="Raphael Varane">2</Player>
    <Player player_id="246333" player_name="Vinícius Júnior">1</Player>
    <Player player_id="60772" player_name="Thibaut Courtois">1</Player>
  </Player>
  <Player cross_lost="0" cross_success="0" jersey_num="25" pass_lost="6" pass_success="29" player_id="60772" player_name="Thibaut Courtois" position="Goalkeeper" position_id="1" x="9.56" y="49.59">
    <Player player_id="182539" player_name="Dani Ceballos">1</Player>
    <Player player_id="17861" player_name="Sergio Ramos">5</Player>
    <Player player_id="44989" player_name="Toni Kroos">2</Player>
    <Player player_id="61256" player_name="Casemiro">1</Player>
    <Player player_id="174292" player_name="Marco Asensio">1</Player>
    <Player player_id="19927" player_name="Karim Benzema">4</Player>
    <Player player_id="90152" player_name="Raphael Varane">12</Player>
    <Player player_id="201172" player_name="Álvaro Odriozola">1</Player>
    <Player player_id="39563" player_name="Marcelo">2</Player>
  </Player>
</SoccerFeed>