﻿<?xml version="1.0" encoding="UTF-8"?>
<!-- Copyright 2001-2019 Opta Sportsdata Ltd. All rights reserved. -->
<!-- PRODUCTION HEADER
     produced on:        valde-jobq-a01.nexus.opta.net
     production time:    20190119T211152,861Z
     production module:  Opta::Feed::XML::Soccer::F27
-->
<SoccerFeed act_minute="92" act_period="2" act_second="5" away_team_id="173" away_team_name="Alavés" competition_id="23" competition_name="Spanish La Liga" game_date="2019-01-18 20:00:00" game_id="1009513" home_team_id="1450" home_team_name="Getafe" season_id="2018" season_name="Season 2018/2019" team_id="1450" team_name="Getafe">
  <Player cross_lost="3" cross_success="0" jersey_num="8" pass_lost="6" pass_success="17" player_id="80795" player_name="Francisco Portillo" position="Midfielder" position_id="3" sub_off="86" x="64.05" y="32.43">
    <Player player_id="198499" player_name="Nemanja Maksimovic">1</Player>
    <Player player_id="56419" player_name="Ángel Rodríguez">1</Player>
    <Player player_id="39621" player_name="Vitorino Antunes">1</Player>
    <Player player_id="109270" player_name="Jaime Mata">1</Player>
    <Player player_id="80795" player_name="Francisco Portillo">1</Player>
    <Player player_id="64662" player_name="Leandro Cabrera">1</Player>
    <Player player_id="99005" player_name="Damián Suárez">7</Player>
    <Player player_id="76555" player_name="Jorge Molina">3</Player>
    <Player player_id="149838" player_name="Djené Dakonam">1</Player>
  </Player>
  <Player cross_lost="0" cross_success="0" jersey_num="13" pass_lost="12" pass_success="11" player_id="175204" player_name="David Soria" position="Goalkeeper" position_id="1" x="10.65" y="48.97">
    <Player player_id="80795" player_name="Francisco Portillo">1</Player>
    <Player player_id="76555" player_name="Jorge Molina">3</Player>
    <Player player_id="99005" player_name="Damián Suárez">2</Player>
    <Player player_id="149838" player_name="Djené Dakonam">1</Player>
    <Player player_id="39621" player_name="Vitorino Antunes">2</Player>
    <Player player_id="109270" player_name="Jaime Mata">2</Player>
  </Player>
  <Player cross_lost="0" cross_success="0" jersey_num="20" pass_lost="8" pass_success="19" player_id="198499" player_name="Nemanja Maksimovic" position="Midfielder" position_id="3" x="48.06" y="30.47">
    <Player player_id="80795" player_name="Francisco Portillo">4</Player>
    <Player player_id="98976" player_name="Bruno González">5</Player>
    <Player player_id="99005" player_name="Damián Suárez">2</Player>
    <Player player_id="76555" player_name="Jorge Molina">1</Player>
    <Player player_id="151978" player_name="Sebastián Cristóforo">1</Player>
    <Player player_id="149838" player_name="Djené Dakonam">1</Player>
    <Player player_id="39621" player_name="Vitorino Antunes">2</Player>
    <Player player_id="109270" player_name="Jaime Mata">3</Player>
  </Player>
  <Player cross_lost="0" cross_success="0" jersey_num="11" pass_lost="1" pass_success="0" player_id="88961" player_name="Samu Sáiz" position="Substitute" position_id="5" sub_on="86" x="80.90" y="29.10" />
  <Player cross_lost="0" cross_success="0" jersey_num="9" pass_lost="0" pass_success="1" player_id="56419" player_name="Ángel Rodríguez" position="Substitute" position_id="5" sub_on="76" x="84.92" y="44.03">
    <Player player_id="151978" player_name="Sebastián Cristóforo">1</Player>
  </Player>
  <Player cross_lost="0" cross_success="0" jersey_num="4" pass_lost="8" pass_success="11" player_id="98976" player_name="Bruno González" position="Defender" position_id="2" x="25.98" y="61.67">
    <Player player_id="80795" player_name="Francisco Portillo">1</Player>
    <Player player_id="175204" player_name="David Soria">3</Player>
    <Player player_id="64662" player_name="Leandro Cabrera">4</Player>
    <Player player_id="149838" player_name="Djené Dakonam">3</Player>
  </Player>
  <Player cross_lost="0" cross_success="0" jersey_num="6" pass_lost="16" pass_success="12" player_id="64662" player_name="Leandro Cabrera" position="Defender" position_id="2" x="36.63" y="78.82">
    <Player player_id="80795" player_name="Francisco Portillo">2</Player>
    <Player player_id="76555" player_name="Jorge Molina">2</Player>
    <Player player_id="151978" player_name="Sebastián Cristóforo">3</Player>
    <Player player_id="149838" player_name="Djené Dakonam">1</Player>
    <Player player_id="39621" player_name="Vitorino Antunes">4</Player>
  </Player>
  <Player cross_lost="2" cross_success="0" jersey_num="22" pass_lost="12" pass_success="26" player_id="99005" player_name="Damián Suárez" position="Defender" position_id="2" x="51.47" y="15.46">
    <Player player_id="80795" player_name="Francisco Portillo">7</Player>
    <Player player_id="198499" player_name="Nemanja Maksimovic">3</Player>
    <Player player_id="88961" player_name="Samu Sáiz">1</Player>
    <Player player_id="76555" player_name="Jorge Molina">2</Player>
    <Player player_id="151978" player_name="Sebastián Cristóforo">1</Player>
    <Player player_id="149838" player_name="Djené Dakonam">3</Player>
    <Player player_id="39621" player_name="Vitorino Antunes">5</Player>
    <Player player_id="109270" player_name="Jaime Mata">4</Player>
  </Player>
  <Player cross_lost="1" cross_success="0" jersey_num="19" pass_lost="6" pass_success="18" player_id="76555" player_name="Jorge Molina" position="Forward" position_id="4" sub_off="76" x="64.64" y="53.23">
    <Player player_id="80795" player_name="Francisco Portillo">1</Player>
    <Player player_id="198499" player_name="Nemanja Maksimovic">1</Player>
    <Player player_id="64662" player_name="Leandro Cabrera">2</Player>
    <Player player_id="99005" player_name="Damián Suárez">2</Player>
    <Player player_id="151978" player_name="Sebastián Cristóforo">3</Player>
    <Player player_id="39621" player_name="Vitorino Antunes">6</Player>
    <Player player_id="109270" player_name="Jaime Mata">3</Player>
  </Player>
  <Player cross_lost="0" cross_success="1" jersey_num="15" pass_lost="5" pass_success="19" player_id="151978" player_name="Sebastián Cristóforo" position="Midfielder" position_id="3" x="47.57" y="56.88">
    <Player player_id="80795" player_name="Francisco Portillo">3</Player>
    <Player player_id="198499" player_name="Nemanja Maksimovic">2</Player>
    <Player player_id="64662" player_name="Leandro Cabrera">1</Player>
    <Player player_id="99005" player_name="Damián Suárez">3</Player>
    <Player player_id="76555" player_name="Jorge Molina">3</Player>
    <Player player_id="149838" player_name="Djené Dakonam">1</Player>
    <Player player_id="39621" player_name="Vitorino Antunes">2</Player>
    <Player cross="1" player_id="109270" player_name="Jaime Mata">3</Player>
    <Player player_id="439716" player_name="Hugo Duro">1</Player>
  </Player>
  <Player cross_lost="0" cross_success="0" jersey_num="2" pass_lost="8" pass_success="18" player_id="149838" player_name="Djené Dakonam" position="Defender" position_id="2" x="31.55" y="32.01">
    <Player player_id="80795" player_name="Francisco Portillo">1</Player>
    <Player player_id="198499" player_name="Nemanja Maksimovic">2</Player>
    <Player player_id="175204" player_name="David Soria">4</Player>
    <Player player_id="56419" player_name="Ángel Rodríguez">1</Player>
    <Player player_id="98976" player_name="Bruno González">2</Player>
    <Player player_id="64662" player_name="Leandro Cabrera">2</Player>
    <Player player_id="99005" player_name="Damián Suárez">5</Player>
    <Player player_id="151978" player_name="Sebastián Cristóforo">1</Player>
  </Player>
  <Player cross_lost="5" cross_success="1" jersey_num="3" pass_lost="7" pass_success="15" player_id="39621" player_name="Vitorino Antunes" position="Midfielder" position_id="3" sub_off="81" x="56.19" y="78.82">
    <Player cross="1" player_id="198499" player_name="Nemanja Maksimovic">1</Player>
    <Player player_id="64662" player_name="Leandro Cabrera">4</Player>
    <Player player_id="76555" player_name="Jorge Molina">3</Player>
    <Player player_id="99005" player_name="Damián Suárez">3</Player>
    <Player player_id="151978" player_name="Sebastián Cristóforo">2</Player>
    <Player player_id="109270" player_name="Jaime Mata">2</Player>
  </Player>
  <Player cross_lost="2" cross_success="1" jersey_num="7" pass_lost="10" pass_success="4" player_id="109270" player_name="Jaime Mata" position="Forward" position_id="4" x="71.08" y="51.21">
    <Player cross="1" player_id="56419" player_name="Ángel Rodríguez">1</Player>
    <Player player_id="76555" player_name="Jorge Molina">2</Player>
    <Player player_id="39621" player_name="Vitorino Antunes">1</Player>
  </Player>
  <Player cross_lost="1" cross_success="0" jersey_num="27" pass_lost="0" pass_success="0" player_id="439716" player_name="Hugo Duro" position="Substitute" position_id="5" sub_on="81" x="45.76" y="71.60" />
</SoccerFeed>