﻿<?xml version="1.0" encoding="UTF-8"?>
<!-- Copyright 2001-2019 Opta Sportsdata Ltd. All rights reserved. -->
<!-- PRODUCTION HEADER
     produced on:        valde-jobq-a02.nexus.opta.net
     production time:    20190204T171919,728Z
     production module:  Opta::Feed::XML::Soccer::F27
-->
<SoccerFeed act_minute="93" act_period="2" act_second="59" away_team_id="2893" away_team_name="Girona" competition_id="23" competition_name="Spanish La Liga" game_date="2019-02-03 17:30:00" game_id="1009528" home_team_id="953" home_team_name="Eibar" season_id="2018" season_name="Season 2018/2019" team_id="2893" team_name="Girona">
  <Player cross_lost="1" cross_success="0" jersey_num="12" pass_lost="3" pass_success="4" player_id="230046" player_name="Douglas Luiz" position="Substitute" position_id="5" sub_on="76" x="37.02" y="53.94">
    <Player player_id="469274" player_name="Valery Fernández">1</Player>
    <Player player_id="104448" player_name="Anthony Lozano">1</Player>
    <Player player_id="80077" player_name="Jonás Ramalho">2</Player>
  </Player>
  <Player cross_lost="0" cross_success="0" jersey_num="19" pass_lost="2" pass_success="3" player_id="104448" player_name="Anthony Lozano" position="Substitute" position_id="5" sub_on="63" x="52.02" y="68.64">
    <Player player_id="441164" player_name="Pedro Porro">1</Player>
    <Player player_id="131411" player_name="Pere Pons">1</Player>
    <Player player_id="139472" player_name="Álex Granell">1</Player>
  </Player>
  <Player cross_lost="2" cross_success="1" jersey_num="34" pass_lost="9" pass_success="15" player_id="469274" player_name="Valery Fernández" position="Midfielder" position_id="3" x="43.57" y="32.10">
    <Player player_id="104448" player_name="Anthony Lozano">1</Player>
    <Player player_id="230046" player_name="Douglas Luiz">2</Player>
    <Player player_id="178871" player_name="Aleix García">1</Player>
    <Player player_id="67759" player_name="Pedro Alcalá">2</Player>
    <Player cross="1" player_id="139472" player_name="Álex Granell">1</Player>
    <Player player_id="131411" player_name="Pere Pons">2</Player>
    <Player player_id="88550" player_name="Portu">1</Player>
    <Player player_id="80077" player_name="Jonás Ramalho">5</Player>
  </Player>
  <Player cross_lost="1" cross_success="0" jersey_num="24" pass_lost="3" pass_success="6" player_id="441164" player_name="Pedro Porro" position="Substitute" position_id="5" sub_on="63" x="44.71" y="54.59">
    <Player player_id="120026" player_name="Yassine Bounou">1</Player>
    <Player player_id="80908" player_name="Raúl García">1</Player>
    <Player player_id="131411" player_name="Pere Pons">1</Player>
    <Player player_id="88550" player_name="Portu">1</Player>
    <Player player_id="80077" player_name="Jonás Ramalho">2</Player>
  </Player>
  <Player cross_lost="1" cross_success="1" jersey_num="23" pass_lost="13" pass_success="21" player_id="178871" player_name="Aleix García" position="Midfielder" position_id="3" sub_off="63" x="51.26" y="36.50">
    <Player player_id="469274" player_name="Valery Fernández">4</Player>
    <Player player_id="178871" player_name="Aleix García">1</Player>
    <Player cross="1" player_id="80908" player_name="Raúl García">2</Player>
    <Player player_id="139472" player_name="Álex Granell">2</Player>
    <Player player_id="131411" player_name="Pere Pons">5</Player>
    <Player player_id="63119" player_name="Juanpe">2</Player>
    <Player player_id="67759" player_name="Pedro Alcalá">1</Player>
    <Player player_id="88550" player_name="Portu">2</Player>
    <Player player_id="80077" player_name="Jonás Ramalho">1</Player>
    <Player player_id="49464" player_name="Cristhian Stuani">1</Player>
  </Player>
  <Player cross_lost="0" cross_success="0" jersey_num="13" pass_lost="13" pass_success="19" player_id="120026" player_name="Yassine Bounou" position="Goalkeeper" position_id="1" x="9.92" y="51.80">
    <Player player_id="469274" player_name="Valery Fernández">1</Player>
    <Player player_id="104448" player_name="Anthony Lozano">1</Player>
    <Player player_id="441164" player_name="Pedro Porro">1</Player>
    <Player player_id="63119" player_name="Juanpe">5</Player>
    <Player player_id="80908" player_name="Raúl García">3</Player>
    <Player player_id="139472" player_name="Álex Granell">1</Player>
    <Player player_id="131411" player_name="Pere Pons">3</Player>
    <Player player_id="80077" player_name="Jonás Ramalho">3</Player>
    <Player player_id="49464" player_name="Cristhian Stuani">1</Player>
  </Player>
  <Player cross_lost="0" cross_success="0" jersey_num="15" pass_lost="17" pass_success="8" player_id="63119" player_name="Juanpe" position="Defender" position_id="2" sub_off="63" x="39.91" y="69.85">
    <Player player_id="178871" player_name="Aleix García">1</Player>
    <Player player_id="120026" player_name="Yassine Bounou">2</Player>
    <Player player_id="67759" player_name="Pedro Alcalá">1</Player>
    <Player player_id="80908" player_name="Raúl García">2</Player>
    <Player player_id="49464" player_name="Cristhian Stuani">2</Player>
  </Player>
  <Player cross_lost="6" cross_success="0" jersey_num="14" pass_lost="10" pass_success="22" player_id="80908" player_name="Raúl García" position="Midfielder" position_id="3" x="34.82" y="76.48">
    <Player player_id="469274" player_name="Valery Fernández">1</Player>
    <Player player_id="178871" player_name="Aleix García">1</Player>
    <Player player_id="131411" player_name="Pere Pons">4</Player>
    <Player player_id="139472" player_name="Álex Granell">5</Player>
    <Player player_id="230046" player_name="Douglas Luiz">2</Player>
    <Player player_id="104448" player_name="Anthony Lozano">1</Player>
    <Player player_id="441164" player_name="Pedro Porro">2</Player>
    <Player player_id="63119" player_name="Juanpe">2</Player>
    <Player player_id="67759" player_name="Pedro Alcalá">1</Player>
    <Player player_id="88550" player_name="Portu">2</Player>
    <Player player_id="49464" player_name="Cristhian Stuani">1</Player>
  </Player>
  <Player cross_lost="0" cross_success="0" jersey_num="5" pass_lost="12" pass_success="19" player_id="67759" player_name="Pedro Alcalá" position="Defender" position_id="2" x="27.40" y="44.00">
    <Player player_id="469274" player_name="Valery Fernández">1</Player>
    <Player player_id="178871" player_name="Aleix García">1</Player>
    <Player player_id="120026" player_name="Yassine Bounou">1</Player>
    <Player player_id="63119" player_name="Juanpe">4</Player>
    <Player player_id="80908" player_name="Raúl García">5</Player>
    <Player player_id="131411" player_name="Pere Pons">1</Player>
    <Player player_id="139472" player_name="Álex Granell">1</Player>
    <Player player_id="80077" player_name="Jonás Ramalho">5</Player>
  </Player>
  <Player cross_lost="7" cross_success="0" jersey_num="6" pass_lost="12" pass_success="25" player_id="139472" player_name="Álex Granell" position="Midfielder" position_id="3" sub_off="76" x="48.19" y="53.68">
    <Player player_id="178871" player_name="Aleix García">1</Player>
    <Player player_id="80908" player_name="Raúl García">6</Player>
    <Player player_id="131411" player_name="Pere Pons">4</Player>
    <Player player_id="441164" player_name="Pedro Porro">2</Player>
    <Player player_id="63119" player_name="Juanpe">3</Player>
    <Player player_id="67759" player_name="Pedro Alcalá">1</Player>
    <Player player_id="88550" player_name="Portu">3</Player>
    <Player player_id="80077" player_name="Jonás Ramalho">3</Player>
    <Player player_id="49464" player_name="Cristhian Stuani">2</Player>
  </Player>
  <Player cross_lost="0" cross_success="1" jersey_num="8" pass_lost="13" pass_success="26" player_id="131411" player_name="Pere Pons" position="Midfielder" position_id="3" x="45.57" y="49.69">
    <Player player_id="469274" player_name="Valery Fernández">6</Player>
    <Player player_id="178871" player_name="Aleix García">8</Player>
    <Player player_id="63119" player_name="Juanpe">1</Player>
    <Player player_id="80908" player_name="Raúl García">2</Player>
    <Player player_id="139472" player_name="Álex Granell">4</Player>
    <Player player_id="88550" player_name="Portu">4</Player>
    <Player cross="1" player_id="49464" player_name="Cristhian Stuani">1</Player>
  </Player>
  <Player cross_lost="0" cross_success="0" jersey_num="9" pass_lost="8" pass_success="9" player_id="88550" player_name="Portu" position="Forward" position_id="4" x="66.07" y="41.49">
    <Player player_id="469274" player_name="Valery Fernández">2</Player>
    <Player player_id="178871" player_name="Aleix García">6</Player>
    <Player player_id="80908" player_name="Raúl García">1</Player>
  </Player>
  <Player cross_lost="0" cross_success="0" jersey_num="4" pass_lost="12" pass_success="21" player_id="80077" player_name="Jonás Ramalho" position="Defender" position_id="2" x="28.24" y="22.34">
    <Player player_id="104448" player_name="Anthony Lozano">1</Player>
    <Player player_id="469274" player_name="Valery Fernández">3</Player>
    <Player player_id="441164" player_name="Pedro Porro">2</Player>
    <Player player_id="178871" player_name="Aleix García">1</Player>
    <Player player_id="120026" player_name="Yassine Bounou">3</Player>
    <Player player_id="67759" player_name="Pedro Alcalá">4</Player>
    <Player player_id="139472" player_name="Álex Granell">3</Player>
    <Player player_id="131411" player_name="Pere Pons">3</Player>
    <Player player_id="49464" player_name="Cristhian Stuani">1</Player>
  </Player>
  <Player cross_lost="0" cross_success="0" jersey_num="7" pass_lost="6" pass_success="12" player_id="49464" player_name="Cristhian Stuani" position="Forward" position_id="4" x="63.73" y="51.07">
    <Player player_id="469274" player_name="Valery Fernández">1</Player>
    <Player player_id="178871" player_name="Aleix García">2</Player>
    <Player player_id="67759" player_name="Pedro Alcalá">1</Player>
    <Player player_id="131411" player_name="Pere Pons">4</Player>
    <Player player_id="88550" player_name="Portu">4</Player>
  </Player>
</SoccerFeed>