﻿<?xml version="1.0" encoding="UTF-8"?>
<!-- Copyright 2001-2018 Opta Sportsdata Ltd. All rights reserved. -->
<!-- PRODUCTION HEADER
     produced on:        valde-jobq-a03.nexus.opta.net
     production time:    20181128T103616,62Z
     production module:  Opta::Feed::XML::Soccer::F27
-->
<SoccerFeed act_minute="96" act_period="2" act_second="58" away_team_id="177" away_team_name="Espanyol" competition_id="23" competition_name="Spanish La Liga" game_date="2018-09-02 15:15:00" game_id="1009336" home_team_id="173" home_team_name="Alavés" season_id="2018" season_name="Season 2018/2019" team_id="177" team_name="Espanyol">
  <Player cross_lost="5" cross_success="0" jersey_num="12" pass_lost="9" pass_success="41" player_id="59790" player_name="Dídac Vilá" position="Defender" position_id="2" x="48.83" y="85.00">
    <Player player_id="109269" player_name="Leo Baptistao">1</Player>
    <Player player_id="169007" player_name="Sergi Darder">7</Player>
    <Player player_id="11129" player_name="David López">3</Player>
    <Player player_id="51271" player_name="Pablo Piatti">4</Player>
    <Player player_id="46998" player_name="Esteban Granero">4</Player>
    <Player player_id="213431" player_name="Mario Hermoso">11</Player>
    <Player player_id="17679" player_name="Sergio García">8</Player>
    <Player player_id="234370" player_name="Marc Roca">3</Player>
  </Player>
  <Player cross_lost="0" cross_success="0" jersey_num="11" pass_lost="7" pass_success="11" player_id="109269" player_name="Leo Baptistao" position="Forward" position_id="4" x="64.61" y="36.56">
    <Player player_id="59790" player_name="Dídac Vilá">1</Player>
    <Player player_id="51271" player_name="Pablo Piatti">1</Player>
    <Player player_id="46998" player_name="Esteban Granero">1</Player>
    <Player player_id="202044" player_name="Borja Iglesias">2</Player>
    <Player player_id="17679" player_name="Sergio García">3</Player>
    <Player player_id="73109" player_name="Hernán Pérez">1</Player>
    <Player player_id="78333" player_name="Javi López">2</Player>
  </Player>
  <Player cross_lost="0" cross_success="0" jersey_num="10" pass_lost="7" pass_success="33" player_id="169007" player_name="Sergi Darder" position="Midfielder" position_id="3" x="55.44" y="59.73">
    <Player player_id="59790" player_name="Dídac Vilá">9</Player>
    <Player player_id="11129" player_name="David López">1</Player>
    <Player player_id="46998" player_name="Esteban Granero">3</Player>
    <Player player_id="213431" player_name="Mario Hermoso">5</Player>
    <Player player_id="202044" player_name="Borja Iglesias">2</Player>
    <Player player_id="17679" player_name="Sergio García">6</Player>
    <Player player_id="234370" player_name="Marc Roca">3</Player>
    <Player player_id="243718" player_name="Óscar Melendo">3</Player>
    <Player player_id="78333" player_name="Javi López">1</Player>
  </Player>
  <Player cross_lost="0" cross_success="0" jersey_num="15" pass_lost="11" pass_success="60" player_id="11129" player_name="David López" position="Defender" position_id="2" x="38.33" y="31.76">
    <Player player_id="59790" player_name="Dídac Vilá">1</Player>
    <Player player_id="46998" player_name="Esteban Granero">6</Player>
    <Player player_id="213431" player_name="Mario Hermoso">14</Player>
    <Player player_id="16021" player_name="Diego López">3</Player>
    <Player player_id="73109" player_name="Hernán Pérez">4</Player>
    <Player player_id="243718" player_name="Óscar Melendo">4</Player>
    <Player player_id="109269" player_name="Leo Baptistao">1</Player>
    <Player player_id="169007" player_name="Sergi Darder">2</Player>
    <Player player_id="51271" player_name="Pablo Piatti">1</Player>
    <Player player_id="17679" player_name="Sergio García">4</Player>
    <Player player_id="234370" player_name="Marc Roca">12</Player>
    <Player player_id="78333" player_name="Javi López">7</Player>
  </Player>
  <Player cross_lost="6" cross_success="0" jersey_num="19" pass_lost="3" pass_success="6" player_id="51271" player_name="Pablo Piatti" position="Substitute" position_id="5" sub_on="83" x="60.90" y="78.86">
    <Player player_id="169007" player_name="Sergi Darder">3</Player>
    <Player player_id="213431" player_name="Mario Hermoso">1</Player>
    <Player player_id="202044" player_name="Borja Iglesias">1</Player>
    <Player player_id="17679" player_name="Sergio García">1</Player>
  </Player>
  <Player cross_lost="3" cross_success="0" jersey_num="23" pass_lost="4" pass_success="36" player_id="46998" player_name="Esteban Granero" position="Midfielder" position_id="3" sub_off="67" x="44.91" y="30.49">
    <Player player_id="59790" player_name="Dídac Vilá">3</Player>
    <Player player_id="213431" player_name="Mario Hermoso">2</Player>
    <Player player_id="109269" player_name="Leo Baptistao">5</Player>
    <Player player_id="169007" player_name="Sergi Darder">2</Player>
    <Player player_id="11129" player_name="David López">7</Player>
    <Player player_id="202044" player_name="Borja Iglesias">5</Player>
    <Player player_id="17679" player_name="Sergio García">3</Player>
    <Player player_id="234370" player_name="Marc Roca">6</Player>
    <Player player_id="78333" player_name="Javi López">3</Player>
  </Player>
  <Player cross_lost="0" cross_success="0" jersey_num="22" pass_lost="15" pass_success="47" player_id="213431" player_name="Mario Hermoso" position="Defender" position_id="2" x="35.01" y="69.50">
    <Player player_id="59790" player_name="Dídac Vilá">8</Player>
    <Player player_id="109269" player_name="Leo Baptistao">1</Player>
    <Player player_id="169007" player_name="Sergi Darder">3</Player>
    <Player player_id="11129" player_name="David López">20</Player>
    <Player player_id="17679" player_name="Sergio García">1</Player>
    <Player player_id="234370" player_name="Marc Roca">9</Player>
    <Player player_id="73109" player_name="Hernán Pérez">2</Player>
    <Player player_id="243718" player_name="Óscar Melendo">1</Player>
    <Player player_id="78333" player_name="Javi López">2</Player>
  </Player>
  <Player cross_lost="2" cross_success="0" jersey_num="7" pass_lost="5" pass_success="18" player_id="202044" player_name="Borja Iglesias" position="Forward" position_id="4" x="65.75" y="47.22">
    <Player player_id="59790" player_name="Dídac Vilá">1</Player>
    <Player player_id="109269" player_name="Leo Baptistao">3</Player>
    <Player player_id="169007" player_name="Sergi Darder">4</Player>
    <Player player_id="17679" player_name="Sergio García">4</Player>
    <Player player_id="234370" player_name="Marc Roca">3</Player>
    <Player player_id="78333" player_name="Javi López">3</Player>
  </Player>
  <Player cross_lost="7" cross_success="0" jersey_num="9" pass_lost="10" pass_success="24" player_id="17679" player_name="Sergio García" position="Forward" position_id="4" x="61.46" y="58.41">
    <Player player_id="59790" player_name="Dídac Vilá">5</Player>
    <Player player_id="46998" player_name="Esteban Granero">2</Player>
    <Player player_id="213431" player_name="Mario Hermoso">1</Player>
    <Player player_id="73109" player_name="Hernán Pérez">2</Player>
    <Player player_id="243718" player_name="Óscar Melendo">2</Player>
    <Player player_id="109269" player_name="Leo Baptistao">4</Player>
    <Player player_id="169007" player_name="Sergi Darder">2</Player>
    <Player player_id="51271" player_name="Pablo Piatti">1</Player>
    <Player player_id="202044" player_name="Borja Iglesias">3</Player>
    <Player player_id="234370" player_name="Marc Roca">2</Player>
  </Player>
  <Player cross_lost="0" cross_success="0" jersey_num="21" pass_lost="5" pass_success="52" player_id="234370" player_name="Marc Roca" position="Midfielder" position_id="3" sub_off="83" x="45.73" y="53.29">
    <Player player_id="59790" player_name="Dídac Vilá">7</Player>
    <Player player_id="46998" player_name="Esteban Granero">7</Player>
    <Player player_id="213431" player_name="Mario Hermoso">5</Player>
    <Player player_id="16021" player_name="Diego López">1</Player>
    <Player player_id="109269" player_name="Leo Baptistao">1</Player>
    <Player player_id="169007" player_name="Sergi Darder">7</Player>
    <Player player_id="11129" player_name="David López">14</Player>
    <Player player_id="202044" player_name="Borja Iglesias">5</Player>
    <Player player_id="17679" player_name="Sergio García">2</Player>
    <Player player_id="78333" player_name="Javi López">3</Player>
  </Player>
  <Player cross_lost="0" cross_success="0" jersey_num="13" pass_lost="4" pass_success="23" player_id="16021" player_name="Diego López" position="Goalkeeper" position_id="1" x="9.87" y="46.39">
    <Player player_id="59790" player_name="Dídac Vilá">3</Player>
    <Player player_id="169007" player_name="Sergi Darder">1</Player>
    <Player player_id="11129" player_name="David López">6</Player>
    <Player player_id="51271" player_name="Pablo Piatti">1</Player>
    <Player player_id="46998" player_name="Esteban Granero">4</Player>
    <Player player_id="213431" player_name="Mario Hermoso">4</Player>
    <Player player_id="17679" player_name="Sergio García">1</Player>
    <Player player_id="234370" player_name="Marc Roca">1</Player>
    <Player player_id="243718" player_name="Óscar Melendo">1</Player>
    <Player player_id="78333" player_name="Javi López">1</Player>
  </Player>
  <Player cross_lost="2" cross_success="0" jersey_num="17" pass_lost="4" pass_success="3" player_id="73109" player_name="Hernán Pérez" position="Substitute" position_id="5" sub_on="78" x="63.58" y="11.53">
    <Player player_id="109269" player_name="Leo Baptistao">1</Player>
    <Player player_id="243718" player_name="Óscar Melendo">2</Player>
  </Player>
  <Player cross_lost="0" cross_success="0" jersey_num="14" pass_lost="3" pass_success="12" player_id="243718" player_name="Óscar Melendo" position="Substitute" position_id="5" sub_on="67" x="49.58" y="44.89">
    <Player player_id="59790" player_name="Dídac Vilá">2</Player>
    <Player player_id="109269" player_name="Leo Baptistao">1</Player>
    <Player player_id="169007" player_name="Sergi Darder">1</Player>
    <Player player_id="213431" player_name="Mario Hermoso">1</Player>
    <Player player_id="17679" player_name="Sergio García">2</Player>
    <Player player_id="234370" player_name="Marc Roca">2</Player>
    <Player player_id="16021" player_name="Diego López">1</Player>
    <Player player_id="73109" player_name="Hernán Pérez">1</Player>
    <Player player_id="78333" player_name="Javi López">1</Player>
  </Player>
  <Player cross_lost="0" cross_success="1" jersey_num="16" pass_lost="6" pass_success="22" player_id="78333" player_name="Javi López" position="Defender" position_id="2" sub_off="78" x="44.98" y="13.43">
    <Player cross="1" player_id="109269" player_name="Leo Baptistao">1</Player>
    <Player player_id="11129" player_name="David López">7</Player>
    <Player player_id="46998" player_name="Esteban Granero">4</Player>
    <Player player_id="202044" player_name="Borja Iglesias">4</Player>
    <Player player_id="17679" player_name="Sergio García">2</Player>
    <Player player_id="234370" player_name="Marc Roca">2</Player>
    <Player player_id="16021" player_name="Diego López">1</Player>
    <Player player_id="243718" player_name="Óscar Melendo">1</Player>
  </Player>
</SoccerFeed>