﻿<?xml version="1.0" encoding="UTF-8"?>
<!-- Copyright 2001-2019 Opta Sportsdata Ltd. All rights reserved. -->
<!-- PRODUCTION HEADER
     produced on:        valde-jobq-a04.nexus.opta.net
     production time:    20190106T195016,26Z
     production module:  Opta::Feed::XML::Soccer::F27
-->
<SoccerFeed act_minute="93" act_period="2" act_second="0" away_team_id="185" away_team_name="Real Betis" competition_id="23" competition_name="Spanish La Liga" game_date="2019-01-05 19:45:00" game_id="1009493" home_team_id="2894" home_team_name="Huesca" season_id="2018" season_name="Season 2018/2019" team_id="2894" team_name="Huesca">
  <Player cross_lost="0" cross_success="0" jersey_num="13" pass_lost="9" pass_success="7" player_id="21062" player_name="Roberto Santamaría" position="Goalkeeper" position_id="1" x="13.87" y="51.12">
    <Player player_id="166138" player_name="Carlos Akapo">2</Player>
    <Player player_id="195457" player_name="Gonzalo Melero">1</Player>
    <Player player_id="205992" player_name="Ezequiel Ávila">1</Player>
    <Player player_id="89334" player_name="Jorge Miramón">1</Player>
    <Player player_id="88925" player_name="Jorge Pulido">1</Player>
    <Player player_id="213572" player_name="Christian Rivera">1</Player>
  </Player>
  <Player cross_lost="0" cross_success="0" jersey_num="15" pass_lost="12" pass_success="30" player_id="166138" player_name="Carlos Akapo" position="Defender" position_id="2" x="51.36" y="36.55">
    <Player player_id="21062" player_name="Roberto Santamaría">1</Player>
    <Player player_id="109243" player_name="Moi Gómez">2</Player>
    <Player player_id="195457" player_name="Gonzalo Melero">7</Player>
    <Player player_id="205992" player_name="Ezequiel Ávila">1</Player>
    <Player player_id="88621" player_name="Pablo Ínsua">2</Player>
    <Player player_id="89334" player_name="Jorge Miramón">5</Player>
    <Player player_id="244716" player_name="Juan Camilo Hernández">4</Player>
    <Player player_id="213572" player_name="Christian Rivera">4</Player>
    <Player player_id="90657" player_name="David Ferreiro">4</Player>
  </Player>
  <Player cross_lost="1" cross_success="1" jersey_num="6" pass_lost="3" pass_success="26" player_id="109243" player_name="Moi Gómez" position="Midfielder" position_id="3" x="50.48" y="60.67">
    <Player player_id="166138" player_name="Carlos Akapo">1</Player>
    <Player player_id="205992" player_name="Ezequiel Ávila">4</Player>
    <Player player_id="88621" player_name="Pablo Ínsua">1</Player>
    <Player player_id="89334" player_name="Jorge Miramón">2</Player>
    <Player player_id="213572" player_name="Christian Rivera">1</Player>
    <Player player_id="97636" player_name="Álex Gallar">1</Player>
    <Player player_id="195457" player_name="Gonzalo Melero">2</Player>
    <Player player_id="40837" player_name="Lluis Sastre">2</Player>
    <Player cross="1" player_id="88925" player_name="Jorge Pulido">2</Player>
    <Player player_id="90657" player_name="David Ferreiro">10</Player>
  </Player>
  <Player cross_lost="1" cross_success="0" jersey_num="8" pass_lost="3" pass_success="21" player_id="195457" player_name="Gonzalo Melero" position="Midfielder" position_id="3" sub_off="66" x="58.89" y="46.19">
    <Player player_id="109243" player_name="Moi Gómez">3</Player>
    <Player player_id="166138" player_name="Carlos Akapo">4</Player>
    <Player player_id="205992" player_name="Ezequiel Ávila">1</Player>
    <Player player_id="88621" player_name="Pablo Ínsua">2</Player>
    <Player player_id="89334" player_name="Jorge Miramón">1</Player>
    <Player player_id="213572" player_name="Christian Rivera">5</Player>
    <Player player_id="244716" player_name="Juan Camilo Hernández">2</Player>
    <Player player_id="90657" player_name="David Ferreiro">3</Player>
  </Player>
  <Player cross_lost="2" cross_success="0" jersey_num="19" pass_lost="5" pass_success="4" player_id="205992" player_name="Ezequiel Ávila" position="Substitute" position_id="5" sub_on="59" x="64.27" y="33.33">
    <Player player_id="166138" player_name="Carlos Akapo">1</Player>
    <Player player_id="244716" player_name="Juan Camilo Hernández">1</Player>
    <Player player_id="97636" player_name="Álex Gallar">1</Player>
    <Player player_id="90657" player_name="David Ferreiro">1</Player>
  </Player>
  <Player cross_lost="0" cross_success="0" jersey_num="18" pass_lost="6" pass_success="18" player_id="88621" player_name="Pablo Ínsua" position="Defender" position_id="2" x="35.37" y="42.27">
    <Player player_id="21062" player_name="Roberto Santamaría">4</Player>
    <Player player_id="166138" player_name="Carlos Akapo">6</Player>
    <Player player_id="89334" player_name="Jorge Miramón">2</Player>
    <Player player_id="58637" player_name="Xabier Etxeita">3</Player>
    <Player player_id="40837" player_name="Lluis Sastre">1</Player>
    <Player player_id="88925" player_name="Jorge Pulido">1</Player>
    <Player player_id="90657" player_name="David Ferreiro">1</Player>
  </Player>
  <Player cross_lost="0" cross_success="0" jersey_num="3" pass_lost="4" pass_success="5" player_id="58637" player_name="Xabier Etxeita" position="Defender" position_id="2" sub_off="59" x="40.68" y="62.26">
    <Player player_id="21062" player_name="Roberto Santamaría">3</Player>
    <Player player_id="88621" player_name="Pablo Ínsua">1</Player>
    <Player player_id="90657" player_name="David Ferreiro">1</Player>
  </Player>
  <Player cross_lost="3" cross_success="0" jersey_num="24" pass_lost="6" pass_success="21" player_id="89334" player_name="Jorge Miramón" position="Midfielder" position_id="3" x="49.89" y="22.83">
    <Player player_id="109243" player_name="Moi Gómez">2</Player>
    <Player player_id="166138" player_name="Carlos Akapo">6</Player>
    <Player player_id="195457" player_name="Gonzalo Melero">2</Player>
    <Player player_id="205992" player_name="Ezequiel Ávila">2</Player>
    <Player player_id="88621" player_name="Pablo Ínsua">2</Player>
    <Player player_id="213572" player_name="Christian Rivera">1</Player>
    <Player player_id="244716" player_name="Juan Camilo Hernández">3</Player>
    <Player player_id="97636" player_name="Álex Gallar">2</Player>
    <Player player_id="90657" player_name="David Ferreiro">1</Player>
  </Player>
  <Player cross_lost="0" cross_success="0" jersey_num="22" pass_lost="0" pass_success="4" player_id="40837" player_name="Lluis Sastre" position="Substitute" position_id="5" sub_on="85" x="60.04" y="32.33">
    <Player player_id="21062" player_name="Roberto Santamaría">1</Player>
    <Player player_id="109243" player_name="Moi Gómez">1</Player>
    <Player player_id="213572" player_name="Christian Rivera">1</Player>
    <Player player_id="97636" player_name="Álex Gallar">1</Player>
  </Player>
  <Player cross_lost="1" cross_success="0" jersey_num="14" pass_lost="4" pass_success="14" player_id="88925" player_name="Jorge Pulido" position="Defender" position_id="2" x="44.24" y="72.07">
    <Player player_id="166138" player_name="Carlos Akapo">1</Player>
    <Player player_id="109243" player_name="Moi Gómez">3</Player>
    <Player player_id="195457" player_name="Gonzalo Melero">1</Player>
    <Player player_id="88621" player_name="Pablo Ínsua">2</Player>
    <Player player_id="58637" player_name="Xabier Etxeita">2</Player>
    <Player player_id="90657" player_name="David Ferreiro">5</Player>
  </Player>
  <Player cross_lost="1" cross_success="0" jersey_num="9" pass_lost="5" pass_success="16" player_id="244716" player_name="Juan Camilo Hernández" position="Forward" position_id="4" sub_off="85" x="65.70" y="52.04">
    <Player player_id="166138" player_name="Carlos Akapo">3</Player>
    <Player player_id="195457" player_name="Gonzalo Melero">3</Player>
    <Player player_id="205992" player_name="Ezequiel Ávila">1</Player>
    <Player player_id="89334" player_name="Jorge Miramón">3</Player>
    <Player player_id="88925" player_name="Jorge Pulido">2</Player>
    <Player player_id="97636" player_name="Álex Gallar">1</Player>
    <Player player_id="90657" player_name="David Ferreiro">3</Player>
  </Player>
  <Player cross_lost="0" cross_success="0" jersey_num="17" pass_lost="8" pass_success="18" player_id="213572" player_name="Christian Rivera" position="Midfielder" position_id="3" x="39.94" y="41.34">
    <Player player_id="21062" player_name="Roberto Santamaría">1</Player>
    <Player player_id="166138" player_name="Carlos Akapo">4</Player>
    <Player player_id="109243" player_name="Moi Gómez">3</Player>
    <Player player_id="88621" player_name="Pablo Ínsua">3</Player>
    <Player player_id="58637" player_name="Xabier Etxeita">1</Player>
    <Player player_id="89334" player_name="Jorge Miramón">4</Player>
    <Player player_id="88925" player_name="Jorge Pulido">1</Player>
    <Player player_id="90657" player_name="David Ferreiro">1</Player>
  </Player>
  <Player cross_lost="1" cross_success="0" jersey_num="11" pass_lost="2" pass_success="7" player_id="97636" player_name="Álex Gallar" position="Substitute" position_id="5" sub_on="66" x="62.15" y="38.96">
    <Player player_id="109243" player_name="Moi Gómez">1</Player>
    <Player player_id="40837" player_name="Lluis Sastre">2</Player>
    <Player player_id="213572" player_name="Christian Rivera">1</Player>
    <Player player_id="90657" player_name="David Ferreiro">3</Player>
  </Player>
  <Player cross_lost="6" cross_success="4" jersey_num="7" pass_lost="11" pass_success="23" player_id="90657" player_name="David Ferreiro" position="Midfielder" position_id="3" x="63.42" y="71.18">
    <Player cross="1" player_id="166138" player_name="Carlos Akapo">4</Player>
    <Player player_id="109243" player_name="Moi Gómez">6</Player>
    <Player player_id="89334" player_name="Jorge Miramón">2</Player>
    <Player player_id="213572" player_name="Christian Rivera">1</Player>
    <Player player_id="244716" player_name="Juan Camilo Hernández">5</Player>
    <Player player_id="97636" player_name="Álex Gallar">2</Player>
    <Player cross="2" player_id="195457" player_name="Gonzalo Melero">1</Player>
    <Player cross="1" player_id="88925" player_name="Jorge Pulido">1</Player>
    <Player player_id="40837" player_name="Lluis Sastre">1</Player>
  </Player>
</SoccerFeed>