﻿<?xml version="1.0" encoding="UTF-8"?>
<!-- Copyright 2001-2019 Opta Sportsdata Ltd. All rights reserved. -->
<!-- PRODUCTION HEADER
     produced on:        valde-jobq-a03.nexus.opta.net
     production time:    20190115T174936,80Z
     production module:  Opta::Feed::XML::Soccer::F27
-->
<SoccerFeed act_minute="93" act_period="2" act_second="23" away_team_id="192" away_team_name="Real Valladolid" competition_id="23" competition_name="Spanish La Liga" game_date="2019-01-12 15:15:00" game_id="1009500" home_team_id="191" home_team_name="Valencia CF" season_id="2018" season_name="Season 2018/2019" team_id="192" team_name="Real Valladolid">
  <Player cross_lost="0" cross_success="0" jersey_num="9" pass_lost="12" pass_success="20" player_id="168636" player_name="Enes Ünal" position="Forward" position_id="4" x="54.93" y="53.37">
    <Player player_id="58819" player_name="Kiko Olivas">1</Player>
    <Player player_id="96771" player_name="Rubén Alcaraz">1</Player>
    <Player player_id="242290" player_name="Toni Villa">4</Player>
    <Player player_id="241869" player_name="Fernando Calero">1</Player>
    <Player player_id="96785" player_name="Óscar Plano">7</Player>
    <Player player_id="198906" player_name="Anuar Mohamed">1</Player>
    <Player player_id="90394" player_name="Nacho">2</Player>
    <Player player_id="59944" player_name="Keko">3</Player>
  </Player>
  <Player cross_lost="0" cross_success="0" jersey_num="4" pass_lost="9" pass_success="28" player_id="58819" player_name="Kiko Olivas" position="Defender" position_id="2" x="30.45" y="35.16">
    <Player player_id="96771" player_name="Rubén Alcaraz">7</Player>
    <Player player_id="58876" player_name="Míchel">2</Player>
    <Player player_id="87804" player_name="Antoñito">1</Player>
    <Player player_id="242290" player_name="Toni Villa">3</Player>
    <Player player_id="87815" player_name="Javi Moyano">1</Player>
    <Player player_id="96785" player_name="Óscar Plano">1</Player>
    <Player player_id="241869" player_name="Fernando Calero">5</Player>
    <Player player_id="198906" player_name="Anuar Mohamed">3</Player>
    <Player player_id="90394" player_name="Nacho">1</Player>
    <Player player_id="86148" player_name="Jordi Masip">4</Player>
  </Player>
  <Player cross_lost="0" cross_success="0" jersey_num="14" pass_lost="10" pass_success="37" player_id="96771" player_name="Rubén Alcaraz" position="Midfielder" position_id="3" x="41.19" y="56.52">
    <Player player_id="168636" player_name="Enes Ünal">2</Player>
    <Player player_id="87804" player_name="Antoñito">1</Player>
    <Player player_id="87815" player_name="Javi Moyano">6</Player>
    <Player player_id="59944" player_name="Keko">3</Player>
    <Player player_id="86148" player_name="Jordi Masip">5</Player>
    <Player player_id="58819" player_name="Kiko Olivas">3</Player>
    <Player player_id="58876" player_name="Míchel">2</Player>
    <Player player_id="242290" player_name="Toni Villa">5</Player>
    <Player player_id="241869" player_name="Fernando Calero">6</Player>
    <Player player_id="96785" player_name="Óscar Plano">1</Player>
    <Player player_id="90394" player_name="Nacho">3</Player>
  </Player>
  <Player cross_lost="0" cross_success="0" jersey_num="21" pass_lost="8" pass_success="12" player_id="58876" player_name="Míchel" position="Substitute" position_id="5" sub_on="65" x="41.33" y="47.31">
    <Player player_id="168636" player_name="Enes Ünal">2</Player>
    <Player player_id="58819" player_name="Kiko Olivas">2</Player>
    <Player player_id="96771" player_name="Rubén Alcaraz">2</Player>
    <Player player_id="242290" player_name="Toni Villa">1</Player>
    <Player player_id="87815" player_name="Javi Moyano">1</Player>
    <Player player_id="96785" player_name="Óscar Plano">2</Player>
    <Player player_id="90394" player_name="Nacho">2</Player>
  </Player>
  <Player cross_lost="0" cross_success="0" jersey_num="18" pass_lost="0" pass_success="6" player_id="87804" player_name="Antoñito" position="Substitute" position_id="5" sub_on="59" x="41.69" y="25.05">
    <Player player_id="168636" player_name="Enes Ünal">2</Player>
    <Player player_id="58876" player_name="Míchel">2</Player>
    <Player player_id="242290" player_name="Toni Villa">1</Player>
    <Player player_id="96785" player_name="Óscar Plano">1</Player>
  </Player>
  <Player cross_lost="0" cross_success="1" jersey_num="19" pass_lost="5" pass_success="13" player_id="242290" player_name="Toni Villa" position="Forward" position_id="4" sub_off="79" x="54.34" y="63.07">
    <Player player_id="168636" player_name="Enes Ünal">2</Player>
    <Player player_id="96771" player_name="Rubén Alcaraz">2</Player>
    <Player player_id="87804" player_name="Antoñito">1</Player>
    <Player player_id="87815" player_name="Javi Moyano">1</Player>
    <Player player_id="59944" player_name="Keko">1</Player>
    <Player cross="1" player_id="58819" player_name="Kiko Olivas">1</Player>
    <Player player_id="96785" player_name="Óscar Plano">1</Player>
    <Player player_id="198906" player_name="Anuar Mohamed">1</Player>
    <Player player_id="90394" player_name="Nacho">3</Player>
  </Player>
  <Player cross_lost="0" cross_success="0" jersey_num="17" pass_lost="7" pass_success="12" player_id="87815" player_name="Javi Moyano" position="Defender" position_id="2" x="31.67" y="11.25">
    <Player player_id="168636" player_name="Enes Ünal">1</Player>
    <Player player_id="58819" player_name="Kiko Olivas">2</Player>
    <Player player_id="96771" player_name="Rubén Alcaraz">3</Player>
    <Player player_id="58876" player_name="Míchel">3</Player>
    <Player player_id="87804" player_name="Antoñito">1</Player>
    <Player player_id="96785" player_name="Óscar Plano">2</Player>
  </Player>
  <Player cross_lost="0" cross_success="0" jersey_num="20" pass_lost="0" pass_success="0" player_id="52686" player_name="Duje Cop" position="Substitute" position_id="5" sub_on="79" x="56.57" y="71.84" />
  <Player cross_lost="1" cross_success="0" jersey_num="10" pass_lost="6" pass_success="17" player_id="96785" player_name="Óscar Plano" position="Midfielder" position_id="3" x="43.23" y="66.65">
    <Player player_id="168636" player_name="Enes Ünal">6</Player>
    <Player player_id="58819" player_name="Kiko Olivas">1</Player>
    <Player player_id="96771" player_name="Rubén Alcaraz">1</Player>
    <Player player_id="58876" player_name="Míchel">2</Player>
    <Player player_id="87804" player_name="Antoñito">1</Player>
    <Player player_id="242290" player_name="Toni Villa">2</Player>
    <Player player_id="241869" player_name="Fernando Calero">1</Player>
    <Player player_id="90394" player_name="Nacho">2</Player>
    <Player player_id="59944" player_name="Keko">1</Player>
  </Player>
  <Player cross_lost="0" cross_success="0" jersey_num="5" pass_lost="5" pass_success="23" player_id="241869" player_name="Fernando Calero" position="Defender" position_id="2" x="27.80" y="72.07">
    <Player player_id="168636" player_name="Enes Ünal">1</Player>
    <Player player_id="58819" player_name="Kiko Olivas">6</Player>
    <Player player_id="96771" player_name="Rubén Alcaraz">3</Player>
    <Player player_id="58876" player_name="Míchel">1</Player>
    <Player player_id="242290" player_name="Toni Villa">1</Player>
    <Player player_id="52686" player_name="Duje Cop">1</Player>
    <Player player_id="198906" player_name="Anuar Mohamed">1</Player>
    <Player player_id="90394" player_name="Nacho">4</Player>
    <Player player_id="86148" player_name="Jordi Masip">5</Player>
  </Player>
  <Player cross_lost="0" cross_success="0" jersey_num="23" pass_lost="7" pass_success="12" player_id="198906" player_name="Anuar Mohamed" position="Midfielder" position_id="3" sub_off="65" x="40.24" y="29.11">
    <Player player_id="168636" player_name="Enes Ünal">1</Player>
    <Player player_id="58819" player_name="Kiko Olivas">1</Player>
    <Player player_id="96771" player_name="Rubén Alcaraz">5</Player>
    <Player player_id="87815" player_name="Javi Moyano">1</Player>
    <Player player_id="96785" player_name="Óscar Plano">1</Player>
    <Player player_id="59944" player_name="Keko">3</Player>
  </Player>
  <Player cross_lost="2" cross_success="0" jersey_num="22" pass_lost="10" pass_success="14" player_id="90394" player_name="Nacho" position="Defender" position_id="2" x="36.33" y="84.96">
    <Player player_id="168636" player_name="Enes Ünal">1</Player>
    <Player player_id="96771" player_name="Rubén Alcaraz">8</Player>
    <Player player_id="58876" player_name="Míchel">1</Player>
    <Player player_id="241869" player_name="Fernando Calero">1</Player>
    <Player player_id="96785" player_name="Óscar Plano">2</Player>
    <Player player_id="86148" player_name="Jordi Masip">1</Player>
  </Player>
  <Player cross_lost="0" cross_success="0" jersey_num="1" pass_lost="25" pass_success="18" player_id="86148" player_name="Jordi Masip" position="Goalkeeper" position_id="1" x="8.54" y="47.21">
    <Player player_id="168636" player_name="Enes Ünal">8</Player>
    <Player player_id="58819" player_name="Kiko Olivas">2</Player>
    <Player player_id="96771" player_name="Rubén Alcaraz">1</Player>
    <Player player_id="87815" player_name="Javi Moyano">2</Player>
    <Player player_id="241869" player_name="Fernando Calero">1</Player>
    <Player player_id="96785" player_name="Óscar Plano">2</Player>
    <Player player_id="90394" player_name="Nacho">2</Player>
  </Player>
  <Player cross_lost="2" cross_success="0" jersey_num="24" pass_lost="6" pass_success="4" player_id="59944" player_name="Keko" position="Midfielder" position_id="3" sub_off="59" x="44.91" y="16.34">
    <Player player_id="168636" player_name="Enes Ünal">1</Player>
    <Player player_id="96771" player_name="Rubén Alcaraz">1</Player>
    <Player player_id="87815" player_name="Javi Moyano">2</Player>
  </Player>
</SoccerFeed>