﻿<?xml version="1.0" encoding="UTF-8"?>
<!-- Copyright 2001-2018 Opta Sportsdata Ltd. All rights reserved. -->
<!-- PRODUCTION HEADER
     produced on:        valde-jobq-a02.nexus.opta.net
     production time:    20181105T175058,613Z
     production module:  Opta::Feed::XML::Soccer::F27
-->
<SoccerFeed act_minute="95" act_period="2" act_second="30" away_team_id="1450" away_team_name="Getafe" competition_id="23" competition_name="Spanish La Liga" game_date="2018-11-04 17:30:00" game_id="1009423" home_team_id="2894" home_team_name="Huesca" season_id="2018" season_name="Season 2018/2019" team_id="2894" team_name="Huesca">
  <Player cross_lost="4" cross_success="4" jersey_num="6" pass_lost="5" pass_success="21" player_id="109243" player_name="Moi Gómez" position="Midfielder" position_id="3" sub_off="87" x="52.92" y="62.02">
    <Player player_id="166138" player_name="Carlos Akapo">2</Player>
    <Player cross="2" player_id="58637" player_name="Xabier Etxeita">2</Player>
    <Player player_id="89334" player_name="Jorge Miramón">2</Player>
    <Player cross="1" player_id="76744" player_name="Damián Musto">2</Player>
    <Player player_id="244716" player_name="Juan Camilo Hernández">1</Player>
    <Player player_id="97636" player_name="Álex Gallar">1</Player>
    <Player player_id="78631" player_name="Serdar Gurler">1</Player>
    <Player cross="1" player_id="154293" player_name="Rúben Semedo">2</Player>
    <Player player_id="90657" player_name="David Ferreiro">8</Player>
  </Player>
  <Player cross_lost="1" cross_success="0" jersey_num="15" pass_lost="8" pass_success="22" player_id="166138" player_name="Carlos Akapo" position="Defender" position_id="2" x="42.64" y="80.42">
    <Player player_id="109243" player_name="Moi Gómez">8</Player>
    <Player player_id="155713" player_name="Aleksandar Jovanovic">2</Player>
    <Player player_id="58637" player_name="Xabier Etxeita">1</Player>
    <Player player_id="89334" player_name="Jorge Miramón">1</Player>
    <Player player_id="76744" player_name="Damián Musto">2</Player>
    <Player player_id="154293" player_name="Rúben Semedo">1</Player>
    <Player player_id="244716" player_name="Juan Camilo Hernández">3</Player>
    <Player player_id="90657" player_name="David Ferreiro">4</Player>
  </Player>
  <Player cross_lost="0" cross_success="0" jersey_num="21" pass_lost="3" pass_success="9" player_id="78631" player_name="Serdar Gurler" position="Midfielder" position_id="3" sub_off="72" x="50.25" y="30.11">
    <Player player_id="89334" player_name="Jorge Miramón">3</Player>
    <Player player_id="76744" player_name="Damián Musto">2</Player>
    <Player player_id="154293" player_name="Rúben Semedo">1</Player>
    <Player player_id="244716" player_name="Juan Camilo Hernández">2</Player>
    <Player player_id="90657" player_name="David Ferreiro">1</Player>
  </Player>
  <Player cross_lost="0" cross_success="0" jersey_num="25" pass_lost="21" pass_success="11" player_id="155713" player_name="Aleksandar Jovanovic" position="Goalkeeper" position_id="1" x="11.24" y="48.97">
    <Player player_id="166138" player_name="Carlos Akapo">1</Player>
    <Player player_id="89334" player_name="Jorge Miramón">1</Player>
    <Player player_id="76744" player_name="Damián Musto">4</Player>
    <Player player_id="154293" player_name="Rúben Semedo">1</Player>
    <Player player_id="88925" player_name="Jorge Pulido">3</Player>
    <Player player_id="244716" player_name="Juan Camilo Hernández">1</Player>
  </Player>
  <Player cross_lost="1" cross_success="0" jersey_num="3" pass_lost="10" pass_success="17" player_id="58637" player_name="Xabier Etxeita" position="Defender" position_id="2" x="41.45" y="77.02">
    <Player player_id="166138" player_name="Carlos Akapo">5</Player>
    <Player player_id="155713" player_name="Aleksandar Jovanovic">2</Player>
    <Player player_id="76744" player_name="Damián Musto">3</Player>
    <Player player_id="88925" player_name="Jorge Pulido">1</Player>
    <Player player_id="154293" player_name="Rúben Semedo">1</Player>
    <Player player_id="244716" player_name="Juan Camilo Hernández">2</Player>
    <Player player_id="90657" player_name="David Ferreiro">3</Player>
  </Player>
  <Player cross_lost="4" cross_success="1" jersey_num="24" pass_lost="17" pass_success="19" player_id="89334" player_name="Jorge Miramón" position="Defender" position_id="2" x="45.11" y="11.11">
    <Player player_id="109243" player_name="Moi Gómez">3</Player>
    <Player player_id="78631" player_name="Serdar Gurler">2</Player>
    <Player player_id="76744" player_name="Damián Musto">3</Player>
    <Player player_id="154293" player_name="Rúben Semedo">2</Player>
    <Player player_id="88925" player_name="Jorge Pulido">3</Player>
    <Player cross="1" player_id="244716" player_name="Juan Camilo Hernández">4</Player>
    <Player player_id="97636" player_name="Álex Gallar">2</Player>
  </Player>
  <Player cross_lost="0" cross_success="0" jersey_num="23" pass_lost="14" pass_success="26" player_id="76744" player_name="Damián Musto" position="Midfielder" position_id="3" x="48.08" y="46.15">
    <Player player_id="109243" player_name="Moi Gómez">1</Player>
    <Player player_id="166138" player_name="Carlos Akapo">1</Player>
    <Player player_id="155713" player_name="Aleksandar Jovanovic">2</Player>
    <Player player_id="58637" player_name="Xabier Etxeita">2</Player>
    <Player player_id="89334" player_name="Jorge Miramón">3</Player>
    <Player player_id="213572" player_name="Christian Rivera">1</Player>
    <Player player_id="244716" player_name="Juan Camilo Hernández">5</Player>
    <Player player_id="97636" player_name="Álex Gallar">2</Player>
    <Player player_id="78631" player_name="Serdar Gurler">2</Player>
    <Player player_id="88925" player_name="Jorge Pulido">3</Player>
    <Player player_id="154293" player_name="Rúben Semedo">3</Player>
    <Player player_id="90657" player_name="David Ferreiro">1</Player>
  </Player>
  <Player cross_lost="0" cross_success="0" jersey_num="4" pass_lost="8" pass_success="19" player_id="154293" player_name="Rúben Semedo" position="Defender" position_id="2" x="35.41" y="45.96">
    <Player player_id="166138" player_name="Carlos Akapo">1</Player>
    <Player player_id="109243" player_name="Moi Gómez">1</Player>
    <Player player_id="78631" player_name="Serdar Gurler">2</Player>
    <Player player_id="155713" player_name="Aleksandar Jovanovic">2</Player>
    <Player player_id="89334" player_name="Jorge Miramón">1</Player>
    <Player player_id="58637" player_name="Xabier Etxeita">6</Player>
    <Player player_id="76744" player_name="Damián Musto">1</Player>
    <Player player_id="88925" player_name="Jorge Pulido">4</Player>
    <Player player_id="90657" player_name="David Ferreiro">1</Player>
  </Player>
  <Player cross_lost="0" cross_success="0" jersey_num="14" pass_lost="14" pass_success="13" player_id="88925" player_name="Jorge Pulido" position="Defender" position_id="2" x="32.49" y="30.61">
    <Player player_id="109243" player_name="Moi Gómez">1</Player>
    <Player player_id="155713" player_name="Aleksandar Jovanovic">4</Player>
    <Player player_id="89334" player_name="Jorge Miramón">3</Player>
    <Player player_id="58637" player_name="Xabier Etxeita">2</Player>
    <Player player_id="154293" player_name="Rúben Semedo">3</Player>
  </Player>
  <Player cross_lost="0" cross_success="0" jersey_num="17" pass_lost="1" pass_success="2" player_id="213572" player_name="Christian Rivera" position="Substitute" position_id="5" sub_on="87" x="29.54" y="46.24">
    <Player player_id="88925" player_name="Jorge Pulido">1</Player>
    <Player player_id="81045" player_name="Samuele Longo">1</Player>
  </Player>
  <Player cross_lost="2" cross_success="0" jersey_num="9" pass_lost="8" pass_success="14" player_id="244716" player_name="Juan Camilo Hernández" position="Forward" position_id="4" sub_off="81" x="63.94" y="48.05">
    <Player player_id="166138" player_name="Carlos Akapo">4</Player>
    <Player player_id="109243" player_name="Moi Gómez">1</Player>
    <Player player_id="78631" player_name="Serdar Gurler">3</Player>
    <Player player_id="58637" player_name="Xabier Etxeita">1</Player>
    <Player player_id="89334" player_name="Jorge Miramón">1</Player>
    <Player player_id="88925" player_name="Jorge Pulido">1</Player>
    <Player player_id="97636" player_name="Álex Gallar">1</Player>
    <Player player_id="90657" player_name="David Ferreiro">2</Player>
  </Player>
  <Player cross_lost="0" cross_success="0" jersey_num="12" pass_lost="0" pass_success="3" player_id="81045" player_name="Samuele Longo" position="Substitute" position_id="5" sub_on="81" x="55.26" y="40.76">
    <Player player_id="89334" player_name="Jorge Miramón">2</Player>
    <Player player_id="76744" player_name="Damián Musto">1</Player>
  </Player>
  <Player cross_lost="0" cross_success="0" jersey_num="11" pass_lost="3" pass_success="7" player_id="97636" player_name="Álex Gallar" position="Substitute" position_id="5" sub_on="72" x="42.46" y="12.10">
    <Player player_id="89334" player_name="Jorge Miramón">5</Player>
    <Player player_id="154293" player_name="Rúben Semedo">1</Player>
    <Player player_id="213572" player_name="Christian Rivera">1</Player>
  </Player>
  <Player cross_lost="7" cross_success="3" jersey_num="7" pass_lost="4" pass_success="9" player_id="90657" player_name="David Ferreiro" position="Midfielder" position_id="3" x="57.56" y="79.31">
    <Player player_id="166138" player_name="Carlos Akapo">4</Player>
    <Player cross="1" player_id="58637" player_name="Xabier Etxeita">1</Player>
    <Player cross="1" player_id="154293" player_name="Rúben Semedo">0</Player>
    <Player cross="1" player_id="88925" player_name="Jorge Pulido">0</Player>
    <Player player_id="244716" player_name="Juan Camilo Hernández">3</Player>
    <Player player_id="81045" player_name="Samuele Longo">1</Player>
  </Player>
</SoccerFeed>