﻿<?xml version="1.0" encoding="UTF-8"?>
<!-- Copyright 2001-2019 Opta Sportsdata Ltd. All rights reserved. -->
<!-- PRODUCTION HEADER
     produced on:        valde-jobq-a02.nexus.opta.net
     production time:    20190129T165424,677Z
     production module:  Opta::Feed::XML::Soccer::F27
-->
<SoccerFeed act_minute="94" act_period="2" act_second="10" away_team_id="176" away_team_name="Celta de Vigo" competition_id="23" competition_name="Spanish La Liga" game_date="2019-01-27 11:00:00" game_id="1009522" home_team_id="192" home_team_name="Real Valladolid" season_id="2018" season_name="Season 2018/2019" team_id="192" team_name="Real Valladolid">
  <Player cross_lost="0" cross_success="0" jersey_num="4" pass_lost="8" pass_success="21" player_id="58819" player_name="Kiko Olivas" position="Defender" position_id="2" x="32.10" y="31.79">
    <Player player_id="96771" player_name="Rubén Alcaraz">5</Player>
    <Player player_id="58876" player_name="Míchel">2</Player>
    <Player player_id="87804" player_name="Antoñito">5</Player>
    <Player player_id="241869" player_name="Fernando Calero">2</Player>
    <Player player_id="90394" player_name="Nacho">1</Player>
    <Player player_id="86148" player_name="Jordi Masip">6</Player>
  </Player>
  <Player cross_lost="0" cross_success="0" jersey_num="14" pass_lost="9" pass_success="32" player_id="96771" player_name="Rubén Alcaraz" position="Midfielder" position_id="3" x="45.69" y="54.02">
    <Player player_id="87804" player_name="Antoñito">3</Player>
    <Player player_id="153867" player_name="Daniele Verde">1</Player>
    <Player player_id="59944" player_name="Keko">1</Player>
    <Player player_id="86148" player_name="Jordi Masip">2</Player>
    <Player player_id="58819" player_name="Kiko Olivas">5</Player>
    <Player player_id="58876" player_name="Míchel">3</Player>
    <Player player_id="89850" player_name="Sergi Guardiola">1</Player>
    <Player player_id="242290" player_name="Toni Villa">2</Player>
    <Player player_id="96785" player_name="Óscar Plano">2</Player>
    <Player player_id="241869" player_name="Fernando Calero">5</Player>
    <Player player_id="90394" player_name="Nacho">7</Player>
  </Player>
  <Player cross_lost="0" cross_success="0" jersey_num="8" pass_lost="0" pass_success="1" player_id="11602" player_name="Borja Fernández" position="Substitute" position_id="5" sub_on="83" x="53.20" y="57.50">
    <Player player_id="87804" player_name="Antoñito">1</Player>
  </Player>
  <Player cross_lost="2" cross_success="2" jersey_num="21" pass_lost="6" pass_success="37" player_id="58876" player_name="Míchel" position="Midfielder" position_id="3" sub_off="90" x="46.17" y="43.88">
    <Player player_id="96771" player_name="Rubén Alcaraz">7</Player>
    <Player player_id="87804" player_name="Antoñito">5</Player>
    <Player player_id="153867" player_name="Daniele Verde">1</Player>
    <Player player_id="59944" player_name="Keko">4</Player>
    <Player player_id="58819" player_name="Kiko Olivas">5</Player>
    <Player cross="2" player_id="89850" player_name="Sergi Guardiola">2</Player>
    <Player player_id="242290" player_name="Toni Villa">1</Player>
    <Player player_id="96785" player_name="Óscar Plano">7</Player>
    <Player player_id="241869" player_name="Fernando Calero">1</Player>
    <Player player_id="90394" player_name="Nacho">4</Player>
  </Player>
  <Player cross_lost="1" cross_success="0" jersey_num="12" pass_lost="9" pass_success="13" player_id="89850" player_name="Sergi Guardiola" position="Forward" position_id="4" x="64.52" y="56.31">
    <Player player_id="96771" player_name="Rubén Alcaraz">3</Player>
    <Player player_id="58876" player_name="Míchel">1</Player>
    <Player player_id="242290" player_name="Toni Villa">2</Player>
    <Player player_id="87804" player_name="Antoñito">1</Player>
    <Player player_id="96785" player_name="Óscar Plano">5</Player>
    <Player player_id="153867" player_name="Daniele Verde">1</Player>
  </Player>
  <Player cross_lost="2" cross_success="2" jersey_num="19" pass_lost="2" pass_success="12" player_id="242290" player_name="Toni Villa" position="Midfielder" position_id="3" sub_off="69" x="60.85" y="73.16">
    <Player player_id="96771" player_name="Rubén Alcaraz">4</Player>
    <Player cross="1" player_id="89850" player_name="Sergi Guardiola">2</Player>
    <Player player_id="87804" player_name="Antoñito">1</Player>
    <Player player_id="96785" player_name="Óscar Plano">1</Player>
    <Player player_id="90394" player_name="Nacho">3</Player>
    <Player cross="1" player_id="59944" player_name="Keko">1</Player>
  </Player>
  <Player cross_lost="5" cross_success="2" jersey_num="18" pass_lost="4" pass_success="12" player_id="87804" player_name="Antoñito" position="Defender" position_id="2" x="55.54" y="15.50">
    <Player player_id="89850" player_name="Sergi Guardiola">1</Player>
    <Player cross="1" player_id="58876" player_name="Míchel">2</Player>
    <Player player_id="242290" player_name="Toni Villa">1</Player>
    <Player player_id="96785" player_name="Óscar Plano">1</Player>
    <Player player_id="153867" player_name="Daniele Verde">1</Player>
    <Player cross="1" player_id="59944" player_name="Keko">4</Player>
    <Player player_id="86148" player_name="Jordi Masip">2</Player>
  </Player>
  <Player cross_lost="0" cross_success="0" jersey_num="5" pass_lost="7" pass_success="17" player_id="241869" player_name="Fernando Calero" position="Defender" position_id="2" x="31.15" y="64.02">
    <Player player_id="58819" player_name="Kiko Olivas">2</Player>
    <Player player_id="96771" player_name="Rubén Alcaraz">2</Player>
    <Player player_id="58876" player_name="Míchel">2</Player>
    <Player player_id="89850" player_name="Sergi Guardiola">2</Player>
    <Player player_id="242290" player_name="Toni Villa">2</Player>
    <Player player_id="90394" player_name="Nacho">2</Player>
    <Player player_id="59944" player_name="Keko">1</Player>
    <Player player_id="86148" player_name="Jordi Masip">4</Player>
  </Player>
  <Player cross_lost="0" cross_success="1" jersey_num="10" pass_lost="7" pass_success="18" player_id="96785" player_name="Óscar Plano" position="Forward" position_id="4" x="58.90" y="57.65">
    <Player player_id="96771" player_name="Rubén Alcaraz">2</Player>
    <Player player_id="89850" player_name="Sergi Guardiola">3</Player>
    <Player player_id="58876" player_name="Míchel">1</Player>
    <Player player_id="87804" player_name="Antoñito">1</Player>
    <Player cross="1" player_id="242290" player_name="Toni Villa">3</Player>
    <Player player_id="90394" player_name="Nacho">5</Player>
    <Player player_id="59944" player_name="Keko">3</Player>
  </Player>
  <Player cross_lost="0" cross_success="0" jersey_num="23" pass_lost="2" pass_success="0" player_id="198906" player_name="Anuar Mohamed" position="Substitute" position_id="5" sub_on="90" x="48.55" y="65.42" />
  <Player cross_lost="5" cross_success="1" jersey_num="22" pass_lost="13" pass_success="12" player_id="90394" player_name="Nacho" position="Defender" position_id="2" x="45.83" y="83.32">
    <Player cross="1" player_id="96771" player_name="Rubén Alcaraz">1</Player>
    <Player player_id="89850" player_name="Sergi Guardiola">1</Player>
    <Player player_id="58876" player_name="Míchel">3</Player>
    <Player player_id="87804" player_name="Antoñito">1</Player>
    <Player player_id="242290" player_name="Toni Villa">1</Player>
    <Player player_id="96785" player_name="Óscar Plano">2</Player>
    <Player player_id="241869" player_name="Fernando Calero">1</Player>
    <Player player_id="59944" player_name="Keko">1</Player>
  </Player>
  <Player cross_lost="1" cross_success="0" jersey_num="11" pass_lost="0" pass_success="6" player_id="153867" player_name="Daniele Verde" position="Substitute" position_id="5" sub_on="69" x="56.78" y="49.85">
    <Player player_id="96771" player_name="Rubén Alcaraz">1</Player>
    <Player player_id="58876" player_name="Míchel">1</Player>
    <Player player_id="89850" player_name="Sergi Guardiola">3</Player>
    <Player player_id="198906" player_name="Anuar Mohamed">1</Player>
  </Player>
  <Player cross_lost="0" cross_success="0" jersey_num="1" pass_lost="20" pass_success="22" player_id="86148" player_name="Jordi Masip" position="Goalkeeper" position_id="1" x="10.43" y="46.98">
    <Player player_id="58819" player_name="Kiko Olivas">4</Player>
    <Player player_id="96771" player_name="Rubén Alcaraz">1</Player>
    <Player player_id="89850" player_name="Sergi Guardiola">10</Player>
    <Player player_id="87804" player_name="Antoñito">2</Player>
    <Player player_id="241869" player_name="Fernando Calero">1</Player>
    <Player player_id="96785" player_name="Óscar Plano">4</Player>
  </Player>
  <Player cross_lost="2" cross_success="0" jersey_num="24" pass_lost="3" pass_success="13" player_id="59944" player_name="Keko" position="Midfielder" position_id="3" sub_off="83" x="67.68" y="26.57">
    <Player player_id="89850" player_name="Sergi Guardiola">1</Player>
    <Player player_id="58876" player_name="Míchel">5</Player>
    <Player player_id="87804" player_name="Antoñito">4</Player>
    <Player player_id="242290" player_name="Toni Villa">1</Player>
    <Player player_id="96785" player_name="Óscar Plano">1</Player>
    <Player player_id="153867" player_name="Daniele Verde">1</Player>
  </Player>
</SoccerFeed>