﻿<?xml version="1.0" encoding="UTF-8"?>
<!-- Copyright 2001-2018 Opta Sportsdata Ltd. All rights reserved. -->
<!-- PRODUCTION HEADER
     produced on:        valde-jobq-a01.nexus.opta.net
     production time:    20181220T091908,699Z
     production module:  Opta::Feed::XML::Soccer::F27
-->
<SoccerFeed act_minute="92" act_period="2" act_second="56" away_team_id="179" away_team_name="Sevilla" competition_id="23" competition_name="Spanish La Liga" game_date="2018-09-23 11:00:00" game_id="1009360" home_team_id="855" home_team_name="Levante" season_id="2018" season_name="Season 2018/2019" team_id="855" team_name="Levante">
  <Player cross_lost="2" cross_success="2" jersey_num="24" pass_lost="8" pass_success="46" player_id="88952" player_name="José Campaña" position="Midfielder" position_id="3" sub_off="73" x="54.02" y="52.99">
    <Player player_id="165375" player_name="José Luis Morales">4</Player>
    <Player player_id="196739" player_name="Enis Bardhi">7</Player>
    <Player cross="1" player_id="220093" player_name="Rober Pier">2</Player>
    <Player player_id="199248" player_name="Borja Mayoral">6</Player>
    <Player player_id="90400" player_name="Sergio Postigo">2</Player>
    <Player player_id="106551" player_name="Sanjin Prcic">9</Player>
    <Player player_id="83564" player_name="Antonio Luna">5</Player>
    <Player cross="1" player_id="109702" player_name="Roger Martí">0</Player>
    <Player player_id="42844" player_name="Pedro López">7</Player>
    <Player player_id="96093" player_name="Nikola Vukcevic">4</Player>
  </Player>
  <Player cross_lost="3" cross_success="1" jersey_num="11" pass_lost="1" pass_success="19" player_id="165375" player_name="José Luis Morales" position="Midfielder" position_id="3" x="67.46" y="46.42">
    <Player player_id="88952" player_name="José Campaña">3</Player>
    <Player player_id="181441" player_name="Moses Simon">1</Player>
    <Player player_id="196739" player_name="Enis Bardhi">2</Player>
    <Player player_id="220093" player_name="Rober Pier">1</Player>
    <Player player_id="199248" player_name="Borja Mayoral">2</Player>
    <Player player_id="83564" player_name="Antonio Luna">4</Player>
    <Player cross="1" player_id="109702" player_name="Roger Martí">1</Player>
    <Player player_id="42844" player_name="Pedro López">3</Player>
    <Player player_id="194764" player_name="Emmanuel Boateng">2</Player>
  </Player>
  <Player cross_lost="3" cross_success="1" jersey_num="22" pass_lost="8" pass_success="30" player_id="83564" player_name="Antonio Luna" position="Defender" position_id="2" x="51.13" y="84.02">
    <Player player_id="88952" player_name="José Campaña">5</Player>
    <Player player_id="165375" player_name="José Luis Morales">4</Player>
    <Player cross="1" player_id="196739" player_name="Enis Bardhi">5</Player>
    <Player player_id="220093" player_name="Rober Pier">4</Player>
    <Player player_id="199248" player_name="Borja Mayoral">1</Player>
    <Player player_id="90400" player_name="Sergio Postigo">1</Player>
    <Player player_id="106551" player_name="Sanjin Prcic">1</Player>
    <Player player_id="109702" player_name="Roger Martí">3</Player>
    <Player player_id="96093" player_name="Nikola Vukcevic">6</Player>
  </Player>
  <Player cross_lost="3" cross_success="0" jersey_num="7" pass_lost="1" pass_success="4" player_id="181441" player_name="Moses Simon" position="Substitute" position_id="5" sub_on="73" x="66.55" y="43.46">
    <Player player_id="83564" player_name="Antonio Luna">2</Player>
    <Player player_id="196739" player_name="Enis Bardhi">1</Player>
    <Player player_id="42844" player_name="Pedro López">1</Player>
  </Player>
  <Player cross_lost="0" cross_success="0" jersey_num="9" pass_lost="3" pass_success="6" player_id="109702" player_name="Roger Martí" position="Forward" position_id="4" sub_off="61" x="79.09" y="53.46">
    <Player player_id="88952" player_name="José Campaña">1</Player>
    <Player player_id="165375" player_name="José Luis Morales">1</Player>
    <Player player_id="196739" player_name="Enis Bardhi">1</Player>
    <Player player_id="199248" player_name="Borja Mayoral">2</Player>
    <Player player_id="42844" player_name="Pedro López">1</Player>
  </Player>
  <Player cross_lost="4" cross_success="0" jersey_num="10" pass_lost="8" pass_success="39" player_id="196739" player_name="Enis Bardhi" position="Midfielder" position_id="3" x="58.50" y="49.93">
    <Player player_id="88952" player_name="José Campaña">13</Player>
    <Player player_id="165375" player_name="José Luis Morales">5</Player>
    <Player player_id="83564" player_name="Antonio Luna">5</Player>
    <Player player_id="181441" player_name="Moses Simon">1</Player>
    <Player player_id="220093" player_name="Rober Pier">1</Player>
    <Player player_id="199248" player_name="Borja Mayoral">3</Player>
    <Player player_id="42844" player_name="Pedro López">4</Player>
    <Player player_id="90400" player_name="Sergio Postigo">1</Player>
    <Player player_id="106551" player_name="Sanjin Prcic">2</Player>
    <Player player_id="96093" player_name="Nikola Vukcevic">4</Player>
  </Player>
  <Player cross_lost="0" cross_success="0" jersey_num="4" pass_lost="7" pass_success="36" player_id="220093" player_name="Rober Pier" position="Defender" position_id="2" x="34.23" y="65.34">
    <Player player_id="88952" player_name="José Campaña">4</Player>
    <Player player_id="165375" player_name="José Luis Morales">1</Player>
    <Player player_id="83564" player_name="Antonio Luna">10</Player>
    <Player player_id="196739" player_name="Enis Bardhi">6</Player>
    <Player player_id="49442" player_name="Oier Olazábal">2</Player>
    <Player player_id="106551" player_name="Sanjin Prcic">1</Player>
    <Player player_id="90400" player_name="Sergio Postigo">11</Player>
    <Player player_id="96093" player_name="Nikola Vukcevic">1</Player>
  </Player>
  <Player cross_lost="0" cross_success="0" jersey_num="2" pass_lost="0" pass_success="18" player_id="199248" player_name="Borja Mayoral" position="Forward" position_id="4" x="67.42" y="47.86">
    <Player player_id="88952" player_name="José Campaña">3</Player>
    <Player player_id="83564" player_name="Antonio Luna">1</Player>
    <Player player_id="181441" player_name="Moses Simon">1</Player>
    <Player player_id="109702" player_name="Roger Martí">1</Player>
    <Player player_id="196739" player_name="Enis Bardhi">3</Player>
    <Player player_id="42844" player_name="Pedro López">5</Player>
    <Player player_id="90400" player_name="Sergio Postigo">1</Player>
    <Player player_id="106551" player_name="Sanjin Prcic">3</Player>
  </Player>
  <Player cross_lost="0" cross_success="0" jersey_num="13" pass_lost="3" pass_success="19" player_id="49442" player_name="Oier Olazábal" position="Goalkeeper" position_id="1" x="8.26" y="49.30">
    <Player player_id="83564" player_name="Antonio Luna">2</Player>
    <Player player_id="196739" player_name="Enis Bardhi">2</Player>
    <Player player_id="220093" player_name="Rober Pier">5</Player>
    <Player player_id="42844" player_name="Pedro López">6</Player>
    <Player player_id="90400" player_name="Sergio Postigo">4</Player>
  </Player>
  <Player cross_lost="5" cross_success="0" jersey_num="19" pass_lost="6" pass_success="40" player_id="42844" player_name="Pedro López" position="Defender" position_id="2" x="49.38" y="14.31">
    <Player player_id="88952" player_name="José Campaña">6</Player>
    <Player player_id="165375" player_name="José Luis Morales">4</Player>
    <Player player_id="109702" player_name="Roger Martí">2</Player>
    <Player player_id="196739" player_name="Enis Bardhi">5</Player>
    <Player player_id="220093" player_name="Rober Pier">1</Player>
    <Player player_id="199248" player_name="Borja Mayoral">3</Player>
    <Player player_id="49442" player_name="Oier Olazábal">2</Player>
    <Player player_id="106551" player_name="Sanjin Prcic">4</Player>
    <Player player_id="90400" player_name="Sergio Postigo">11</Player>
    <Player player_id="96093" player_name="Nikola Vukcevic">2</Player>
  </Player>
  <Player cross_lost="0" cross_success="0" jersey_num="15" pass_lost="5" pass_success="40" player_id="90400" player_name="Sergio Postigo" position="Defender" position_id="2" x="32.80" y="34.04">
    <Player player_id="88952" player_name="José Campaña">5</Player>
    <Player player_id="165375" player_name="José Luis Morales">1</Player>
    <Player player_id="83564" player_name="Antonio Luna">4</Player>
    <Player player_id="109702" player_name="Roger Martí">2</Player>
    <Player player_id="196739" player_name="Enis Bardhi">5</Player>
    <Player player_id="220093" player_name="Rober Pier">11</Player>
    <Player player_id="199248" player_name="Borja Mayoral">1</Player>
    <Player player_id="49442" player_name="Oier Olazábal">2</Player>
    <Player player_id="42844" player_name="Pedro López">4</Player>
    <Player player_id="106551" player_name="Sanjin Prcic">4</Player>
    <Player player_id="96093" player_name="Nikola Vukcevic">1</Player>
  </Player>
  <Player cross_lost="0" cross_success="0" jersey_num="8" pass_lost="2" pass_success="28" player_id="106551" player_name="Sanjin Prcic" position="Midfielder" position_id="3" sub_off="61" x="47.60" y="32.21">
    <Player player_id="88952" player_name="José Campaña">3</Player>
    <Player player_id="165375" player_name="José Luis Morales">2</Player>
    <Player player_id="83564" player_name="Antonio Luna">1</Player>
    <Player player_id="196739" player_name="Enis Bardhi">2</Player>
    <Player player_id="220093" player_name="Rober Pier">4</Player>
    <Player player_id="199248" player_name="Borja Mayoral">2</Player>
    <Player player_id="42844" player_name="Pedro López">8</Player>
    <Player player_id="90400" player_name="Sergio Postigo">6</Player>
  </Player>
  <Player cross_lost="0" cross_success="0" jersey_num="17" pass_lost="4" pass_success="18" player_id="96093" player_name="Nikola Vukcevic" position="Substitute" position_id="5" sub_on="61" x="45.32" y="53.22">
    <Player player_id="88952" player_name="José Campaña">4</Player>
    <Player player_id="165375" player_name="José Luis Morales">2</Player>
    <Player player_id="83564" player_name="Antonio Luna">4</Player>
    <Player player_id="181441" player_name="Moses Simon">3</Player>
    <Player player_id="196739" player_name="Enis Bardhi">2</Player>
    <Player player_id="199248" player_name="Borja Mayoral">1</Player>
    <Player player_id="42844" player_name="Pedro López">1</Player>
    <Player player_id="194764" player_name="Emmanuel Boateng">1</Player>
  </Player>
  <Player cross_lost="0" cross_success="0" jersey_num="21" pass_lost="0" pass_success="2" player_id="194764" player_name="Emmanuel Boateng" position="Substitute" position_id="5" sub_on="61" x="76.36" y="70.83">
    <Player player_id="165375" player_name="José Luis Morales">1</Player>
    <Player player_id="96093" player_name="Nikola Vukcevic">1</Player>
  </Player>
</SoccerFeed>