﻿<?xml version="1.0" encoding="UTF-8"?>
<!-- Copyright 2001-2018 Opta Sportsdata Ltd. All rights reserved. -->
<!-- PRODUCTION HEADER
     produced on:        valde-jobq-a02.nexus.opta.net
     production time:    20181029T215233,131Z
     production module:  Opta::Feed::XML::Soccer::F27
-->
<SoccerFeed act_minute="93" act_period="2" act_second="9" away_team_id="191" away_team_name="Valencia CF" competition_id="23" competition_name="Spanish La Liga" game_date="2018-10-27 15:15:00" game_id="1009408" home_team_id="174" home_team_name="Athletic Club" season_id="2018" season_name="Season 2018/2019" team_id="191" team_name="Valencia CF">
  <Player cross_lost="0" cross_success="0" jersey_num="5" pass_lost="10" pass_success="36" player_id="158074" player_name="Gabriel" position="Defender" position_id="2" x="28.12" y="72.05">
    <Player player_id="224860" player_name="Carlos Soler">1</Player>
    <Player player_id="69752" player_name="Neto">4</Player>
    <Player player_id="56864" player_name="Francis Coquelin">2</Player>
    <Player player_id="116206" player_name="Rúben Vezo">2</Player>
    <Player player_id="80954" player_name="Rodrigo Moreno">2</Player>
    <Player player_id="28525" player_name="Ezequiel Garay">7</Player>
    <Player player_id="88754" player_name="Geoffrey Kondogbia">12</Player>
    <Player player_id="51952" player_name="Daniel Parejo">3</Player>
    <Player player_id="132105" player_name="José Gayá">3</Player>
  </Player>
  <Player cross_lost="0" cross_success="0" jersey_num="8" pass_lost="3" pass_success="11" player_id="224860" player_name="Carlos Soler" position="Midfielder" position_id="3" sub_off="70" x="44.92" y="22.33">
    <Player player_id="56864" player_name="Francis Coquelin">1</Player>
    <Player player_id="116206" player_name="Rúben Vezo">3</Player>
    <Player player_id="80954" player_name="Rodrigo Moreno">1</Player>
    <Player player_id="88754" player_name="Geoffrey Kondogbia">1</Player>
    <Player player_id="94245" player_name="Michy Batshuayi">1</Player>
    <Player player_id="51952" player_name="Daniel Parejo">3</Player>
    <Player player_id="132105" player_name="José Gayá">1</Player>
  </Player>
  <Player cross_lost="0" cross_success="0" jersey_num="9" pass_lost="1" pass_success="6" player_id="42779" player_name="Kevin Gameiro" position="Substitute" position_id="5" sub_on="45" x="67.63" y="62.79">
    <Player player_id="56864" player_name="Francis Coquelin">4</Player>
    <Player player_id="80954" player_name="Rodrigo Moreno">1</Player>
    <Player player_id="51952" player_name="Daniel Parejo">1</Player>
  </Player>
  <Player cross_lost="0" cross_success="0" jersey_num="17" pass_lost="9" pass_success="22" player_id="56864" player_name="Francis Coquelin" position="Midfielder" position_id="3" x="43.15" y="77.01">
    <Player player_id="158074" player_name="Gabriel">2</Player>
    <Player player_id="224860" player_name="Carlos Soler">1</Player>
    <Player player_id="42779" player_name="Kevin Gameiro">1</Player>
    <Player player_id="116206" player_name="Rúben Vezo">1</Player>
    <Player player_id="80954" player_name="Rodrigo Moreno">2</Player>
    <Player player_id="88754" player_name="Geoffrey Kondogbia">4</Player>
    <Player player_id="94245" player_name="Michy Batshuayi">1</Player>
    <Player player_id="51952" player_name="Daniel Parejo">2</Player>
    <Player player_id="132105" player_name="José Gayá">7</Player>
  </Player>
  <Player cross_lost="0" cross_success="0" jersey_num="13" pass_lost="11" pass_success="22" player_id="69752" player_name="Neto" position="Goalkeeper" position_id="1" x="7.30" y="51.63">
    <Player player_id="158074" player_name="Gabriel">1</Player>
    <Player player_id="42779" player_name="Kevin Gameiro">1</Player>
    <Player player_id="56864" player_name="Francis Coquelin">3</Player>
    <Player player_id="116206" player_name="Rúben Vezo">3</Player>
    <Player player_id="80954" player_name="Rodrigo Moreno">2</Player>
    <Player player_id="28525" player_name="Ezequiel Garay">3</Player>
    <Player player_id="88754" player_name="Geoffrey Kondogbia">2</Player>
    <Player player_id="56624" player_name="Daniel Wass">2</Player>
    <Player player_id="94245" player_name="Michy Batshuayi">1</Player>
    <Player player_id="51952" player_name="Daniel Parejo">1</Player>
    <Player player_id="132105" player_name="José Gayá">1</Player>
  </Player>
  <Player cross_lost="1" cross_success="0" jersey_num="3" pass_lost="11" pass_success="29" player_id="116206" player_name="Rúben Vezo" position="Defender" position_id="2" x="40.61" y="17.83">
    <Player player_id="158074" player_name="Gabriel">2</Player>
    <Player player_id="224860" player_name="Carlos Soler">4</Player>
    <Player player_id="69752" player_name="Neto">1</Player>
    <Player player_id="80954" player_name="Rodrigo Moreno">1</Player>
    <Player player_id="28525" player_name="Ezequiel Garay">8</Player>
    <Player player_id="88754" player_name="Geoffrey Kondogbia">3</Player>
    <Player player_id="132105" player_name="José Gayá">1</Player>
    <Player player_id="51952" player_name="Daniel Parejo">9</Player>
  </Player>
  <Player cross_lost="1" cross_success="0" jersey_num="19" pass_lost="8" pass_success="15" player_id="80954" player_name="Rodrigo Moreno" position="Forward" position_id="4" x="58.24" y="41.76">
    <Player player_id="42779" player_name="Kevin Gameiro">1</Player>
    <Player player_id="116206" player_name="Rúben Vezo">5</Player>
    <Player player_id="88754" player_name="Geoffrey Kondogbia">5</Player>
    <Player player_id="94245" player_name="Michy Batshuayi">3</Player>
    <Player player_id="51952" player_name="Daniel Parejo">1</Player>
  </Player>
  <Player cross_lost="0" cross_success="0" jersey_num="24" pass_lost="14" pass_success="34" player_id="28525" player_name="Ezequiel Garay" position="Defender" position_id="2" x="30.64" y="31.29">
    <Player player_id="158074" player_name="Gabriel">6</Player>
    <Player player_id="224860" player_name="Carlos Soler">1</Player>
    <Player player_id="42779" player_name="Kevin Gameiro">2</Player>
    <Player player_id="69752" player_name="Neto">2</Player>
    <Player player_id="56864" player_name="Francis Coquelin">1</Player>
    <Player player_id="116206" player_name="Rúben Vezo">9</Player>
    <Player player_id="80954" player_name="Rodrigo Moreno">1</Player>
    <Player player_id="88754" player_name="Geoffrey Kondogbia">4</Player>
    <Player player_id="56624" player_name="Daniel Wass">1</Player>
    <Player player_id="94245" player_name="Michy Batshuayi">3</Player>
    <Player player_id="51952" player_name="Daniel Parejo">4</Player>
  </Player>
  <Player cross_lost="0" cross_success="0" jersey_num="6" pass_lost="12" pass_success="30" player_id="88754" player_name="Geoffrey Kondogbia" position="Midfielder" position_id="3" x="43.03" y="57.57">
    <Player player_id="158074" player_name="Gabriel">3</Player>
    <Player player_id="224860" player_name="Carlos Soler">1</Player>
    <Player player_id="56864" player_name="Francis Coquelin">5</Player>
    <Player player_id="116206" player_name="Rúben Vezo">3</Player>
    <Player player_id="80954" player_name="Rodrigo Moreno">3</Player>
    <Player player_id="28525" player_name="Ezequiel Garay">6</Player>
    <Player player_id="56624" player_name="Daniel Wass">1</Player>
    <Player player_id="94245" player_name="Michy Batshuayi">1</Player>
    <Player player_id="132105" player_name="José Gayá">4</Player>
    <Player player_id="51952" player_name="Daniel Parejo">3</Player>
  </Player>
  <Player cross_lost="1" cross_success="0" jersey_num="18" pass_lost="1" pass_success="3" player_id="56624" player_name="Daniel Wass" position="Substitute" position_id="5" sub_on="70" x="51.35" y="20.59">
    <Player player_id="80954" player_name="Rodrigo Moreno">1</Player>
    <Player player_id="51952" player_name="Daniel Parejo">2</Player>
  </Player>
  <Player cross_lost="0" cross_success="0" jersey_num="23" pass_lost="1" pass_success="11" player_id="94245" player_name="Michy Batshuayi" position="Forward" position_id="4" sub_off="45" x="51.94" y="50.18">
    <Player player_id="224860" player_name="Carlos Soler">1</Player>
    <Player player_id="116206" player_name="Rúben Vezo">2</Player>
    <Player player_id="80954" player_name="Rodrigo Moreno">4</Player>
    <Player player_id="88754" player_name="Geoffrey Kondogbia">1</Player>
    <Player player_id="51952" player_name="Daniel Parejo">1</Player>
    <Player player_id="132105" player_name="José Gayá">2</Player>
  </Player>
  <Player cross_lost="1" cross_success="0" jersey_num="14" pass_lost="5" pass_success="20" player_id="132105" player_name="José Gayá" position="Defender" position_id="2" x="33.15" y="82.22">
    <Player player_id="158074" player_name="Gabriel">3</Player>
    <Player player_id="42779" player_name="Kevin Gameiro">1</Player>
    <Player player_id="69752" player_name="Neto">3</Player>
    <Player player_id="56864" player_name="Francis Coquelin">1</Player>
    <Player player_id="28525" player_name="Ezequiel Garay">2</Player>
    <Player player_id="88754" player_name="Geoffrey Kondogbia">5</Player>
    <Player player_id="94245" player_name="Michy Batshuayi">3</Player>
    <Player player_id="51952" player_name="Daniel Parejo">2</Player>
  </Player>
  <Player cross_lost="2" cross_success="2" jersey_num="10" pass_lost="10" pass_success="39" player_id="51952" player_name="Daniel Parejo" position="Midfielder" position_id="3" x="43.51" y="36.44">
    <Player player_id="158074" player_name="Gabriel">6</Player>
    <Player player_id="224860" player_name="Carlos Soler">4</Player>
    <Player player_id="42779" player_name="Kevin Gameiro">2</Player>
    <Player player_id="56864" player_name="Francis Coquelin">7</Player>
    <Player cross="2" player_id="116206" player_name="Rúben Vezo">5</Player>
    <Player player_id="80954" player_name="Rodrigo Moreno">5</Player>
    <Player player_id="28525" player_name="Ezequiel Garay">7</Player>
    <Player player_id="88754" player_name="Geoffrey Kondogbia">2</Player>
    <Player player_id="56624" player_name="Daniel Wass">1</Player>
  </Player>
</SoccerFeed>