﻿<?xml version="1.0" encoding="UTF-8"?>
<!-- Copyright 2001-2018 Opta Sportsdata Ltd. All rights reserved. -->
<!-- PRODUCTION HEADER
     produced on:        valde-jobq-a04.nexus.opta.net
     production time:    20180916T195005,572Z
     production module:  Opta::Feed::XML::Soccer::F27
-->
<SoccerFeed act_minute="92" act_period="2" act_second="9" away_team_id="185" away_team_name="Real Betis" competition_id="23" competition_name="Spanish La Liga" game_date="2018-09-15 17:30:00" game_id="1009353" home_team_id="191" home_team_name="Valencia CF" season_id="2018" season_name="Season 2018/2019" team_id="185" team_name="Real Betis">
  <Player cross_lost="1" cross_success="2" jersey_num="6" pass_lost="5" pass_success="64" player_id="56448" player_name="Sergio Canales" position="Midfielder" position_id="3" x="46.73" y="43.21">
    <Player cross="1" player_id="168598" player_name="Antonio Sanabria">0</Player>
    <Player cross="1" player_id="53142" player_name="Sidnei">9</Player>
    <Player player_id="37064" player_name="Andrés Guardado">8</Player>
    <Player player_id="10316" player_name="Joaquín">2</Player>
    <Player player_id="103263" player_name="Takashi Inui">2</Player>
    <Player player_id="55264" player_name="Ryad Boudebouz">8</Player>
    <Player player_id="81138" player_name="Marc Bartra">10</Player>
    <Player player_id="432757" player_name="Francis">7</Player>
    <Player player_id="443967" player_name="Júnior Firpo">4</Player>
    <Player player_id="86813" player_name="Aissa Mandi">12</Player>
    <Player player_id="182960" player_name="Pau López">2</Player>
  </Player>
  <Player cross_lost="0" cross_success="0" jersey_num="21" pass_lost="0" pass_success="11" player_id="200826" player_name="Giovani Lo Celso" position="Substitute" position_id="5" sub_on="77" x="45.53" y="38.50">
    <Player player_id="56448" player_name="Sergio Canales">1</Player>
    <Player player_id="86813" player_name="Aissa Mandi">1</Player>
    <Player player_id="37064" player_name="Andrés Guardado">2</Player>
    <Player player_id="10316" player_name="Joaquín">3</Player>
    <Player player_id="81138" player_name="Marc Bartra">1</Player>
    <Player player_id="443967" player_name="Júnior Firpo">3</Player>
  </Player>
  <Player cross_lost="0" cross_success="0" jersey_num="23" pass_lost="2" pass_success="83" player_id="86813" player_name="Aissa Mandi" position="Defender" position_id="2" x="33.36" y="25.69">
    <Player player_id="56448" player_name="Sergio Canales">22</Player>
    <Player player_id="200826" player_name="Giovani Lo Celso">1</Player>
    <Player player_id="168598" player_name="Antonio Sanabria">1</Player>
    <Player player_id="37064" player_name="Andrés Guardado">12</Player>
    <Player player_id="10316" player_name="Joaquín">2</Player>
    <Player player_id="55264" player_name="Ryad Boudebouz">7</Player>
    <Player player_id="81138" player_name="Marc Bartra">20</Player>
    <Player player_id="82418" player_name="Sergio León">1</Player>
    <Player player_id="182960" player_name="Pau López">5</Player>
    <Player player_id="432757" player_name="Francis">11</Player>
    <Player player_id="443967" player_name="Júnior Firpo">1</Player>
  </Player>
  <Player cross_lost="0" cross_success="0" jersey_num="9" pass_lost="2" pass_success="6" player_id="168598" player_name="Antonio Sanabria" position="Forward" position_id="4" sub_off="68" x="48.62" y="57.36">
    <Player player_id="37064" player_name="Andrés Guardado">2</Player>
    <Player player_id="103263" player_name="Takashi Inui">1</Player>
    <Player player_id="55264" player_name="Ryad Boudebouz">2</Player>
    <Player player_id="432757" player_name="Francis">1</Player>
  </Player>
  <Player cross_lost="0" cross_success="0" jersey_num="12" pass_lost="10" pass_success="67" player_id="53142" player_name="Sidnei" position="Defender" position_id="2" x="31.98" y="75.50">
    <Player player_id="56448" player_name="Sergio Canales">3</Player>
    <Player player_id="86813" player_name="Aissa Mandi">3</Player>
    <Player player_id="37064" player_name="Andrés Guardado">7</Player>
    <Player player_id="10316" player_name="Joaquín">2</Player>
    <Player player_id="55264" player_name="Ryad Boudebouz">1</Player>
    <Player player_id="103263" player_name="Takashi Inui">3</Player>
    <Player player_id="81138" player_name="Marc Bartra">25</Player>
    <Player player_id="182960" player_name="Pau López">5</Player>
    <Player player_id="432757" player_name="Francis">2</Player>
    <Player player_id="443967" player_name="Júnior Firpo">16</Player>
  </Player>
  <Player cross_lost="0" cross_success="1" jersey_num="18" pass_lost="8" pass_success="63" player_id="37064" player_name="Andrés Guardado" position="Midfielder" position_id="3" x="46.03" y="52.36">
    <Player player_id="200826" player_name="Giovani Lo Celso">3</Player>
    <Player player_id="53142" player_name="Sidnei">11</Player>
    <Player player_id="10316" player_name="Joaquín">2</Player>
    <Player cross="1" player_id="55264" player_name="Ryad Boudebouz">4</Player>
    <Player player_id="103263" player_name="Takashi Inui">4</Player>
    <Player player_id="81138" player_name="Marc Bartra">7</Player>
    <Player player_id="432757" player_name="Francis">3</Player>
    <Player player_id="443967" player_name="Júnior Firpo">5</Player>
    <Player player_id="56448" player_name="Sergio Canales">8</Player>
    <Player player_id="86813" player_name="Aissa Mandi">10</Player>
    <Player player_id="182960" player_name="Pau López">5</Player>
    <Player player_id="82418" player_name="Sergio León">1</Player>
  </Player>
  <Player cross_lost="0" cross_success="0" jersey_num="17" pass_lost="1" pass_success="14" player_id="10316" player_name="Joaquín" position="Substitute" position_id="5" sub_on="63" x="44.18" y="60.86">
    <Player player_id="56448" player_name="Sergio Canales">5</Player>
    <Player player_id="200826" player_name="Giovani Lo Celso">1</Player>
    <Player player_id="53142" player_name="Sidnei">1</Player>
    <Player player_id="37064" player_name="Andrés Guardado">2</Player>
    <Player player_id="81138" player_name="Marc Bartra">2</Player>
    <Player player_id="82418" player_name="Sergio León">1</Player>
    <Player player_id="432757" player_name="Francis">1</Player>
    <Player player_id="443967" player_name="Júnior Firpo">1</Player>
  </Player>
  <Player cross_lost="3" cross_success="1" jersey_num="10" pass_lost="3" pass_success="25" player_id="55264" player_name="Ryad Boudebouz" position="Forward" position_id="4" sub_off="77" x="57.42" y="19.62">
    <Player player_id="56448" player_name="Sergio Canales">8</Player>
    <Player cross="1" player_id="86813" player_name="Aissa Mandi">2</Player>
    <Player player_id="168598" player_name="Antonio Sanabria">1</Player>
    <Player player_id="37064" player_name="Andrés Guardado">4</Player>
    <Player player_id="103263" player_name="Takashi Inui">2</Player>
    <Player player_id="81138" player_name="Marc Bartra">3</Player>
    <Player player_id="432757" player_name="Francis">5</Player>
  </Player>
  <Player cross_lost="1" cross_success="0" jersey_num="8" pass_lost="1" pass_success="18" player_id="103263" player_name="Takashi Inui" position="Forward" position_id="4" sub_off="63" x="55.98" y="74.48">
    <Player player_id="56448" player_name="Sergio Canales">1</Player>
    <Player player_id="53142" player_name="Sidnei">1</Player>
    <Player player_id="37064" player_name="Andrés Guardado">7</Player>
    <Player player_id="55264" player_name="Ryad Boudebouz">2</Player>
    <Player player_id="81138" player_name="Marc Bartra">1</Player>
    <Player player_id="182960" player_name="Pau López">1</Player>
    <Player player_id="432757" player_name="Francis">1</Player>
    <Player player_id="443967" player_name="Júnior Firpo">4</Player>
  </Player>
  <Player cross_lost="0" cross_success="0" jersey_num="5" pass_lost="5" pass_success="79" player_id="81138" player_name="Marc Bartra" position="Defender" position_id="2" x="34.27" y="50.47">
    <Player player_id="56448" player_name="Sergio Canales">7</Player>
    <Player player_id="200826" player_name="Giovani Lo Celso">2</Player>
    <Player player_id="86813" player_name="Aissa Mandi">25</Player>
    <Player player_id="53142" player_name="Sidnei">25</Player>
    <Player player_id="37064" player_name="Andrés Guardado">4</Player>
    <Player player_id="10316" player_name="Joaquín">1</Player>
    <Player player_id="103263" player_name="Takashi Inui">1</Player>
    <Player player_id="55264" player_name="Ryad Boudebouz">2</Player>
    <Player player_id="182960" player_name="Pau López">5</Player>
    <Player player_id="432757" player_name="Francis">3</Player>
    <Player player_id="443967" player_name="Júnior Firpo">4</Player>
  </Player>
  <Player cross_lost="0" cross_success="0" jersey_num="7" pass_lost="2" pass_success="2" player_id="82418" player_name="Sergio León" position="Substitute" position_id="5" sub_on="68" x="54.12" y="50.07">
    <Player player_id="10316" player_name="Joaquín">1</Player>
    <Player player_id="37064" player_name="Andrés Guardado">1</Player>
  </Player>
  <Player cross_lost="0" cross_success="0" jersey_num="13" pass_lost="8" pass_success="32" player_id="182960" player_name="Pau López" position="Goalkeeper" position_id="1" x="8.33" y="50.06">
    <Player player_id="56448" player_name="Sergio Canales">1</Player>
    <Player player_id="200826" player_name="Giovani Lo Celso">2</Player>
    <Player player_id="86813" player_name="Aissa Mandi">12</Player>
    <Player player_id="168598" player_name="Antonio Sanabria">1</Player>
    <Player player_id="53142" player_name="Sidnei">2</Player>
    <Player player_id="37064" player_name="Andrés Guardado">7</Player>
    <Player player_id="103263" player_name="Takashi Inui">1</Player>
    <Player player_id="81138" player_name="Marc Bartra">5</Player>
    <Player player_id="443967" player_name="Júnior Firpo">1</Player>
  </Player>
  <Player cross_lost="2" cross_success="0" jersey_num="2" pass_lost="5" pass_success="26" player_id="432757" player_name="Francis" position="Midfielder" position_id="3" x="40.32" y="15.57">
    <Player player_id="56448" player_name="Sergio Canales">6</Player>
    <Player player_id="200826" player_name="Giovani Lo Celso">1</Player>
    <Player player_id="86813" player_name="Aissa Mandi">6</Player>
    <Player player_id="168598" player_name="Antonio Sanabria">1</Player>
    <Player player_id="37064" player_name="Andrés Guardado">1</Player>
    <Player player_id="103263" player_name="Takashi Inui">1</Player>
    <Player player_id="55264" player_name="Ryad Boudebouz">9</Player>
    <Player player_id="81138" player_name="Marc Bartra">1</Player>
  </Player>
  <Player cross_lost="1" cross_success="0" jersey_num="20" pass_lost="9" pass_success="35" player_id="443967" player_name="Júnior Firpo" position="Midfielder" position_id="3" x="42.32" y="86.29">
    <Player player_id="56448" player_name="Sergio Canales">1</Player>
    <Player player_id="168598" player_name="Antonio Sanabria">2</Player>
    <Player player_id="53142" player_name="Sidnei">13</Player>
    <Player player_id="37064" player_name="Andrés Guardado">8</Player>
    <Player player_id="10316" player_name="Joaquín">3</Player>
    <Player player_id="103263" player_name="Takashi Inui">4</Player>
    <Player player_id="81138" player_name="Marc Bartra">1</Player>
    <Player player_id="82418" player_name="Sergio León">1</Player>
    <Player player_id="182960" player_name="Pau López">1</Player>
  </Player>
</SoccerFeed>