﻿<?xml version="1.0" encoding="UTF-8"?>
<!-- Copyright 2001-2018 Opta Sportsdata Ltd. All rights reserved. -->
<!-- PRODUCTION HEADER
     produced on:        valde-jobq-a04.nexus.opta.net
     production time:    20181129T165134,961Z
     production module:  Opta::Feed::XML::Soccer::F27
-->
<SoccerFeed act_minute="94" act_period="2" act_second="3" away_team_id="184" away_team_name="Rayo Vallecano" competition_id="23" competition_name="Spanish La Liga" game_date="2018-09-25 20:00:00" game_id="1009374" home_team_id="188" home_team_name="Real Sociedad" season_id="2018" season_name="Season 2018/2019" team_id="188" team_name="Real Sociedad">
  <Player cross_lost="0" cross_success="2" jersey_num="4" pass_lost="1" pass_success="24" player_id="84086" player_name="Asier Illarramendi" position="Substitute" position_id="5" sub_on="61" x="42.37" y="40.92">
    <Player player_id="201182" player_name="Jon Bautista">1</Player>
    <Player player_id="195384" player_name="Mikel Merino">2</Player>
    <Player player_id="219000" player_name="Mikel Oyarzabal">2</Player>
    <Player cross="1" player_id="200957" player_name="Aritz Elustondo">1</Player>
    <Player player_id="54371" player_name="David Zurutuza">2</Player>
    <Player cross="1" player_id="73314" player_name="Willian José">0</Player>
    <Player player_id="98821" player_name="Joseba Zaldua">8</Player>
    <Player player_id="106921" player_name="Gerónimo Rulli">1</Player>
    <Player player_id="116626" player_name="Kévin Rodrigues">2</Player>
    <Player player_id="49656" player_name="Héctor Moreno">5</Player>
  </Player>
  <Player cross_lost="0" cross_success="0" jersey_num="21" pass_lost="2" pass_success="13" player_id="201182" player_name="Jon Bautista" position="Forward" position_id="4" x="68.75" y="48.01">
    <Player player_id="84086" player_name="Asier Illarramendi">2</Player>
    <Player player_id="195384" player_name="Mikel Merino">1</Player>
    <Player player_id="219000" player_name="Mikel Oyarzabal">1</Player>
    <Player player_id="200957" player_name="Aritz Elustondo">1</Player>
    <Player player_id="54371" player_name="David Zurutuza">1</Player>
    <Player player_id="73314" player_name="Willian José">2</Player>
    <Player player_id="201179" player_name="Luca Sangalli">2</Player>
    <Player player_id="216475" player_name="Igor Zubeldia">1</Player>
    <Player player_id="49656" player_name="Héctor Moreno">2</Player>
  </Player>
  <Player cross_lost="1" cross_success="0" jersey_num="8" pass_lost="13" pass_success="23" player_id="195384" player_name="Mikel Merino" position="Midfielder" position_id="3" x="54.10" y="52.40">
    <Player player_id="84086" player_name="Asier Illarramendi">1</Player>
    <Player player_id="219000" player_name="Mikel Oyarzabal">3</Player>
    <Player player_id="200957" player_name="Aritz Elustondo">3</Player>
    <Player player_id="54371" player_name="David Zurutuza">1</Player>
    <Player player_id="201179" player_name="Luca Sangalli">2</Player>
    <Player player_id="216475" player_name="Igor Zubeldia">2</Player>
    <Player player_id="201182" player_name="Jon Bautista">2</Player>
    <Player player_id="90328" player_name="Rubén Pardo">2</Player>
    <Player player_id="49656" player_name="Héctor Moreno">4</Player>
    <Player player_id="116626" player_name="Kévin Rodrigues">2</Player>
    <Player player_id="106921" player_name="Gerónimo Rulli">1</Player>
  </Player>
  <Player cross_lost="1" cross_success="2" jersey_num="10" pass_lost="9" pass_success="22" player_id="219000" player_name="Mikel Oyarzabal" position="Midfielder" position_id="3" x="63.22" y="64.75">
    <Player player_id="84086" player_name="Asier Illarramendi">2</Player>
    <Player player_id="195384" player_name="Mikel Merino">5</Player>
    <Player cross="1" player_id="73314" player_name="Willian José">1</Player>
    <Player player_id="201179" player_name="Luca Sangalli">1</Player>
    <Player player_id="216475" player_name="Igor Zubeldia">3</Player>
    <Player cross="1" player_id="201182" player_name="Jon Bautista">2</Player>
    <Player player_id="98821" player_name="Joseba Zaldua">2</Player>
    <Player player_id="116626" player_name="Kévin Rodrigues">3</Player>
    <Player player_id="49656" player_name="Héctor Moreno">3</Player>
  </Player>
  <Player cross_lost="0" cross_success="0" jersey_num="15" pass_lost="10" pass_success="52" player_id="200957" player_name="Aritz Elustondo" position="Defender" position_id="2" x="34.12" y="36.47">
    <Player player_id="84086" player_name="Asier Illarramendi">2</Player>
    <Player player_id="195384" player_name="Mikel Merino">4</Player>
    <Player player_id="219000" player_name="Mikel Oyarzabal">4</Player>
    <Player player_id="54371" player_name="David Zurutuza">2</Player>
    <Player player_id="73314" player_name="Willian José">1</Player>
    <Player player_id="201179" player_name="Luca Sangalli">1</Player>
    <Player player_id="216475" player_name="Igor Zubeldia">6</Player>
    <Player player_id="90328" player_name="Rubén Pardo">2</Player>
    <Player player_id="98821" player_name="Joseba Zaldua">12</Player>
    <Player player_id="106921" player_name="Gerónimo Rulli">4</Player>
    <Player player_id="49656" player_name="Héctor Moreno">14</Player>
  </Player>
  <Player cross_lost="0" cross_success="0" jersey_num="17" pass_lost="2" pass_success="7" player_id="54371" player_name="David Zurutuza" position="Substitute" position_id="5" sub_on="76" x="53.87" y="65.84">
    <Player player_id="84086" player_name="Asier Illarramendi">1</Player>
    <Player player_id="200957" player_name="Aritz Elustondo">1</Player>
    <Player player_id="73314" player_name="Willian José">2</Player>
    <Player player_id="49656" player_name="Héctor Moreno">2</Player>
    <Player player_id="116626" player_name="Kévin Rodrigues">1</Player>
  </Player>
  <Player cross_lost="6" cross_success="3" jersey_num="14" pass_lost="8" pass_success="21" player_id="90328" player_name="Rubén Pardo" position="Midfielder" position_id="3" sub_off="63" x="52.98" y="45.09">
    <Player cross="1" player_id="195384" player_name="Mikel Merino">2</Player>
    <Player cross="1" player_id="219000" player_name="Mikel Oyarzabal">2</Player>
    <Player player_id="200957" player_name="Aritz Elustondo">1</Player>
    <Player cross="1" player_id="201179" player_name="Luca Sangalli">5</Player>
    <Player player_id="216475" player_name="Igor Zubeldia">2</Player>
    <Player player_id="98821" player_name="Joseba Zaldua">3</Player>
    <Player player_id="106921" player_name="Gerónimo Rulli">1</Player>
    <Player player_id="49656" player_name="Héctor Moreno">1</Player>
    <Player player_id="116626" player_name="Kévin Rodrigues">4</Player>
  </Player>
  <Player cross_lost="0" cross_success="0" jersey_num="12" pass_lost="4" pass_success="5" player_id="73314" player_name="Willian José" position="Substitute" position_id="5" sub_on="63" x="67.64" y="63.96">
    <Player player_id="201182" player_name="Jon Bautista">1</Player>
    <Player player_id="219000" player_name="Mikel Oyarzabal">2</Player>
    <Player player_id="54371" player_name="David Zurutuza">1</Player>
    <Player player_id="116626" player_name="Kévin Rodrigues">1</Player>
  </Player>
  <Player cross_lost="3" cross_success="2" jersey_num="2" pass_lost="8" pass_success="35" player_id="98821" player_name="Joseba Zaldua" position="Defender" position_id="2" x="50.59" y="13.65">
    <Player player_id="84086" player_name="Asier Illarramendi">3</Player>
    <Player player_id="195384" player_name="Mikel Merino">7</Player>
    <Player cross="1" player_id="219000" player_name="Mikel Oyarzabal">1</Player>
    <Player player_id="200957" player_name="Aritz Elustondo">10</Player>
    <Player cross="1" player_id="73314" player_name="Willian José">0</Player>
    <Player player_id="201179" player_name="Luca Sangalli">4</Player>
    <Player player_id="216475" player_name="Igor Zubeldia">5</Player>
    <Player player_id="201182" player_name="Jon Bautista">1</Player>
    <Player player_id="90328" player_name="Rubén Pardo">2</Player>
    <Player player_id="106921" player_name="Gerónimo Rulli">2</Player>
  </Player>
  <Player cross_lost="0" cross_success="1" jersey_num="23" pass_lost="5" pass_success="14" player_id="201179" player_name="Luca Sangalli" position="Midfielder" position_id="3" sub_off="76" x="54.76" y="22.50">
    <Player cross="1" player_id="201182" player_name="Jon Bautista">3</Player>
    <Player player_id="195384" player_name="Mikel Merino">2</Player>
    <Player player_id="219000" player_name="Mikel Oyarzabal">2</Player>
    <Player player_id="90328" player_name="Rubén Pardo">2</Player>
    <Player player_id="98821" player_name="Joseba Zaldua">5</Player>
  </Player>
  <Player cross_lost="0" cross_success="0" jersey_num="6" pass_lost="6" pass_success="69" player_id="49656" player_name="Héctor Moreno" position="Defender" position_id="2" x="34.36" y="75.25">
    <Player player_id="84086" player_name="Asier Illarramendi">3</Player>
    <Player player_id="195384" player_name="Mikel Merino">4</Player>
    <Player player_id="219000" player_name="Mikel Oyarzabal">7</Player>
    <Player player_id="200957" player_name="Aritz Elustondo">10</Player>
    <Player player_id="54371" player_name="David Zurutuza">5</Player>
    <Player player_id="73314" player_name="Willian José">2</Player>
    <Player player_id="216475" player_name="Igor Zubeldia">15</Player>
    <Player player_id="201182" player_name="Jon Bautista">1</Player>
    <Player player_id="90328" player_name="Rubén Pardo">4</Player>
    <Player player_id="98821" player_name="Joseba Zaldua">1</Player>
    <Player player_id="116626" player_name="Kévin Rodrigues">5</Player>
    <Player player_id="106921" player_name="Gerónimo Rulli">12</Player>
  </Player>
  <Player cross_lost="2" cross_success="1" jersey_num="20" pass_lost="1" pass_success="26" player_id="116626" player_name="Kévin Rodrigues" position="Defender" position_id="2" x="48.05" y="83.28">
    <Player player_id="195384" player_name="Mikel Merino">1</Player>
    <Player player_id="219000" player_name="Mikel Oyarzabal">6</Player>
    <Player player_id="200957" player_name="Aritz Elustondo">1</Player>
    <Player player_id="73314" player_name="Willian José">3</Player>
    <Player player_id="201179" player_name="Luca Sangalli">3</Player>
    <Player player_id="216475" player_name="Igor Zubeldia">2</Player>
    <Player cross="1" player_id="201182" player_name="Jon Bautista">0</Player>
    <Player player_id="90328" player_name="Rubén Pardo">2</Player>
    <Player player_id="49656" player_name="Héctor Moreno">8</Player>
  </Player>
  <Player cross_lost="0" cross_success="0" jersey_num="5" pass_lost="5" pass_success="37" player_id="216475" player_name="Igor Zubeldia" position="Midfielder" position_id="3" sub_off="61" x="47.69" y="55.67">
    <Player player_id="201182" player_name="Jon Bautista">1</Player>
    <Player player_id="219000" player_name="Mikel Oyarzabal">2</Player>
    <Player player_id="200957" player_name="Aritz Elustondo">6</Player>
    <Player player_id="90328" player_name="Rubén Pardo">4</Player>
    <Player player_id="98821" player_name="Joseba Zaldua">8</Player>
    <Player player_id="201179" player_name="Luca Sangalli">1</Player>
    <Player player_id="106921" player_name="Gerónimo Rulli">1</Player>
    <Player player_id="49656" player_name="Héctor Moreno">11</Player>
    <Player player_id="116626" player_name="Kévin Rodrigues">3</Player>
  </Player>
  <Player cross_lost="0" cross_success="0" jersey_num="1" pass_lost="3" pass_success="36" player_id="106921" player_name="Gerónimo Rulli" position="Goalkeeper" position_id="1" x="10.43" y="48.59">
    <Player player_id="84086" player_name="Asier Illarramendi">4</Player>
    <Player player_id="195384" player_name="Mikel Merino">5</Player>
    <Player player_id="200957" player_name="Aritz Elustondo">11</Player>
    <Player player_id="49656" player_name="Héctor Moreno">14</Player>
    <Player player_id="116626" player_name="Kévin Rodrigues">2</Player>
  </Player>
</SoccerFeed>