﻿<?xml version="1.0" encoding="UTF-8"?>
<!-- Copyright 2001-2018 Opta Sportsdata Ltd. All rights reserved. -->
<!-- PRODUCTION HEADER
     produced on:        valde-jobq-a04.nexus.opta.net
     production time:    20180917T150321,820Z
     production module:  Opta::Feed::XML::Soccer::F27
-->
<SoccerFeed act_minute="95" act_period="2" act_second="0" away_team_id="855" away_team_name="Levante" competition_id="23" competition_name="Spanish La Liga" game_date="2018-09-16 15:15:00" game_id="1009348" home_team_id="177" home_team_name="Espanyol" season_id="2018" season_name="Season 2018/2019" team_id="855" team_name="Levante">
  <Player cross_lost="1" cross_success="0" jersey_num="23" pass_lost="5" pass_success="12" player_id="163784" player_name="Jason" position="Midfielder" position_id="3" sub_off="83" x="59.80" y="39.59">
    <Player player_id="88952" player_name="José Campaña">2</Player>
    <Player player_id="165375" player_name="José Luis Morales">3</Player>
    <Player player_id="83564" player_name="Antonio Luna">1</Player>
    <Player player_id="109702" player_name="Roger Martí">1</Player>
    <Player player_id="196739" player_name="Enis Bardhi">2</Player>
    <Player player_id="220093" player_name="Rober Pier">1</Player>
    <Player player_id="42844" player_name="Pedro López">2</Player>
  </Player>
  <Player cross_lost="3" cross_success="1" jersey_num="24" pass_lost="5" pass_success="52" player_id="88952" player_name="José Campaña" position="Midfielder" position_id="3" x="43.17" y="52.27">
    <Player player_id="163784" player_name="Jason">2</Player>
    <Player player_id="88952" player_name="José Campaña">1</Player>
    <Player player_id="169201" player_name="Chema Rodríguez">2</Player>
    <Player player_id="83564" player_name="Antonio Luna">7</Player>
    <Player player_id="165375" player_name="José Luis Morales">4</Player>
    <Player cross="1" player_id="109702" player_name="Roger Martí">4</Player>
    <Player player_id="196739" player_name="Enis Bardhi">12</Player>
    <Player player_id="220093" player_name="Rober Pier">7</Player>
    <Player player_id="199248" player_name="Borja Mayoral">1</Player>
    <Player player_id="42844" player_name="Pedro López">6</Player>
    <Player player_id="90400" player_name="Sergio Postigo">6</Player>
  </Player>
  <Player cross_lost="4" cross_success="0" jersey_num="22" pass_lost="7" pass_success="21" player_id="83564" player_name="Antonio Luna" position="Defender" position_id="2" x="47.28" y="82.89">
    <Player player_id="88952" player_name="José Campaña">8</Player>
    <Player player_id="163784" player_name="Jason">2</Player>
    <Player player_id="169201" player_name="Chema Rodríguez">1</Player>
    <Player player_id="165375" player_name="José Luis Morales">4</Player>
    <Player player_id="109702" player_name="Roger Martí">1</Player>
    <Player player_id="196739" player_name="Enis Bardhi">2</Player>
    <Player player_id="220093" player_name="Rober Pier">1</Player>
    <Player player_id="90400" player_name="Sergio Postigo">1</Player>
    <Player player_id="194764" player_name="Emmanuel Boateng">1</Player>
  </Player>
  <Player cross_lost="2" cross_success="2" jersey_num="11" pass_lost="10" pass_success="17" player_id="165375" player_name="José Luis Morales" position="Midfielder" position_id="3" x="61.02" y="53.71">
    <Player player_id="88952" player_name="José Campaña">4</Player>
    <Player cross="1" player_id="83564" player_name="Antonio Luna">2</Player>
    <Player player_id="109702" player_name="Roger Martí">2</Player>
    <Player player_id="196739" player_name="Enis Bardhi">3</Player>
    <Player player_id="220093" player_name="Rober Pier">1</Player>
    <Player cross="1" player_id="199248" player_name="Borja Mayoral">0</Player>
    <Player player_id="42844" player_name="Pedro López">3</Player>
    <Player player_id="194764" player_name="Emmanuel Boateng">2</Player>
  </Player>
  <Player cross_lost="0" cross_success="0" jersey_num="6" pass_lost="3" pass_success="13" player_id="169201" player_name="Chema Rodríguez" position="Defender" position_id="2" sub_off="63" x="30.72" y="66.15">
    <Player player_id="88952" player_name="José Campaña">1</Player>
    <Player player_id="83564" player_name="Antonio Luna">4</Player>
    <Player player_id="165375" player_name="José Luis Morales">1</Player>
    <Player player_id="220093" player_name="Rober Pier">2</Player>
    <Player player_id="49442" player_name="Oier Olazábal">2</Player>
    <Player player_id="42844" player_name="Pedro López">3</Player>
  </Player>
  <Player cross_lost="0" cross_success="0" jersey_num="9" pass_lost="1" pass_success="13" player_id="109702" player_name="Roger Martí" position="Forward" position_id="4" x="72.68" y="43.58">
    <Player player_id="163784" player_name="Jason">1</Player>
    <Player player_id="88952" player_name="José Campaña">3</Player>
    <Player player_id="165375" player_name="José Luis Morales">4</Player>
    <Player player_id="196739" player_name="Enis Bardhi">2</Player>
    <Player player_id="199248" player_name="Borja Mayoral">1</Player>
    <Player player_id="86168" player_name="Rubén Rochina">1</Player>
    <Player player_id="194764" player_name="Emmanuel Boateng">1</Player>
  </Player>
  <Player cross_lost="1" cross_success="2" jersey_num="10" pass_lost="10" pass_success="29" player_id="196739" player_name="Enis Bardhi" position="Midfielder" position_id="3" x="48.69" y="49.54">
    <Player player_id="163784" player_name="Jason">4</Player>
    <Player player_id="88952" player_name="José Campaña">7</Player>
    <Player player_id="169201" player_name="Chema Rodríguez">1</Player>
    <Player cross="1" player_id="165375" player_name="José Luis Morales">4</Player>
    <Player player_id="83564" player_name="Antonio Luna">5</Player>
    <Player cross="1" player_id="109702" player_name="Roger Martí">1</Player>
    <Player player_id="220093" player_name="Rober Pier">3</Player>
    <Player player_id="42844" player_name="Pedro López">3</Player>
    <Player player_id="194764" player_name="Emmanuel Boateng">1</Player>
  </Player>
  <Player cross_lost="0" cross_success="0" jersey_num="4" pass_lost="7" pass_success="29" player_id="220093" player_name="Rober Pier" position="Defender" position_id="2" x="30.17" y="27.64">
    <Player player_id="163784" player_name="Jason">3</Player>
    <Player player_id="88952" player_name="José Campaña">4</Player>
    <Player player_id="165375" player_name="José Luis Morales">1</Player>
    <Player player_id="169201" player_name="Chema Rodríguez">4</Player>
    <Player player_id="109702" player_name="Roger Martí">1</Player>
    <Player player_id="196739" player_name="Enis Bardhi">5</Player>
    <Player player_id="86168" player_name="Rubén Rochina">1</Player>
    <Player player_id="49442" player_name="Oier Olazábal">2</Player>
    <Player player_id="42844" player_name="Pedro López">7</Player>
    <Player player_id="90400" player_name="Sergio Postigo">1</Player>
  </Player>
  <Player cross_lost="0" cross_success="0" jersey_num="2" pass_lost="1" pass_success="4" player_id="199248" player_name="Borja Mayoral" position="Substitute" position_id="5" sub_on="65" x="76.57" y="54.81">
    <Player player_id="163784" player_name="Jason">1</Player>
    <Player player_id="165375" player_name="José Luis Morales">1</Player>
    <Player player_id="42844" player_name="Pedro López">2</Player>
  </Player>
  <Player cross_lost="0" cross_success="0" jersey_num="16" pass_lost="0" pass_success="3" player_id="86168" player_name="Rubén Rochina" position="Substitute" position_id="5" sub_on="83" x="50.45" y="33.75">
    <Player player_id="42844" player_name="Pedro López">1</Player>
    <Player player_id="196739" player_name="Enis Bardhi">1</Player>
    <Player player_id="199248" player_name="Borja Mayoral">1</Player>
  </Player>
  <Player cross_lost="0" cross_success="0" jersey_num="13" pass_lost="9" pass_success="22" player_id="49442" player_name="Oier Olazábal" position="Goalkeeper" position_id="1" x="6.83" y="52.33">
    <Player player_id="88952" player_name="José Campaña">3</Player>
    <Player player_id="83564" player_name="Antonio Luna">3</Player>
    <Player player_id="169201" player_name="Chema Rodríguez">2</Player>
    <Player player_id="109702" player_name="Roger Martí">1</Player>
    <Player player_id="220093" player_name="Rober Pier">3</Player>
    <Player player_id="199248" player_name="Borja Mayoral">1</Player>
    <Player player_id="86168" player_name="Rubén Rochina">1</Player>
    <Player player_id="42844" player_name="Pedro López">5</Player>
    <Player player_id="194764" player_name="Emmanuel Boateng">3</Player>
  </Player>
  <Player cross_lost="1" cross_success="1" jersey_num="19" pass_lost="8" pass_success="27" player_id="42844" player_name="Pedro López" position="Defender" position_id="2" x="46.71" y="11.22">
    <Player player_id="88952" player_name="José Campaña">4</Player>
    <Player player_id="165375" player_name="José Luis Morales">6</Player>
    <Player player_id="196739" player_name="Enis Bardhi">5</Player>
    <Player player_id="220093" player_name="Rober Pier">2</Player>
    <Player player_id="199248" player_name="Borja Mayoral">2</Player>
    <Player player_id="49442" player_name="Oier Olazábal">1</Player>
    <Player player_id="163784" player_name="Jason">5</Player>
    <Player cross="1" player_id="109702" player_name="Roger Martí">1</Player>
    <Player player_id="86168" player_name="Rubén Rochina">1</Player>
  </Player>
  <Player cross_lost="0" cross_success="0" jersey_num="15" pass_lost="3" pass_success="10" player_id="90400" player_name="Sergio Postigo" position="Substitute" position_id="5" sub_on="63" x="36.31" y="66.43">
    <Player player_id="88952" player_name="José Campaña">3</Player>
    <Player player_id="165375" player_name="José Luis Morales">1</Player>
    <Player player_id="83564" player_name="Antonio Luna">2</Player>
    <Player player_id="109702" player_name="Roger Martí">1</Player>
    <Player player_id="220093" player_name="Rober Pier">1</Player>
    <Player player_id="199248" player_name="Borja Mayoral">1</Player>
    <Player player_id="49442" player_name="Oier Olazábal">1</Player>
  </Player>
  <Player cross_lost="0" cross_success="0" jersey_num="21" pass_lost="4" pass_success="3" player_id="194764" player_name="Emmanuel Boateng" position="Forward" position_id="4" sub_off="65" x="68.48" y="78.60">
    <Player player_id="165375" player_name="José Luis Morales">1</Player>
    <Player player_id="83564" player_name="Antonio Luna">1</Player>
    <Player player_id="196739" player_name="Enis Bardhi">1</Player>
  </Player>
</SoccerFeed>