﻿<?xml version="1.0" encoding="UTF-8"?>
<!-- Copyright 2001-2018 Opta Sportsdata Ltd. All rights reserved. -->
<!-- PRODUCTION HEADER
     produced on:        valde-jobq-a02.nexus.opta.net
     production time:    20181127T201031,409Z
     production module:  Opta::Feed::XML::Soccer::F27
-->
<SoccerFeed act_minute="93" act_period="2" act_second="59" away_team_id="185" away_team_name="Real Betis" competition_id="23" competition_name="Spanish La Liga" game_date="2018-11-25 19:45:00" game_id="1009443" home_team_id="449" home_team_name="Villarreal" season_id="2018" season_name="Season 2018/2019" team_id="185" team_name="Real Betis">
  <Player cross_lost="1" cross_success="3" jersey_num="6" pass_lost="7" pass_success="60" player_id="56448" player_name="Sergio Canales" position="Midfielder" position_id="3" x="59.11" y="35.55">
    <Player player_id="200826" player_name="Giovani Lo Celso">3</Player>
    <Player player_id="37064" player_name="Andrés Guardado">1</Player>
    <Player player_id="10316" player_name="Joaquín">2</Player>
    <Player player_id="96122" player_name="William Carvalho">10</Player>
    <Player player_id="81138" player_name="Marc Bartra">12</Player>
    <Player player_id="432757" player_name="Francis">10</Player>
    <Player player_id="89747" player_name="Zouhair Feddal">1</Player>
    <Player cross="1" player_id="443967" player_name="Júnior Firpo">3</Player>
    <Player cross="1" player_id="86813" player_name="Aissa Mandi">14</Player>
    <Player player_id="86169" player_name="Cristian Tello">2</Player>
    <Player player_id="432751" player_name="Loren Morón">2</Player>
    <Player cross="1" player_id="82418" player_name="Sergio León">0</Player>
  </Player>
  <Player cross_lost="0" cross_success="0" jersey_num="21" pass_lost="1" pass_success="32" player_id="200826" player_name="Giovani Lo Celso" position="Substitute" position_id="5" sub_on="64" x="56.53" y="33.58">
    <Player player_id="56448" player_name="Sergio Canales">4</Player>
    <Player player_id="86813" player_name="Aissa Mandi">7</Player>
    <Player player_id="86169" player_name="Cristian Tello">2</Player>
    <Player player_id="96122" player_name="William Carvalho">4</Player>
    <Player player_id="432751" player_name="Loren Morón">4</Player>
    <Player player_id="81138" player_name="Marc Bartra">3</Player>
    <Player player_id="432757" player_name="Francis">7</Player>
    <Player player_id="443967" player_name="Júnior Firpo">1</Player>
  </Player>
  <Player cross_lost="0" cross_success="0" jersey_num="23" pass_lost="3" pass_success="96" player_id="86813" player_name="Aissa Mandi" position="Defender" position_id="2" x="40.04" y="24.40">
    <Player player_id="200826" player_name="Giovani Lo Celso">11</Player>
    <Player player_id="37064" player_name="Andrés Guardado">1</Player>
    <Player player_id="10316" player_name="Joaquín">2</Player>
    <Player player_id="96122" player_name="William Carvalho">11</Player>
    <Player player_id="81138" player_name="Marc Bartra">27</Player>
    <Player player_id="432757" player_name="Francis">17</Player>
    <Player player_id="443967" player_name="Júnior Firpo">2</Player>
    <Player player_id="89747" player_name="Zouhair Feddal">2</Player>
    <Player player_id="56448" player_name="Sergio Canales">17</Player>
    <Player player_id="86169" player_name="Cristian Tello">1</Player>
    <Player player_id="432751" player_name="Loren Morón">2</Player>
    <Player player_id="182960" player_name="Pau López">3</Player>
  </Player>
  <Player cross_lost="0" cross_success="0" jersey_num="11" pass_lost="1" pass_success="8" player_id="86169" player_name="Cristian Tello" position="Substitute" position_id="5" sub_on="60" x="72.70" y="74.58">
    <Player player_id="56448" player_name="Sergio Canales">1</Player>
    <Player player_id="200826" player_name="Giovani Lo Celso">1</Player>
    <Player player_id="37064" player_name="Andrés Guardado">1</Player>
    <Player player_id="96122" player_name="William Carvalho">2</Player>
    <Player player_id="81138" player_name="Marc Bartra">2</Player>
    <Player player_id="82418" player_name="Sergio León">1</Player>
  </Player>
  <Player cross_lost="1" cross_success="0" jersey_num="18" pass_lost="7" pass_success="34" player_id="37064" player_name="Andrés Guardado" position="Midfielder" position_id="3" sub_off="64" x="52.53" y="65.32">
    <Player player_id="96122" player_name="William Carvalho">4</Player>
    <Player player_id="10316" player_name="Joaquín">4</Player>
    <Player player_id="81138" player_name="Marc Bartra">3</Player>
    <Player player_id="432757" player_name="Francis">1</Player>
    <Player player_id="443967" player_name="Júnior Firpo">9</Player>
    <Player player_id="89747" player_name="Zouhair Feddal">5</Player>
    <Player player_id="56448" player_name="Sergio Canales">3</Player>
    <Player player_id="86813" player_name="Aissa Mandi">4</Player>
    <Player player_id="432751" player_name="Loren Morón">1</Player>
  </Player>
  <Player cross_lost="0" cross_success="0" jersey_num="14" pass_lost="8" pass_success="71" player_id="96122" player_name="William Carvalho" position="Midfielder" position_id="3" x="49.16" y="49.81">
    <Player player_id="200826" player_name="Giovani Lo Celso">4</Player>
    <Player player_id="37064" player_name="Andrés Guardado">9</Player>
    <Player player_id="10316" player_name="Joaquín">3</Player>
    <Player player_id="81138" player_name="Marc Bartra">8</Player>
    <Player player_id="432757" player_name="Francis">5</Player>
    <Player player_id="443967" player_name="Júnior Firpo">7</Player>
    <Player player_id="89747" player_name="Zouhair Feddal">5</Player>
    <Player player_id="56448" player_name="Sergio Canales">9</Player>
    <Player player_id="86813" player_name="Aissa Mandi">13</Player>
    <Player player_id="86169" player_name="Cristian Tello">2</Player>
    <Player player_id="432751" player_name="Loren Morón">3</Player>
    <Player player_id="82418" player_name="Sergio León">2</Player>
    <Player player_id="182960" player_name="Pau López">1</Player>
  </Player>
  <Player cross_lost="0" cross_success="0" jersey_num="17" pass_lost="3" pass_success="32" player_id="10316" player_name="Joaquín" position="Forward" position_id="4" sub_off="69" x="65.45" y="64.11">
    <Player player_id="56448" player_name="Sergio Canales">3</Player>
    <Player player_id="86813" player_name="Aissa Mandi">2</Player>
    <Player player_id="37064" player_name="Andrés Guardado">6</Player>
    <Player player_id="96122" player_name="William Carvalho">6</Player>
    <Player player_id="432757" player_name="Francis">4</Player>
    <Player player_id="89747" player_name="Zouhair Feddal">2</Player>
    <Player player_id="443967" player_name="Júnior Firpo">9</Player>
  </Player>
  <Player cross_lost="0" cross_success="0" jersey_num="16" pass_lost="2" pass_success="13" player_id="432751" player_name="Loren Morón" position="Forward" position_id="4" x="64.88" y="39.14">
    <Player player_id="56448" player_name="Sergio Canales">1</Player>
    <Player player_id="200826" player_name="Giovani Lo Celso">2</Player>
    <Player player_id="86813" player_name="Aissa Mandi">1</Player>
    <Player player_id="96122" player_name="William Carvalho">3</Player>
    <Player player_id="82418" player_name="Sergio León">1</Player>
    <Player player_id="432757" player_name="Francis">3</Player>
    <Player player_id="443967" player_name="Júnior Firpo">1</Player>
    <Player player_id="89747" player_name="Zouhair Feddal">1</Player>
  </Player>
  <Player cross_lost="0" cross_success="0" jersey_num="5" pass_lost="6" pass_success="85" player_id="81138" player_name="Marc Bartra" position="Defender" position_id="2" x="34.71" y="49.39">
    <Player player_id="200826" player_name="Giovani Lo Celso">2</Player>
    <Player player_id="37064" player_name="Andrés Guardado">5</Player>
    <Player player_id="96122" player_name="William Carvalho">12</Player>
    <Player player_id="10316" player_name="Joaquín">1</Player>
    <Player player_id="432757" player_name="Francis">1</Player>
    <Player player_id="443967" player_name="Júnior Firpo">12</Player>
    <Player player_id="89747" player_name="Zouhair Feddal">23</Player>
    <Player player_id="56448" player_name="Sergio Canales">6</Player>
    <Player player_id="86813" player_name="Aissa Mandi">15</Player>
    <Player player_id="86169" player_name="Cristian Tello">1</Player>
    <Player player_id="432751" player_name="Loren Morón">1</Player>
    <Player player_id="182960" player_name="Pau López">6</Player>
  </Player>
  <Player cross_lost="0" cross_success="0" jersey_num="7" pass_lost="1" pass_success="4" player_id="82418" player_name="Sergio León" position="Substitute" position_id="5" sub_on="69" x="77.23" y="55.28">
    <Player player_id="56448" player_name="Sergio Canales">1</Player>
    <Player player_id="200826" player_name="Giovani Lo Celso">2</Player>
    <Player player_id="443967" player_name="Júnior Firpo">1</Player>
  </Player>
  <Player cross_lost="0" cross_success="0" jersey_num="13" pass_lost="1" pass_success="39" player_id="182960" player_name="Pau López" position="Goalkeeper" position_id="1" x="10.16" y="49.53">
    <Player player_id="56448" player_name="Sergio Canales">3</Player>
    <Player player_id="200826" player_name="Giovani Lo Celso">1</Player>
    <Player player_id="86813" player_name="Aissa Mandi">19</Player>
    <Player player_id="37064" player_name="Andrés Guardado">1</Player>
    <Player player_id="432751" player_name="Loren Morón">1</Player>
    <Player player_id="81138" player_name="Marc Bartra">7</Player>
    <Player player_id="432757" player_name="Francis">2</Player>
    <Player player_id="89747" player_name="Zouhair Feddal">4</Player>
    <Player player_id="443967" player_name="Júnior Firpo">1</Player>
  </Player>
  <Player cross_lost="5" cross_success="1" jersey_num="2" pass_lost="5" pass_success="40" player_id="432757" player_name="Francis" position="Midfielder" position_id="3" x="59.51" y="11.64">
    <Player player_id="200826" player_name="Giovani Lo Celso">5</Player>
    <Player player_id="37064" player_name="Andrés Guardado">1</Player>
    <Player player_id="96122" player_name="William Carvalho">2</Player>
    <Player player_id="10316" player_name="Joaquín">1</Player>
    <Player player_id="81138" player_name="Marc Bartra">2</Player>
    <Player player_id="56448" player_name="Sergio Canales">14</Player>
    <Player player_id="86813" player_name="Aissa Mandi">8</Player>
    <Player player_id="86169" player_name="Cristian Tello">1</Player>
    <Player cross="1" player_id="432751" player_name="Loren Morón">4</Player>
    <Player player_id="182960" player_name="Pau López">1</Player>
    <Player player_id="82418" player_name="Sergio León">1</Player>
  </Player>
  <Player cross_lost="1" cross_success="0" jersey_num="20" pass_lost="4" pass_success="48" player_id="443967" player_name="Júnior Firpo" position="Midfielder" position_id="3" x="57.26" y="81.51">
    <Player player_id="56448" player_name="Sergio Canales">2</Player>
    <Player player_id="200826" player_name="Giovani Lo Celso">1</Player>
    <Player player_id="86169" player_name="Cristian Tello">4</Player>
    <Player player_id="37064" player_name="Andrés Guardado">6</Player>
    <Player player_id="96122" player_name="William Carvalho">5</Player>
    <Player player_id="10316" player_name="Joaquín">11</Player>
    <Player player_id="432751" player_name="Loren Morón">2</Player>
    <Player player_id="81138" player_name="Marc Bartra">11</Player>
    <Player player_id="182960" player_name="Pau López">1</Player>
    <Player player_id="89747" player_name="Zouhair Feddal">5</Player>
  </Player>
  <Player cross_lost="0" cross_success="0" jersey_num="4" pass_lost="4" pass_success="48" player_id="89747" player_name="Zouhair Feddal" position="Defender" position_id="2" sub_off="60" x="38.19" y="77.49">
    <Player player_id="86813" player_name="Aissa Mandi">3</Player>
    <Player player_id="37064" player_name="Andrés Guardado">3</Player>
    <Player player_id="10316" player_name="Joaquín">11</Player>
    <Player player_id="96122" player_name="William Carvalho">5</Player>
    <Player player_id="432751" player_name="Loren Morón">2</Player>
    <Player player_id="81138" player_name="Marc Bartra">10</Player>
    <Player player_id="182960" player_name="Pau López">9</Player>
    <Player player_id="432757" player_name="Francis">1</Player>
    <Player player_id="443967" player_name="Júnior Firpo">4</Player>
  </Player>
</SoccerFeed>