﻿<?xml version="1.0" encoding="UTF-8"?>
<!-- Copyright 2001-2018 Opta Sportsdata Ltd. All rights reserved. -->
<!-- PRODUCTION HEADER
     produced on:        valde-jobq-a01.nexus.opta.net
     production time:    20181216T094552,654Z
     production module:  Opta::Feed::XML::Soccer::F27
-->
<SoccerFeed act_minute="95" act_period="2" act_second="2" away_team_id="175" away_team_name="Atlético de Madrid" competition_id="23" competition_name="Spanish La Liga" game_date="2018-12-15 15:15:00" game_id="1009471" home_team_id="192" home_team_name="Real Valladolid" season_id="2018" season_name="Season 2018/2019" team_id="175" team_name="Atlético de Madrid">
  <Player cross_lost="0" cross_success="0" jersey_num="23" pass_lost="1" pass_success="11" player_id="86399" player_name="Vitolo" position="Substitute" position_id="5" sub_on="69" x="53.65" y="74.46">
    <Player player_id="77390" player_name="Koke">1</Player>
    <Player player_id="89335" player_name="Saúl Ñíguez">4</Player>
    <Player player_id="154310" player_name="Gelson Martins">1</Player>
    <Player player_id="220566" player_name="Rodrigo">1</Player>
    <Player player_id="167199" player_name="Thomas Partey">2</Player>
    <Player player_id="32281" player_name="Diego Godín">1</Player>
    <Player player_id="156223" player_name="Ángel Correa">1</Player>
  </Player>
  <Player cross_lost="1" cross_success="1" jersey_num="6" pass_lost="7" pass_success="47" player_id="77390" player_name="Koke" position="Midfielder" position_id="3" x="49.09" y="48.38">
    <Player player_id="86399" player_name="Vitolo">2</Player>
    <Player cross="1" player_id="65807" player_name="Stefan Savic">4</Player>
    <Player player_id="102383" player_name="Santiago Arias">6</Player>
    <Player player_id="76650" player_name="Antoine Griezmann">8</Player>
    <Player player_id="89335" player_name="Saúl Ñíguez">3</Player>
    <Player player_id="50401" player_name="Nikola Kalinic">2</Player>
    <Player player_id="220566" player_name="Rodrigo">8</Player>
    <Player player_id="167199" player_name="Thomas Partey">2</Player>
    <Player player_id="18595" player_name="Filipe Luís">4</Player>
    <Player player_id="156223" player_name="Ángel Correa">6</Player>
    <Player player_id="32281" player_name="Diego Godín">2</Player>
  </Player>
  <Player cross_lost="0" cross_success="0" jersey_num="15" pass_lost="3" pass_success="12" player_id="65807" player_name="Stefan Savic" position="Defender" position_id="2" x="33.44" y="31.08">
    <Player player_id="81352" player_name="Jan Oblak">2</Player>
    <Player player_id="102383" player_name="Santiago Arias">2</Player>
    <Player player_id="76650" player_name="Antoine Griezmann">1</Player>
    <Player player_id="220566" player_name="Rodrigo">2</Player>
    <Player player_id="167199" player_name="Thomas Partey">1</Player>
    <Player player_id="156223" player_name="Ángel Correa">1</Player>
    <Player player_id="32281" player_name="Diego Godín">3</Player>
  </Player>
  <Player cross_lost="2" cross_success="0" jersey_num="8" pass_lost="10" pass_success="30" player_id="89335" player_name="Saúl Ñíguez" position="Midfielder" position_id="3" x="44.40" y="71.30">
    <Player player_id="86399" player_name="Vitolo">3</Player>
    <Player player_id="77390" player_name="Koke">3</Player>
    <Player player_id="50401" player_name="Nikola Kalinic">1</Player>
    <Player player_id="102383" player_name="Santiago Arias">2</Player>
    <Player player_id="220566" player_name="Rodrigo">6</Player>
    <Player player_id="76650" player_name="Antoine Griezmann">6</Player>
    <Player player_id="167199" player_name="Thomas Partey">2</Player>
    <Player player_id="18595" player_name="Filipe Luís">6</Player>
    <Player player_id="32281" player_name="Diego Godín">1</Player>
  </Player>
  <Player cross_lost="0" cross_success="0" jersey_num="18" pass_lost="0" pass_success="4" player_id="154310" player_name="Gelson Martins" position="Substitute" position_id="5" sub_on="75" x="77.48" y="27.42">
    <Player player_id="86399" player_name="Vitolo">1</Player>
    <Player player_id="77390" player_name="Koke">1</Player>
    <Player player_id="76650" player_name="Antoine Griezmann">1</Player>
    <Player player_id="102383" player_name="Santiago Arias">1</Player>
  </Player>
  <Player cross_lost="0" cross_success="0" jersey_num="13" pass_lost="10" pass_success="15" player_id="81352" player_name="Jan Oblak" position="Goalkeeper" position_id="1" x="8.49" y="46.98">
    <Player player_id="77390" player_name="Koke">2</Player>
    <Player player_id="89335" player_name="Saúl Ñíguez">5</Player>
    <Player player_id="102383" player_name="Santiago Arias">1</Player>
    <Player player_id="50401" player_name="Nikola Kalinic">4</Player>
    <Player player_id="18595" player_name="Filipe Luís">1</Player>
    <Player player_id="32281" player_name="Diego Godín">2</Player>
  </Player>
  <Player cross_lost="1" cross_success="1" jersey_num="4" pass_lost="4" pass_success="26" player_id="102383" player_name="Santiago Arias" position="Defender" position_id="2" x="46.96" y="11.41">
    <Player player_id="65807" player_name="Stefan Savic">2</Player>
    <Player player_id="76650" player_name="Antoine Griezmann">3</Player>
    <Player player_id="77390" player_name="Koke">6</Player>
    <Player player_id="89335" player_name="Saúl Ñíguez">2</Player>
    <Player player_id="50401" player_name="Nikola Kalinic">1</Player>
    <Player player_id="154310" player_name="Gelson Martins">2</Player>
    <Player player_id="220566" player_name="Rodrigo">4</Player>
    <Player player_id="167199" player_name="Thomas Partey">1</Player>
    <Player cross="1" player_id="18595" player_name="Filipe Luís">1</Player>
    <Player player_id="156223" player_name="Ángel Correa">4</Player>
  </Player>
  <Player cross_lost="0" cross_success="0" jersey_num="9" pass_lost="4" pass_success="3" player_id="50401" player_name="Nikola Kalinic" position="Forward" position_id="4" sub_off="69" x="62.17" y="58.95">
    <Player player_id="89335" player_name="Saúl Ñíguez">2</Player>
    <Player player_id="156223" player_name="Ángel Correa">1</Player>
  </Player>
  <Player cross_lost="3" cross_success="0" jersey_num="7" pass_lost="11" pass_success="28" player_id="76650" player_name="Antoine Griezmann" position="Forward" position_id="4" x="59.52" y="49.42">
    <Player player_id="86399" player_name="Vitolo">1</Player>
    <Player player_id="77390" player_name="Koke">9</Player>
    <Player player_id="89335" player_name="Saúl Ñíguez">2</Player>
    <Player player_id="50401" player_name="Nikola Kalinic">1</Player>
    <Player player_id="102383" player_name="Santiago Arias">3</Player>
    <Player player_id="220566" player_name="Rodrigo">3</Player>
    <Player player_id="32281" player_name="Diego Godín">2</Player>
    <Player player_id="156223" player_name="Ángel Correa">7</Player>
  </Player>
  <Player cross_lost="0" cross_success="0" jersey_num="14" pass_lost="4" pass_success="47" player_id="220566" player_name="Rodrigo" position="Midfielder" position_id="3" x="43.02" y="52.27">
    <Player player_id="86399" player_name="Vitolo">4</Player>
    <Player player_id="65807" player_name="Stefan Savic">1</Player>
    <Player player_id="102383" player_name="Santiago Arias">4</Player>
    <Player player_id="76650" player_name="Antoine Griezmann">9</Player>
    <Player player_id="77390" player_name="Koke">8</Player>
    <Player player_id="89335" player_name="Saúl Ñíguez">6</Player>
    <Player player_id="50401" player_name="Nikola Kalinic">1</Player>
    <Player player_id="154310" player_name="Gelson Martins">2</Player>
    <Player player_id="167199" player_name="Thomas Partey">6</Player>
    <Player player_id="18595" player_name="Filipe Luís">2</Player>
    <Player player_id="32281" player_name="Diego Godín">2</Player>
    <Player player_id="156223" player_name="Ángel Correa">2</Player>
  </Player>
  <Player cross_lost="0" cross_success="0" jersey_num="5" pass_lost="6" pass_success="11" player_id="167199" player_name="Thomas Partey" position="Substitute" position_id="5" sub_on="60" x="51.98" y="53.70">
    <Player player_id="86399" player_name="Vitolo">2</Player>
    <Player player_id="89335" player_name="Saúl Ñíguez">4</Player>
    <Player player_id="102383" player_name="Santiago Arias">1</Player>
    <Player player_id="220566" player_name="Rodrigo">3</Player>
    <Player player_id="156223" player_name="Ángel Correa">1</Player>
  </Player>
  <Player cross_lost="1" cross_success="0" jersey_num="3" pass_lost="6" pass_success="17" player_id="18595" player_name="Filipe Luís" position="Defender" position_id="2" sub_off="60" x="40.01" y="83.69">
    <Player player_id="77390" player_name="Koke">4</Player>
    <Player player_id="89335" player_name="Saúl Ñíguez">4</Player>
    <Player player_id="81352" player_name="Jan Oblak">1</Player>
    <Player player_id="76650" player_name="Antoine Griezmann">3</Player>
    <Player player_id="220566" player_name="Rodrigo">4</Player>
    <Player player_id="32281" player_name="Diego Godín">1</Player>
  </Player>
  <Player cross_lost="0" cross_success="0" jersey_num="10" pass_lost="10" pass_success="16" player_id="156223" player_name="Ángel Correa" position="Midfielder" position_id="3" sub_off="75" x="59.73" y="28.75">
    <Player player_id="86399" player_name="Vitolo">1</Player>
    <Player player_id="77390" player_name="Koke">4</Player>
    <Player player_id="89335" player_name="Saúl Ñíguez">1</Player>
    <Player player_id="102383" player_name="Santiago Arias">5</Player>
    <Player player_id="220566" player_name="Rodrigo">1</Player>
    <Player player_id="76650" player_name="Antoine Griezmann">4</Player>
  </Player>
  <Player cross_lost="0" cross_success="0" jersey_num="2" pass_lost="4" pass_success="25" player_id="32281" player_name="Diego Godín" position="Defender" position_id="2" x="34.40" y="67.16">
    <Player player_id="86399" player_name="Vitolo">2</Player>
    <Player player_id="77390" player_name="Koke">5</Player>
    <Player player_id="89335" player_name="Saúl Ñíguez">4</Player>
    <Player player_id="50401" player_name="Nikola Kalinic">1</Player>
    <Player player_id="81352" player_name="Jan Oblak">1</Player>
    <Player player_id="76650" player_name="Antoine Griezmann">4</Player>
    <Player player_id="220566" player_name="Rodrigo">3</Player>
    <Player player_id="167199" player_name="Thomas Partey">1</Player>
    <Player player_id="18595" player_name="Filipe Luís">2</Player>
    <Player player_id="156223" player_name="Ángel Correa">1</Player>
  </Player>
</SoccerFeed>