﻿<?xml version="1.0" encoding="UTF-8"?>
<!-- Copyright 2001-2018 Opta Sportsdata Ltd. All rights reserved. -->
<!-- PRODUCTION HEADER
     produced on:        valde-jobq-a03.nexus.opta.net
     production time:    20181023T112611,769Z
     production module:  Opta::Feed::XML::Soccer::F27
-->
<SoccerFeed act_minute="100" act_period="2" act_second="5" away_team_id="177" away_team_name="Espanyol" competition_id="23" competition_name="Spanish La Liga" game_date="2018-10-21 17:30:00" game_id="1009401" home_team_id="2894" home_team_name="Huesca" season_id="2018" season_name="Season 2018/2019" team_id="2894" team_name="Huesca">
  <Player cross_lost="2" cross_success="0" jersey_num="15" pass_lost="6" pass_success="30" player_id="166138" player_name="Carlos Akapo" position="Defender" position_id="2" x="47.19" y="82.06">
    <Player player_id="109243" player_name="Moi Gómez">5</Player>
    <Player player_id="155713" player_name="Aleksandar Jovanovic">1</Player>
    <Player player_id="205992" player_name="Ezequiel Ávila">10</Player>
    <Player player_id="76744" player_name="Damián Musto">2</Player>
    <Player player_id="244716" player_name="Juan Camilo Hernández">2</Player>
    <Player player_id="195457" player_name="Gonzalo Melero">2</Player>
    <Player player_id="154293" player_name="Rúben Semedo">3</Player>
    <Player player_id="88925" player_name="Jorge Pulido">1</Player>
    <Player player_id="81045" player_name="Samuele Longo">1</Player>
    <Player player_id="90657" player_name="David Ferreiro">3</Player>
  </Player>
  <Player cross_lost="2" cross_success="0" jersey_num="6" pass_lost="3" pass_success="52" player_id="109243" player_name="Moi Gómez" position="Midfielder" position_id="3" x="46.55" y="55.80">
    <Player player_id="166138" player_name="Carlos Akapo">2</Player>
    <Player player_id="205992" player_name="Ezequiel Ávila">3</Player>
    <Player player_id="89334" player_name="Jorge Miramón">6</Player>
    <Player player_id="76744" player_name="Damián Musto">3</Player>
    <Player player_id="244716" player_name="Juan Camilo Hernández">2</Player>
    <Player player_id="97636" player_name="Álex Gallar">5</Player>
    <Player player_id="78631" player_name="Serdar Gurler">1</Player>
    <Player player_id="195457" player_name="Gonzalo Melero">5</Player>
    <Player player_id="154293" player_name="Rúben Semedo">16</Player>
    <Player player_id="88925" player_name="Jorge Pulido">5</Player>
    <Player player_id="90657" player_name="David Ferreiro">4</Player>
  </Player>
  <Player cross_lost="0" cross_success="1" jersey_num="21" pass_lost="5" pass_success="7" player_id="78631" player_name="Serdar Gurler" position="Substitute" position_id="5" sub_on="74" x="70.48" y="20.05">
    <Player player_id="195457" player_name="Gonzalo Melero">3</Player>
    <Player player_id="205992" player_name="Ezequiel Ávila">2</Player>
    <Player player_id="89334" player_name="Jorge Miramón">2</Player>
    <Player cross="1" player_id="88925" player_name="Jorge Pulido">0</Player>
  </Player>
  <Player cross_lost="0" cross_success="0" jersey_num="8" pass_lost="2" pass_success="24" player_id="195457" player_name="Gonzalo Melero" position="Substitute" position_id="5" sub_on="45" x="56.95" y="39.41">
    <Player player_id="166138" player_name="Carlos Akapo">1</Player>
    <Player player_id="109243" player_name="Moi Gómez">6</Player>
    <Player player_id="78631" player_name="Serdar Gurler">3</Player>
    <Player player_id="205992" player_name="Ezequiel Ávila">1</Player>
    <Player player_id="89334" player_name="Jorge Miramón">4</Player>
    <Player player_id="76744" player_name="Damián Musto">3</Player>
    <Player player_id="88925" player_name="Jorge Pulido">4</Player>
    <Player player_id="81045" player_name="Samuele Longo">1</Player>
    <Player player_id="90657" player_name="David Ferreiro">1</Player>
  </Player>
  <Player cross_lost="0" cross_success="0" jersey_num="25" pass_lost="10" pass_success="20" player_id="155713" player_name="Aleksandar Jovanovic" position="Goalkeeper" position_id="1" x="12.21" y="46.45">
    <Player player_id="166138" player_name="Carlos Akapo">3</Player>
    <Player player_id="78631" player_name="Serdar Gurler">2</Player>
    <Player player_id="205992" player_name="Ezequiel Ávila">1</Player>
    <Player player_id="89334" player_name="Jorge Miramón">3</Player>
    <Player player_id="76744" player_name="Damián Musto">2</Player>
    <Player player_id="88925" player_name="Jorge Pulido">5</Player>
    <Player player_id="81045" player_name="Samuele Longo">4</Player>
  </Player>
  <Player cross_lost="4" cross_success="1" jersey_num="19" pass_lost="9" pass_success="20" player_id="205992" player_name="Ezequiel Ávila" position="Midfielder" position_id="3" x="59.47" y="67.08">
    <Player player_id="109243" player_name="Moi Gómez">6</Player>
    <Player player_id="166138" player_name="Carlos Akapo">1</Player>
    <Player player_id="89334" player_name="Jorge Miramón">1</Player>
    <Player player_id="76744" player_name="Damián Musto">1</Player>
    <Player player_id="244716" player_name="Juan Camilo Hernández">1</Player>
    <Player player_id="97636" player_name="Álex Gallar">5</Player>
    <Player player_id="78631" player_name="Serdar Gurler">1</Player>
    <Player player_id="195457" player_name="Gonzalo Melero">1</Player>
    <Player player_id="154293" player_name="Rúben Semedo">1</Player>
    <Player cross="1" player_id="90657" player_name="David Ferreiro">2</Player>
  </Player>
  <Player cross_lost="5" cross_success="0" jersey_num="24" pass_lost="12" pass_success="34" player_id="89334" player_name="Jorge Miramón" position="Defender" position_id="2" x="50.98" y="13.66">
    <Player player_id="166138" player_name="Carlos Akapo">1</Player>
    <Player player_id="109243" player_name="Moi Gómez">5</Player>
    <Player player_id="205992" player_name="Ezequiel Ávila">6</Player>
    <Player player_id="76744" player_name="Damián Musto">5</Player>
    <Player player_id="244716" player_name="Juan Camilo Hernández">1</Player>
    <Player player_id="97636" player_name="Álex Gallar">4</Player>
    <Player player_id="78631" player_name="Serdar Gurler">3</Player>
    <Player player_id="195457" player_name="Gonzalo Melero">4</Player>
    <Player player_id="88925" player_name="Jorge Pulido">4</Player>
    <Player player_id="81045" player_name="Samuele Longo">1</Player>
  </Player>
  <Player cross_lost="0" cross_success="0" jersey_num="23" pass_lost="4" pass_success="39" player_id="76744" player_name="Damián Musto" position="Midfielder" position_id="3" sub_off="74" x="41.94" y="39.62">
    <Player player_id="166138" player_name="Carlos Akapo">1</Player>
    <Player player_id="109243" player_name="Moi Gómez">6</Player>
    <Player player_id="205992" player_name="Ezequiel Ávila">2</Player>
    <Player player_id="155713" player_name="Aleksandar Jovanovic">3</Player>
    <Player player_id="89334" player_name="Jorge Miramón">7</Player>
    <Player player_id="97636" player_name="Álex Gallar">4</Player>
    <Player player_id="195457" player_name="Gonzalo Melero">3</Player>
    <Player player_id="154293" player_name="Rúben Semedo">6</Player>
    <Player player_id="88925" player_name="Jorge Pulido">5</Player>
    <Player player_id="90657" player_name="David Ferreiro">2</Player>
  </Player>
  <Player cross_lost="0" cross_success="0" jersey_num="4" pass_lost="2" pass_success="48" player_id="154293" player_name="Rúben Semedo" position="Defender" position_id="2" x="29.93" y="65.88">
    <Player player_id="166138" player_name="Carlos Akapo">8</Player>
    <Player player_id="109243" player_name="Moi Gómez">7</Player>
    <Player player_id="78631" player_name="Serdar Gurler">1</Player>
    <Player player_id="205992" player_name="Ezequiel Ávila">5</Player>
    <Player player_id="155713" player_name="Aleksandar Jovanovic">8</Player>
    <Player player_id="76744" player_name="Damián Musto">10</Player>
    <Player player_id="88925" player_name="Jorge Pulido">5</Player>
    <Player player_id="244716" player_name="Juan Camilo Hernández">1</Player>
    <Player player_id="81045" player_name="Samuele Longo">1</Player>
    <Player player_id="97636" player_name="Álex Gallar">2</Player>
  </Player>
  <Player cross_lost="0" cross_success="0" jersey_num="14" pass_lost="8" pass_success="38" player_id="88925" player_name="Jorge Pulido" position="Defender" position_id="2" x="38.82" y="28.95">
    <Player player_id="109243" player_name="Moi Gómez">3</Player>
    <Player player_id="166138" player_name="Carlos Akapo">2</Player>
    <Player player_id="205992" player_name="Ezequiel Ávila">1</Player>
    <Player player_id="155713" player_name="Aleksandar Jovanovic">5</Player>
    <Player player_id="89334" player_name="Jorge Miramón">8</Player>
    <Player player_id="76744" player_name="Damián Musto">6</Player>
    <Player player_id="244716" player_name="Juan Camilo Hernández">1</Player>
    <Player player_id="97636" player_name="Álex Gallar">2</Player>
    <Player player_id="78631" player_name="Serdar Gurler">1</Player>
    <Player player_id="195457" player_name="Gonzalo Melero">3</Player>
    <Player player_id="154293" player_name="Rúben Semedo">6</Player>
  </Player>
  <Player cross_lost="0" cross_success="0" jersey_num="9" pass_lost="6" pass_success="9" player_id="244716" player_name="Juan Camilo Hernández" position="Forward" position_id="4" sub_off="45" x="59.99" y="50.02">
    <Player player_id="166138" player_name="Carlos Akapo">2</Player>
    <Player player_id="109243" player_name="Moi Gómez">1</Player>
    <Player player_id="205992" player_name="Ezequiel Ávila">1</Player>
    <Player player_id="89334" player_name="Jorge Miramón">1</Player>
    <Player player_id="81045" player_name="Samuele Longo">1</Player>
    <Player player_id="97636" player_name="Álex Gallar">3</Player>
  </Player>
  <Player cross_lost="6" cross_success="0" jersey_num="7" pass_lost="4" pass_success="7" player_id="90657" player_name="David Ferreiro" position="Substitute" position_id="5" sub_on="57" x="75.34" y="84.19">
    <Player player_id="166138" player_name="Carlos Akapo">2</Player>
    <Player player_id="205992" player_name="Ezequiel Ávila">1</Player>
    <Player player_id="89334" player_name="Jorge Miramón">2</Player>
    <Player player_id="76744" player_name="Damián Musto">1</Player>
    <Player player_id="81045" player_name="Samuele Longo">1</Player>
  </Player>
  <Player cross_lost="0" cross_success="0" jersey_num="12" pass_lost="3" pass_success="9" player_id="81045" player_name="Samuele Longo" position="Forward" position_id="4" x="65.50" y="53.31">
    <Player player_id="109243" player_name="Moi Gómez">1</Player>
    <Player player_id="78631" player_name="Serdar Gurler">2</Player>
    <Player player_id="195457" player_name="Gonzalo Melero">2</Player>
    <Player player_id="205992" player_name="Ezequiel Ávila">1</Player>
    <Player player_id="76744" player_name="Damián Musto">1</Player>
    <Player player_id="244716" player_name="Juan Camilo Hernández">1</Player>
    <Player player_id="97636" player_name="Álex Gallar">1</Player>
  </Player>
  <Player cross_lost="3" cross_success="0" jersey_num="11" pass_lost="6" pass_success="21" player_id="97636" player_name="Álex Gallar" position="Midfielder" position_id="3" sub_off="57" x="57.09" y="23.55">
    <Player player_id="166138" player_name="Carlos Akapo">1</Player>
    <Player player_id="109243" player_name="Moi Gómez">1</Player>
    <Player player_id="205992" player_name="Ezequiel Ávila">1</Player>
    <Player player_id="89334" player_name="Jorge Miramón">4</Player>
    <Player player_id="76744" player_name="Damián Musto">1</Player>
    <Player player_id="88925" player_name="Jorge Pulido">3</Player>
    <Player player_id="244716" player_name="Juan Camilo Hernández">6</Player>
    <Player player_id="81045" player_name="Samuele Longo">4</Player>
  </Player>
</SoccerFeed>