﻿<?xml version="1.0" encoding="UTF-8"?>
<!-- Copyright 2001-2018 Opta Sportsdata Ltd. All rights reserved. -->
<!-- PRODUCTION HEADER
     produced on:        valde-jobq-a01.nexus.opta.net
     production time:    20181029T215254,715Z
     production module:  Opta::Feed::XML::Soccer::F27
-->
<SoccerFeed act_minute="92" act_period="2" act_second="55" away_team_id="184" away_team_name="Rayo Vallecano" competition_id="23" competition_name="Spanish La Liga" game_date="2018-10-27 12:00:00" game_id="1009411" home_team_id="2893" home_team_name="Girona" season_id="2018" season_name="Season 2018/2019" team_id="2893" team_name="Girona">
  <Player cross_lost="1" cross_success="2" jersey_num="12" pass_lost="5" pass_success="36" player_id="230046" player_name="Douglas Luiz" position="Midfielder" position_id="3" x="48.68" y="63.62">
    <Player cross="1" player_id="55317" player_name="Bernardo Espinosa">5</Player>
    <Player player_id="124165" player_name="Patrick Roberts">1</Player>
    <Player player_id="131411" player_name="Pere Pons">4</Player>
    <Player player_id="63904" player_name="Borja García">6</Player>
    <Player player_id="86152" player_name="Carles Planas">7</Player>
    <Player player_id="104448" player_name="Anthony Lozano">3</Player>
    <Player player_id="441164" player_name="Pedro Porro">4</Player>
    <Player player_id="63119" player_name="Juanpe">3</Player>
    <Player cross="1" player_id="88550" player_name="Portu">0</Player>
    <Player player_id="80077" player_name="Jonás Ramalho">3</Player>
  </Player>
  <Player cross_lost="0" cross_success="0" jersey_num="19" pass_lost="5" pass_success="7" player_id="104448" player_name="Anthony Lozano" position="Forward" position_id="4" sent_off="88" x="63.02" y="54.83">
    <Player player_id="230046" player_name="Douglas Luiz">3</Player>
    <Player player_id="441164" player_name="Pedro Porro">1</Player>
    <Player player_id="88550" player_name="Portu">1</Player>
    <Player player_id="63904" player_name="Borja García">2</Player>
  </Player>
  <Player cross_lost="0" cross_success="0" jersey_num="2" pass_lost="3" pass_success="36" player_id="55317" player_name="Bernardo Espinosa" position="Defender" position_id="2" x="30.31" y="49.61">
    <Player player_id="230046" player_name="Douglas Luiz">3</Player>
    <Player player_id="441164" player_name="Pedro Porro">3</Player>
    <Player player_id="120026" player_name="Bono">2</Player>
    <Player player_id="63119" player_name="Juanpe">8</Player>
    <Player player_id="67759" player_name="Pedro Alcalá">2</Player>
    <Player player_id="124165" player_name="Patrick Roberts">1</Player>
    <Player player_id="63904" player_name="Borja García">2</Player>
    <Player player_id="86152" player_name="Carles Planas">4</Player>
    <Player player_id="80077" player_name="Jonás Ramalho">11</Player>
  </Player>
  <Player cross_lost="1" cross_success="1" jersey_num="29" pass_lost="7" pass_success="25" player_id="441164" player_name="Pedro Porro" position="Midfielder" position_id="3" x="47.01" y="15.47">
    <Player player_id="55317" player_name="Bernardo Espinosa">1</Player>
    <Player player_id="230046" player_name="Douglas Luiz">2</Player>
    <Player cross="1" player_id="104448" player_name="Anthony Lozano">1</Player>
    <Player player_id="124165" player_name="Patrick Roberts">3</Player>
    <Player player_id="131411" player_name="Pere Pons">8</Player>
    <Player player_id="63904" player_name="Borja García">4</Player>
    <Player player_id="80077" player_name="Jonás Ramalho">6</Player>
  </Player>
  <Player cross_lost="0" cross_success="0" jersey_num="13" pass_lost="10" pass_success="24" player_id="120026" player_name="Bono" position="Goalkeeper" position_id="1" x="10.53" y="53.74">
    <Player player_id="230046" player_name="Douglas Luiz">2</Player>
    <Player player_id="104448" player_name="Anthony Lozano">7</Player>
    <Player player_id="55317" player_name="Bernardo Espinosa">5</Player>
    <Player player_id="67759" player_name="Pedro Alcalá">1</Player>
    <Player player_id="124165" player_name="Patrick Roberts">1</Player>
    <Player player_id="87713" player_name="Aday Benítez">1</Player>
    <Player player_id="86152" player_name="Carles Planas">1</Player>
    <Player player_id="80077" player_name="Jonás Ramalho">6</Player>
  </Player>
  <Player cross_lost="0" cross_success="0" jersey_num="15" pass_lost="3" pass_success="28" player_id="63119" player_name="Juanpe" position="Defender" position_id="2" sub_off="50" x="43.03" y="78.40">
    <Player player_id="55317" player_name="Bernardo Espinosa">3</Player>
    <Player player_id="230046" player_name="Douglas Luiz">6</Player>
    <Player player_id="120026" player_name="Bono">5</Player>
    <Player player_id="131411" player_name="Pere Pons">1</Player>
    <Player player_id="63904" player_name="Borja García">6</Player>
    <Player player_id="86152" player_name="Carles Planas">7</Player>
  </Player>
  <Player cross_lost="0" cross_success="0" jersey_num="5" pass_lost="0" pass_success="13" player_id="67759" player_name="Pedro Alcalá" position="Substitute" position_id="5" sub_on="50" x="26.65" y="73.19">
    <Player player_id="55317" player_name="Bernardo Espinosa">1</Player>
    <Player player_id="230046" player_name="Douglas Luiz">4</Player>
    <Player player_id="120026" player_name="Bono">4</Player>
    <Player player_id="63904" player_name="Borja García">2</Player>
    <Player player_id="86152" player_name="Carles Planas">1</Player>
    <Player player_id="80077" player_name="Jonás Ramalho">1</Player>
  </Player>
  <Player cross_lost="0" cross_success="0" jersey_num="17" pass_lost="1" pass_success="11" player_id="124165" player_name="Patrick Roberts" position="Substitute" position_id="5" sub_on="58" x="58.45" y="29.38">
    <Player player_id="230046" player_name="Douglas Luiz">1</Player>
    <Player player_id="441164" player_name="Pedro Porro">2</Player>
    <Player player_id="131411" player_name="Pere Pons">1</Player>
    <Player player_id="63904" player_name="Borja García">5</Player>
    <Player player_id="86152" player_name="Carles Planas">1</Player>
    <Player player_id="80077" player_name="Jonás Ramalho">1</Player>
  </Player>
  <Player cross_lost="0" cross_success="0" jersey_num="8" pass_lost="10" pass_success="20" player_id="131411" player_name="Pere Pons" position="Midfielder" position_id="3" x="50.09" y="34.79">
    <Player player_id="55317" player_name="Bernardo Espinosa">2</Player>
    <Player player_id="230046" player_name="Douglas Luiz">2</Player>
    <Player player_id="104448" player_name="Anthony Lozano">2</Player>
    <Player player_id="441164" player_name="Pedro Porro">3</Player>
    <Player player_id="63119" player_name="Juanpe">1</Player>
    <Player player_id="124165" player_name="Patrick Roberts">2</Player>
    <Player player_id="88550" player_name="Portu">2</Player>
    <Player player_id="63904" player_name="Borja García">1</Player>
    <Player player_id="80077" player_name="Jonás Ramalho">5</Player>
  </Player>
  <Player cross_lost="1" cross_success="0" jersey_num="9" pass_lost="1" pass_success="5" player_id="88550" player_name="Portu" position="Forward" position_id="4" sub_off="58" x="70.56" y="32.35">
    <Player player_id="104448" player_name="Anthony Lozano">1</Player>
    <Player player_id="441164" player_name="Pedro Porro">1</Player>
    <Player player_id="131411" player_name="Pere Pons">2</Player>
    <Player player_id="80077" player_name="Jonás Ramalho">1</Player>
  </Player>
  <Player cross_lost="1" cross_success="0" jersey_num="11" pass_lost="0" pass_success="1" player_id="87713" player_name="Aday Benítez" position="Midfielder" position_id="3" sub_off="9" x="59.22" y="93.80">
    <Player player_id="63119" player_name="Juanpe">1</Player>
  </Player>
  <Player cross_lost="2" cross_success="2" jersey_num="10" pass_lost="10" pass_success="30" player_id="63904" player_name="Borja García" position="Forward" position_id="4" x="59.86" y="73.01">
    <Player player_id="55317" player_name="Bernardo Espinosa">2</Player>
    <Player player_id="124165" player_name="Patrick Roberts">3</Player>
    <Player player_id="131411" player_name="Pere Pons">4</Player>
    <Player player_id="86152" player_name="Carles Planas">7</Player>
    <Player player_id="230046" player_name="Douglas Luiz">6</Player>
    <Player cross="2" player_id="104448" player_name="Anthony Lozano">1</Player>
    <Player player_id="63119" player_name="Juanpe">3</Player>
    <Player player_id="67759" player_name="Pedro Alcalá">1</Player>
    <Player player_id="88550" player_name="Portu">3</Player>
  </Player>
  <Player cross_lost="2" cross_success="0" jersey_num="21" pass_lost="12" pass_success="21" player_id="86152" player_name="Carles Planas" position="Substitute" position_id="5" sub_on="9" x="52.17" y="88.13">
    <Player player_id="230046" player_name="Douglas Luiz">1</Player>
    <Player player_id="63119" player_name="Juanpe">5</Player>
    <Player player_id="67759" player_name="Pedro Alcalá">3</Player>
    <Player player_id="63904" player_name="Borja García">12</Player>
  </Player>
  <Player cross_lost="0" cross_success="0" jersey_num="4" pass_lost="6" pass_success="36" player_id="80077" player_name="Jonás Ramalho" position="Defender" position_id="2" x="31.28" y="20.79">
    <Player player_id="104448" player_name="Anthony Lozano">2</Player>
    <Player player_id="230046" player_name="Douglas Luiz">5</Player>
    <Player player_id="55317" player_name="Bernardo Espinosa">8</Player>
    <Player player_id="441164" player_name="Pedro Porro">12</Player>
    <Player player_id="120026" player_name="Bono">4</Player>
    <Player player_id="63119" player_name="Juanpe">1</Player>
    <Player player_id="124165" player_name="Patrick Roberts">1</Player>
    <Player player_id="131411" player_name="Pere Pons">1</Player>
    <Player player_id="88550" player_name="Portu">1</Player>
    <Player player_id="63904" player_name="Borja García">1</Player>
  </Player>
</SoccerFeed>