﻿<?xml version="1.0" encoding="UTF-8"?>
<!-- Copyright 2001-2019 Opta Sportsdata Ltd. All rights reserved. -->
<!-- PRODUCTION HEADER
     produced on:        valde-jobq-a02.nexus.opta.net
     production time:    20190115T175846,182Z
     production module:  Opta::Feed::XML::Soccer::F27
-->
<SoccerFeed act_minute="94" act_period="2" act_second="27" away_team_id="177" away_team_name="Espanyol" competition_id="23" competition_name="Spanish La Liga" game_date="2019-01-14 20:00:00" game_id="1009503" home_team_id="188" home_team_name="Real Sociedad" season_id="2018" season_name="Season 2018/2019" team_id="188" team_name="Real Sociedad">
  <Player cross_lost="0" cross_success="0" jersey_num="4" pass_lost="8" pass_success="25" player_id="84086" player_name="Asier Illarramendi" position="Midfielder" position_id="3" x="43.20" y="60.08">
    <Player player_id="195384" player_name="Mikel Merino">1</Player>
    <Player player_id="472145" player_name="Aihen Muñoz">4</Player>
    <Player player_id="154976" player_name="Adnan Januzaj">3</Player>
    <Player player_id="219000" player_name="Mikel Oyarzabal">1</Player>
    <Player player_id="200957" player_name="Aritz Elustondo">2</Player>
    <Player player_id="149915" player_name="Diego Llorente">3</Player>
    <Player player_id="80287" player_name="Juanmi">3</Player>
    <Player player_id="73314" player_name="Willian José">1</Player>
    <Player player_id="201179" player_name="Luca Sangalli">1</Player>
    <Player player_id="106921" player_name="Gerónimo Rulli">1</Player>
    <Player player_id="49656" player_name="Héctor Moreno">5</Player>
  </Player>
  <Player cross_lost="0" cross_success="1" jersey_num="8" pass_lost="2" pass_success="17" player_id="195384" player_name="Mikel Merino" position="Midfielder" position_id="3" sent_off="75" x="45.11" y="37.96">
    <Player player_id="84086" player_name="Asier Illarramendi">1</Player>
    <Player player_id="472145" player_name="Aihen Muñoz">4</Player>
    <Player player_id="219000" player_name="Mikel Oyarzabal">2</Player>
    <Player player_id="200957" player_name="Aritz Elustondo">3</Player>
    <Player cross="1" player_id="73314" player_name="Willian José">1</Player>
    <Player player_id="201179" player_name="Luca Sangalli">1</Player>
    <Player player_id="154976" player_name="Adnan Januzaj">2</Player>
    <Player player_id="149915" player_name="Diego Llorente">1</Player>
    <Player player_id="49656" player_name="Héctor Moreno">2</Player>
  </Player>
  <Player cross_lost="1" cross_success="0" jersey_num="29" pass_lost="12" pass_success="28" player_id="472145" player_name="Aihen Muñoz" position="Defender" position_id="2" x="44.46" y="88.34">
    <Player player_id="84086" player_name="Asier Illarramendi">4</Player>
    <Player player_id="219000" player_name="Mikel Oyarzabal">2</Player>
    <Player player_id="80287" player_name="Juanmi">5</Player>
    <Player player_id="73314" player_name="Willian José">4</Player>
    <Player player_id="201179" player_name="Luca Sangalli">4</Player>
    <Player player_id="49656" player_name="Héctor Moreno">9</Player>
  </Player>
  <Player cross_lost="5" cross_success="5" jersey_num="11" pass_lost="4" pass_success="10" player_id="154976" player_name="Adnan Januzaj" position="Midfielder" position_id="3" sub_off="84" x="58.79" y="14.45">
    <Player cross="1" player_id="195384" player_name="Mikel Merino">1</Player>
    <Player cross="1" player_id="200957" player_name="Aritz Elustondo">8</Player>
    <Player cross="1" player_id="149915" player_name="Diego Llorente">1</Player>
    <Player cross="2" player_id="73314" player_name="Willian José">0</Player>
  </Player>
  <Player cross_lost="0" cross_success="0" jersey_num="10" pass_lost="3" pass_success="3" player_id="219000" player_name="Mikel Oyarzabal" position="Substitute" position_id="5" sub_on="65" x="62.38" y="76.29">
    <Player player_id="195384" player_name="Mikel Merino">1</Player>
    <Player player_id="472145" player_name="Aihen Muñoz">2</Player>
  </Player>
  <Player cross_lost="0" cross_success="0" jersey_num="28" pass_lost="2" pass_success="1" player_id="467063" player_name="Roberto López" position="Substitute" position_id="5" sub_on="62" x="47.43" y="33.06">
    <Player player_id="84086" player_name="Asier Illarramendi">1</Player>
  </Player>
  <Player cross_lost="0" cross_success="0" jersey_num="15" pass_lost="5" pass_success="25" player_id="200957" player_name="Aritz Elustondo" position="Defender" position_id="2" x="39.78" y="22.43">
    <Player player_id="84086" player_name="Asier Illarramendi">1</Player>
    <Player player_id="195384" player_name="Mikel Merino">5</Player>
    <Player player_id="154976" player_name="Adnan Januzaj">9</Player>
    <Player player_id="149915" player_name="Diego Llorente">6</Player>
    <Player player_id="73314" player_name="Willian José">2</Player>
    <Player player_id="49656" player_name="Héctor Moreno">1</Player>
    <Player player_id="106921" player_name="Gerónimo Rulli">1</Player>
  </Player>
  <Player cross_lost="0" cross_success="0" jersey_num="3" pass_lost="5" pass_success="31" player_id="149915" player_name="Diego Llorente" position="Defender" position_id="2" x="30.24" y="32.83">
    <Player player_id="84086" player_name="Asier Illarramendi">3</Player>
    <Player player_id="472145" player_name="Aihen Muñoz">2</Player>
    <Player player_id="154976" player_name="Adnan Januzaj">1</Player>
    <Player player_id="467063" player_name="Roberto López">1</Player>
    <Player player_id="200957" player_name="Aritz Elustondo">7</Player>
    <Player player_id="80287" player_name="Juanmi">2</Player>
    <Player player_id="73314" player_name="Willian José">3</Player>
    <Player player_id="201179" player_name="Luca Sangalli">1</Player>
    <Player player_id="106921" player_name="Gerónimo Rulli">6</Player>
    <Player player_id="49656" player_name="Héctor Moreno">5</Player>
  </Player>
  <Player cross_lost="0" cross_success="0" jersey_num="7" pass_lost="2" pass_success="13" player_id="80287" player_name="Juanmi" position="Midfielder" position_id="3" sub_off="65" x="52.52" y="86.03">
    <Player player_id="84086" player_name="Asier Illarramendi">2</Player>
    <Player player_id="472145" player_name="Aihen Muñoz">4</Player>
    <Player player_id="73314" player_name="Willian José">3</Player>
    <Player player_id="201179" player_name="Luca Sangalli">3</Player>
    <Player player_id="49656" player_name="Héctor Moreno">1</Player>
  </Player>
  <Player cross_lost="0" cross_success="0" jersey_num="12" pass_lost="9" pass_success="17" player_id="73314" player_name="Willian José" position="Forward" position_id="4" x="55.23" y="58.77">
    <Player player_id="84086" player_name="Asier Illarramendi">1</Player>
    <Player player_id="472145" player_name="Aihen Muñoz">1</Player>
    <Player player_id="195384" player_name="Mikel Merino">3</Player>
    <Player player_id="154976" player_name="Adnan Januzaj">6</Player>
    <Player player_id="200957" player_name="Aritz Elustondo">2</Player>
    <Player player_id="149915" player_name="Diego Llorente">1</Player>
    <Player player_id="80287" player_name="Juanmi">1</Player>
    <Player player_id="201179" player_name="Luca Sangalli">2</Player>
  </Player>
  <Player cross_lost="0" cross_success="0" jersey_num="23" pass_lost="4" pass_success="11" player_id="201179" player_name="Luca Sangalli" position="Midfielder" position_id="3" sub_off="62" x="49.46" y="76.30">
    <Player player_id="84086" player_name="Asier Illarramendi">1</Player>
    <Player player_id="195384" player_name="Mikel Merino">1</Player>
    <Player player_id="154976" player_name="Adnan Januzaj">1</Player>
    <Player player_id="472145" player_name="Aihen Muñoz">3</Player>
    <Player player_id="149915" player_name="Diego Llorente">4</Player>
    <Player player_id="80287" player_name="Juanmi">1</Player>
  </Player>
  <Player cross_lost="0" cross_success="0" jersey_num="5" pass_lost="0" pass_success="1" player_id="216475" player_name="Igor Zubeldia" position="Substitute" position_id="5" sub_on="84" x="43.53" y="19.93">
    <Player player_id="73314" player_name="Willian José">1</Player>
  </Player>
  <Player cross_lost="0" cross_success="0" jersey_num="1" pass_lost="15" pass_success="23" player_id="106921" player_name="Gerónimo Rulli" position="Goalkeeper" position_id="1" x="8.54" y="49.43">
    <Player player_id="84086" player_name="Asier Illarramendi">1</Player>
    <Player player_id="195384" player_name="Mikel Merino">2</Player>
    <Player player_id="154976" player_name="Adnan Januzaj">2</Player>
    <Player player_id="472145" player_name="Aihen Muñoz">2</Player>
    <Player player_id="467063" player_name="Roberto López">1</Player>
    <Player player_id="200957" player_name="Aritz Elustondo">3</Player>
    <Player player_id="149915" player_name="Diego Llorente">4</Player>
    <Player player_id="73314" player_name="Willian José">1</Player>
    <Player player_id="49656" player_name="Héctor Moreno">7</Player>
  </Player>
  <Player cross_lost="0" cross_success="0" jersey_num="6" pass_lost="4" pass_success="38" player_id="49656" player_name="Héctor Moreno" position="Defender" position_id="2" x="29.71" y="73.74">
    <Player player_id="84086" player_name="Asier Illarramendi">2</Player>
    <Player player_id="154976" player_name="Adnan Januzaj">3</Player>
    <Player player_id="472145" player_name="Aihen Muñoz">8</Player>
    <Player player_id="149915" player_name="Diego Llorente">8</Player>
    <Player player_id="80287" player_name="Juanmi">2</Player>
    <Player player_id="73314" player_name="Willian José">4</Player>
    <Player player_id="201179" player_name="Luca Sangalli">1</Player>
    <Player player_id="106921" player_name="Gerónimo Rulli">10</Player>
  </Player>
</SoccerFeed>