﻿<?xml version="1.0" encoding="UTF-8"?>
<!-- Copyright 2001-2019 Opta Sportsdata Ltd. All rights reserved. -->
<!-- PRODUCTION HEADER
     produced on:        valde-jobq-a04.nexus.opta.net
     production time:    20190226T141309,998Z
     production module:  Opta::Feed::XML::Soccer::F27
-->
<SoccerFeed act_minute="93" act_period="2" act_second="56" away_team_id="953" away_team_name="Eibar" competition_id="23" competition_name="Spanish La Liga" game_date="2019-02-23 19:45:00" game_id="1009557" home_team_id="174" home_team_name="Athletic Club" season_id="2018" season_name="Season 2018/2019" team_id="953" team_name="Eibar">
  <Player cross_lost="0" cross_success="0" jersey_num="21" pass_lost="2" pass_success="0" player_id="42839" player_name="Pedro León" position="Substitute" position_id="5" sub_on="81" x="71.53" y="9.44" />
  <Player cross_lost="0" cross_success="0" jersey_num="5" pass_lost="3" pass_success="13" player_id="156305" player_name="Gonzalo Escalante" position="Substitute" position_id="5" sub_on="60" x="48.62" y="30.61">
    <Player player_id="195364" player_name="Joan Jordán">2</Player>
    <Player player_id="80791" player_name="Sergi Enrich">1</Player>
    <Player player_id="87026" player_name="Anaitz Arbilla">1</Player>
    <Player player_id="126290" player_name="Rubén Peña">1</Player>
    <Player player_id="48854" player_name="Fabián Orellana">4</Player>
    <Player player_id="59140" player_name="Cote">1</Player>
    <Player player_id="87499" player_name="Paulo Oliveira">3</Player>
  </Player>
  <Player cross_lost="2" cross_success="1" jersey_num="24" pass_lost="9" pass_success="58" player_id="195364" player_name="Joan Jordán" position="Midfielder" position_id="3" x="49.13" y="57.17">
    <Player player_id="156305" player_name="Gonzalo Escalante">1</Player>
    <Player player_id="80791" player_name="Sergi Enrich">2</Player>
    <Player player_id="87026" player_name="Anaitz Arbilla">8</Player>
    <Player cross="1" player_id="87499" player_name="Paulo Oliveira">6</Player>
    <Player player_id="179268" player_name="Marc Cucurella">5</Player>
    <Player player_id="61597" player_name="Kike García">3</Player>
    <Player player_id="17973" player_name="Asier Riesgo">2</Player>
    <Player player_id="27672" player_name="Pape Diop">4</Player>
    <Player player_id="126290" player_name="Rubén Peña">10</Player>
    <Player player_id="48854" player_name="Fabián Orellana">5</Player>
    <Player player_id="86349" player_name="Charles">2</Player>
    <Player player_id="59140" player_name="Cote">10</Player>
  </Player>
  <Player cross_lost="0" cross_success="0" jersey_num="17" pass_lost="10" pass_success="5" player_id="61597" player_name="Kike García" position="Forward" position_id="4" sub_off="60" x="63.35" y="57.09">
    <Player player_id="27672" player_name="Pape Diop">1</Player>
    <Player player_id="48854" player_name="Fabián Orellana">2</Player>
    <Player player_id="59140" player_name="Cote">1</Player>
    <Player player_id="179268" player_name="Marc Cucurella">1</Player>
  </Player>
  <Player cross_lost="0" cross_success="0" jersey_num="13" pass_lost="13" pass_success="17" player_id="17973" player_name="Asier Riesgo" position="Goalkeeper" position_id="1" x="9.83" y="52.43">
    <Player player_id="195364" player_name="Joan Jordán">2</Player>
    <Player player_id="61597" player_name="Kike García">2</Player>
    <Player player_id="80791" player_name="Sergi Enrich">1</Player>
    <Player player_id="87026" player_name="Anaitz Arbilla">1</Player>
    <Player player_id="48854" player_name="Fabián Orellana">2</Player>
    <Player player_id="86349" player_name="Charles">3</Player>
    <Player player_id="59140" player_name="Cote">3</Player>
    <Player player_id="87499" player_name="Paulo Oliveira">2</Player>
    <Player player_id="179268" player_name="Marc Cucurella">1</Player>
  </Player>
  <Player cross_lost="0" cross_success="0" jersey_num="9" pass_lost="6" pass_success="12" player_id="80791" player_name="Sergi Enrich" position="Substitute" position_id="5" sub_on="60" x="61.40" y="33.84">
    <Player player_id="42839" player_name="Pedro León">1</Player>
    <Player player_id="156305" player_name="Gonzalo Escalante">1</Player>
    <Player player_id="195364" player_name="Joan Jordán">6</Player>
    <Player player_id="126290" player_name="Rubén Peña">1</Player>
    <Player player_id="48854" player_name="Fabián Orellana">1</Player>
    <Player player_id="86349" player_name="Charles">1</Player>
    <Player player_id="179268" player_name="Marc Cucurella">1</Player>
  </Player>
  <Player cross_lost="1" cross_success="0" jersey_num="8" pass_lost="9" pass_success="14" player_id="27672" player_name="Pape Diop" position="Midfielder" position_id="3" sub_off="60" x="46.10" y="36.72">
    <Player player_id="195364" player_name="Joan Jordán">1</Player>
    <Player player_id="126290" player_name="Rubén Peña">4</Player>
    <Player player_id="87026" player_name="Anaitz Arbilla">3</Player>
    <Player player_id="48854" player_name="Fabián Orellana">2</Player>
    <Player player_id="59140" player_name="Cote">1</Player>
    <Player player_id="87499" player_name="Paulo Oliveira">3</Player>
  </Player>
  <Player cross_lost="1" cross_success="0" jersey_num="23" pass_lost="11" pass_success="39" player_id="87026" player_name="Anaitz Arbilla" position="Defender" position_id="2" x="34.93" y="64.03">
    <Player player_id="156305" player_name="Gonzalo Escalante">5</Player>
    <Player player_id="195364" player_name="Joan Jordán">6</Player>
    <Player player_id="61597" player_name="Kike García">1</Player>
    <Player player_id="17973" player_name="Asier Riesgo">3</Player>
    <Player player_id="126290" player_name="Rubén Peña">2</Player>
    <Player player_id="86349" player_name="Charles">1</Player>
    <Player player_id="59140" player_name="Cote">10</Player>
    <Player player_id="87499" player_name="Paulo Oliveira">10</Player>
    <Player player_id="179268" player_name="Marc Cucurella">1</Player>
  </Player>
  <Player cross_lost="4" cross_success="0" jersey_num="11" pass_lost="9" pass_success="38" player_id="126290" player_name="Rubén Peña" position="Defender" position_id="2" x="50.97" y="11.71">
    <Player player_id="42839" player_name="Pedro León">1</Player>
    <Player player_id="156305" player_name="Gonzalo Escalante">2</Player>
    <Player player_id="195364" player_name="Joan Jordán">1</Player>
    <Player player_id="80791" player_name="Sergi Enrich">3</Player>
    <Player player_id="87026" player_name="Anaitz Arbilla">4</Player>
    <Player player_id="87499" player_name="Paulo Oliveira">2</Player>
    <Player player_id="61597" player_name="Kike García">6</Player>
    <Player player_id="17973" player_name="Asier Riesgo">1</Player>
    <Player player_id="27672" player_name="Pape Diop">1</Player>
    <Player player_id="48854" player_name="Fabián Orellana">11</Player>
    <Player player_id="86349" player_name="Charles">6</Player>
  </Player>
  <Player cross_lost="1" cross_success="1" jersey_num="14" pass_lost="11" pass_success="24" player_id="48854" player_name="Fabián Orellana" position="Midfielder" position_id="3" x="63.13" y="30.20">
    <Player player_id="195364" player_name="Joan Jordán">6</Player>
    <Player player_id="61597" player_name="Kike García">1</Player>
    <Player player_id="80791" player_name="Sergi Enrich">2</Player>
    <Player player_id="27672" player_name="Pape Diop">1</Player>
    <Player player_id="87026" player_name="Anaitz Arbilla">1</Player>
    <Player player_id="126290" player_name="Rubén Peña">11</Player>
    <Player player_id="86349" player_name="Charles">1</Player>
    <Player cross="1" player_id="179268" player_name="Marc Cucurella">1</Player>
  </Player>
  <Player cross_lost="1" cross_success="0" jersey_num="19" pass_lost="10" pass_success="15" player_id="86349" player_name="Charles" position="Forward" position_id="4" x="60.45" y="49.12">
    <Player player_id="195364" player_name="Joan Jordán">5</Player>
    <Player player_id="61597" player_name="Kike García">1</Player>
    <Player player_id="27672" player_name="Pape Diop">1</Player>
    <Player player_id="126290" player_name="Rubén Peña">2</Player>
    <Player player_id="48854" player_name="Fabián Orellana">5</Player>
    <Player player_id="179268" player_name="Marc Cucurella">1</Player>
  </Player>
  <Player cross_lost="2" cross_success="0" jersey_num="15" pass_lost="18" pass_success="25" player_id="59140" player_name="Cote" position="Defender" position_id="2" sub_off="81" x="36.97" y="84.21">
    <Player player_id="156305" player_name="Gonzalo Escalante">1</Player>
    <Player player_id="195364" player_name="Joan Jordán">7</Player>
    <Player player_id="87026" player_name="Anaitz Arbilla">5</Player>
    <Player player_id="87499" player_name="Paulo Oliveira">2</Player>
    <Player player_id="179268" player_name="Marc Cucurella">1</Player>
    <Player player_id="61597" player_name="Kike García">2</Player>
    <Player player_id="17973" player_name="Asier Riesgo">2</Player>
    <Player player_id="27672" player_name="Pape Diop">1</Player>
    <Player player_id="86349" player_name="Charles">4</Player>
  </Player>
  <Player cross_lost="0" cross_success="0" jersey_num="12" pass_lost="20" pass_success="29" player_id="87499" player_name="Paulo Oliveira" position="Defender" position_id="2" x="36.69" y="42.06">
    <Player player_id="42839" player_name="Pedro León">1</Player>
    <Player player_id="195364" player_name="Joan Jordán">2</Player>
    <Player player_id="156305" player_name="Gonzalo Escalante">2</Player>
    <Player player_id="61597" player_name="Kike García">1</Player>
    <Player player_id="17973" player_name="Asier Riesgo">3</Player>
    <Player player_id="80791" player_name="Sergi Enrich">1</Player>
    <Player player_id="126290" player_name="Rubén Peña">12</Player>
    <Player player_id="87026" player_name="Anaitz Arbilla">6</Player>
    <Player player_id="48854" player_name="Fabián Orellana">1</Player>
  </Player>
  <Player cross_lost="0" cross_success="0" jersey_num="20" pass_lost="5" pass_success="16" player_id="179268" player_name="Marc Cucurella" position="Midfielder" position_id="3" x="49.40" y="85.35">
    <Player player_id="195364" player_name="Joan Jordán">5</Player>
    <Player player_id="61597" player_name="Kike García">2</Player>
    <Player player_id="80791" player_name="Sergi Enrich">1</Player>
    <Player player_id="87026" player_name="Anaitz Arbilla">1</Player>
    <Player player_id="86349" player_name="Charles">3</Player>
    <Player player_id="59140" player_name="Cote">3</Player>
    <Player player_id="87499" player_name="Paulo Oliveira">1</Player>
  </Player>
</SoccerFeed>