﻿<?xml version="1.0" encoding="UTF-8"?>
<!-- Copyright 2001-2019 Opta Sportsdata Ltd. All rights reserved. -->
<!-- PRODUCTION HEADER
     produced on:        valde-jobq-a04.nexus.opta.net
     production time:    20190122T175710,852Z
     production module:  Opta::Feed::XML::Soccer::F27
-->
<SoccerFeed act_minute="94" act_period="2" act_second="0" away_team_id="177" away_team_name="Espanyol" competition_id="23" competition_name="Spanish La Liga" game_date="2019-01-21 20:00:00" game_id="1009509" home_team_id="953" home_team_name="Eibar" season_id="2018" season_name="Season 2018/2019" team_id="177" team_name="Espanyol">
  <Player cross_lost="0" cross_success="0" jersey_num="12" pass_lost="22" pass_success="17" player_id="59790" player_name="Dídac Vilá" position="Defender" position_id="2" x="33.39" y="83.66">
    <Player player_id="109269" player_name="Leo Baptistao">6</Player>
    <Player player_id="431434" player_name="Javi Puado">1</Player>
    <Player player_id="51271" player_name="Pablo Piatti">1</Player>
    <Player player_id="46998" player_name="Esteban Granero">2</Player>
    <Player player_id="234370" player_name="Marc Roca">2</Player>
    <Player player_id="16021" player_name="Diego López">1</Player>
    <Player player_id="215686" player_name="Lluís López">2</Player>
    <Player player_id="100692" player_name="Naldo">1</Player>
    <Player player_id="78333" player_name="Javi López">1</Player>
  </Player>
  <Player cross_lost="0" cross_success="0" jersey_num="20" pass_lost="7" pass_success="13" player_id="431434" player_name="Javi Puado" position="Forward" position_id="4" x="41.40" y="58.73">
    <Player player_id="59790" player_name="Dídac Vilá">2</Player>
    <Player player_id="109269" player_name="Leo Baptistao">3</Player>
    <Player player_id="234370" player_name="Marc Roca">3</Player>
    <Player player_id="215686" player_name="Lluís López">2</Player>
    <Player player_id="243718" player_name="Óscar Melendo">2</Player>
    <Player player_id="78333" player_name="Javi López">1</Player>
  </Player>
  <Player cross_lost="0" cross_success="0" jersey_num="11" pass_lost="5" pass_success="15" player_id="109269" player_name="Leo Baptistao" position="Forward" position_id="4" x="51.33" y="59.89">
    <Player player_id="59790" player_name="Dídac Vilá">3</Player>
    <Player player_id="46998" player_name="Esteban Granero">4</Player>
    <Player player_id="213431" player_name="Mario Hermoso">1</Player>
    <Player player_id="49267" player_name="Víctor Sánchez">1</Player>
    <Player player_id="234370" player_name="Marc Roca">3</Player>
    <Player player_id="243718" player_name="Óscar Melendo">1</Player>
    <Player player_id="78333" player_name="Javi López">2</Player>
  </Player>
  <Player cross_lost="1" cross_success="0" jersey_num="19" pass_lost="1" pass_success="3" player_id="51271" player_name="Pablo Piatti" position="Substitute" position_id="5" sub_on="75" x="48.63" y="65.43">
    <Player player_id="46998" player_name="Esteban Granero">1</Player>
    <Player player_id="213431" player_name="Mario Hermoso">1</Player>
    <Player player_id="234370" player_name="Marc Roca">1</Player>
  </Player>
  <Player cross_lost="1" cross_success="0" jersey_num="23" pass_lost="13" pass_success="20" player_id="46998" player_name="Esteban Granero" position="Midfielder" position_id="3" x="38.01" y="58.09">
    <Player player_id="59790" player_name="Dídac Vilá">2</Player>
    <Player player_id="431434" player_name="Javi Puado">2</Player>
    <Player player_id="49267" player_name="Víctor Sánchez">2</Player>
    <Player player_id="234370" player_name="Marc Roca">3</Player>
    <Player player_id="100692" player_name="Naldo">1</Player>
    <Player player_id="215686" player_name="Lluís López">5</Player>
    <Player player_id="78333" player_name="Javi López">4</Player>
    <Player player_id="243718" player_name="Óscar Melendo">1</Player>
  </Player>
  <Player cross_lost="0" cross_success="0" jersey_num="22" pass_lost="1" pass_success="14" player_id="213431" player_name="Mario Hermoso" position="Substitute" position_id="5" sub_on="63" x="22.98" y="69.97">
    <Player player_id="59790" player_name="Dídac Vilá">2</Player>
    <Player player_id="51271" player_name="Pablo Piatti">1</Player>
    <Player player_id="46998" player_name="Esteban Granero">1</Player>
    <Player player_id="202044" player_name="Borja Iglesias">1</Player>
    <Player player_id="234370" player_name="Marc Roca">4</Player>
    <Player player_id="16021" player_name="Diego López">2</Player>
    <Player player_id="215686" player_name="Lluís López">3</Player>
  </Player>
  <Player cross_lost="0" cross_success="0" jersey_num="4" pass_lost="3" pass_success="10" player_id="49267" player_name="Víctor Sánchez" position="Midfielder" position_id="3" sub_off="63" x="40.61" y="34.78">
    <Player player_id="109269" player_name="Leo Baptistao">2</Player>
    <Player player_id="234370" player_name="Marc Roca">1</Player>
    <Player player_id="215686" player_name="Lluís López">3</Player>
    <Player player_id="78333" player_name="Javi López">1</Player>
    <Player player_id="243718" player_name="Óscar Melendo">3</Player>
  </Player>
  <Player cross_lost="0" cross_success="0" jersey_num="7" pass_lost="1" pass_success="2" player_id="202044" player_name="Borja Iglesias" position="Substitute" position_id="5" sub_on="62" x="44.90" y="48.43">
    <Player player_id="234370" player_name="Marc Roca">1</Player>
    <Player player_id="46998" player_name="Esteban Granero">1</Player>
  </Player>
  <Player cross_lost="0" cross_success="0" jersey_num="21" pass_lost="7" pass_success="36" player_id="234370" player_name="Marc Roca" position="Midfielder" position_id="3" x="36.35" y="47.15">
    <Player player_id="59790" player_name="Dídac Vilá">3</Player>
    <Player player_id="431434" player_name="Javi Puado">1</Player>
    <Player player_id="109269" player_name="Leo Baptistao">2</Player>
    <Player player_id="51271" player_name="Pablo Piatti">2</Player>
    <Player player_id="46998" player_name="Esteban Granero">5</Player>
    <Player player_id="213431" player_name="Mario Hermoso">3</Player>
    <Player player_id="100692" player_name="Naldo">1</Player>
    <Player player_id="215686" player_name="Lluís López">7</Player>
    <Player player_id="243718" player_name="Óscar Melendo">3</Player>
    <Player player_id="78333" player_name="Javi López">9</Player>
  </Player>
  <Player cross_lost="0" cross_success="0" jersey_num="13" pass_lost="11" pass_success="34" player_id="16021" player_name="Diego López" position="Goalkeeper" position_id="1" x="9.79" y="51.10">
    <Player player_id="59790" player_name="Dídac Vilá">4</Player>
    <Player player_id="109269" player_name="Leo Baptistao">1</Player>
    <Player player_id="213431" player_name="Mario Hermoso">4</Player>
    <Player player_id="202044" player_name="Borja Iglesias">1</Player>
    <Player player_id="234370" player_name="Marc Roca">5</Player>
    <Player player_id="100692" player_name="Naldo">8</Player>
    <Player player_id="215686" player_name="Lluís López">11</Player>
  </Player>
  <Player cross_lost="0" cross_success="0" jersey_num="27" pass_lost="13" pass_success="42" player_id="215686" player_name="Lluís López" position="Defender" position_id="2" x="25.98" y="30.55">
    <Player player_id="109269" player_name="Leo Baptistao">1</Player>
    <Player player_id="431434" player_name="Javi Puado">3</Player>
    <Player player_id="46998" player_name="Esteban Granero">5</Player>
    <Player player_id="213431" player_name="Mario Hermoso">3</Player>
    <Player player_id="49267" player_name="Víctor Sánchez">1</Player>
    <Player player_id="234370" player_name="Marc Roca">8</Player>
    <Player player_id="16021" player_name="Diego López">8</Player>
    <Player player_id="100692" player_name="Naldo">4</Player>
    <Player player_id="78333" player_name="Javi López">6</Player>
    <Player player_id="243718" player_name="Óscar Melendo">3</Player>
  </Player>
  <Player cross_lost="0" cross_success="0" jersey_num="5" pass_lost="7" pass_success="21" player_id="100692" player_name="Naldo" position="Defender" position_id="2" sub_off="62" x="24.83" y="69.34">
    <Player player_id="59790" player_name="Dídac Vilá">4</Player>
    <Player player_id="431434" player_name="Javi Puado">2</Player>
    <Player player_id="46998" player_name="Esteban Granero">1</Player>
    <Player player_id="49267" player_name="Víctor Sánchez">4</Player>
    <Player player_id="234370" player_name="Marc Roca">3</Player>
    <Player player_id="16021" player_name="Diego López">5</Player>
    <Player player_id="215686" player_name="Lluís López">2</Player>
  </Player>
  <Player cross_lost="3" cross_success="0" jersey_num="16" pass_lost="15" pass_success="16" player_id="78333" player_name="Javi López" position="Defender" position_id="2" x="33.19" y="15.18">
    <Player player_id="431434" player_name="Javi Puado">2</Player>
    <Player player_id="51271" player_name="Pablo Piatti">1</Player>
    <Player player_id="46998" player_name="Esteban Granero">1</Player>
    <Player player_id="49267" player_name="Víctor Sánchez">4</Player>
    <Player player_id="202044" player_name="Borja Iglesias">2</Player>
    <Player player_id="234370" player_name="Marc Roca">1</Player>
    <Player player_id="16021" player_name="Diego López">2</Player>
    <Player player_id="215686" player_name="Lluís López">3</Player>
  </Player>
  <Player cross_lost="0" cross_success="0" jersey_num="14" pass_lost="8" pass_success="9" player_id="243718" player_name="Óscar Melendo" position="Forward" position_id="4" sub_off="75" x="42.74" y="36.22">
    <Player player_id="109269" player_name="Leo Baptistao">1</Player>
    <Player player_id="431434" player_name="Javi Puado">1</Player>
    <Player player_id="46998" player_name="Esteban Granero">1</Player>
    <Player player_id="49267" player_name="Víctor Sánchez">2</Player>
    <Player player_id="234370" player_name="Marc Roca">3</Player>
    <Player player_id="78333" player_name="Javi López">1</Player>
  </Player>
</SoccerFeed>