﻿<?xml version="1.0" encoding="UTF-8"?>
<!-- Copyright 2001-2019 Opta Sportsdata Ltd. All rights reserved. -->
<!-- PRODUCTION HEADER
     produced on:        valde-jobq-a01.nexus.opta.net
     production time:    20190205T211007,377Z
     production module:  Opta::Feed::XML::Soccer::F27
-->
<SoccerFeed act_minute="96" act_period="2" act_second="0" away_team_id="957" away_team_name="Leganés" competition_id="23" competition_name="Spanish La Liga" game_date="2019-02-04 20:00:00" game_id="1009535" home_team_id="184" home_team_name="Rayo Vallecano" season_id="2018" season_name="Season 2018/2019" team_id="184" team_name="Rayo Vallecano">
  <Player cross_lost="0" cross_success="0" jersey_num="25" pass_lost="1" pass_success="5" player_id="49724" player_name="Franco Di Santo" position="Substitute" position_id="5" sub_on="45" x="63.51" y="53.71">
    <Player player_id="102738" player_name="Giannelli Imbula">2</Player>
    <Player player_id="165796" player_name="Álvaro Medrán">1</Player>
    <Player player_id="106468" player_name="Álex Moreno">1</Player>
    <Player player_id="114323" player_name="José Pozo">1</Player>
  </Player>
  <Player cross_lost="9" cross_success="1" jersey_num="17" pass_lost="3" pass_success="27" player_id="98901" player_name="Luis Advíncula" position="Midfielder" position_id="3" x="60.55" y="14.35">
    <Player player_id="132161" player_name="Adrián Embarba">3</Player>
    <Player player_id="165796" player_name="Álvaro Medrán">5</Player>
    <Player player_id="40721" player_name="Óscar Trejo">1</Player>
    <Player player_id="151885" player_name="Emiliano Velázquez">4</Player>
    <Player cross="1" player_id="119403" player_name="Raúl de Tomás">0</Player>
    <Player player_id="94878" player_name="Stole Dimitrievski">1</Player>
    <Player player_id="165682" player_name="Álvaro García">2</Player>
    <Player player_id="49724" player_name="Franco Di Santo">2</Player>
    <Player player_id="102738" player_name="Giannelli Imbula">7</Player>
    <Player player_id="106468" player_name="Álex Moreno">2</Player>
  </Player>
  <Player cross_lost="0" cross_success="0" jersey_num="16" pass_lost="11" pass_success="48" player_id="80789" player_name="Jordi Amat" position="Defender" position_id="2" x="37.90" y="66.22">
    <Player player_id="98901" player_name="Luis Advíncula">4</Player>
    <Player player_id="102738" player_name="Giannelli Imbula">8</Player>
    <Player player_id="132161" player_name="Adrián Embarba">1</Player>
    <Player player_id="40721" player_name="Óscar Trejo">5</Player>
    <Player player_id="165796" player_name="Álvaro Medrán">8</Player>
    <Player player_id="151885" player_name="Emiliano Velázquez">6</Player>
    <Player player_id="106468" player_name="Álex Moreno">3</Player>
    <Player player_id="119403" player_name="Raúl de Tomás">1</Player>
    <Player player_id="94878" player_name="Stole Dimitrievski">4</Player>
    <Player player_id="103860" player_name="Abdoulaye Ba">6</Player>
    <Player player_id="114323" player_name="José Pozo">2</Player>
  </Player>
  <Player cross_lost="2" cross_success="0" jersey_num="12" pass_lost="5" pass_success="53" player_id="102738" player_name="Giannelli Imbula" position="Midfielder" position_id="3" x="54.26" y="41.75">
    <Player player_id="98901" player_name="Luis Advíncula">15</Player>
    <Player player_id="80789" player_name="Jordi Amat">4</Player>
    <Player player_id="165796" player_name="Álvaro Medrán">11</Player>
    <Player player_id="40721" player_name="Óscar Trejo">9</Player>
    <Player player_id="151885" player_name="Emiliano Velázquez">2</Player>
    <Player player_id="106468" player_name="Álex Moreno">3</Player>
    <Player player_id="119403" player_name="Raúl de Tomás">3</Player>
    <Player player_id="165682" player_name="Álvaro García">4</Player>
    <Player player_id="114323" player_name="José Pozo">2</Player>
  </Player>
  <Player cross_lost="3" cross_success="1" jersey_num="11" pass_lost="4" pass_success="8" player_id="132161" player_name="Adrián Embarba" position="Forward" position_id="4" sub_off="68" x="54.26" y="29.39">
    <Player player_id="102738" player_name="Giannelli Imbula">1</Player>
    <Player player_id="165796" player_name="Álvaro Medrán">3</Player>
    <Player player_id="106468" player_name="Álex Moreno">1</Player>
    <Player cross="1" player_id="151885" player_name="Emiliano Velázquez">2</Player>
    <Player player_id="119403" player_name="Raúl de Tomás">1</Player>
  </Player>
  <Player cross_lost="3" cross_success="1" jersey_num="4" pass_lost="10" pass_success="76" player_id="165796" player_name="Álvaro Medrán" position="Midfielder" position_id="3" x="47.35" y="54.63">
    <Player player_id="98901" player_name="Luis Advíncula">9</Player>
    <Player player_id="132161" player_name="Adrián Embarba">1</Player>
    <Player player_id="40721" player_name="Óscar Trejo">10</Player>
    <Player player_id="151885" player_name="Emiliano Velázquez">6</Player>
    <Player cross="1" player_id="119403" player_name="Raúl de Tomás">4</Player>
    <Player player_id="165682" player_name="Álvaro García">1</Player>
    <Player player_id="103860" player_name="Abdoulaye Ba">6</Player>
    <Player player_id="80789" player_name="Jordi Amat">10</Player>
    <Player player_id="102738" player_name="Giannelli Imbula">13</Player>
    <Player player_id="106468" player_name="Álex Moreno">11</Player>
    <Player player_id="114323" player_name="José Pozo">5</Player>
  </Player>
  <Player cross_lost="1" cross_success="1" jersey_num="8" pass_lost="7" pass_success="25" player_id="40721" player_name="Óscar Trejo" position="Forward" position_id="4" sub_off="72" x="60.77" y="65.71">
    <Player player_id="49724" player_name="Franco Di Santo">1</Player>
    <Player player_id="80789" player_name="Jordi Amat">3</Player>
    <Player player_id="98901" player_name="Luis Advíncula">2</Player>
    <Player player_id="102738" player_name="Giannelli Imbula">4</Player>
    <Player player_id="165796" player_name="Álvaro Medrán">4</Player>
    <Player player_id="106468" player_name="Álex Moreno">10</Player>
    <Player cross="1" player_id="119403" player_name="Raúl de Tomás">1</Player>
  </Player>
  <Player cross_lost="1" cross_success="0" jersey_num="20" pass_lost="9" pass_success="32" player_id="151885" player_name="Emiliano Velázquez" position="Defender" position_id="2" x="38.96" y="32.94">
    <Player player_id="80789" player_name="Jordi Amat">8</Player>
    <Player player_id="98901" player_name="Luis Advíncula">5</Player>
    <Player player_id="102738" player_name="Giannelli Imbula">4</Player>
    <Player player_id="132161" player_name="Adrián Embarba">3</Player>
    <Player player_id="165796" player_name="Álvaro Medrán">5</Player>
    <Player player_id="40721" player_name="Óscar Trejo">3</Player>
    <Player player_id="106468" player_name="Álex Moreno">1</Player>
    <Player player_id="103860" player_name="Abdoulaye Ba">2</Player>
    <Player player_id="114323" player_name="José Pozo">1</Player>
  </Player>
  <Player cross_lost="6" cross_success="1" jersey_num="7" pass_lost="1" pass_success="30" player_id="106468" player_name="Álex Moreno" position="Midfielder" position_id="3" x="64.20" y="84.65">
    <Player player_id="80789" player_name="Jordi Amat">3</Player>
    <Player player_id="102738" player_name="Giannelli Imbula">5</Player>
    <Player player_id="132161" player_name="Adrián Embarba">1</Player>
    <Player player_id="40721" player_name="Óscar Trejo">3</Player>
    <Player player_id="165796" player_name="Álvaro Medrán">10</Player>
    <Player player_id="151885" player_name="Emiliano Velázquez">1</Player>
    <Player cross="1" player_id="119403" player_name="Raúl de Tomás">1</Player>
    <Player player_id="94878" player_name="Stole Dimitrievski">1</Player>
    <Player player_id="165682" player_name="Álvaro García">1</Player>
    <Player player_id="114323" player_name="José Pozo">4</Player>
  </Player>
  <Player cross_lost="0" cross_success="0" jersey_num="9" pass_lost="3" pass_success="8" player_id="119403" player_name="Raúl de Tomás" position="Forward" position_id="4" x="57.09" y="47.25">
    <Player player_id="98901" player_name="Luis Advíncula">2</Player>
    <Player player_id="102738" player_name="Giannelli Imbula">2</Player>
    <Player player_id="165796" player_name="Álvaro Medrán">3</Player>
    <Player player_id="40721" player_name="Óscar Trejo">1</Player>
  </Player>
  <Player cross_lost="0" cross_success="0" jersey_num="13" pass_lost="11" pass_success="14" player_id="94878" player_name="Stole Dimitrievski" position="Goalkeeper" position_id="1" x="8.37" y="45.54">
    <Player player_id="49724" player_name="Franco Di Santo">1</Player>
    <Player player_id="98901" player_name="Luis Advíncula">1</Player>
    <Player player_id="80789" player_name="Jordi Amat">3</Player>
    <Player player_id="102738" player_name="Giannelli Imbula">2</Player>
    <Player player_id="165796" player_name="Álvaro Medrán">3</Player>
    <Player player_id="40721" player_name="Óscar Trejo">2</Player>
    <Player player_id="119403" player_name="Raúl de Tomás">1</Player>
    <Player player_id="103860" player_name="Abdoulaye Ba">1</Player>
  </Player>
  <Player cross_lost="2" cross_success="0" jersey_num="18" pass_lost="3" pass_success="5" player_id="165682" player_name="Álvaro García" position="Substitute" position_id="5" sub_on="72" x="86.94" y="62.42">
    <Player player_id="98901" player_name="Luis Advíncula">2</Player>
    <Player player_id="102738" player_name="Giannelli Imbula">1</Player>
    <Player player_id="119403" player_name="Raúl de Tomás">1</Player>
    <Player player_id="114323" player_name="José Pozo">1</Player>
  </Player>
  <Player cross_lost="0" cross_success="0" jersey_num="21" pass_lost="4" pass_success="17" player_id="103860" player_name="Abdoulaye Ba" position="Defender" position_id="2" sub_off="45" x="25.30" y="50.59">
    <Player player_id="98901" player_name="Luis Advíncula">1</Player>
    <Player player_id="80789" player_name="Jordi Amat">5</Player>
    <Player player_id="102738" player_name="Giannelli Imbula">1</Player>
    <Player player_id="165796" player_name="Álvaro Medrán">5</Player>
    <Player player_id="40721" player_name="Óscar Trejo">1</Player>
    <Player player_id="151885" player_name="Emiliano Velázquez">3</Player>
    <Player player_id="94878" player_name="Stole Dimitrievski">1</Player>
  </Player>
  <Player cross_lost="0" cross_success="0" jersey_num="22" pass_lost="1" pass_success="14" player_id="114323" player_name="José Pozo" position="Substitute" position_id="5" sub_on="68" x="66.05" y="72.36">
    <Player player_id="49724" player_name="Franco Di Santo">1</Player>
    <Player player_id="80789" player_name="Jordi Amat">1</Player>
    <Player player_id="98901" player_name="Luis Advíncula">1</Player>
    <Player player_id="102738" player_name="Giannelli Imbula">1</Player>
    <Player player_id="165796" player_name="Álvaro Medrán">5</Player>
    <Player player_id="106468" player_name="Álex Moreno">4</Player>
    <Player player_id="165682" player_name="Álvaro García">1</Player>
  </Player>
</SoccerFeed>