﻿<?xml version="1.0" encoding="UTF-8"?>
<!-- Copyright 2001-2018 Opta Sportsdata Ltd. All rights reserved. -->
<!-- PRODUCTION HEADER
     produced on:        valde-jobq-a04.nexus.opta.net
     production time:    20180904T184027,508Z
     production module:  Opta::Feed::XML::Soccer::F27
-->
<SoccerFeed act_minute="97" act_period="2" act_second="4" away_team_id="175" away_team_name="Atlético de Madrid" competition_id="23" competition_name="Spanish La Liga" game_date="2018-09-01 17:30:00" game_id="1009343" home_team_id="176" home_team_name="Celta de Vigo" season_id="2018" season_name="Season 2018/2019" team_id="176" team_name="Celta de Vigo">
  <Player cross_lost="0" cross_success="0" jersey_num="1" pass_lost="8" pass_success="20" player_id="38400" player_name="Sergio Álvarez" position="Goalkeeper" position_id="1" x="8.00" y="48.33">
    <Player player_id="100868" player_name="Néstor Araújo">5</Player>
    <Player player_id="234511" player_name="Fran Beltrán">2</Player>
    <Player player_id="54794" player_name="Facundo Roncaglia">2</Player>
    <Player player_id="168097" player_name="Júnior Alonso">2</Player>
    <Player player_id="40270" player_name="Iago Aspas">3</Player>
    <Player player_id="142276" player_name="Pione Sisto">1</Player>
    <Player player_id="215206" player_name="Maxi Gómez">5</Player>
  </Player>
  <Player cross_lost="0" cross_success="0" jersey_num="14" pass_lost="5" pass_success="40" player_id="101820" player_name="Stanislav Lobotka" position="Midfielder" position_id="3" sub_off="81" x="46.69" y="51.22">
    <Player player_id="76508" player_name="Hugo Mallo">4</Player>
    <Player player_id="54794" player_name="Facundo Roncaglia">7</Player>
    <Player player_id="168097" player_name="Júnior Alonso">3</Player>
    <Player player_id="40270" player_name="Iago Aspas">4</Player>
    <Player player_id="215206" player_name="Maxi Gómez">4</Player>
    <Player player_id="142276" player_name="Pione Sisto">2</Player>
    <Player player_id="100868" player_name="Néstor Araújo">5</Player>
    <Player player_id="101394" player_name="Okay Yokuslu">1</Player>
    <Player player_id="234511" player_name="Fran Beltrán">8</Player>
    <Player player_id="55117" player_name="Gustavo Cabral">2</Player>
  </Player>
  <Player cross_lost="0" cross_success="0" jersey_num="4" pass_lost="5" pass_success="44" player_id="100868" player_name="Néstor Araújo" position="Defender" position_id="2" x="33.90" y="67.91">
    <Player player_id="101820" player_name="Stanislav Lobotka">3</Player>
    <Player player_id="38400" player_name="Sergio Álvarez">5</Player>
    <Player player_id="101394" player_name="Okay Yokuslu">3</Player>
    <Player player_id="234511" player_name="Fran Beltrán">11</Player>
    <Player player_id="55117" player_name="Gustavo Cabral">1</Player>
    <Player player_id="168097" player_name="Júnior Alonso">13</Player>
    <Player player_id="40270" player_name="Iago Aspas">5</Player>
    <Player player_id="215206" player_name="Maxi Gómez">2</Player>
    <Player player_id="142276" player_name="Pione Sisto">1</Player>
  </Player>
  <Player cross_lost="0" cross_success="0" jersey_num="19" pass_lost="1" pass_success="3" player_id="128198" player_name="Sofiane Boufal" position="Substitute" position_id="5" sub_on="88" x="57.86" y="46.70">
    <Player player_id="76508" player_name="Hugo Mallo">1</Player>
    <Player player_id="101394" player_name="Okay Yokuslu">1</Player>
    <Player player_id="234511" player_name="Fran Beltrán">1</Player>
  </Player>
  <Player cross_lost="0" cross_success="0" jersey_num="5" pass_lost="1" pass_success="19" player_id="101394" player_name="Okay Yokuslu" position="Substitute" position_id="5" sub_on="69" x="47.46" y="47.23">
    <Player player_id="101820" player_name="Stanislav Lobotka">2</Player>
    <Player player_id="100868" player_name="Néstor Araújo">2</Player>
    <Player player_id="234511" player_name="Fran Beltrán">6</Player>
    <Player player_id="76508" player_name="Hugo Mallo">1</Player>
    <Player player_id="54794" player_name="Facundo Roncaglia">1</Player>
    <Player player_id="168097" player_name="Júnior Alonso">3</Player>
    <Player player_id="40270" player_name="Iago Aspas">2</Player>
    <Player player_id="215206" player_name="Maxi Gómez">2</Player>
  </Player>
  <Player cross_lost="0" cross_success="0" jersey_num="8" pass_lost="3" pass_success="59" player_id="234511" player_name="Fran Beltrán" position="Midfielder" position_id="3" x="43.52" y="47.33">
    <Player player_id="38400" player_name="Sergio Álvarez">2</Player>
    <Player player_id="76508" player_name="Hugo Mallo">10</Player>
    <Player player_id="54794" player_name="Facundo Roncaglia">8</Player>
    <Player player_id="168097" player_name="Júnior Alonso">5</Player>
    <Player player_id="40270" player_name="Iago Aspas">4</Player>
    <Player player_id="215206" player_name="Maxi Gómez">4</Player>
    <Player player_id="142276" player_name="Pione Sisto">1</Player>
    <Player player_id="101820" player_name="Stanislav Lobotka">8</Player>
    <Player player_id="100868" player_name="Néstor Araújo">5</Player>
    <Player player_id="128198" player_name="Sofiane Boufal">2</Player>
    <Player player_id="101394" player_name="Okay Yokuslu">4</Player>
    <Player player_id="55117" player_name="Gustavo Cabral">6</Player>
  </Player>
  <Player cross_lost="5" cross_success="1" jersey_num="2" pass_lost="7" pass_success="38" player_id="76508" player_name="Hugo Mallo" position="Midfielder" position_id="3" x="46.02" y="16.60">
    <Player player_id="38400" player_name="Sergio Álvarez">1</Player>
    <Player player_id="54794" player_name="Facundo Roncaglia">10</Player>
    <Player player_id="40270" player_name="Iago Aspas">4</Player>
    <Player player_id="178880" player_name="Brais Méndez">1</Player>
    <Player player_id="215206" player_name="Maxi Gómez">2</Player>
    <Player player_id="142276" player_name="Pione Sisto">2</Player>
    <Player player_id="101820" player_name="Stanislav Lobotka">4</Player>
    <Player cross="1" player_id="100868" player_name="Néstor Araújo">2</Player>
    <Player player_id="128198" player_name="Sofiane Boufal">2</Player>
    <Player player_id="234511" player_name="Fran Beltrán">7</Player>
    <Player player_id="55117" player_name="Gustavo Cabral">3</Player>
  </Player>
  <Player cross_lost="0" cross_success="0" jersey_num="22" pass_lost="5" pass_success="28" player_id="55117" player_name="Gustavo Cabral" position="Defender" position_id="2" x="27.38" y="37.51">
    <Player player_id="101820" player_name="Stanislav Lobotka">1</Player>
    <Player player_id="38400" player_name="Sergio Álvarez">4</Player>
    <Player player_id="100868" player_name="Néstor Araújo">12</Player>
    <Player player_id="234511" player_name="Fran Beltrán">2</Player>
    <Player player_id="76508" player_name="Hugo Mallo">1</Player>
    <Player player_id="54794" player_name="Facundo Roncaglia">3</Player>
    <Player player_id="40270" player_name="Iago Aspas">2</Player>
    <Player player_id="178880" player_name="Brais Méndez">1</Player>
    <Player player_id="142276" player_name="Pione Sisto">2</Player>
  </Player>
  <Player cross_lost="0" cross_success="0" jersey_num="24" pass_lost="6" pass_success="36" player_id="54794" player_name="Facundo Roncaglia" position="Defender" position_id="2" x="40.04" y="17.73">
    <Player player_id="38400" player_name="Sergio Álvarez">1</Player>
    <Player player_id="101820" player_name="Stanislav Lobotka">4</Player>
    <Player player_id="234511" player_name="Fran Beltrán">5</Player>
    <Player player_id="76508" player_name="Hugo Mallo">14</Player>
    <Player player_id="55117" player_name="Gustavo Cabral">7</Player>
    <Player player_id="40270" player_name="Iago Aspas">2</Player>
    <Player player_id="178880" player_name="Brais Méndez">1</Player>
    <Player player_id="142276" player_name="Pione Sisto">1</Player>
    <Player player_id="215206" player_name="Maxi Gómez">1</Player>
  </Player>
  <Player cross_lost="0" cross_success="0" jersey_num="25" pass_lost="10" pass_success="30" player_id="168097" player_name="Júnior Alonso" position="Midfielder" position_id="3" x="43.18" y="84.93">
    <Player player_id="101820" player_name="Stanislav Lobotka">6</Player>
    <Player player_id="100868" player_name="Néstor Araújo">3</Player>
    <Player player_id="128198" player_name="Sofiane Boufal">1</Player>
    <Player player_id="101394" player_name="Okay Yokuslu">5</Player>
    <Player player_id="234511" player_name="Fran Beltrán">2</Player>
    <Player player_id="76508" player_name="Hugo Mallo">1</Player>
    <Player player_id="40270" player_name="Iago Aspas">4</Player>
    <Player player_id="142276" player_name="Pione Sisto">4</Player>
    <Player player_id="215206" player_name="Maxi Gómez">4</Player>
  </Player>
  <Player cross_lost="0" cross_success="0" jersey_num="10" pass_lost="7" pass_success="27" player_id="40270" player_name="Iago Aspas" position="Forward" position_id="4" sub_off="88" x="55.34" y="50.43">
    <Player player_id="38400" player_name="Sergio Álvarez">1</Player>
    <Player player_id="76508" player_name="Hugo Mallo">1</Player>
    <Player player_id="54794" player_name="Facundo Roncaglia">2</Player>
    <Player player_id="168097" player_name="Júnior Alonso">3</Player>
    <Player player_id="142276" player_name="Pione Sisto">4</Player>
    <Player player_id="215206" player_name="Maxi Gómez">2</Player>
    <Player player_id="101820" player_name="Stanislav Lobotka">5</Player>
    <Player player_id="100868" player_name="Néstor Araújo">4</Player>
    <Player player_id="101394" player_name="Okay Yokuslu">1</Player>
    <Player player_id="234511" player_name="Fran Beltrán">3</Player>
    <Player player_id="55117" player_name="Gustavo Cabral">1</Player>
  </Player>
  <Player cross_lost="1" cross_success="0" jersey_num="23" pass_lost="1" pass_success="8" player_id="178880" player_name="Brais Méndez" position="Substitute" position_id="5" sub_on="81" x="39.88" y="56.45">
    <Player player_id="101394" player_name="Okay Yokuslu">1</Player>
    <Player player_id="234511" player_name="Fran Beltrán">1</Player>
    <Player player_id="76508" player_name="Hugo Mallo">1</Player>
    <Player player_id="55117" player_name="Gustavo Cabral">1</Player>
    <Player player_id="54794" player_name="Facundo Roncaglia">1</Player>
    <Player player_id="168097" player_name="Júnior Alonso">1</Player>
    <Player player_id="40270" player_name="Iago Aspas">1</Player>
    <Player player_id="215206" player_name="Maxi Gómez">1</Player>
  </Player>
  <Player cross_lost="0" cross_success="1" jersey_num="9" pass_lost="8" pass_success="10" player_id="215206" player_name="Maxi Gómez" position="Forward" position_id="4" x="58.56" y="40.73">
    <Player player_id="128198" player_name="Sofiane Boufal">1</Player>
    <Player player_id="234511" player_name="Fran Beltrán">1</Player>
    <Player player_id="76508" player_name="Hugo Mallo">3</Player>
    <Player player_id="168097" player_name="Júnior Alonso">1</Player>
    <Player cross="1" player_id="40270" player_name="Iago Aspas">2</Player>
    <Player player_id="142276" player_name="Pione Sisto">2</Player>
  </Player>
  <Player cross_lost="0" cross_success="0" jersey_num="11" pass_lost="5" pass_success="18" player_id="142276" player_name="Pione Sisto" position="Forward" position_id="4" sub_off="69" x="53.07" y="60.79">
    <Player player_id="101820" player_name="Stanislav Lobotka">2</Player>
    <Player player_id="234511" player_name="Fran Beltrán">5</Player>
    <Player player_id="76508" player_name="Hugo Mallo">3</Player>
    <Player player_id="54794" player_name="Facundo Roncaglia">1</Player>
    <Player player_id="168097" player_name="Júnior Alonso">3</Player>
    <Player player_id="40270" player_name="Iago Aspas">2</Player>
    <Player player_id="215206" player_name="Maxi Gómez">2</Player>
  </Player>
</SoccerFeed>