﻿<?xml version="1.0" encoding="UTF-8"?>
<!-- Copyright 2001-2019 Opta Sportsdata Ltd. All rights reserved. -->
<!-- PRODUCTION HEADER
     produced on:        valde-jobq-a03.nexus.opta.net
     production time:    20190115T175451,432Z
     production module:  Opta::Feed::XML::Soccer::F27
-->
<SoccerFeed act_minute="95" act_period="2" act_second="2" away_team_id="179" away_team_name="Sevilla" competition_id="23" competition_name="Spanish La Liga" game_date="2019-01-13 15:15:00" game_id="1009496" home_team_id="174" home_team_name="Athletic Club" season_id="2018" season_name="Season 2018/2019" team_id="174" team_name="Athletic Club">
  <Player cross_lost="4" cross_success="0" jersey_num="7" pass_lost="6" pass_success="27" player_id="38394" player_name="Beñat Etxebarria" position="Midfielder" position_id="3" sub_off="71" x="50.12" y="48.63">
    <Player player_id="140264" player_name="Dani García">3</Player>
    <Player player_id="215684" player_name="Iñigo Córdoba">1</Player>
    <Player player_id="59062" player_name="Óscar De Marcos">1</Player>
    <Player player_id="42670" player_name="Yuri">4</Player>
    <Player player_id="197334" player_name="Iñaki Williams">2</Player>
    <Player player_id="140266" player_name="Ander Capa">6</Player>
    <Player player_id="90318" player_name="Íñigo Martínez">2</Player>
    <Player player_id="197319" player_name="Yeray Álvarez">2</Player>
    <Player player_id="76012" player_name="Iker Muniain">6</Player>
  </Player>
  <Player cross_lost="0" cross_success="0" jersey_num="24" pass_lost="2" pass_success="1" player_id="56680" player_name="Mikel Balenziaga" position="Substitute" position_id="5" sub_on="86" x="26.23" y="71.30">
    <Player player_id="76012" player_name="Iker Muniain">1</Player>
  </Player>
  <Player cross_lost="0" cross_success="0" jersey_num="16" pass_lost="8" pass_success="27" player_id="140264" player_name="Dani García" position="Midfielder" position_id="3" x="36.31" y="58.72">
    <Player player_id="38394" player_name="Beñat Etxebarria">4</Player>
    <Player player_id="56680" player_name="Mikel Balenziaga">1</Player>
    <Player player_id="90318" player_name="Íñigo Martínez">2</Player>
    <Player player_id="59062" player_name="Óscar De Marcos">1</Player>
    <Player player_id="215684" player_name="Iñigo Córdoba">5</Player>
    <Player player_id="42670" player_name="Yuri">3</Player>
    <Player player_id="197319" player_name="Yeray Álvarez">3</Player>
    <Player player_id="197334" player_name="Iñaki Williams">2</Player>
    <Player player_id="140266" player_name="Ander Capa">3</Player>
    <Player player_id="76012" player_name="Iker Muniain">3</Player>
  </Player>
  <Player cross_lost="0" cross_success="0" jersey_num="6" pass_lost="2" pass_success="8" player_id="42995" player_name="Mikel San José" position="Substitute" position_id="5" sub_on="71" x="53.67" y="42.24">
    <Player player_id="140264" player_name="Dani García">1</Player>
    <Player player_id="197334" player_name="Iñaki Williams">2</Player>
    <Player player_id="140266" player_name="Ander Capa">3</Player>
    <Player player_id="84471" player_name="Ibai Gómez">1</Player>
    <Player player_id="76012" player_name="Iker Muniain">1</Player>
  </Player>
  <Player cross_lost="0" cross_success="0" jersey_num="4" pass_lost="9" pass_success="28" player_id="90318" player_name="Íñigo Martínez" position="Defender" position_id="2" x="31.60" y="68.06">
    <Player player_id="38394" player_name="Beñat Etxebarria">4</Player>
    <Player player_id="42670" player_name="Yuri">4</Player>
    <Player player_id="215684" player_name="Iñigo Córdoba">2</Player>
    <Player player_id="197319" player_name="Yeray Álvarez">6</Player>
    <Player player_id="197334" player_name="Iñaki Williams">4</Player>
    <Player player_id="84471" player_name="Ibai Gómez">1</Player>
    <Player player_id="140266" player_name="Ander Capa">1</Player>
    <Player player_id="76012" player_name="Iker Muniain">1</Player>
    <Player player_id="89292" player_name="Iago Herrerín">5</Player>
  </Player>
  <Player cross_lost="1" cross_success="1" jersey_num="18" pass_lost="4" pass_success="13" player_id="59062" player_name="Óscar De Marcos" position="Midfielder" position_id="3" sub_off="65" x="56.19" y="14.30">
    <Player player_id="38394" player_name="Beñat Etxebarria">2</Player>
    <Player player_id="215684" player_name="Iñigo Córdoba">2</Player>
    <Player player_id="197319" player_name="Yeray Álvarez">1</Player>
    <Player cross="1" player_id="197334" player_name="Iñaki Williams">5</Player>
    <Player player_id="140266" player_name="Ander Capa">3</Player>
  </Player>
  <Player cross_lost="1" cross_success="0" jersey_num="11" pass_lost="5" pass_success="19" player_id="215684" player_name="Iñigo Córdoba" position="Midfielder" position_id="3" sub_off="86" x="51.69" y="76.52">
    <Player player_id="38394" player_name="Beñat Etxebarria">4</Player>
    <Player player_id="140264" player_name="Dani García">1</Player>
    <Player player_id="59062" player_name="Óscar De Marcos">2</Player>
    <Player player_id="42670" player_name="Yuri">4</Player>
    <Player player_id="197319" player_name="Yeray Álvarez">1</Player>
    <Player player_id="197334" player_name="Iñaki Williams">3</Player>
    <Player player_id="140266" player_name="Ander Capa">2</Player>
    <Player player_id="76012" player_name="Iker Muniain">2</Player>
  </Player>
  <Player cross_lost="1" cross_success="0" jersey_num="12" pass_lost="11" pass_success="21" player_id="42670" player_name="Yuri" position="Defender" position_id="2" x="36.16" y="85.15">
    <Player player_id="38394" player_name="Beñat Etxebarria">1</Player>
    <Player player_id="140264" player_name="Dani García">2</Player>
    <Player player_id="90318" player_name="Íñigo Martínez">6</Player>
    <Player player_id="215684" player_name="Iñigo Córdoba">7</Player>
    <Player player_id="197319" player_name="Yeray Álvarez">1</Player>
    <Player player_id="76012" player_name="Iker Muniain">3</Player>
    <Player player_id="89292" player_name="Iago Herrerín">1</Player>
  </Player>
  <Player cross_lost="0" cross_success="0" jersey_num="5" pass_lost="3" pass_success="27" player_id="197319" player_name="Yeray Álvarez" position="Defender" position_id="2" x="30.67" y="31.32">
    <Player player_id="38394" player_name="Beñat Etxebarria">3</Player>
    <Player player_id="140264" player_name="Dani García">5</Player>
    <Player player_id="90318" player_name="Íñigo Martínez">6</Player>
    <Player player_id="42670" player_name="Yuri">1</Player>
    <Player player_id="140266" player_name="Ander Capa">9</Player>
    <Player player_id="89292" player_name="Iago Herrerín">3</Player>
  </Player>
  <Player cross_lost="1" cross_success="0" jersey_num="9" pass_lost="5" pass_success="17" player_id="197334" player_name="Iñaki Williams" position="Forward" position_id="4" x="61.74" y="48.75">
    <Player player_id="140264" player_name="Dani García">2</Player>
    <Player player_id="42995" player_name="Mikel San José">1</Player>
    <Player player_id="215684" player_name="Iñigo Córdoba">4</Player>
    <Player player_id="42670" player_name="Yuri">1</Player>
    <Player player_id="59062" player_name="Óscar De Marcos">2</Player>
    <Player player_id="84471" player_name="Ibai Gómez">2</Player>
    <Player player_id="140266" player_name="Ander Capa">2</Player>
    <Player player_id="76012" player_name="Iker Muniain">3</Player>
  </Player>
  <Player cross_lost="6" cross_success="0" jersey_num="19" pass_lost="2" pass_success="8" player_id="84471" player_name="Ibai Gómez" position="Substitute" position_id="5" sub_on="65" x="60.02" y="15.68">
    <Player player_id="197319" player_name="Yeray Álvarez">1</Player>
    <Player player_id="140266" player_name="Ander Capa">6</Player>
    <Player player_id="76012" player_name="Iker Muniain">1</Player>
  </Player>
  <Player cross_lost="4" cross_success="1" jersey_num="21" pass_lost="9" pass_success="32" player_id="140266" player_name="Ander Capa" position="Defender" position_id="2" x="54.23" y="10.83">
    <Player player_id="38394" player_name="Beñat Etxebarria">2</Player>
    <Player player_id="140264" player_name="Dani García">1</Player>
    <Player player_id="42995" player_name="Mikel San José">3</Player>
    <Player cross="1" player_id="59062" player_name="Óscar De Marcos">8</Player>
    <Player player_id="197319" player_name="Yeray Álvarez">9</Player>
    <Player player_id="84471" player_name="Ibai Gómez">8</Player>
  </Player>
  <Player cross_lost="0" cross_success="0" jersey_num="10" pass_lost="4" pass_success="24" player_id="76012" player_name="Iker Muniain" position="Midfielder" position_id="3" x="50.03" y="51.89">
    <Player player_id="38394" player_name="Beñat Etxebarria">5</Player>
    <Player player_id="140264" player_name="Dani García">4</Player>
    <Player player_id="42995" player_name="Mikel San José">1</Player>
    <Player player_id="59062" player_name="Óscar De Marcos">1</Player>
    <Player player_id="42670" player_name="Yuri">2</Player>
    <Player player_id="215684" player_name="Iñigo Córdoba">3</Player>
    <Player player_id="197334" player_name="Iñaki Williams">4</Player>
    <Player player_id="84471" player_name="Ibai Gómez">1</Player>
    <Player player_id="140266" player_name="Ander Capa">3</Player>
  </Player>
  <Player cross_lost="0" cross_success="0" jersey_num="13" pass_lost="10" pass_success="14" player_id="89292" player_name="Iago Herrerín" position="Goalkeeper" position_id="1" x="9.23" y="48.35">
    <Player player_id="38394" player_name="Beñat Etxebarria">1</Player>
    <Player player_id="140264" player_name="Dani García">1</Player>
    <Player player_id="215684" player_name="Iñigo Córdoba">1</Player>
    <Player player_id="42670" player_name="Yuri">2</Player>
    <Player player_id="59062" player_name="Óscar De Marcos">2</Player>
    <Player player_id="197334" player_name="Iñaki Williams">5</Player>
    <Player player_id="140266" player_name="Ander Capa">2</Player>
  </Player>
</SoccerFeed>