﻿<?xml version="1.0" encoding="UTF-8"?>
<!-- Copyright 2001-2019 Opta Sportsdata Ltd. All rights reserved. -->
<!-- PRODUCTION HEADER
     produced on:        valde-jobq-a01.nexus.opta.net
     production time:    20190122T175224,720Z
     production module:  Opta::Feed::XML::Soccer::F27
-->
<SoccerFeed act_minute="96" act_period="2" act_second="54" away_team_id="192" away_team_name="Real Valladolid" competition_id="23" competition_name="Spanish La Liga" game_date="2019-01-20 17:30:00" game_id="1009510" home_team_id="855" home_team_name="Levante" season_id="2018" season_name="Season 2018/2019" team_id="192" team_name="Real Valladolid">
  <Player cross_lost="0" cross_success="0" jersey_num="9" pass_lost="5" pass_success="11" player_id="168636" player_name="Enes Ünal" position="Forward" position_id="4" sub_off="63" x="59.84" y="42.62">
    <Player player_id="58876" player_name="Míchel">2</Player>
    <Player player_id="87804" player_name="Antoñito">3</Player>
    <Player player_id="242290" player_name="Toni Villa">2</Player>
    <Player player_id="96785" player_name="Óscar Plano">3</Player>
    <Player player_id="175209" player_name="Moisés Delgado">1</Player>
  </Player>
  <Player cross_lost="0" cross_success="0" jersey_num="4" pass_lost="4" pass_success="25" player_id="58819" player_name="Kiko Olivas" position="Defender" position_id="2" x="25.48" y="36.51">
    <Player player_id="11602" player_name="Borja Fernández">1</Player>
    <Player player_id="58876" player_name="Míchel">5</Player>
    <Player player_id="87804" player_name="Antoñito">2</Player>
    <Player player_id="242290" player_name="Toni Villa">3</Player>
    <Player player_id="87815" player_name="Javi Moyano">1</Player>
    <Player player_id="241869" player_name="Fernando Calero">8</Player>
    <Player player_id="59944" player_name="Keko">1</Player>
    <Player player_id="86148" player_name="Jordi Masip">4</Player>
  </Player>
  <Player cross_lost="0" cross_success="0" jersey_num="8" pass_lost="7" pass_success="28" player_id="11602" player_name="Borja Fernández" position="Midfielder" position_id="3" x="41.72" y="61.65">
    <Player player_id="87804" player_name="Antoñito">1</Player>
    <Player player_id="87815" player_name="Javi Moyano">4</Player>
    <Player player_id="175209" player_name="Moisés Delgado">2</Player>
    <Player player_id="59944" player_name="Keko">2</Player>
    <Player player_id="153867" player_name="Daniele Verde">2</Player>
    <Player player_id="86148" player_name="Jordi Masip">1</Player>
    <Player player_id="58819" player_name="Kiko Olivas">2</Player>
    <Player player_id="58876" player_name="Míchel">4</Player>
    <Player player_id="242290" player_name="Toni Villa">3</Player>
    <Player player_id="96785" player_name="Óscar Plano">4</Player>
    <Player player_id="241869" player_name="Fernando Calero">3</Player>
  </Player>
  <Player cross_lost="5" cross_success="0" jersey_num="21" pass_lost="4" pass_success="48" player_id="58876" player_name="Míchel" position="Midfielder" position_id="3" x="44.84" y="40.59">
    <Player player_id="11602" player_name="Borja Fernández">4</Player>
    <Player player_id="87804" player_name="Antoñito">10</Player>
    <Player player_id="87815" player_name="Javi Moyano">4</Player>
    <Player player_id="175209" player_name="Moisés Delgado">1</Player>
    <Player player_id="153867" player_name="Daniele Verde">1</Player>
    <Player player_id="59944" player_name="Keko">2</Player>
    <Player player_id="58819" player_name="Kiko Olivas">6</Player>
    <Player player_id="242290" player_name="Toni Villa">6</Player>
    <Player player_id="241869" player_name="Fernando Calero">8</Player>
    <Player player_id="96785" player_name="Óscar Plano">4</Player>
    <Player player_id="52686" player_name="Duje Cop">2</Player>
  </Player>
  <Player cross_lost="3" cross_success="1" jersey_num="18" pass_lost="9" pass_success="17" player_id="87804" player_name="Antoñito" position="Midfielder" position_id="3" x="52.32" y="9.49">
    <Player player_id="168636" player_name="Enes Ünal">4</Player>
    <Player player_id="58876" player_name="Míchel">4</Player>
    <Player cross="1" player_id="242290" player_name="Toni Villa">3</Player>
    <Player player_id="96785" player_name="Óscar Plano">1</Player>
    <Player player_id="86148" player_name="Jordi Masip">1</Player>
    <Player player_id="59944" player_name="Keko">4</Player>
  </Player>
  <Player cross_lost="0" cross_success="0" jersey_num="19" pass_lost="11" pass_success="22" player_id="242290" player_name="Toni Villa" position="Forward" position_id="4" sub_off="83" x="60.25" y="51.04">
    <Player player_id="168636" player_name="Enes Ünal">4</Player>
    <Player player_id="58876" player_name="Míchel">5</Player>
    <Player player_id="87804" player_name="Antoñito">3</Player>
    <Player player_id="87815" player_name="Javi Moyano">1</Player>
    <Player player_id="241869" player_name="Fernando Calero">1</Player>
    <Player player_id="96785" player_name="Óscar Plano">3</Player>
    <Player player_id="175209" player_name="Moisés Delgado">4</Player>
    <Player player_id="59944" player_name="Keko">1</Player>
  </Player>
  <Player cross_lost="0" cross_success="0" jersey_num="17" pass_lost="5" pass_success="20" player_id="87815" player_name="Javi Moyano" position="Defender" position_id="2" sub_off="64" x="33.47" y="14.71">
    <Player player_id="168636" player_name="Enes Ünal">4</Player>
    <Player player_id="58819" player_name="Kiko Olivas">3</Player>
    <Player player_id="11602" player_name="Borja Fernández">1</Player>
    <Player player_id="58876" player_name="Míchel">5</Player>
    <Player player_id="242290" player_name="Toni Villa">2</Player>
    <Player player_id="87804" player_name="Antoñito">2</Player>
    <Player player_id="96785" player_name="Óscar Plano">1</Player>
    <Player player_id="86148" player_name="Jordi Masip">2</Player>
  </Player>
  <Player cross_lost="0" cross_success="1" jersey_num="20" pass_lost="3" pass_success="2" player_id="52686" player_name="Duje Cop" position="Substitute" position_id="5" sub_on="83" x="64.09" y="52.41">
    <Player player_id="58876" player_name="Míchel">2</Player>
    <Player cross="1" player_id="59944" player_name="Keko">0</Player>
  </Player>
  <Player cross_lost="0" cross_success="0" jersey_num="5" pass_lost="4" pass_success="28" player_id="241869" player_name="Fernando Calero" position="Defender" position_id="2" x="37.67" y="74.25">
    <Player player_id="168636" player_name="Enes Ünal">2</Player>
    <Player player_id="58819" player_name="Kiko Olivas">2</Player>
    <Player player_id="11602" player_name="Borja Fernández">7</Player>
    <Player player_id="58876" player_name="Míchel">3</Player>
    <Player player_id="242290" player_name="Toni Villa">3</Player>
    <Player player_id="87815" player_name="Javi Moyano">1</Player>
    <Player player_id="96785" player_name="Óscar Plano">1</Player>
    <Player player_id="175209" player_name="Moisés Delgado">2</Player>
    <Player player_id="153867" player_name="Daniele Verde">1</Player>
    <Player player_id="86148" player_name="Jordi Masip">6</Player>
  </Player>
  <Player cross_lost="0" cross_success="0" jersey_num="10" pass_lost="3" pass_success="18" player_id="96785" player_name="Óscar Plano" position="Forward" position_id="4" x="61.27" y="54.15">
    <Player player_id="11602" player_name="Borja Fernández">1</Player>
    <Player player_id="58876" player_name="Míchel">3</Player>
    <Player player_id="242290" player_name="Toni Villa">3</Player>
    <Player player_id="87804" player_name="Antoñito">2</Player>
    <Player player_id="87815" player_name="Javi Moyano">1</Player>
    <Player player_id="241869" player_name="Fernando Calero">2</Player>
    <Player player_id="175209" player_name="Moisés Delgado">4</Player>
    <Player player_id="59944" player_name="Keko">1</Player>
    <Player player_id="153867" player_name="Daniele Verde">1</Player>
  </Player>
  <Player cross_lost="2" cross_success="1" jersey_num="3" pass_lost="7" pass_success="11" player_id="175209" player_name="Moisés Delgado" position="Midfielder" position_id="3" x="46.40" y="83.19">
    <Player player_id="168636" player_name="Enes Ünal">1</Player>
    <Player player_id="11602" player_name="Borja Fernández">3</Player>
    <Player player_id="242290" player_name="Toni Villa">2</Player>
    <Player player_id="241869" player_name="Fernando Calero">1</Player>
    <Player cross="1" player_id="96785" player_name="Óscar Plano">1</Player>
    <Player player_id="153867" player_name="Daniele Verde">1</Player>
    <Player player_id="86148" player_name="Jordi Masip">2</Player>
  </Player>
  <Player cross_lost="1" cross_success="3" jersey_num="24" pass_lost="3" pass_success="9" player_id="59944" player_name="Keko" position="Substitute" position_id="5" sub_on="64" x="66.94" y="19.03">
    <Player player_id="58876" player_name="Míchel">1</Player>
    <Player cross="1" player_id="242290" player_name="Toni Villa">1</Player>
    <Player player_id="87804" player_name="Antoñito">4</Player>
    <Player cross="1" player_id="241869" player_name="Fernando Calero">0</Player>
    <Player player_id="52686" player_name="Duje Cop">1</Player>
    <Player cross="1" player_id="96785" player_name="Óscar Plano">0</Player>
    <Player player_id="153867" player_name="Daniele Verde">2</Player>
  </Player>
  <Player cross_lost="1" cross_success="1" jersey_num="11" pass_lost="6" pass_success="2" player_id="153867" player_name="Daniele Verde" position="Substitute" position_id="5" sub_on="63" x="59.44" y="47.41">
    <Player player_id="87804" player_name="Antoñito">1</Player>
    <Player cross="1" player_id="59944" player_name="Keko">1</Player>
  </Player>
  <Player cross_lost="0" cross_success="0" jersey_num="1" pass_lost="21" pass_success="19" player_id="86148" player_name="Jordi Masip" position="Goalkeeper" position_id="1" x="8.73" y="47.66">
    <Player player_id="168636" player_name="Enes Ünal">3</Player>
    <Player player_id="11602" player_name="Borja Fernández">3</Player>
    <Player player_id="87804" player_name="Antoñito">2</Player>
    <Player player_id="87815" player_name="Javi Moyano">3</Player>
    <Player player_id="59944" player_name="Keko">1</Player>
    <Player player_id="153867" player_name="Daniele Verde">1</Player>
    <Player player_id="58819" player_name="Kiko Olivas">2</Player>
    <Player player_id="58876" player_name="Míchel">1</Player>
    <Player player_id="242290" player_name="Toni Villa">1</Player>
    <Player player_id="241869" player_name="Fernando Calero">1</Player>
    <Player player_id="96785" player_name="Óscar Plano">1</Player>
  </Player>
</SoccerFeed>