﻿<?xml version="1.0" encoding="UTF-8"?>
<!-- Copyright 2001-2019 Opta Sportsdata Ltd. All rights reserved. -->
<!-- PRODUCTION HEADER
     produced on:        valde-jobq-a04.nexus.opta.net
     production time:    20190226T141540,327Z
     production module:  Opta::Feed::XML::Soccer::F27
-->
<SoccerFeed act_minute="92" act_period="2" act_second="57" away_team_id="188" away_team_name="Real Sociedad" competition_id="23" competition_name="Spanish La Liga" game_date="2019-02-25 20:00:00" game_id="1009561" home_team_id="2893" home_team_name="Girona" season_id="2018" season_name="Season 2018/2019" team_id="2893" team_name="Girona">
  <Player cross_lost="1" cross_success="0" jersey_num="12" pass_lost="3" pass_success="24" player_id="230046" player_name="Douglas Luiz" position="Midfielder" position_id="3" sub_off="70" x="50.78" y="58.11">
    <Player player_id="178871" player_name="Aleix García">7</Player>
    <Player player_id="63119" player_name="Juanpe">3</Player>
    <Player player_id="80908" player_name="Raúl García">2</Player>
    <Player player_id="67759" player_name="Pedro Alcalá">1</Player>
    <Player player_id="139472" player_name="Álex Granell">6</Player>
    <Player player_id="88550" player_name="Portu">3</Player>
    <Player player_id="80077" player_name="Jonás Ramalho">2</Player>
  </Player>
  <Player cross_lost="1" cross_success="0" jersey_num="19" pass_lost="3" pass_success="15" player_id="104448" player_name="Anthony Lozano" position="Midfielder" position_id="3" sub_off="65" x="53.76" y="79.79">
    <Player player_id="230046" player_name="Douglas Luiz">1</Player>
    <Player player_id="178871" player_name="Aleix García">3</Player>
    <Player player_id="80908" player_name="Raúl García">4</Player>
    <Player player_id="139472" player_name="Álex Granell">4</Player>
    <Player player_id="49464" player_name="Cristhian Stuani">3</Player>
  </Player>
  <Player cross_lost="4" cross_success="1" jersey_num="23" pass_lost="4" pass_success="31" player_id="178871" player_name="Aleix García" position="Midfielder" position_id="3" x="56.15" y="40.94">
    <Player player_id="120026" player_name="Yassine Bounou">1</Player>
    <Player player_id="80908" player_name="Raúl García">2</Player>
    <Player player_id="139472" player_name="Álex Granell">1</Player>
    <Player player_id="230046" player_name="Douglas Luiz">7</Player>
    <Player player_id="63119" player_name="Juanpe">1</Player>
    <Player cross="1" player_id="67759" player_name="Pedro Alcalá">4</Player>
    <Player player_id="88550" player_name="Portu">8</Player>
    <Player player_id="80077" player_name="Jonás Ramalho">4</Player>
    <Player player_id="49464" player_name="Cristhian Stuani">3</Player>
  </Player>
  <Player cross_lost="0" cross_success="0" jersey_num="13" pass_lost="8" pass_success="25" player_id="120026" player_name="Yassine Bounou" position="Goalkeeper" position_id="1" x="8.13" y="50.48">
    <Player player_id="63119" player_name="Juanpe">11</Player>
    <Player player_id="80908" player_name="Raúl García">3</Player>
    <Player player_id="67759" player_name="Pedro Alcalá">5</Player>
    <Player player_id="80077" player_name="Jonás Ramalho">2</Player>
    <Player player_id="49464" player_name="Cristhian Stuani">4</Player>
  </Player>
  <Player cross_lost="0" cross_success="0" jersey_num="15" pass_lost="8" pass_success="40" player_id="63119" player_name="Juanpe" position="Defender" position_id="2" x="30.69" y="69.34">
    <Player player_id="178871" player_name="Aleix García">1</Player>
    <Player player_id="120026" player_name="Yassine Bounou">8</Player>
    <Player player_id="80908" player_name="Raúl García">6</Player>
    <Player player_id="139472" player_name="Álex Granell">5</Player>
    <Player player_id="63904" player_name="Borja García">2</Player>
    <Player player_id="104448" player_name="Anthony Lozano">3</Player>
    <Player player_id="230046" player_name="Douglas Luiz">1</Player>
    <Player player_id="67759" player_name="Pedro Alcalá">11</Player>
    <Player player_id="88550" player_name="Portu">1</Player>
    <Player player_id="80077" player_name="Jonás Ramalho">1</Player>
    <Player player_id="49464" player_name="Cristhian Stuani">1</Player>
  </Player>
  <Player cross_lost="2" cross_success="1" jersey_num="14" pass_lost="14" pass_success="16" player_id="80908" player_name="Raúl García" position="Defender" position_id="2" x="34.19" y="84.64">
    <Player player_id="230046" player_name="Douglas Luiz">1</Player>
    <Player player_id="104448" player_name="Anthony Lozano">3</Player>
    <Player player_id="63119" player_name="Juanpe">3</Player>
    <Player player_id="131411" player_name="Pere Pons">2</Player>
    <Player player_id="139472" player_name="Álex Granell">5</Player>
    <Player player_id="63904" player_name="Borja García">2</Player>
    <Player cross="1" player_id="49464" player_name="Cristhian Stuani">0</Player>
  </Player>
  <Player cross_lost="0" cross_success="0" jersey_num="5" pass_lost="14" pass_success="33" player_id="67759" player_name="Pedro Alcalá" position="Defender" position_id="2" x="32.41" y="30.27">
    <Player player_id="230046" player_name="Douglas Luiz">2</Player>
    <Player player_id="178871" player_name="Aleix García">2</Player>
    <Player player_id="120026" player_name="Yassine Bounou">6</Player>
    <Player player_id="63119" player_name="Juanpe">10</Player>
    <Player player_id="80908" player_name="Raúl García">2</Player>
    <Player player_id="88550" player_name="Portu">4</Player>
    <Player player_id="80077" player_name="Jonás Ramalho">6</Player>
    <Player player_id="49464" player_name="Cristhian Stuani">1</Player>
  </Player>
  <Player cross_lost="0" cross_success="0" jersey_num="22" pass_lost="0" pass_success="0" player_id="52117" player_name="Seydou Doumbia" position="Substitute" position_id="5" sub_on="86" x="68.80" y="44.20" />
  <Player cross_lost="0" cross_success="0" jersey_num="8" pass_lost="2" pass_success="11" player_id="131411" player_name="Pere Pons" position="Substitute" position_id="5" sub_on="70" x="51.30" y="65.46">
    <Player player_id="178871" player_name="Aleix García">1</Player>
    <Player player_id="67759" player_name="Pedro Alcalá">2</Player>
    <Player player_id="139472" player_name="Álex Granell">1</Player>
    <Player player_id="63904" player_name="Borja García">5</Player>
    <Player player_id="80077" player_name="Jonás Ramalho">2</Player>
  </Player>
  <Player cross_lost="5" cross_success="2" jersey_num="6" pass_lost="10" pass_success="26" player_id="139472" player_name="Álex Granell" position="Midfielder" position_id="3" x="48.70" y="74.13">
    <Player player_id="80908" player_name="Raúl García">4</Player>
    <Player player_id="131411" player_name="Pere Pons">2</Player>
    <Player player_id="63904" player_name="Borja García">3</Player>
    <Player player_id="230046" player_name="Douglas Luiz">4</Player>
    <Player player_id="104448" player_name="Anthony Lozano">3</Player>
    <Player player_id="63119" player_name="Juanpe">5</Player>
    <Player player_id="67759" player_name="Pedro Alcalá">2</Player>
    <Player player_id="88550" player_name="Portu">1</Player>
    <Player cross="2" player_id="49464" player_name="Cristhian Stuani">2</Player>
  </Player>
  <Player cross_lost="6" cross_success="0" jersey_num="9" pass_lost="5" pass_success="18" player_id="88550" player_name="Portu" position="Midfielder" position_id="3" x="71.02" y="19.95">
    <Player player_id="104448" player_name="Anthony Lozano">2</Player>
    <Player player_id="230046" player_name="Douglas Luiz">1</Player>
    <Player player_id="178871" player_name="Aleix García">5</Player>
    <Player player_id="131411" player_name="Pere Pons">2</Player>
    <Player player_id="139472" player_name="Álex Granell">2</Player>
    <Player player_id="80077" player_name="Jonás Ramalho">5</Player>
    <Player player_id="49464" player_name="Cristhian Stuani">1</Player>
  </Player>
  <Player cross_lost="0" cross_success="0" jersey_num="10" pass_lost="2" pass_success="12" player_id="63904" player_name="Borja García" position="Substitute" position_id="5" sub_on="65" x="51.67" y="80.17">
    <Player player_id="230046" player_name="Douglas Luiz">1</Player>
    <Player player_id="178871" player_name="Aleix García">2</Player>
    <Player player_id="139472" player_name="Álex Granell">2</Player>
    <Player player_id="131411" player_name="Pere Pons">4</Player>
    <Player player_id="88550" player_name="Portu">2</Player>
    <Player player_id="80077" player_name="Jonás Ramalho">1</Player>
  </Player>
  <Player cross_lost="3" cross_success="0" jersey_num="4" pass_lost="2" pass_success="21" player_id="80077" player_name="Jonás Ramalho" position="Defender" position_id="2" x="48.66" y="18.83">
    <Player player_id="230046" player_name="Douglas Luiz">2</Player>
    <Player player_id="178871" player_name="Aleix García">2</Player>
    <Player player_id="120026" player_name="Yassine Bounou">3</Player>
    <Player player_id="67759" player_name="Pedro Alcalá">4</Player>
    <Player player_id="80908" player_name="Raúl García">1</Player>
    <Player player_id="131411" player_name="Pere Pons">1</Player>
    <Player player_id="88550" player_name="Portu">7</Player>
    <Player player_id="49464" player_name="Cristhian Stuani">1</Player>
  </Player>
  <Player cross_lost="0" cross_success="0" jersey_num="7" pass_lost="6" pass_success="9" player_id="49464" player_name="Cristhian Stuani" position="Forward" position_id="4" sub_off="86" x="60.37" y="56.96">
    <Player player_id="230046" player_name="Douglas Luiz">1</Player>
    <Player player_id="104448" player_name="Anthony Lozano">2</Player>
    <Player player_id="178871" player_name="Aleix García">2</Player>
    <Player player_id="139472" player_name="Álex Granell">2</Player>
    <Player player_id="88550" player_name="Portu">1</Player>
    <Player player_id="80077" player_name="Jonás Ramalho">1</Player>
  </Player>
</SoccerFeed>