﻿<?xml version="1.0" encoding="UTF-8"?>
<!-- Copyright 2001-2018 Opta Sportsdata Ltd. All rights reserved. -->
<!-- PRODUCTION HEADER
     produced on:        valde-jobq-a03.nexus.opta.net
     production time:    20181009T212501,943Z
     production module:  Opta::Feed::XML::Soccer::F27
-->
<SoccerFeed act_minute="94" act_period="2" act_second="0" away_team_id="188" away_team_name="Real Sociedad" competition_id="23" competition_name="Spanish La Liga" game_date="2018-10-05 20:00:00" game_id="1009387" home_team_id="174" home_team_name="Athletic Club" season_id="2018" season_name="Season 2018/2019" team_id="188" team_name="Real Sociedad">
  <Player cross_lost="0" cross_success="0" jersey_num="21" pass_lost="10" pass_success="9" player_id="201182" player_name="Jon Bautista" position="Forward" position_id="4" x="58.65" y="48.95">
    <Player player_id="219000" player_name="Mikel Oyarzabal">1</Player>
    <Player player_id="235227" player_name="Andoni Gorosabel">2</Player>
    <Player player_id="54371" player_name="David Zurutuza">2</Player>
    <Player player_id="90328" player_name="Rubén Pardo">1</Player>
    <Player player_id="201179" player_name="Luca Sangalli">3</Player>
  </Player>
  <Player cross_lost="0" cross_success="0" jersey_num="4" pass_lost="5" pass_success="15" player_id="84086" player_name="Asier Illarramendi" position="Midfielder" position_id="3" x="31.17" y="53.27">
    <Player player_id="201182" player_name="Jon Bautista">3</Player>
    <Player player_id="108438" player_name="Sandro Ramírez">1</Player>
    <Player player_id="219000" player_name="Mikel Oyarzabal">3</Player>
    <Player player_id="201179" player_name="Luca Sangalli">2</Player>
    <Player player_id="61814" player_name="Raúl Navas">4</Player>
    <Player player_id="216475" player_name="Igor Zubeldia">1</Player>
    <Player player_id="116626" player_name="Kévin Rodrigues">1</Player>
  </Player>
  <Player cross_lost="0" cross_success="0" jersey_num="24" pass_lost="0" pass_success="3" player_id="108438" player_name="Sandro Ramírez" position="Substitute" position_id="5" sub_on="76" x="47.42" y="9.24">
    <Player player_id="235227" player_name="Andoni Gorosabel">3</Player>
  </Player>
  <Player cross_lost="0" cross_success="1" jersey_num="10" pass_lost="6" pass_success="17" player_id="219000" player_name="Mikel Oyarzabal" position="Midfielder" position_id="3" sub_off="86" x="45.83" y="83.72">
    <Player cross="1" player_id="201182" player_name="Jon Bautista">1</Player>
    <Player player_id="84086" player_name="Asier Illarramendi">2</Player>
    <Player player_id="54371" player_name="David Zurutuza">2</Player>
    <Player player_id="90328" player_name="Rubén Pardo">5</Player>
    <Player player_id="61814" player_name="Raúl Navas">2</Player>
    <Player player_id="216475" player_name="Igor Zubeldia">1</Player>
    <Player player_id="116626" player_name="Kévin Rodrigues">4</Player>
  </Player>
  <Player cross_lost="0" cross_success="0" jersey_num="18" pass_lost="10" pass_success="17" player_id="235227" player_name="Andoni Gorosabel" position="Defender" position_id="2" x="35.96" y="15.11">
    <Player player_id="201182" player_name="Jon Bautista">3</Player>
    <Player player_id="84086" player_name="Asier Illarramendi">1</Player>
    <Player player_id="200957" player_name="Aritz Elustondo">4</Player>
    <Player player_id="90328" player_name="Rubén Pardo">2</Player>
    <Player player_id="201179" player_name="Luca Sangalli">5</Player>
    <Player player_id="216475" player_name="Igor Zubeldia">2</Player>
  </Player>
  <Player cross_lost="0" cross_success="0" jersey_num="15" pass_lost="11" pass_success="13" player_id="200957" player_name="Aritz Elustondo" position="Defender" position_id="2" x="20.89" y="37.25">
    <Player player_id="84086" player_name="Asier Illarramendi">1</Player>
    <Player player_id="201182" player_name="Jon Bautista">2</Player>
    <Player player_id="108438" player_name="Sandro Ramírez">1</Player>
    <Player player_id="235227" player_name="Andoni Gorosabel">2</Player>
    <Player player_id="16872" player_name="Miguel Ángel Moyá">2</Player>
    <Player player_id="90328" player_name="Rubén Pardo">1</Player>
    <Player player_id="201179" player_name="Luca Sangalli">2</Player>
    <Player player_id="61814" player_name="Raúl Navas">1</Player>
    <Player player_id="216475" player_name="Igor Zubeldia">1</Player>
  </Player>
  <Player cross_lost="0" cross_success="0" jersey_num="13" pass_lost="16" pass_success="21" player_id="16872" player_name="Miguel Ángel Moyá" position="Goalkeeper" position_id="1" x="8.68" y="49.17">
    <Player player_id="84086" player_name="Asier Illarramendi">1</Player>
    <Player player_id="219000" player_name="Mikel Oyarzabal">2</Player>
    <Player player_id="235227" player_name="Andoni Gorosabel">1</Player>
    <Player player_id="200957" player_name="Aritz Elustondo">4</Player>
    <Player player_id="54371" player_name="David Zurutuza">4</Player>
    <Player player_id="90328" player_name="Rubén Pardo">1</Player>
    <Player player_id="61814" player_name="Raúl Navas">1</Player>
    <Player player_id="216475" player_name="Igor Zubeldia">1</Player>
    <Player player_id="116626" player_name="Kévin Rodrigues">5</Player>
  </Player>
  <Player cross_lost="0" cross_success="0" jersey_num="17" pass_lost="2" pass_success="8" player_id="54371" player_name="David Zurutuza" position="Substitute" position_id="5" sub_on="66" x="48.64" y="68.04">
    <Player player_id="201182" player_name="Jon Bautista">2</Player>
    <Player player_id="219000" player_name="Mikel Oyarzabal">3</Player>
    <Player player_id="235227" player_name="Andoni Gorosabel">1</Player>
    <Player player_id="201179" player_name="Luca Sangalli">1</Player>
    <Player player_id="216475" player_name="Igor Zubeldia">1</Player>
  </Player>
  <Player cross_lost="2" cross_success="0" jersey_num="14" pass_lost="4" pass_success="21" player_id="90328" player_name="Rubén Pardo" position="Midfielder" position_id="3" sub_off="66" x="49.65" y="71.55">
    <Player player_id="201182" player_name="Jon Bautista">4</Player>
    <Player player_id="84086" player_name="Asier Illarramendi">2</Player>
    <Player player_id="219000" player_name="Mikel Oyarzabal">7</Player>
    <Player player_id="200957" player_name="Aritz Elustondo">1</Player>
    <Player player_id="235227" player_name="Andoni Gorosabel">1</Player>
    <Player player_id="16872" player_name="Miguel Ángel Moyá">2</Player>
    <Player player_id="61814" player_name="Raúl Navas">2</Player>
    <Player player_id="116626" player_name="Kévin Rodrigues">2</Player>
  </Player>
  <Player cross_lost="0" cross_success="1" jersey_num="23" pass_lost="5" pass_success="7" player_id="201179" player_name="Luca Sangalli" position="Midfielder" position_id="3" sub_off="76" x="48.07" y="30.23">
    <Player cross="1" player_id="201182" player_name="Jon Bautista">2</Player>
    <Player player_id="235227" player_name="Andoni Gorosabel">2</Player>
    <Player player_id="90328" player_name="Rubén Pardo">2</Player>
    <Player player_id="216475" player_name="Igor Zubeldia">1</Player>
  </Player>
  <Player cross_lost="0" cross_success="0" jersey_num="22" pass_lost="6" pass_success="11" player_id="61814" player_name="Raúl Navas" position="Defender" position_id="2" x="22.82" y="71.87">
    <Player player_id="201182" player_name="Jon Bautista">2</Player>
    <Player player_id="235227" player_name="Andoni Gorosabel">1</Player>
    <Player player_id="200957" player_name="Aritz Elustondo">2</Player>
    <Player player_id="16872" player_name="Miguel Ángel Moyá">2</Player>
    <Player player_id="90328" player_name="Rubén Pardo">1</Player>
    <Player player_id="201179" player_name="Luca Sangalli">1</Player>
    <Player player_id="216475" player_name="Igor Zubeldia">2</Player>
  </Player>
  <Player cross_lost="0" cross_success="0" jersey_num="6" pass_lost="1" pass_success="1" player_id="49656" player_name="Héctor Moreno" position="Substitute" position_id="5" sub_on="86" x="24.12" y="68.73">
    <Player player_id="235227" player_name="Andoni Gorosabel">1</Player>
  </Player>
  <Player cross_lost="1" cross_success="1" jersey_num="5" pass_lost="4" pass_success="16" player_id="216475" player_name="Igor Zubeldia" position="Midfielder" position_id="3" x="43.78" y="37.98">
    <Player player_id="84086" player_name="Asier Illarramendi">1</Player>
    <Player player_id="108438" player_name="Sandro Ramírez">1</Player>
    <Player player_id="235227" player_name="Andoni Gorosabel">5</Player>
    <Player player_id="200957" player_name="Aritz Elustondo">5</Player>
    <Player player_id="16872" player_name="Miguel Ángel Moyá">1</Player>
    <Player player_id="54371" player_name="David Zurutuza">1</Player>
    <Player cross="1" player_id="201179" player_name="Luca Sangalli">1</Player>
    <Player player_id="61814" player_name="Raúl Navas">1</Player>
  </Player>
  <Player cross_lost="0" cross_success="0" jersey_num="20" pass_lost="9" pass_success="10" player_id="116626" player_name="Kévin Rodrigues" position="Defender" position_id="2" x="27.47" y="85.40">
    <Player player_id="219000" player_name="Mikel Oyarzabal">4</Player>
    <Player player_id="90328" player_name="Rubén Pardo">5</Player>
    <Player player_id="216475" player_name="Igor Zubeldia">1</Player>
  </Player>
</SoccerFeed>