﻿<?xml version="1.0" encoding="UTF-8"?>
<!-- Copyright 2001-2019 Opta Sportsdata Ltd. All rights reserved. -->
<!-- PRODUCTION HEADER
     produced on:        valde-jobq-a03.nexus.opta.net
     production time:    20190115T174442,700Z
     production module:  Opta::Feed::XML::Soccer::F27
-->
<SoccerFeed act_minute="93" act_period="2" act_second="0" away_team_id="176" away_team_name="Celta de Vigo" competition_id="23" competition_name="Spanish La Liga" game_date="2019-01-11 20:00:00" game_id="1009502" home_team_id="184" home_team_name="Rayo Vallecano" season_id="2018" season_name="Season 2018/2019" team_id="184" team_name="Rayo Vallecano">
  <Player cross_lost="1" cross_success="0" jersey_num="17" pass_lost="13" pass_success="22" player_id="98901" player_name="Luis Advíncula" position="Midfielder" position_id="3" x="54.45" y="16.57">
    <Player player_id="102738" player_name="Giannelli Imbula">4</Player>
    <Player player_id="230071" player_name="Santiago Comesaña">3</Player>
    <Player player_id="132161" player_name="Adrián Embarba">6</Player>
    <Player player_id="165796" player_name="Álvaro Medrán">3</Player>
    <Player player_id="106468" player_name="Álex Moreno">1</Player>
    <Player player_id="151885" player_name="Emiliano Velázquez">1</Player>
    <Player player_id="119403" player_name="Raúl de Tomás">3</Player>
    <Player player_id="94878" player_name="Stole Dimitrievski">1</Player>
  </Player>
  <Player cross_lost="0" cross_success="0" jersey_num="16" pass_lost="6" pass_success="14" player_id="80789" player_name="Jordi Amat" position="Defender" position_id="2" x="37.37" y="70.58">
    <Player player_id="98901" player_name="Luis Advíncula">2</Player>
    <Player player_id="102738" player_name="Giannelli Imbula">1</Player>
    <Player player_id="230071" player_name="Santiago Comesaña">1</Player>
    <Player player_id="132161" player_name="Adrián Embarba">1</Player>
    <Player player_id="165796" player_name="Álvaro Medrán">2</Player>
    <Player player_id="40721" player_name="Óscar Trejo">1</Player>
    <Player player_id="106468" player_name="Álex Moreno">2</Player>
    <Player player_id="151885" player_name="Emiliano Velázquez">2</Player>
    <Player player_id="103860" player_name="Abdoulaye Ba">2</Player>
  </Player>
  <Player cross_lost="1" cross_success="0" jersey_num="12" pass_lost="3" pass_success="21" player_id="102738" player_name="Giannelli Imbula" position="Midfielder" position_id="3" sub_off="74" x="50.55" y="46.83">
    <Player player_id="98901" player_name="Luis Advíncula">7</Player>
    <Player player_id="230071" player_name="Santiago Comesaña">4</Player>
    <Player player_id="132161" player_name="Adrián Embarba">1</Player>
    <Player player_id="40721" player_name="Óscar Trejo">1</Player>
    <Player player_id="84374" player_name="Bebé">1</Player>
    <Player player_id="119403" player_name="Raúl de Tomás">1</Player>
    <Player player_id="103860" player_name="Abdoulaye Ba">3</Player>
    <Player player_id="80789" player_name="Jordi Amat">2</Player>
    <Player player_id="106468" player_name="Álex Moreno">1</Player>
  </Player>
  <Player cross_lost="0" cross_success="0" jersey_num="27" pass_lost="3" pass_success="29" player_id="230071" player_name="Santiago Comesaña" position="Midfielder" position_id="3" x="39.00" y="47.70">
    <Player player_id="98901" player_name="Luis Advíncula">3</Player>
    <Player player_id="132161" player_name="Adrián Embarba">2</Player>
    <Player player_id="165796" player_name="Álvaro Medrán">2</Player>
    <Player player_id="40721" player_name="Óscar Trejo">2</Player>
    <Player player_id="151885" player_name="Emiliano Velázquez">2</Player>
    <Player player_id="84374" player_name="Bebé">1</Player>
    <Player player_id="119403" player_name="Raúl de Tomás">2</Player>
    <Player player_id="103860" player_name="Abdoulaye Ba">1</Player>
    <Player player_id="80789" player_name="Jordi Amat">4</Player>
    <Player player_id="102738" player_name="Giannelli Imbula">4</Player>
    <Player player_id="106468" player_name="Álex Moreno">6</Player>
  </Player>
  <Player cross_lost="8" cross_success="0" jersey_num="11" pass_lost="6" pass_success="7" player_id="132161" player_name="Adrián Embarba" position="Forward" position_id="4" sub_off="61" x="62.25" y="27.36">
    <Player player_id="98901" player_name="Luis Advíncula">4</Player>
    <Player player_id="40721" player_name="Óscar Trejo">2</Player>
    <Player player_id="119403" player_name="Raúl de Tomás">1</Player>
  </Player>
  <Player cross_lost="1" cross_success="0" jersey_num="4" pass_lost="2" pass_success="12" player_id="165796" player_name="Álvaro Medrán" position="Substitute" position_id="5" sub_on="74" x="49.76" y="62.88">
    <Player player_id="80789" player_name="Jordi Amat">1</Player>
    <Player player_id="151885" player_name="Emiliano Velázquez">1</Player>
    <Player player_id="106468" player_name="Álex Moreno">5</Player>
    <Player player_id="119403" player_name="Raúl de Tomás">1</Player>
    <Player player_id="84374" player_name="Bebé">1</Player>
    <Player player_id="165682" player_name="Álvaro García">3</Player>
  </Player>
  <Player cross_lost="0" cross_success="0" jersey_num="8" pass_lost="6" pass_success="18" player_id="40721" player_name="Óscar Trejo" position="Midfielder" position_id="3" sub_off="73" x="56.69" y="62.08">
    <Player player_id="80789" player_name="Jordi Amat">2</Player>
    <Player player_id="98901" player_name="Luis Advíncula">3</Player>
    <Player player_id="102738" player_name="Giannelli Imbula">3</Player>
    <Player player_id="230071" player_name="Santiago Comesaña">1</Player>
    <Player player_id="132161" player_name="Adrián Embarba">2</Player>
    <Player player_id="151885" player_name="Emiliano Velázquez">1</Player>
    <Player player_id="106468" player_name="Álex Moreno">5</Player>
    <Player player_id="119403" player_name="Raúl de Tomás">1</Player>
  </Player>
  <Player cross_lost="4" cross_success="0" jersey_num="7" pass_lost="8" pass_success="16" player_id="106468" player_name="Álex Moreno" position="Midfielder" position_id="3" x="58.62" y="85.47">
    <Player player_id="80789" player_name="Jordi Amat">1</Player>
    <Player player_id="102738" player_name="Giannelli Imbula">2</Player>
    <Player player_id="230071" player_name="Santiago Comesaña">3</Player>
    <Player player_id="165796" player_name="Álvaro Medrán">3</Player>
    <Player player_id="40721" player_name="Óscar Trejo">2</Player>
    <Player player_id="151885" player_name="Emiliano Velázquez">1</Player>
    <Player player_id="84374" player_name="Bebé">1</Player>
    <Player player_id="94878" player_name="Stole Dimitrievski">1</Player>
    <Player player_id="165682" player_name="Álvaro García">2</Player>
  </Player>
  <Player cross_lost="0" cross_success="0" jersey_num="20" pass_lost="9" pass_success="13" player_id="151885" player_name="Emiliano Velázquez" position="Defender" position_id="2" x="36.40" y="30.82">
    <Player player_id="80789" player_name="Jordi Amat">1</Player>
    <Player player_id="98901" player_name="Luis Advíncula">2</Player>
    <Player player_id="102738" player_name="Giannelli Imbula">1</Player>
    <Player player_id="230071" player_name="Santiago Comesaña">2</Player>
    <Player player_id="106468" player_name="Álex Moreno">2</Player>
    <Player player_id="84374" player_name="Bebé">1</Player>
    <Player player_id="119403" player_name="Raúl de Tomás">3</Player>
    <Player player_id="94878" player_name="Stole Dimitrievski">1</Player>
  </Player>
  <Player cross_lost="2" cross_success="0" jersey_num="14" pass_lost="3" pass_success="1" player_id="84374" player_name="Bebé" position="Substitute" position_id="5" sub_on="73" x="67.04" y="26.24">
    <Player player_id="98901" player_name="Luis Advíncula">1</Player>
  </Player>
  <Player cross_lost="0" cross_success="0" jersey_num="9" pass_lost="2" pass_success="13" player_id="119403" player_name="Raúl de Tomás" position="Forward" position_id="4" x="64.59" y="57.88">
    <Player player_id="98901" player_name="Luis Advíncula">2</Player>
    <Player player_id="102738" player_name="Giannelli Imbula">3</Player>
    <Player player_id="230071" player_name="Santiago Comesaña">1</Player>
    <Player player_id="132161" player_name="Adrián Embarba">2</Player>
    <Player player_id="40721" player_name="Óscar Trejo">3</Player>
    <Player player_id="106468" player_name="Álex Moreno">1</Player>
    <Player player_id="165682" player_name="Álvaro García">1</Player>
  </Player>
  <Player cross_lost="0" cross_success="0" jersey_num="13" pass_lost="12" pass_success="14" player_id="94878" player_name="Stole Dimitrievski" position="Goalkeeper" position_id="1" x="9.74" y="49.66">
    <Player player_id="98901" player_name="Luis Advíncula">5</Player>
    <Player player_id="102738" player_name="Giannelli Imbula">1</Player>
    <Player player_id="230071" player_name="Santiago Comesaña">1</Player>
    <Player player_id="132161" player_name="Adrián Embarba">1</Player>
    <Player player_id="40721" player_name="Óscar Trejo">2</Player>
    <Player player_id="84374" player_name="Bebé">1</Player>
    <Player player_id="119403" player_name="Raúl de Tomás">2</Player>
    <Player player_id="165682" player_name="Álvaro García">1</Player>
  </Player>
  <Player cross_lost="1" cross_success="0" jersey_num="18" pass_lost="2" pass_success="6" player_id="165682" player_name="Álvaro García" position="Substitute" position_id="5" sub_on="61" x="56.85" y="60.74">
    <Player player_id="230071" player_name="Santiago Comesaña">1</Player>
    <Player player_id="106468" player_name="Álex Moreno">3</Player>
    <Player player_id="119403" player_name="Raúl de Tomás">2</Player>
  </Player>
  <Player cross_lost="0" cross_success="0" jersey_num="21" pass_lost="6" pass_success="16" player_id="103860" player_name="Abdoulaye Ba" position="Defender" position_id="2" x="26.90" y="46.87">
    <Player player_id="80789" player_name="Jordi Amat">1</Player>
    <Player player_id="102738" player_name="Giannelli Imbula">3</Player>
    <Player player_id="230071" player_name="Santiago Comesaña">3</Player>
    <Player player_id="40721" player_name="Óscar Trejo">2</Player>
    <Player player_id="151885" player_name="Emiliano Velázquez">5</Player>
    <Player player_id="94878" player_name="Stole Dimitrievski">1</Player>
  </Player>
</SoccerFeed>