﻿<?xml version="1.0" encoding="UTF-8"?>
<!-- Copyright 2001-2018 Opta Sportsdata Ltd. All rights reserved. -->
<!-- PRODUCTION HEADER
     produced on:        valde-jobq-a04.nexus.opta.net
     production time:    20180828T175243,869Z
     production module:  Opta::Feed::XML::Soccer::F27
-->
<SoccerFeed act_minute="93" act_period="2" act_second="59" away_team_id="191" away_team_name="Valencia CF" competition_id="23" competition_name="Spanish La Liga" game_date="2018-08-26 17:15:00" game_id="1009329" home_team_id="177" home_team_name="Espanyol" season_id="2018" season_name="Season 2018/2019" team_id="177" team_name="Espanyol">
  <Player cross_lost="3" cross_success="1" jersey_num="12" pass_lost="12" pass_success="34" player_id="59790" player_name="Dídac Vilá" position="Defender" position_id="2" x="45.65" y="80.79">
    <Player player_id="109269" player_name="Leo Baptistao">2</Player>
    <Player player_id="169007" player_name="Sergi Darder">4</Player>
    <Player player_id="11129" player_name="David López">1</Player>
    <Player player_id="46998" player_name="Esteban Granero">4</Player>
    <Player player_id="213431" player_name="Mario Hermoso">5</Player>
    <Player player_id="202044" player_name="Borja Iglesias">1</Player>
    <Player cross="1" player_id="17679" player_name="Sergio García">8</Player>
    <Player player_id="234370" player_name="Marc Roca">7</Player>
    <Player player_id="73109" player_name="Hernán Pérez">1</Player>
  </Player>
  <Player cross_lost="1" cross_success="0" jersey_num="11" pass_lost="5" pass_success="13" player_id="109269" player_name="Leo Baptistao" position="Midfielder" position_id="3" sub_off="76" x="56.66" y="29.07">
    <Player player_id="59790" player_name="Dídac Vilá">3</Player>
    <Player player_id="169007" player_name="Sergi Darder">2</Player>
    <Player player_id="11129" player_name="David López">1</Player>
    <Player player_id="46998" player_name="Esteban Granero">1</Player>
    <Player player_id="202044" player_name="Borja Iglesias">2</Player>
    <Player player_id="17679" player_name="Sergio García">1</Player>
    <Player player_id="78333" player_name="Javi López">3</Player>
  </Player>
  <Player cross_lost="0" cross_success="0" jersey_num="10" pass_lost="10" pass_success="30" player_id="169007" player_name="Sergi Darder" position="Midfielder" position_id="3" x="55.68" y="44.21">
    <Player player_id="59790" player_name="Dídac Vilá">7</Player>
    <Player player_id="46998" player_name="Esteban Granero">5</Player>
    <Player player_id="213431" player_name="Mario Hermoso">2</Player>
    <Player player_id="73109" player_name="Hernán Pérez">1</Player>
    <Player player_id="109269" player_name="Leo Baptistao">2</Player>
    <Player player_id="169007" player_name="Sergi Darder">1</Player>
    <Player player_id="11129" player_name="David López">2</Player>
    <Player player_id="49267" player_name="Víctor Sánchez">1</Player>
    <Player player_id="202044" player_name="Borja Iglesias">1</Player>
    <Player player_id="17679" player_name="Sergio García">1</Player>
    <Player player_id="234370" player_name="Marc Roca">1</Player>
    <Player player_id="78333" player_name="Javi López">6</Player>
  </Player>
  <Player cross_lost="0" cross_success="0" jersey_num="15" pass_lost="3" pass_success="45" player_id="11129" player_name="David López" position="Defender" position_id="2" x="30.22" y="31.75">
    <Player player_id="59790" player_name="Dídac Vilá">3</Player>
    <Player player_id="109269" player_name="Leo Baptistao">3</Player>
    <Player player_id="169007" player_name="Sergi Darder">2</Player>
    <Player player_id="46998" player_name="Esteban Granero">2</Player>
    <Player player_id="213431" player_name="Mario Hermoso">2</Player>
    <Player player_id="49267" player_name="Víctor Sánchez">1</Player>
    <Player player_id="202044" player_name="Borja Iglesias">1</Player>
    <Player player_id="234370" player_name="Marc Roca">12</Player>
    <Player player_id="16021" player_name="Diego López">6</Player>
    <Player player_id="78333" player_name="Javi López">13</Player>
  </Player>
  <Player cross_lost="0" cross_success="0" jersey_num="19" pass_lost="0" pass_success="3" player_id="51271" player_name="Pablo Piatti" position="Substitute" position_id="5" sub_on="76" x="60.95" y="37.20">
    <Player player_id="59790" player_name="Dídac Vilá">1</Player>
    <Player player_id="49267" player_name="Víctor Sánchez">1</Player>
    <Player player_id="73109" player_name="Hernán Pérez">1</Player>
  </Player>
  <Player cross_lost="3" cross_success="3" jersey_num="23" pass_lost="7" pass_success="37" player_id="46998" player_name="Esteban Granero" position="Midfielder" position_id="3" sub_off="80" x="53.14" y="38.65">
    <Player cross="2" player_id="59790" player_name="Dídac Vilá">3</Player>
    <Player player_id="213431" player_name="Mario Hermoso">3</Player>
    <Player player_id="109269" player_name="Leo Baptistao">5</Player>
    <Player player_id="169007" player_name="Sergi Darder">1</Player>
    <Player player_id="11129" player_name="David López">4</Player>
    <Player player_id="202044" player_name="Borja Iglesias">2</Player>
    <Player cross="1" player_id="17679" player_name="Sergio García">3</Player>
    <Player player_id="234370" player_name="Marc Roca">7</Player>
    <Player player_id="78333" player_name="Javi López">9</Player>
  </Player>
  <Player cross_lost="0" cross_success="0" jersey_num="22" pass_lost="5" pass_success="32" player_id="213431" player_name="Mario Hermoso" position="Defender" position_id="2" x="30.00" y="70.50">
    <Player player_id="59790" player_name="Dídac Vilá">6</Player>
    <Player player_id="169007" player_name="Sergi Darder">5</Player>
    <Player player_id="11129" player_name="David López">9</Player>
    <Player player_id="51271" player_name="Pablo Piatti">1</Player>
    <Player player_id="46998" player_name="Esteban Granero">1</Player>
    <Player player_id="17679" player_name="Sergio García">1</Player>
    <Player player_id="234370" player_name="Marc Roca">5</Player>
    <Player player_id="16021" player_name="Diego López">3</Player>
    <Player player_id="78333" player_name="Javi López">1</Player>
  </Player>
  <Player cross_lost="0" cross_success="0" jersey_num="4" pass_lost="1" pass_success="8" player_id="49267" player_name="Víctor Sánchez" position="Substitute" position_id="5" sub_on="80" x="49.15" y="20.25">
    <Player player_id="11129" player_name="David López">1</Player>
    <Player player_id="51271" player_name="Pablo Piatti">1</Player>
    <Player player_id="78333" player_name="Javi López">5</Player>
    <Player player_id="73109" player_name="Hernán Pérez">1</Player>
  </Player>
  <Player cross_lost="0" cross_success="0" jersey_num="7" pass_lost="3" pass_success="16" player_id="202044" player_name="Borja Iglesias" position="Forward" position_id="4" x="53.77" y="48.79">
    <Player player_id="59790" player_name="Dídac Vilá">1</Player>
    <Player player_id="109269" player_name="Leo Baptistao">3</Player>
    <Player player_id="169007" player_name="Sergi Darder">4</Player>
    <Player player_id="46998" player_name="Esteban Granero">1</Player>
    <Player player_id="234370" player_name="Marc Roca">2</Player>
    <Player player_id="73109" player_name="Hernán Pérez">2</Player>
    <Player player_id="78333" player_name="Javi López">3</Player>
  </Player>
  <Player cross_lost="3" cross_success="1" jersey_num="9" pass_lost="9" pass_success="12" player_id="17679" player_name="Sergio García" position="Midfielder" position_id="3" sub_off="71" x="58.03" y="73.67">
    <Player player_id="59790" player_name="Dídac Vilá">7</Player>
    <Player player_id="46998" player_name="Esteban Granero">3</Player>
    <Player cross="1" player_id="213431" player_name="Mario Hermoso">0</Player>
    <Player player_id="202044" player_name="Borja Iglesias">2</Player>
  </Player>
  <Player cross_lost="0" cross_success="0" jersey_num="21" pass_lost="3" pass_success="54" player_id="234370" player_name="Marc Roca" position="Midfielder" position_id="3" x="40.26" y="52.99">
    <Player player_id="59790" player_name="Dídac Vilá">10</Player>
    <Player player_id="46998" player_name="Esteban Granero">6</Player>
    <Player player_id="213431" player_name="Mario Hermoso">4</Player>
    <Player player_id="16021" player_name="Diego López">2</Player>
    <Player player_id="73109" player_name="Hernán Pérez">1</Player>
    <Player player_id="109269" player_name="Leo Baptistao">2</Player>
    <Player player_id="169007" player_name="Sergi Darder">6</Player>
    <Player player_id="11129" player_name="David López">6</Player>
    <Player player_id="202044" player_name="Borja Iglesias">1</Player>
    <Player player_id="17679" player_name="Sergio García">7</Player>
    <Player player_id="78333" player_name="Javi López">9</Player>
  </Player>
  <Player cross_lost="0" cross_success="0" jersey_num="13" pass_lost="5" pass_success="28" player_id="16021" player_name="Diego López" position="Goalkeeper" position_id="1" x="9.14" y="45.17">
    <Player player_id="59790" player_name="Dídac Vilá">1</Player>
    <Player player_id="109269" player_name="Leo Baptistao">2</Player>
    <Player player_id="11129" player_name="David López">10</Player>
    <Player player_id="46998" player_name="Esteban Granero">1</Player>
    <Player player_id="213431" player_name="Mario Hermoso">6</Player>
    <Player player_id="202044" player_name="Borja Iglesias">1</Player>
    <Player player_id="17679" player_name="Sergio García">1</Player>
    <Player player_id="234370" player_name="Marc Roca">3</Player>
    <Player player_id="78333" player_name="Javi López">3</Player>
  </Player>
  <Player cross_lost="0" cross_success="0" jersey_num="17" pass_lost="0" pass_success="8" player_id="73109" player_name="Hernán Pérez" position="Substitute" position_id="5" sub_on="71" x="44.01" y="35.82">
    <Player player_id="59790" player_name="Dídac Vilá">1</Player>
    <Player player_id="169007" player_name="Sergi Darder">3</Player>
    <Player player_id="51271" player_name="Pablo Piatti">1</Player>
    <Player player_id="202044" player_name="Borja Iglesias">3</Player>
  </Player>
  <Player cross_lost="4" cross_success="1" jersey_num="16" pass_lost="12" pass_success="47" player_id="78333" player_name="Javi López" position="Defender" position_id="2" x="45.25" y="13.23">
    <Player player_id="59790" player_name="Dídac Vilá">1</Player>
    <Player player_id="46998" player_name="Esteban Granero">9</Player>
    <Player player_id="16021" player_name="Diego López">1</Player>
    <Player player_id="73109" player_name="Hernán Pérez">2</Player>
    <Player player_id="109269" player_name="Leo Baptistao">6</Player>
    <Player player_id="169007" player_name="Sergi Darder">5</Player>
    <Player player_id="11129" player_name="David López">7</Player>
    <Player player_id="51271" player_name="Pablo Piatti">1</Player>
    <Player player_id="49267" player_name="Víctor Sánchez">5</Player>
    <Player player_id="202044" player_name="Borja Iglesias">2</Player>
    <Player cross="1" player_id="17679" player_name="Sergio García">1</Player>
    <Player player_id="234370" player_name="Marc Roca">7</Player>
  </Player>
</SoccerFeed>