﻿<?xml version="1.0" encoding="UTF-8"?>
<!-- Copyright 2001-2018 Opta Sportsdata Ltd. All rights reserved. -->
<!-- PRODUCTION HEADER
     produced on:        valde-jobq-a04.nexus.opta.net
     production time:    20180828T175407,183Z
     production module:  Opta::Feed::XML::Soccer::F27
-->
<SoccerFeed act_minute="94" act_period="2" act_second="7" away_team_id="186" away_team_name="Real Madrid" competition_id="23" competition_name="Spanish La Liga" game_date="2018-08-26 21:15:00" game_id="1009330" home_team_id="2893" home_team_name="Girona" season_id="2018" season_name="Season 2018/2019" team_id="186" team_name="Real Madrid">
  <Player cross_lost="0" cross_success="0" jersey_num="4" pass_lost="4" pass_success="55" player_id="17861" player_name="Sergio Ramos" position="Defender" position_id="2" x="36.87" y="72.44">
    <Player player_id="44989" player_name="Toni Kroos">16</Player>
    <Player player_id="36903" player_name="Gareth Bale">3</Player>
    <Player player_id="88483" player_name="Daniel Carvajal">3</Player>
    <Player player_id="107593" player_name="Lucas Vázquez">1</Player>
    <Player player_id="19927" player_name="Karim Benzema">2</Player>
    <Player player_id="90152" player_name="Raphael Varane">2</Player>
    <Player player_id="88477" player_name="Nacho">4</Player>
    <Player player_id="80209" player_name="Isco">4</Player>
    <Player player_id="61256" player_name="Casemiro">2</Player>
    <Player player_id="174292" player_name="Marco Asensio">4</Player>
    <Player player_id="28411" player_name="Keylor Navas">5</Player>
    <Player player_id="39563" player_name="Marcelo">9</Player>
  </Player>
  <Player cross_lost="5" cross_success="0" jersey_num="8" pass_lost="4" pass_success="103" player_id="44989" player_name="Toni Kroos" position="Midfielder" position_id="3" x="50.86" y="67.35">
    <Player player_id="17861" player_name="Sergio Ramos">7</Player>
    <Player player_id="36903" player_name="Gareth Bale">1</Player>
    <Player player_id="88483" player_name="Daniel Carvajal">10</Player>
    <Player player_id="107593" player_name="Lucas Vázquez">1</Player>
    <Player player_id="19927" player_name="Karim Benzema">12</Player>
    <Player player_id="90152" player_name="Raphael Varane">1</Player>
    <Player player_id="88477" player_name="Nacho">5</Player>
    <Player player_id="80209" player_name="Isco">15</Player>
    <Player player_id="61256" player_name="Casemiro">19</Player>
    <Player player_id="174292" player_name="Marco Asensio">16</Player>
    <Player player_id="28411" player_name="Keylor Navas">2</Player>
    <Player player_id="37055" player_name="Luka Modric">5</Player>
    <Player player_id="39563" player_name="Marcelo">9</Player>
  </Player>
  <Player cross_lost="1" cross_success="1" jersey_num="11" pass_lost="8" pass_success="32" player_id="36903" player_name="Gareth Bale" position="Midfielder" position_id="3" sub_off="87" x="63.97" y="42.55">
    <Player player_id="17861" player_name="Sergio Ramos">1</Player>
    <Player player_id="44989" player_name="Toni Kroos">5</Player>
    <Player player_id="88483" player_name="Daniel Carvajal">3</Player>
    <Player player_id="19927" player_name="Karim Benzema">2</Player>
    <Player player_id="90152" player_name="Raphael Varane">1</Player>
    <Player player_id="88477" player_name="Nacho">2</Player>
    <Player cross="1" player_id="80209" player_name="Isco">8</Player>
    <Player player_id="61256" player_name="Casemiro">3</Player>
    <Player player_id="174292" player_name="Marco Asensio">2</Player>
    <Player player_id="37055" player_name="Luka Modric">2</Player>
    <Player player_id="39563" player_name="Marcelo">3</Player>
  </Player>
  <Player cross_lost="3" cross_success="0" jersey_num="2" pass_lost="8" pass_success="69" player_id="88483" player_name="Daniel Carvajal" position="Defender" position_id="2" x="46.27" y="13.74">
    <Player player_id="17861" player_name="Sergio Ramos">1</Player>
    <Player player_id="44989" player_name="Toni Kroos">4</Player>
    <Player player_id="36903" player_name="Gareth Bale">11</Player>
    <Player player_id="19927" player_name="Karim Benzema">3</Player>
    <Player player_id="90152" player_name="Raphael Varane">3</Player>
    <Player player_id="88477" player_name="Nacho">16</Player>
    <Player player_id="80209" player_name="Isco">7</Player>
    <Player player_id="61256" player_name="Casemiro">12</Player>
    <Player player_id="174292" player_name="Marco Asensio">8</Player>
    <Player player_id="28411" player_name="Keylor Navas">1</Player>
    <Player player_id="37055" player_name="Luka Modric">2</Player>
    <Player player_id="39563" player_name="Marcelo">1</Player>
  </Player>
  <Player cross_lost="1" cross_success="0" jersey_num="22" pass_lost="8" pass_success="64" player_id="80209" player_name="Isco" position="Midfielder" position_id="3" sub_off="77" x="56.83" y="52.02">
    <Player player_id="17861" player_name="Sergio Ramos">1</Player>
    <Player player_id="44989" player_name="Toni Kroos">13</Player>
    <Player player_id="36903" player_name="Gareth Bale">10</Player>
    <Player player_id="88483" player_name="Daniel Carvajal">14</Player>
    <Player player_id="19927" player_name="Karim Benzema">5</Player>
    <Player player_id="88477" player_name="Nacho">2</Player>
    <Player player_id="61256" player_name="Casemiro">5</Player>
    <Player player_id="174292" player_name="Marco Asensio">7</Player>
    <Player player_id="39563" player_name="Marcelo">7</Player>
  </Player>
  <Player cross_lost="0" cross_success="0" jersey_num="14" pass_lost="10" pass_success="64" player_id="61256" player_name="Casemiro" position="Midfielder" position_id="3" x="43.49" y="40.25">
    <Player player_id="17861" player_name="Sergio Ramos">3</Player>
    <Player player_id="44989" player_name="Toni Kroos">14</Player>
    <Player player_id="36903" player_name="Gareth Bale">3</Player>
    <Player player_id="88483" player_name="Daniel Carvajal">8</Player>
    <Player player_id="107593" player_name="Lucas Vázquez">1</Player>
    <Player player_id="19927" player_name="Karim Benzema">3</Player>
    <Player player_id="90152" player_name="Raphael Varane">2</Player>
    <Player player_id="88477" player_name="Nacho">9</Player>
    <Player player_id="80209" player_name="Isco">8</Player>
    <Player player_id="174292" player_name="Marco Asensio">5</Player>
    <Player player_id="28411" player_name="Keylor Navas">2</Player>
    <Player player_id="37055" player_name="Luka Modric">1</Player>
    <Player player_id="39563" player_name="Marcelo">5</Player>
  </Player>
  <Player cross_lost="0" cross_success="0" jersey_num="17" pass_lost="0" pass_success="3" player_id="107593" player_name="Lucas Vázquez" position="Substitute" position_id="5" sub_on="87" x="45.91" y="50.97">
    <Player player_id="61256" player_name="Casemiro">1</Player>
    <Player player_id="44989" player_name="Toni Kroos">2</Player>
  </Player>
  <Player cross_lost="0" cross_success="0" jersey_num="1" pass_lost="4" pass_success="34" player_id="28411" player_name="Keylor Navas" position="Goalkeeper" position_id="1" x="9.22" y="48.86">
    <Player player_id="17861" player_name="Sergio Ramos">6</Player>
    <Player player_id="44989" player_name="Toni Kroos">5</Player>
    <Player player_id="80209" player_name="Isco">1</Player>
    <Player player_id="88483" player_name="Daniel Carvajal">4</Player>
    <Player player_id="90152" player_name="Raphael Varane">7</Player>
    <Player player_id="88477" player_name="Nacho">9</Player>
    <Player player_id="39563" player_name="Marcelo">2</Player>
  </Player>
  <Player cross_lost="0" cross_success="0" jersey_num="9" pass_lost="6" pass_success="40" player_id="19927" player_name="Karim Benzema" position="Forward" position_id="4" x="66.72" y="68.54">
    <Player player_id="17861" player_name="Sergio Ramos">1</Player>
    <Player player_id="44989" player_name="Toni Kroos">7</Player>
    <Player player_id="36903" player_name="Gareth Bale">3</Player>
    <Player player_id="80209" player_name="Isco">6</Player>
    <Player player_id="61256" player_name="Casemiro">5</Player>
    <Player player_id="174292" player_name="Marco Asensio">8</Player>
    <Player player_id="37055" player_name="Luka Modric">1</Player>
    <Player player_id="90152" player_name="Raphael Varane">1</Player>
    <Player player_id="88477" player_name="Nacho">7</Player>
    <Player player_id="39563" player_name="Marcelo">1</Player>
  </Player>
  <Player cross_lost="4" cross_success="1" jersey_num="20" pass_lost="4" pass_success="53" player_id="174292" player_name="Marco Asensio" position="Midfielder" position_id="3" x="65.25" y="62.65">
    <Player player_id="17861" player_name="Sergio Ramos">3</Player>
    <Player player_id="44989" player_name="Toni Kroos">13</Player>
    <Player player_id="88483" player_name="Daniel Carvajal">8</Player>
    <Player player_id="36903" player_name="Gareth Bale">4</Player>
    <Player player_id="19927" player_name="Karim Benzema">8</Player>
    <Player player_id="88477" player_name="Nacho">1</Player>
    <Player cross="1" player_id="80209" player_name="Isco">7</Player>
    <Player player_id="61256" player_name="Casemiro">1</Player>
    <Player player_id="37055" player_name="Luka Modric">3</Player>
    <Player player_id="39563" player_name="Marcelo">5</Player>
  </Player>
  <Player cross_lost="0" cross_success="0" jersey_num="10" pass_lost="2" pass_success="15" player_id="37055" player_name="Luka Modric" position="Substitute" position_id="5" sub_on="77" x="56.52" y="33.62">
    <Player player_id="44989" player_name="Toni Kroos">3</Player>
    <Player player_id="88483" player_name="Daniel Carvajal">1</Player>
    <Player player_id="36903" player_name="Gareth Bale">1</Player>
    <Player player_id="107593" player_name="Lucas Vázquez">2</Player>
    <Player player_id="174292" player_name="Marco Asensio">4</Player>
    <Player player_id="19927" player_name="Karim Benzema">1</Player>
    <Player player_id="90152" player_name="Raphael Varane">2</Player>
    <Player player_id="88477" player_name="Nacho">1</Player>
  </Player>
  <Player cross_lost="0" cross_success="0" jersey_num="5" pass_lost="1" pass_success="22" player_id="90152" player_name="Raphael Varane" position="Substitute" position_id="5" sub_on="60" x="31.66" y="20.78">
    <Player player_id="17861" player_name="Sergio Ramos">3</Player>
    <Player player_id="88483" player_name="Daniel Carvajal">7</Player>
    <Player player_id="36903" player_name="Gareth Bale">4</Player>
    <Player player_id="61256" player_name="Casemiro">3</Player>
    <Player player_id="28411" player_name="Keylor Navas">3</Player>
    <Player player_id="174292" player_name="Marco Asensio">1</Player>
    <Player player_id="37055" player_name="Luka Modric">1</Player>
  </Player>
  <Player cross_lost="1" cross_success="0" jersey_num="6" pass_lost="6" pass_success="63" player_id="88477" player_name="Nacho" position="Defender" position_id="2" x="34.39" y="46.68">
    <Player player_id="17861" player_name="Sergio Ramos">13</Player>
    <Player player_id="44989" player_name="Toni Kroos">9</Player>
    <Player player_id="80209" player_name="Isco">7</Player>
    <Player player_id="88483" player_name="Daniel Carvajal">14</Player>
    <Player player_id="61256" player_name="Casemiro">8</Player>
    <Player player_id="28411" player_name="Keylor Navas">6</Player>
    <Player player_id="174292" player_name="Marco Asensio">6</Player>
  </Player>
  <Player cross_lost="2" cross_success="1" jersey_num="12" pass_lost="6" pass_success="35" player_id="39563" player_name="Marcelo" position="Defender" position_id="2" sub_off="60" x="55.31" y="86.44">
    <Player cross="1" player_id="17861" player_name="Sergio Ramos">7</Player>
    <Player player_id="44989" player_name="Toni Kroos">8</Player>
    <Player player_id="36903" player_name="Gareth Bale">4</Player>
    <Player player_id="19927" player_name="Karim Benzema">7</Player>
    <Player player_id="88477" player_name="Nacho">1</Player>
    <Player player_id="80209" player_name="Isco">2</Player>
    <Player player_id="61256" player_name="Casemiro">2</Player>
    <Player player_id="174292" player_name="Marco Asensio">4</Player>
  </Player>
</SoccerFeed>