﻿<?xml version="1.0" encoding="UTF-8"?>
<!-- Copyright 2001-2018 Opta Sportsdata Ltd. All rights reserved. -->
<!-- PRODUCTION HEADER
     produced on:        valde-jobq-a03.nexus.opta.net
     production time:    20181209T130801,516Z
     production module:  Opta::Feed::XML::Soccer::F27
-->
<SoccerFeed act_minute="93" act_period="2" act_second="18" away_team_id="179" away_team_name="Sevilla" competition_id="23" competition_name="Spanish La Liga" game_date="2018-12-08 15:15:00" game_id="1009465" home_team_id="191" home_team_name="Valencia CF" season_id="2018" season_name="Season 2018/2019" team_id="179" team_name="Sevilla">
  <Player cross_lost="0" cross_success="0" jersey_num="1" pass_lost="16" pass_success="18" player_id="51945" player_name="Tomás Vaclik" position="Goalkeeper" position_id="1" x="7.91" y="46.61">
    <Player player_id="49309" player_name="Éver Banega">3</Player>
    <Player player_id="86151" player_name="Sergi Gómez">3</Player>
    <Player player_id="87750" player_name="Luis Muriel">1</Player>
    <Player player_id="165811" player_name="André Silva">4</Player>
    <Player player_id="100731" player_name="Franco Vázquez">1</Player>
    <Player player_id="80758" player_name="Quincy Promes">4</Player>
    <Player player_id="83912" player_name="Wissam Ben Yedder">2</Player>
  </Player>
  <Player cross_lost="1" cross_success="1" jersey_num="17" pass_lost="4" pass_success="31" player_id="88484" player_name="Pablo Sarabia" position="Midfielder" position_id="3" x="54.78" y="33.04">
    <Player player_id="49309" player_name="Éver Banega">6</Player>
    <Player player_id="165811" player_name="André Silva">4</Player>
    <Player player_id="55826" player_name="Gabriel Mercado">4</Player>
    <Player player_id="62991" player_name="Sergio Escudero">1</Player>
    <Player player_id="100731" player_name="Franco Vázquez">3</Player>
    <Player player_id="80758" player_name="Quincy Promes">9</Player>
    <Player cross="1" player_id="83912" player_name="Wissam Ben Yedder">4</Player>
  </Player>
  <Player cross_lost="3" cross_success="0" jersey_num="10" pass_lost="15" pass_success="51" player_id="49309" player_name="Éver Banega" position="Midfielder" position_id="3" x="39.31" y="45.94">
    <Player player_id="51945" player_name="Tomás Vaclik">1</Player>
    <Player player_id="55826" player_name="Gabriel Mercado">8</Player>
    <Player player_id="62991" player_name="Sergio Escudero">6</Player>
    <Player player_id="100731" player_name="Franco Vázquez">9</Player>
    <Player player_id="80758" player_name="Quincy Promes">6</Player>
    <Player player_id="88484" player_name="Pablo Sarabia">9</Player>
    <Player player_id="86151" player_name="Sergi Gómez">7</Player>
    <Player player_id="165811" player_name="André Silva">2</Player>
    <Player player_id="48714" player_name="Simon Kjaer">2</Player>
    <Player player_id="83912" player_name="Wissam Ben Yedder">1</Player>
  </Player>
  <Player cross_lost="0" cross_success="0" jersey_num="3" pass_lost="6" pass_success="33" player_id="86151" player_name="Sergi Gómez" position="Defender" position_id="2" x="28.76" y="72.47">
    <Player player_id="51945" player_name="Tomás Vaclik">1</Player>
    <Player player_id="88484" player_name="Pablo Sarabia">1</Player>
    <Player player_id="49309" player_name="Éver Banega">6</Player>
    <Player player_id="165811" player_name="André Silva">1</Player>
    <Player player_id="55826" player_name="Gabriel Mercado">3</Player>
    <Player player_id="62991" player_name="Sergio Escudero">12</Player>
    <Player player_id="100731" player_name="Franco Vázquez">2</Player>
    <Player player_id="80758" player_name="Quincy Promes">1</Player>
    <Player player_id="48714" player_name="Simon Kjaer">5</Player>
    <Player player_id="83912" player_name="Wissam Ben Yedder">1</Player>
  </Player>
  <Player cross_lost="0" cross_success="0" jersey_num="14" pass_lost="1" pass_success="2" player_id="87750" player_name="Luis Muriel" position="Substitute" position_id="5" sub_on="85" x="49.60" y="65.98">
    <Player player_id="88484" player_name="Pablo Sarabia">1</Player>
    <Player player_id="128348" player_name="Ibrahim Amadou">1</Player>
  </Player>
  <Player cross_lost="0" cross_success="0" jersey_num="5" pass_lost="0" pass_success="1" player_id="128348" player_name="Ibrahim Amadou" position="Substitute" position_id="5" sub_on="77" x="30.90" y="44.95">
    <Player player_id="62991" player_name="Sergio Escudero">1</Player>
  </Player>
  <Player cross_lost="0" cross_success="1" jersey_num="12" pass_lost="9" pass_success="9" player_id="165811" player_name="André Silva" position="Forward" position_id="4" x="62.14" y="46.30">
    <Player player_id="49309" player_name="Éver Banega">1</Player>
    <Player cross="1" player_id="88484" player_name="Pablo Sarabia">3</Player>
    <Player player_id="62991" player_name="Sergio Escudero">1</Player>
    <Player player_id="100731" player_name="Franco Vázquez">1</Player>
    <Player player_id="80758" player_name="Quincy Promes">2</Player>
    <Player player_id="83912" player_name="Wissam Ben Yedder">1</Player>
  </Player>
  <Player cross_lost="0" cross_success="0" jersey_num="25" pass_lost="5" pass_success="31" player_id="55826" player_name="Gabriel Mercado" position="Defender" position_id="2" x="29.11" y="27.94">
    <Player player_id="51945" player_name="Tomás Vaclik">1</Player>
    <Player player_id="49309" player_name="Éver Banega">11</Player>
    <Player player_id="86151" player_name="Sergi Gómez">2</Player>
    <Player player_id="165811" player_name="André Silva">1</Player>
    <Player player_id="62991" player_name="Sergio Escudero">1</Player>
    <Player player_id="100731" player_name="Franco Vázquez">2</Player>
    <Player player_id="80758" player_name="Quincy Promes">6</Player>
    <Player player_id="48714" player_name="Simon Kjaer">7</Player>
  </Player>
  <Player cross_lost="2" cross_success="0" jersey_num="18" pass_lost="5" pass_success="28" player_id="62991" player_name="Sergio Escudero" position="Midfielder" position_id="3" x="44.78" y="80.45">
    <Player player_id="88484" player_name="Pablo Sarabia">1</Player>
    <Player player_id="49309" player_name="Éver Banega">9</Player>
    <Player player_id="86151" player_name="Sergi Gómez">4</Player>
    <Player player_id="165811" player_name="André Silva">5</Player>
    <Player player_id="100731" player_name="Franco Vázquez">6</Player>
    <Player player_id="80758" player_name="Quincy Promes">1</Player>
    <Player player_id="83912" player_name="Wissam Ben Yedder">2</Player>
  </Player>
  <Player cross_lost="0" cross_success="0" jersey_num="22" pass_lost="4" pass_success="24" player_id="100731" player_name="Franco Vázquez" position="Midfielder" position_id="3" sub_off="77" x="44.07" y="62.81">
    <Player player_id="49309" player_name="Éver Banega">6</Player>
    <Player player_id="88484" player_name="Pablo Sarabia">2</Player>
    <Player player_id="86151" player_name="Sergi Gómez">5</Player>
    <Player player_id="55826" player_name="Gabriel Mercado">2</Player>
    <Player player_id="62991" player_name="Sergio Escudero">3</Player>
    <Player player_id="80758" player_name="Quincy Promes">4</Player>
    <Player player_id="48714" player_name="Simon Kjaer">1</Player>
    <Player player_id="83912" player_name="Wissam Ben Yedder">1</Player>
  </Player>
  <Player cross_lost="2" cross_success="0" jersey_num="21" pass_lost="13" pass_success="35" player_id="80758" player_name="Quincy Promes" position="Midfielder" position_id="3" x="46.15" y="17.76">
    <Player player_id="51945" player_name="Tomás Vaclik">2</Player>
    <Player player_id="88484" player_name="Pablo Sarabia">7</Player>
    <Player player_id="49309" player_name="Éver Banega">7</Player>
    <Player player_id="165811" player_name="André Silva">2</Player>
    <Player player_id="55826" player_name="Gabriel Mercado">6</Player>
    <Player player_id="62991" player_name="Sergio Escudero">1</Player>
    <Player player_id="100731" player_name="Franco Vázquez">3</Player>
    <Player player_id="48714" player_name="Simon Kjaer">3</Player>
    <Player player_id="83912" player_name="Wissam Ben Yedder">4</Player>
  </Player>
  <Player cross_lost="0" cross_success="0" jersey_num="4" pass_lost="3" pass_success="26" player_id="48714" player_name="Simon Kjaer" position="Defender" position_id="2" x="23.68" y="47.38">
    <Player player_id="51945" player_name="Tomás Vaclik">2</Player>
    <Player player_id="49309" player_name="Éver Banega">2</Player>
    <Player player_id="88484" player_name="Pablo Sarabia">2</Player>
    <Player player_id="86151" player_name="Sergi Gómez">8</Player>
    <Player player_id="165811" player_name="André Silva">1</Player>
    <Player player_id="55826" player_name="Gabriel Mercado">4</Player>
    <Player player_id="62991" player_name="Sergio Escudero">1</Player>
    <Player player_id="100731" player_name="Franco Vázquez">3</Player>
    <Player player_id="80758" player_name="Quincy Promes">2</Player>
    <Player player_id="83912" player_name="Wissam Ben Yedder">1</Player>
  </Player>
  <Player cross_lost="2" cross_success="0" jersey_num="9" pass_lost="8" pass_success="11" player_id="83912" player_name="Wissam Ben Yedder" position="Forward" position_id="4" sub_off="85" x="63.55" y="43.97">
    <Player player_id="88484" player_name="Pablo Sarabia">4</Player>
    <Player player_id="165811" player_name="André Silva">1</Player>
    <Player player_id="62991" player_name="Sergio Escudero">3</Player>
    <Player player_id="80758" player_name="Quincy Promes">3</Player>
  </Player>
</SoccerFeed>