﻿<?xml version="1.0" encoding="UTF-8"?>
<!-- Copyright 2001-2018 Opta Sportsdata Ltd. All rights reserved. -->
<!-- PRODUCTION HEADER
     produced on:        valde-jobq-a03.nexus.opta.net
     production time:    20181128T103631,241Z
     production module:  Opta::Feed::XML::Soccer::F27
-->
<SoccerFeed act_minute="92" act_period="2" act_second="25" away_team_id="173" away_team_name="Alavés" competition_id="23" competition_name="Spanish La Liga" game_date="2018-08-18 21:15:00" game_id="1009322" home_team_id="178" home_team_name="Barcelona" season_id="2018" season_name="Season 2018/2019" team_id="178" team_name="Barcelona">
  <Player cross_lost="1" cross_success="0" jersey_num="7" pass_lost="5" pass_success="45" player_id="84583" player_name="Coutinho" position="Substitute" position_id="5" sub_on="45" x="65.67" y="70.47">
    <Player player_id="18221" player_name="Gerard Piqué">1</Player>
    <Player player_id="54104" player_name="Sergio Busquets">6</Player>
    <Player player_id="39336" player_name="Luis Suárez">2</Player>
    <Player player_id="204043" player_name="Arthur">2</Player>
    <Player player_id="19054" player_name="Lionel Messi">3</Player>
    <Player player_id="86157" player_name="Sergi Roberto">2</Player>
    <Player player_id="88580" player_name="Samuel Umtiti">2</Player>
    <Player player_id="34703" player_name="Ivan Rakitic">4</Player>
    <Player player_id="219438" player_name="Ousmane Dembélé">7</Player>
    <Player player_id="52356" player_name="Jordi Alba">16</Player>
  </Player>
  <Player cross_lost="0" cross_success="0" jersey_num="23" pass_lost="2" pass_success="63" player_id="88580" player_name="Samuel Umtiti" position="Defender" position_id="2" x="38.60" y="72.90">
    <Player player_id="84583" player_name="Coutinho">3</Player>
    <Player player_id="18221" player_name="Gerard Piqué">5</Player>
    <Player player_id="54104" player_name="Sergio Busquets">7</Player>
    <Player player_id="77318" player_name="Marc-André ter Stegen">4</Player>
    <Player player_id="34703" player_name="Ivan Rakitic">18</Player>
    <Player player_id="204043" player_name="Arthur">2</Player>
    <Player player_id="219438" player_name="Ousmane Dembélé">1</Player>
    <Player player_id="52356" player_name="Jordi Alba">21</Player>
    <Player player_id="86157" player_name="Sergi Roberto">2</Player>
  </Player>
  <Player cross_lost="0" cross_success="0" jersey_num="3" pass_lost="6" pass_success="75" player_id="18221" player_name="Gerard Piqué" position="Defender" position_id="2" x="42.37" y="32.09">
    <Player player_id="84583" player_name="Coutinho">2</Player>
    <Player player_id="88580" player_name="Samuel Umtiti">19</Player>
    <Player player_id="200402" player_name="Nélson Semedo">4</Player>
    <Player player_id="54104" player_name="Sergio Busquets">10</Player>
    <Player player_id="77318" player_name="Marc-André ter Stegen">4</Player>
    <Player player_id="39336" player_name="Luis Suárez">1</Player>
    <Player player_id="34703" player_name="Ivan Rakitic">11</Player>
    <Player player_id="219438" player_name="Ousmane Dembélé">1</Player>
    <Player player_id="42565" player_name="Arturo Vidal">1</Player>
    <Player player_id="52356" player_name="Jordi Alba">4</Player>
    <Player player_id="86157" player_name="Sergi Roberto">12</Player>
    <Player player_id="19054" player_name="Lionel Messi">6</Player>
  </Player>
  <Player cross_lost="0" cross_success="0" jersey_num="2" pass_lost="1" pass_success="27" player_id="200402" player_name="Nélson Semedo" position="Defender" position_id="2" sub_off="45" x="58.87" y="14.10">
    <Player player_id="18221" player_name="Gerard Piqué">9</Player>
    <Player player_id="88580" player_name="Samuel Umtiti">1</Player>
    <Player player_id="77318" player_name="Marc-André ter Stegen">1</Player>
    <Player player_id="54104" player_name="Sergio Busquets">3</Player>
    <Player player_id="34703" player_name="Ivan Rakitic">1</Player>
    <Player player_id="86157" player_name="Sergi Roberto">9</Player>
    <Player player_id="19054" player_name="Lionel Messi">3</Player>
  </Player>
  <Player cross_lost="0" cross_success="0" jersey_num="1" pass_lost="2" pass_success="26" player_id="77318" player_name="Marc-André ter Stegen" position="Goalkeeper" position_id="1" x="12.96" y="48.05">
    <Player player_id="88580" player_name="Samuel Umtiti">2</Player>
    <Player player_id="18221" player_name="Gerard Piqué">8</Player>
    <Player player_id="54104" player_name="Sergio Busquets">3</Player>
    <Player player_id="39336" player_name="Luis Suárez">1</Player>
    <Player player_id="34703" player_name="Ivan Rakitic">1</Player>
    <Player player_id="204043" player_name="Arthur">1</Player>
    <Player player_id="219438" player_name="Ousmane Dembélé">1</Player>
    <Player player_id="52356" player_name="Jordi Alba">5</Player>
    <Player player_id="19054" player_name="Lionel Messi">1</Player>
    <Player player_id="86157" player_name="Sergi Roberto">3</Player>
  </Player>
  <Player cross_lost="0" cross_success="0" jersey_num="5" pass_lost="7" pass_success="77" player_id="54104" player_name="Sergio Busquets" position="Midfielder" position_id="3" sub_off="85" x="54.67" y="47.78">
    <Player player_id="84583" player_name="Coutinho">3</Player>
    <Player player_id="18221" player_name="Gerard Piqué">8</Player>
    <Player player_id="77318" player_name="Marc-André ter Stegen">1</Player>
    <Player player_id="39336" player_name="Luis Suárez">2</Player>
    <Player player_id="204043" player_name="Arthur">1</Player>
    <Player player_id="19054" player_name="Lionel Messi">18</Player>
    <Player player_id="86157" player_name="Sergi Roberto">6</Player>
    <Player player_id="88580" player_name="Samuel Umtiti">4</Player>
    <Player player_id="200402" player_name="Nélson Semedo">5</Player>
    <Player player_id="34703" player_name="Ivan Rakitic">14</Player>
    <Player player_id="219438" player_name="Ousmane Dembélé">5</Player>
    <Player player_id="52356" player_name="Jordi Alba">10</Player>
  </Player>
  <Player cross_lost="0" cross_success="0" jersey_num="9" pass_lost="10" pass_success="28" player_id="39336" player_name="Luis Suárez" position="Forward" position_id="4" x="72.74" y="55.86">
    <Player player_id="18221" player_name="Gerard Piqué">1</Player>
    <Player player_id="200402" player_name="Nélson Semedo">1</Player>
    <Player player_id="54104" player_name="Sergio Busquets">2</Player>
    <Player player_id="39336" player_name="Luis Suárez">1</Player>
    <Player player_id="34703" player_name="Ivan Rakitic">5</Player>
    <Player player_id="204043" player_name="Arthur">1</Player>
    <Player player_id="219438" player_name="Ousmane Dembélé">4</Player>
    <Player player_id="52356" player_name="Jordi Alba">4</Player>
    <Player player_id="19054" player_name="Lionel Messi">5</Player>
    <Player player_id="86157" player_name="Sergi Roberto">4</Player>
  </Player>
  <Player cross_lost="0" cross_success="0" jersey_num="4" pass_lost="7" pass_success="127" player_id="34703" player_name="Ivan Rakitic" position="Midfielder" position_id="3" x="54.66" y="54.50">
    <Player player_id="88580" player_name="Samuel Umtiti">4</Player>
    <Player player_id="18221" player_name="Gerard Piqué">18</Player>
    <Player player_id="200402" player_name="Nélson Semedo">2</Player>
    <Player player_id="54104" player_name="Sergio Busquets">16</Player>
    <Player player_id="39336" player_name="Luis Suárez">7</Player>
    <Player player_id="204043" player_name="Arthur">2</Player>
    <Player player_id="219438" player_name="Ousmane Dembélé">10</Player>
    <Player player_id="52356" player_name="Jordi Alba">28</Player>
    <Player player_id="86157" player_name="Sergi Roberto">24</Player>
    <Player player_id="19054" player_name="Lionel Messi">16</Player>
  </Player>
  <Player cross_lost="0" cross_success="0" jersey_num="8" pass_lost="2" pass_success="16" player_id="204043" player_name="Arthur" position="Substitute" position_id="5" sub_on="77" x="52.60" y="61.17">
    <Player player_id="88580" player_name="Samuel Umtiti">1</Player>
    <Player player_id="84583" player_name="Coutinho">5</Player>
    <Player player_id="18221" player_name="Gerard Piqué">2</Player>
    <Player player_id="54104" player_name="Sergio Busquets">1</Player>
    <Player player_id="39336" player_name="Luis Suárez">1</Player>
    <Player player_id="34703" player_name="Ivan Rakitic">1</Player>
    <Player player_id="42565" player_name="Arturo Vidal">1</Player>
    <Player player_id="52356" player_name="Jordi Alba">3</Player>
    <Player player_id="86157" player_name="Sergi Roberto">1</Player>
  </Player>
  <Player cross_lost="6" cross_success="1" jersey_num="11" pass_lost="12" pass_success="47" player_id="219438" player_name="Ousmane Dembélé" position="Midfielder" position_id="3" sub_off="77" x="73.10" y="76.19">
    <Player player_id="84583" player_name="Coutinho">4</Player>
    <Player player_id="18221" player_name="Gerard Piqué">1</Player>
    <Player player_id="54104" player_name="Sergio Busquets">4</Player>
    <Player player_id="39336" player_name="Luis Suárez">7</Player>
    <Player player_id="19054" player_name="Lionel Messi">5</Player>
    <Player cross="1" player_id="86157" player_name="Sergi Roberto">1</Player>
    <Player player_id="88580" player_name="Samuel Umtiti">1</Player>
    <Player player_id="200402" player_name="Nélson Semedo">1</Player>
    <Player player_id="34703" player_name="Ivan Rakitic">15</Player>
    <Player player_id="52356" player_name="Jordi Alba">8</Player>
  </Player>
  <Player cross_lost="0" cross_success="0" jersey_num="22" pass_lost="0" pass_success="7" player_id="42565" player_name="Arturo Vidal" position="Substitute" position_id="5" sub_on="85" x="54.74" y="20.29">
    <Player player_id="34703" player_name="Ivan Rakitic">1</Player>
    <Player player_id="86157" player_name="Sergi Roberto">3</Player>
    <Player player_id="19054" player_name="Lionel Messi">3</Player>
  </Player>
  <Player cross_lost="0" cross_success="0" jersey_num="18" pass_lost="11" pass_success="105" player_id="52356" player_name="Jordi Alba" position="Defender" position_id="2" x="59.61" y="85.99">
    <Player player_id="84583" player_name="Coutinho">24</Player>
    <Player player_id="18221" player_name="Gerard Piqué">4</Player>
    <Player player_id="88580" player_name="Samuel Umtiti">10</Player>
    <Player player_id="54104" player_name="Sergio Busquets">5</Player>
    <Player player_id="77318" player_name="Marc-André ter Stegen">2</Player>
    <Player player_id="39336" player_name="Luis Suárez">6</Player>
    <Player player_id="34703" player_name="Ivan Rakitic">23</Player>
    <Player player_id="204043" player_name="Arthur">3</Player>
    <Player player_id="219438" player_name="Ousmane Dembélé">25</Player>
    <Player player_id="86157" player_name="Sergi Roberto">1</Player>
    <Player player_id="19054" player_name="Lionel Messi">2</Player>
  </Player>
  <Player cross_lost="0" cross_success="1" jersey_num="10" pass_lost="17" pass_success="73" player_id="19054" player_name="Lionel Messi" position="Forward" position_id="4" x="68.24" y="31.31">
    <Player player_id="18221" player_name="Gerard Piqué">1</Player>
    <Player player_id="84583" player_name="Coutinho">9</Player>
    <Player player_id="54104" player_name="Sergio Busquets">8</Player>
    <Player player_id="39336" player_name="Luis Suárez">7</Player>
    <Player player_id="204043" player_name="Arthur">4</Player>
    <Player player_id="42565" player_name="Arturo Vidal">3</Player>
    <Player player_id="86157" player_name="Sergi Roberto">8</Player>
    <Player player_id="88580" player_name="Samuel Umtiti">2</Player>
    <Player player_id="200402" player_name="Nélson Semedo">3</Player>
    <Player cross="1" player_id="34703" player_name="Ivan Rakitic">12</Player>
    <Player player_id="219438" player_name="Ousmane Dembélé">10</Player>
    <Player player_id="52356" player_name="Jordi Alba">6</Player>
  </Player>
  <Player cross_lost="1" cross_success="0" jersey_num="20" pass_lost="6" pass_success="76" player_id="86157" player_name="Sergi Roberto" position="Midfielder" position_id="3" x="60.89" y="19.17">
    <Player player_id="84583" player_name="Coutinho">1</Player>
    <Player player_id="88580" player_name="Samuel Umtiti">3</Player>
    <Player player_id="18221" player_name="Gerard Piqué">2</Player>
    <Player player_id="200402" player_name="Nélson Semedo">11</Player>
    <Player player_id="77318" player_name="Marc-André ter Stegen">2</Player>
    <Player player_id="54104" player_name="Sergio Busquets">6</Player>
    <Player player_id="39336" player_name="Luis Suárez">3</Player>
    <Player player_id="34703" player_name="Ivan Rakitic">18</Player>
    <Player player_id="42565" player_name="Arturo Vidal">2</Player>
    <Player player_id="19054" player_name="Lionel Messi">28</Player>
  </Player>
</SoccerFeed>