﻿<?xml version="1.0" encoding="UTF-8"?>
<!-- Copyright 2001-2018 Opta Sportsdata Ltd. All rights reserved. -->
<!-- PRODUCTION HEADER
     produced on:        valde-jobq-a02.nexus.opta.net
     production time:    20181210T195528,51Z
     production module:  Opta::Feed::XML::Soccer::F27
-->
<SoccerFeed act_minute="94" act_period="2" act_second="1" away_team_id="184" away_team_name="Rayo Vallecano" competition_id="23" competition_name="Spanish La Liga" game_date="2018-12-09 19:45:00" game_id="1009457" home_team_id="185" home_team_name="Real Betis" season_id="2018" season_name="Season 2018/2019" team_id="185" team_name="Real Betis">
  <Player cross_lost="0" cross_success="3" jersey_num="6" pass_lost="7" pass_success="38" player_id="56448" player_name="Sergio Canales" position="Midfielder" position_id="3" x="53.37" y="32.90">
    <Player player_id="200826" player_name="Giovani Lo Celso">3</Player>
    <Player cross="1" player_id="168598" player_name="Antonio Sanabria">1</Player>
    <Player cross="1" player_id="53142" player_name="Sidnei">1</Player>
    <Player cross="1" player_id="96122" player_name="William Carvalho">6</Player>
    <Player player_id="81138" player_name="Marc Bartra">7</Player>
    <Player player_id="19534" player_name="Javi García">1</Player>
    <Player player_id="443967" player_name="Júnior Firpo">3</Player>
    <Player player_id="86813" player_name="Aissa Mandi">7</Player>
    <Player player_id="432751" player_name="Loren Morón">2</Player>
    <Player player_id="20399" player_name="Antonio Barragán">7</Player>
  </Player>
  <Player cross_lost="0" cross_success="0" jersey_num="21" pass_lost="10" pass_success="33" player_id="200826" player_name="Giovani Lo Celso" position="Midfielder" position_id="3" x="53.52" y="58.66">
    <Player player_id="56448" player_name="Sergio Canales">4</Player>
    <Player player_id="86813" player_name="Aissa Mandi">3</Player>
    <Player player_id="168598" player_name="Antonio Sanabria">5</Player>
    <Player player_id="53142" player_name="Sidnei">1</Player>
    <Player player_id="96122" player_name="William Carvalho">6</Player>
    <Player player_id="19534" player_name="Javi García">3</Player>
    <Player player_id="82418" player_name="Sergio León">1</Player>
    <Player player_id="20399" player_name="Antonio Barragán">1</Player>
    <Player player_id="443967" player_name="Júnior Firpo">9</Player>
  </Player>
  <Player cross_lost="0" cross_success="0" jersey_num="23" pass_lost="4" pass_success="72" player_id="86813" player_name="Aissa Mandi" position="Defender" position_id="2" x="36.35" y="26.26">
    <Player player_id="56448" player_name="Sergio Canales">7</Player>
    <Player player_id="200826" player_name="Giovani Lo Celso">5</Player>
    <Player player_id="53142" player_name="Sidnei">3</Player>
    <Player player_id="10316" player_name="Joaquín">1</Player>
    <Player player_id="96122" player_name="William Carvalho">10</Player>
    <Player player_id="81138" player_name="Marc Bartra">20</Player>
    <Player player_id="19534" player_name="Javi García">2</Player>
    <Player player_id="20399" player_name="Antonio Barragán">15</Player>
    <Player player_id="182960" player_name="Pau López">7</Player>
    <Player player_id="443967" player_name="Júnior Firpo">2</Player>
  </Player>
  <Player cross_lost="0" cross_success="0" jersey_num="9" pass_lost="3" pass_success="5" player_id="168598" player_name="Antonio Sanabria" position="Forward" position_id="4" sub_off="81" x="59.28" y="49.82">
    <Player player_id="86813" player_name="Aissa Mandi">1</Player>
    <Player player_id="96122" player_name="William Carvalho">4</Player>
  </Player>
  <Player cross_lost="0" cross_success="0" jersey_num="12" pass_lost="6" pass_success="60" player_id="53142" player_name="Sidnei" position="Defender" position_id="2" x="40.81" y="77.23">
    <Player player_id="200826" player_name="Giovani Lo Celso">3</Player>
    <Player player_id="86813" player_name="Aissa Mandi">7</Player>
    <Player player_id="10316" player_name="Joaquín">1</Player>
    <Player player_id="96122" player_name="William Carvalho">6</Player>
    <Player player_id="81138" player_name="Marc Bartra">17</Player>
    <Player player_id="20399" player_name="Antonio Barragán">1</Player>
    <Player player_id="182960" player_name="Pau López">6</Player>
    <Player player_id="443967" player_name="Júnior Firpo">19</Player>
  </Player>
  <Player cross_lost="0" cross_success="0" jersey_num="17" pass_lost="1" pass_success="9" player_id="10316" player_name="Joaquín" position="Substitute" position_id="5" sub_on="71" x="53.37" y="64.49">
    <Player player_id="96122" player_name="William Carvalho">2</Player>
    <Player player_id="200826" player_name="Giovani Lo Celso">1</Player>
    <Player player_id="81138" player_name="Marc Bartra">1</Player>
    <Player player_id="19534" player_name="Javi García">2</Player>
    <Player player_id="443967" player_name="Júnior Firpo">3</Player>
  </Player>
  <Player cross_lost="0" cross_success="0" jersey_num="14" pass_lost="3" pass_success="54" player_id="96122" player_name="William Carvalho" position="Midfielder" position_id="3" sub_off="84" x="46.32" y="53.53">
    <Player player_id="200826" player_name="Giovani Lo Celso">9</Player>
    <Player player_id="168598" player_name="Antonio Sanabria">2</Player>
    <Player player_id="53142" player_name="Sidnei">6</Player>
    <Player player_id="10316" player_name="Joaquín">1</Player>
    <Player player_id="81138" player_name="Marc Bartra">7</Player>
    <Player player_id="443967" player_name="Júnior Firpo">5</Player>
    <Player player_id="56448" player_name="Sergio Canales">6</Player>
    <Player player_id="86813" player_name="Aissa Mandi">10</Player>
    <Player player_id="432751" player_name="Loren Morón">4</Player>
    <Player player_id="20399" player_name="Antonio Barragán">4</Player>
  </Player>
  <Player cross_lost="0" cross_success="0" jersey_num="16" pass_lost="7" pass_success="11" player_id="432751" player_name="Loren Morón" position="Forward" position_id="4" sub_off="71" x="53.97" y="51.34">
    <Player player_id="56448" player_name="Sergio Canales">3</Player>
    <Player player_id="200826" player_name="Giovani Lo Celso">3</Player>
    <Player player_id="168598" player_name="Antonio Sanabria">1</Player>
    <Player player_id="53142" player_name="Sidnei">1</Player>
    <Player player_id="20399" player_name="Antonio Barragán">2</Player>
    <Player player_id="443967" player_name="Júnior Firpo">1</Player>
  </Player>
  <Player cross_lost="0" cross_success="0" jersey_num="5" pass_lost="3" pass_success="62" player_id="81138" player_name="Marc Bartra" position="Defender" position_id="2" x="34.30" y="52.14">
    <Player player_id="56448" player_name="Sergio Canales">4</Player>
    <Player player_id="200826" player_name="Giovani Lo Celso">3</Player>
    <Player player_id="86813" player_name="Aissa Mandi">10</Player>
    <Player player_id="53142" player_name="Sidnei">21</Player>
    <Player player_id="10316" player_name="Joaquín">1</Player>
    <Player player_id="96122" player_name="William Carvalho">4</Player>
    <Player player_id="20399" player_name="Antonio Barragán">5</Player>
    <Player player_id="182960" player_name="Pau López">6</Player>
    <Player player_id="443967" player_name="Júnior Firpo">8</Player>
  </Player>
  <Player cross_lost="0" cross_success="0" jersey_num="3" pass_lost="1" pass_success="9" player_id="19534" player_name="Javi García" position="Substitute" position_id="5" sub_on="84" x="53.79" y="47.47">
    <Player player_id="56448" player_name="Sergio Canales">2</Player>
    <Player player_id="200826" player_name="Giovani Lo Celso">1</Player>
    <Player player_id="86813" player_name="Aissa Mandi">3</Player>
    <Player player_id="10316" player_name="Joaquín">2</Player>
    <Player player_id="443967" player_name="Júnior Firpo">1</Player>
  </Player>
  <Player cross_lost="0" cross_success="0" jersey_num="7" pass_lost="2" pass_success="0" player_id="82418" player_name="Sergio León" position="Substitute" position_id="5" sub_on="81" x="68.72" y="44.72" />
  <Player cross_lost="0" cross_success="0" jersey_num="13" pass_lost="3" pass_success="40" player_id="182960" player_name="Pau López" position="Goalkeeper" position_id="1" x="8.80" y="52.46">
    <Player player_id="56448" player_name="Sergio Canales">4</Player>
    <Player player_id="86813" player_name="Aissa Mandi">11</Player>
    <Player player_id="168598" player_name="Antonio Sanabria">2</Player>
    <Player player_id="53142" player_name="Sidnei">8</Player>
    <Player player_id="96122" player_name="William Carvalho">1</Player>
    <Player player_id="432751" player_name="Loren Morón">3</Player>
    <Player player_id="81138" player_name="Marc Bartra">2</Player>
    <Player player_id="82418" player_name="Sergio León">2</Player>
    <Player player_id="20399" player_name="Antonio Barragán">3</Player>
    <Player player_id="443967" player_name="Júnior Firpo">4</Player>
  </Player>
  <Player cross_lost="0" cross_success="1" jersey_num="19" pass_lost="5" pass_success="37" player_id="20399" player_name="Antonio Barragán" position="Midfielder" position_id="3" x="43.02" y="9.74">
    <Player player_id="56448" player_name="Sergio Canales">11</Player>
    <Player player_id="200826" player_name="Giovani Lo Celso">2</Player>
    <Player player_id="86813" player_name="Aissa Mandi">13</Player>
    <Player player_id="168598" player_name="Antonio Sanabria">2</Player>
    <Player player_id="10316" player_name="Joaquín">1</Player>
    <Player player_id="96122" player_name="William Carvalho">1</Player>
    <Player cross="1" player_id="432751" player_name="Loren Morón">4</Player>
    <Player player_id="81138" player_name="Marc Bartra">2</Player>
    <Player player_id="182960" player_name="Pau López">1</Player>
  </Player>
  <Player cross_lost="2" cross_success="0" jersey_num="20" pass_lost="9" pass_success="41" player_id="443967" player_name="Júnior Firpo" position="Midfielder" position_id="3" x="53.30" y="89.53">
    <Player player_id="56448" player_name="Sergio Canales">1</Player>
    <Player player_id="200826" player_name="Giovani Lo Celso">11</Player>
    <Player player_id="168598" player_name="Antonio Sanabria">3</Player>
    <Player player_id="53142" player_name="Sidnei">12</Player>
    <Player player_id="10316" player_name="Joaquín">3</Player>
    <Player player_id="96122" player_name="William Carvalho">7</Player>
    <Player player_id="432751" player_name="Loren Morón">3</Player>
    <Player player_id="19534" player_name="Javi García">1</Player>
  </Player>
</SoccerFeed>