﻿<?xml version="1.0" encoding="UTF-8"?>
<!-- Copyright 2001-2019 Opta Sportsdata Ltd. All rights reserved. -->
<!-- PRODUCTION HEADER
     produced on:        valde-jobq-a03.nexus.opta.net
     production time:    20190122T175355,402Z
     production module:  Opta::Feed::XML::Soccer::F27
-->
<SoccerFeed act_minute="94" act_period="2" act_second="5" away_team_id="188" away_team_name="Real Sociedad" competition_id="23" competition_name="Spanish La Liga" game_date="2019-01-20 17:30:00" game_id="1009511" home_team_id="184" home_team_name="Rayo Vallecano" season_id="2018" season_name="Season 2018/2019" team_id="184" team_name="Rayo Vallecano">
  <Player cross_lost="2" cross_success="0" jersey_num="17" pass_lost="3" pass_success="25" player_id="98901" player_name="Luis Advíncula" position="Midfielder" position_id="3" x="49.23" y="14.60">
    <Player player_id="102738" player_name="Giannelli Imbula">5</Player>
    <Player player_id="230071" player_name="Santiago Comesaña">2</Player>
    <Player player_id="132161" player_name="Adrián Embarba">4</Player>
    <Player player_id="165796" player_name="Álvaro Medrán">3</Player>
    <Player player_id="40721" player_name="Óscar Trejo">6</Player>
    <Player player_id="151885" player_name="Emiliano Velázquez">2</Player>
    <Player player_id="84374" player_name="Bebé">2</Player>
    <Player player_id="94878" player_name="Stole Dimitrievski">1</Player>
  </Player>
  <Player cross_lost="0" cross_success="0" jersey_num="16" pass_lost="10" pass_success="26" player_id="80789" player_name="Jordi Amat" position="Defender" position_id="2" x="34.68" y="74.49">
    <Player player_id="98901" player_name="Luis Advíncula">1</Player>
    <Player player_id="102738" player_name="Giannelli Imbula">2</Player>
    <Player player_id="230071" player_name="Santiago Comesaña">3</Player>
    <Player player_id="132161" player_name="Adrián Embarba">1</Player>
    <Player player_id="40721" player_name="Óscar Trejo">4</Player>
    <Player player_id="151885" player_name="Emiliano Velázquez">2</Player>
    <Player player_id="106468" player_name="Álex Moreno">4</Player>
    <Player player_id="119403" player_name="Raúl de Tomás">3</Player>
    <Player player_id="94878" player_name="Stole Dimitrievski">3</Player>
    <Player player_id="103860" player_name="Abdoulaye Ba">3</Player>
  </Player>
  <Player cross_lost="1" cross_success="0" jersey_num="12" pass_lost="3" pass_success="31" player_id="102738" player_name="Giannelli Imbula" position="Midfielder" position_id="3" sub_off="78" x="49.30" y="47.43">
    <Player player_id="98901" player_name="Luis Advíncula">8</Player>
    <Player player_id="230071" player_name="Santiago Comesaña">5</Player>
    <Player player_id="40721" player_name="Óscar Trejo">3</Player>
    <Player player_id="151885" player_name="Emiliano Velázquez">2</Player>
    <Player player_id="84374" player_name="Bebé">3</Player>
    <Player player_id="119403" player_name="Raúl de Tomás">3</Player>
    <Player player_id="103860" player_name="Abdoulaye Ba">1</Player>
    <Player player_id="80789" player_name="Jordi Amat">5</Player>
    <Player player_id="106468" player_name="Álex Moreno">1</Player>
  </Player>
  <Player cross_lost="0" cross_success="0" jersey_num="27" pass_lost="7" pass_success="27" player_id="230071" player_name="Santiago Comesaña" position="Midfielder" position_id="3" x="43.24" y="57.42">
    <Player player_id="98901" player_name="Luis Advíncula">2</Player>
    <Player player_id="80789" player_name="Jordi Amat">5</Player>
    <Player player_id="102738" player_name="Giannelli Imbula">5</Player>
    <Player player_id="40721" player_name="Óscar Trejo">4</Player>
    <Player player_id="106468" player_name="Álex Moreno">7</Player>
    <Player player_id="84374" player_name="Bebé">1</Player>
    <Player player_id="119403" player_name="Raúl de Tomás">1</Player>
    <Player player_id="103860" player_name="Abdoulaye Ba">2</Player>
  </Player>
  <Player cross_lost="2" cross_success="2" jersey_num="11" pass_lost="2" pass_success="7" player_id="132161" player_name="Adrián Embarba" position="Forward" position_id="4" sub_off="63" x="67.86" y="29.99">
    <Player player_id="98901" player_name="Luis Advíncula">2</Player>
    <Player player_id="40721" player_name="Óscar Trejo">2</Player>
    <Player player_id="151885" player_name="Emiliano Velázquez">3</Player>
    <Player cross="2" player_id="119403" player_name="Raúl de Tomás">0</Player>
  </Player>
  <Player cross_lost="0" cross_success="1" jersey_num="4" pass_lost="3" pass_success="3" player_id="165796" player_name="Álvaro Medrán" position="Substitute" position_id="5" sub_on="78" x="41.65" y="28.99">
    <Player cross="1" player_id="151885" player_name="Emiliano Velázquez">0</Player>
    <Player player_id="98901" player_name="Luis Advíncula">2</Player>
    <Player player_id="103860" player_name="Abdoulaye Ba">1</Player>
  </Player>
  <Player cross_lost="1" cross_success="0" jersey_num="8" pass_lost="6" pass_success="22" player_id="40721" player_name="Óscar Trejo" position="Midfielder" position_id="3" sub_off="86" x="52.64" y="63.41">
    <Player player_id="80789" player_name="Jordi Amat">2</Player>
    <Player player_id="98901" player_name="Luis Advíncula">3</Player>
    <Player player_id="102738" player_name="Giannelli Imbula">2</Player>
    <Player player_id="230071" player_name="Santiago Comesaña">2</Player>
    <Player player_id="132161" player_name="Adrián Embarba">3</Player>
    <Player player_id="106468" player_name="Álex Moreno">4</Player>
    <Player player_id="151885" player_name="Emiliano Velázquez">2</Player>
    <Player player_id="119403" player_name="Raúl de Tomás">4</Player>
  </Player>
  <Player cross_lost="2" cross_success="0" jersey_num="7" pass_lost="5" pass_success="19" player_id="106468" player_name="Álex Moreno" position="Midfielder" position_id="3" x="41.61" y="83.81">
    <Player player_id="80789" player_name="Jordi Amat">3</Player>
    <Player player_id="102738" player_name="Giannelli Imbula">3</Player>
    <Player player_id="230071" player_name="Santiago Comesaña">4</Player>
    <Player player_id="132161" player_name="Adrián Embarba">1</Player>
    <Player player_id="40721" player_name="Óscar Trejo">4</Player>
    <Player player_id="119403" player_name="Raúl de Tomás">3</Player>
    <Player player_id="94878" player_name="Stole Dimitrievski">1</Player>
  </Player>
  <Player cross_lost="1" cross_success="0" jersey_num="20" pass_lost="12" pass_success="16" player_id="151885" player_name="Emiliano Velázquez" position="Defender" position_id="2" x="35.13" y="23.75">
    <Player player_id="80789" player_name="Jordi Amat">2</Player>
    <Player player_id="98901" player_name="Luis Advíncula">3</Player>
    <Player player_id="102738" player_name="Giannelli Imbula">2</Player>
    <Player player_id="230071" player_name="Santiago Comesaña">5</Player>
    <Player player_id="40721" player_name="Óscar Trejo">1</Player>
    <Player player_id="119403" player_name="Raúl de Tomás">2</Player>
    <Player player_id="94878" player_name="Stole Dimitrievski">1</Player>
  </Player>
  <Player cross_lost="1" cross_success="1" jersey_num="14" pass_lost="2" pass_success="3" player_id="84374" player_name="Bebé" position="Substitute" position_id="5" sub_on="63" x="61.02" y="22.64">
    <Player player_id="98901" player_name="Luis Advíncula">1</Player>
    <Player player_id="151885" player_name="Emiliano Velázquez">1</Player>
    <Player cross="1" player_id="119403" player_name="Raúl de Tomás">1</Player>
  </Player>
  <Player cross_lost="1" cross_success="0" jersey_num="9" pass_lost="0" pass_success="16" player_id="119403" player_name="Raúl de Tomás" position="Forward" position_id="4" x="59.12" y="62.34">
    <Player player_id="98901" player_name="Luis Advíncula">2</Player>
    <Player player_id="102738" player_name="Giannelli Imbula">2</Player>
    <Player player_id="230071" player_name="Santiago Comesaña">2</Player>
    <Player player_id="40721" player_name="Óscar Trejo">3</Player>
    <Player player_id="151885" player_name="Emiliano Velázquez">2</Player>
    <Player player_id="106468" player_name="Álex Moreno">4</Player>
    <Player player_id="84374" player_name="Bebé">1</Player>
  </Player>
  <Player cross_lost="0" cross_success="0" jersey_num="13" pass_lost="19" pass_success="16" player_id="94878" player_name="Stole Dimitrievski" position="Goalkeeper" position_id="1" x="8.76" y="48.14">
    <Player player_id="98901" player_name="Luis Advíncula">1</Player>
    <Player player_id="80789" player_name="Jordi Amat">2</Player>
    <Player player_id="102738" player_name="Giannelli Imbula">1</Player>
    <Player player_id="132161" player_name="Adrián Embarba">2</Player>
    <Player player_id="40721" player_name="Óscar Trejo">3</Player>
    <Player player_id="106468" player_name="Álex Moreno">2</Player>
    <Player player_id="84374" player_name="Bebé">3</Player>
    <Player player_id="119403" player_name="Raúl de Tomás">1</Player>
    <Player player_id="103860" player_name="Abdoulaye Ba">1</Player>
  </Player>
  <Player cross_lost="0" cross_success="0" jersey_num="21" pass_lost="3" pass_success="11" player_id="103860" player_name="Abdoulaye Ba" position="Defender" position_id="2" x="23.09" y="39.46">
    <Player player_id="98901" player_name="Luis Advíncula">1</Player>
    <Player player_id="80789" player_name="Jordi Amat">2</Player>
    <Player player_id="102738" player_name="Giannelli Imbula">1</Player>
    <Player player_id="40721" player_name="Óscar Trejo">1</Player>
    <Player player_id="151885" player_name="Emiliano Velázquez">1</Player>
    <Player player_id="119403" player_name="Raúl de Tomás">1</Player>
    <Player player_id="94878" player_name="Stole Dimitrievski">4</Player>
  </Player>
  <Player cross_lost="0" cross_success="0" jersey_num="22" pass_lost="1" pass_success="1" player_id="114323" player_name="José Pozo" position="Substitute" position_id="5" sub_on="86" x="37.66" y="79.30">
    <Player player_id="106468" player_name="Álex Moreno">1</Player>
  </Player>
</SoccerFeed>