﻿<?xml version="1.0" encoding="UTF-8"?>
<!-- Copyright 2001-2019 Opta Sportsdata Ltd. All rights reserved. -->
<!-- PRODUCTION HEADER
     produced on:        valde-jobq-a04.nexus.opta.net
     production time:    20190129T165704,48Z
     production module:  Opta::Feed::XML::Soccer::F27
-->
<SoccerFeed act_minute="93" act_period="2" act_second="15" away_team_id="185" away_team_name="Real Betis" competition_id="23" competition_name="Spanish La Liga" game_date="2019-01-27 17:30:00" game_id="1009517" home_team_id="174" home_team_name="Athletic Club" season_id="2018" season_name="Season 2018/2019" team_id="174" team_name="Athletic Club">
  <Player cross_lost="0" cross_success="0" jersey_num="24" pass_lost="1" pass_success="0" player_id="56680" player_name="Mikel Balenziaga" position="Substitute" position_id="5" sub_on="70" x="21.90" y="53.80" />
  <Player cross_lost="0" cross_success="0" jersey_num="30" pass_lost="1" pass_success="1" player_id="220182" player_name="Gorka Guruzeta" position="Substitute" position_id="5" sub_on="86" x="57.55" y="55.59">
    <Player player_id="84471" player_name="Ibai Gómez">1</Player>
  </Player>
  <Player cross_lost="0" cross_success="0" jersey_num="16" pass_lost="3" pass_success="30" player_id="140264" player_name="Dani García" position="Midfielder" position_id="3" x="44.13" y="50.90">
    <Player player_id="90318" player_name="Íñigo Martínez">8</Player>
    <Player player_id="42995" player_name="Mikel San José">3</Player>
    <Player player_id="42670" player_name="Yuri">2</Player>
    <Player player_id="215684" player_name="Iñigo Córdoba">2</Player>
    <Player player_id="197319" player_name="Yeray Álvarez">4</Player>
    <Player player_id="197334" player_name="Iñaki Williams">2</Player>
    <Player player_id="140266" player_name="Ander Capa">4</Player>
    <Player player_id="76012" player_name="Iker Muniain">3</Player>
    <Player player_id="89292" player_name="Iago Herrerín">2</Player>
  </Player>
  <Player cross_lost="0" cross_success="0" jersey_num="4" pass_lost="7" pass_success="22" player_id="90318" player_name="Íñigo Martínez" position="Defender" position_id="2" x="37.68" y="63.92">
    <Player player_id="140264" player_name="Dani García">3</Player>
    <Player player_id="42995" player_name="Mikel San José">1</Player>
    <Player player_id="215684" player_name="Iñigo Córdoba">1</Player>
    <Player player_id="42670" player_name="Yuri">6</Player>
    <Player player_id="197319" player_name="Yeray Álvarez">5</Player>
    <Player player_id="197334" player_name="Iñaki Williams">1</Player>
    <Player player_id="76012" player_name="Iker Muniain">1</Player>
    <Player player_id="89292" player_name="Iago Herrerín">4</Player>
  </Player>
  <Player cross_lost="0" cross_success="0" jersey_num="6" pass_lost="6" pass_success="26" player_id="42995" player_name="Mikel San José" position="Midfielder" position_id="3" x="51.87" y="38.12">
    <Player player_id="90318" player_name="Íñigo Martínez">1</Player>
    <Player player_id="215684" player_name="Iñigo Córdoba">1</Player>
    <Player player_id="42670" player_name="Yuri">2</Player>
    <Player player_id="59062" player_name="Óscar De Marcos">5</Player>
    <Player player_id="197319" player_name="Yeray Álvarez">6</Player>
    <Player player_id="197334" player_name="Iñaki Williams">2</Player>
    <Player player_id="140266" player_name="Ander Capa">3</Player>
    <Player player_id="76012" player_name="Iker Muniain">6</Player>
  </Player>
  <Player cross_lost="5" cross_success="0" jersey_num="12" pass_lost="8" pass_success="20" player_id="42670" player_name="Yuri" position="Defender" position_id="2" x="56.49" y="85.80">
    <Player player_id="220182" player_name="Gorka Guruzeta">1</Player>
    <Player player_id="140264" player_name="Dani García">3</Player>
    <Player player_id="90318" player_name="Íñigo Martínez">2</Player>
    <Player player_id="42995" player_name="Mikel San José">1</Player>
    <Player player_id="215684" player_name="Iñigo Córdoba">8</Player>
    <Player player_id="197319" player_name="Yeray Álvarez">1</Player>
    <Player player_id="197334" player_name="Iñaki Williams">1</Player>
    <Player player_id="76012" player_name="Iker Muniain">3</Player>
  </Player>
  <Player cross_lost="0" cross_success="0" jersey_num="11" pass_lost="6" pass_success="14" player_id="215684" player_name="Iñigo Córdoba" position="Midfielder" position_id="3" sub_off="70" x="59.07" y="73.61">
    <Player player_id="42995" player_name="Mikel San José">1</Player>
    <Player player_id="59062" player_name="Óscar De Marcos">2</Player>
    <Player player_id="42670" player_name="Yuri">8</Player>
    <Player player_id="197334" player_name="Iñaki Williams">1</Player>
    <Player player_id="76012" player_name="Iker Muniain">2</Player>
  </Player>
  <Player cross_lost="1" cross_success="1" jersey_num="18" pass_lost="5" pass_success="15" player_id="59062" player_name="Óscar De Marcos" position="Midfielder" position_id="3" sent_off="84" x="65.85" y="24.86">
    <Player player_id="42995" player_name="Mikel San José">1</Player>
    <Player cross="1" player_id="42670" player_name="Yuri">0</Player>
    <Player player_id="197334" player_name="Iñaki Williams">3</Player>
    <Player player_id="140266" player_name="Ander Capa">8</Player>
    <Player player_id="76012" player_name="Iker Muniain">3</Player>
  </Player>
  <Player cross_lost="0" cross_success="0" jersey_num="5" pass_lost="4" pass_success="30" player_id="197319" player_name="Yeray Álvarez" position="Defender" position_id="2" x="33.12" y="38.25">
    <Player player_id="140264" player_name="Dani García">8</Player>
    <Player player_id="90318" player_name="Íñigo Martínez">5</Player>
    <Player player_id="42670" player_name="Yuri">3</Player>
    <Player player_id="197334" player_name="Iñaki Williams">3</Player>
    <Player player_id="140266" player_name="Ander Capa">5</Player>
    <Player player_id="89292" player_name="Iago Herrerín">6</Player>
  </Player>
  <Player cross_lost="0" cross_success="0" jersey_num="9" pass_lost="6" pass_success="16" player_id="197334" player_name="Iñaki Williams" position="Forward" position_id="4" sub_off="86" x="63.97" y="49.47">
    <Player player_id="140264" player_name="Dani García">3</Player>
    <Player player_id="42995" player_name="Mikel San José">5</Player>
    <Player player_id="215684" player_name="Iñigo Córdoba">1</Player>
    <Player player_id="59062" player_name="Óscar De Marcos">1</Player>
    <Player player_id="140266" player_name="Ander Capa">2</Player>
    <Player player_id="76012" player_name="Iker Muniain">4</Player>
  </Player>
  <Player cross_lost="0" cross_success="0" jersey_num="19" pass_lost="1" pass_success="1" player_id="84471" player_name="Ibai Gómez" position="Substitute" position_id="5" sub_on="79" x="65.62" y="19.56">
    <Player player_id="59062" player_name="Óscar De Marcos">1</Player>
  </Player>
  <Player cross_lost="2" cross_success="1" jersey_num="21" pass_lost="10" pass_success="21" player_id="140266" player_name="Ander Capa" position="Defender" position_id="2" x="45.27" y="13.51">
    <Player cross="1" player_id="90318" player_name="Íñigo Martínez">1</Player>
    <Player player_id="42995" player_name="Mikel San José">3</Player>
    <Player player_id="59062" player_name="Óscar De Marcos">6</Player>
    <Player player_id="197319" player_name="Yeray Álvarez">6</Player>
    <Player player_id="84471" player_name="Ibai Gómez">2</Player>
    <Player player_id="76012" player_name="Iker Muniain">3</Player>
  </Player>
  <Player cross_lost="4" cross_success="1" jersey_num="10" pass_lost="6" pass_success="30" player_id="76012" player_name="Iker Muniain" position="Midfielder" position_id="3" sub_off="79" x="68.34" y="43.87">
    <Player player_id="140264" player_name="Dani García">4</Player>
    <Player player_id="215684" player_name="Iñigo Córdoba">1</Player>
    <Player player_id="42670" player_name="Yuri">6</Player>
    <Player player_id="59062" player_name="Óscar De Marcos">3</Player>
    <Player player_id="197334" player_name="Iñaki Williams">2</Player>
    <Player player_id="140266" player_name="Ander Capa">4</Player>
    <Player cross="1" player_id="90318" player_name="Íñigo Martínez">2</Player>
    <Player player_id="42995" player_name="Mikel San José">4</Player>
    <Player player_id="197319" player_name="Yeray Álvarez">4</Player>
  </Player>
  <Player cross_lost="0" cross_success="0" jersey_num="13" pass_lost="11" pass_success="17" player_id="89292" player_name="Iago Herrerín" position="Goalkeeper" position_id="1" x="13.80" y="47.18">
    <Player player_id="140264" player_name="Dani García">1</Player>
    <Player player_id="90318" player_name="Íñigo Martínez">2</Player>
    <Player player_id="42995" player_name="Mikel San José">3</Player>
    <Player player_id="42670" player_name="Yuri">1</Player>
    <Player player_id="59062" player_name="Óscar De Marcos">1</Player>
    <Player player_id="215684" player_name="Iñigo Córdoba">2</Player>
    <Player player_id="197319" player_name="Yeray Álvarez">1</Player>
    <Player player_id="197334" player_name="Iñaki Williams">4</Player>
    <Player player_id="76012" player_name="Iker Muniain">1</Player>
  </Player>
</SoccerFeed>