﻿<?xml version="1.0" encoding="UTF-8"?>
<!-- Copyright 2001-2018 Opta Sportsdata Ltd. All rights reserved. -->
<!-- PRODUCTION HEADER
     produced on:        valde-jobq-a04.nexus.opta.net
     production time:    20181112T174846,976Z
     production module:  Opta::Feed::XML::Soccer::F27
-->
<SoccerFeed act_minute="94" act_period="2" act_second="56" away_team_id="185" away_team_name="Real Betis" competition_id="23" competition_name="Spanish La Liga" game_date="2018-11-11 15:15:00" game_id="1009427" home_team_id="178" home_team_name="Barcelona" season_id="2018" season_name="Season 2018/2019" team_id="185" team_name="Real Betis">
  <Player cross_lost="2" cross_success="0" jersey_num="6" pass_lost="2" pass_success="15" player_id="56448" player_name="Sergio Canales" position="Substitute" position_id="5" sub_on="62" x="62.13" y="34.80">
    <Player player_id="200826" player_name="Giovani Lo Celso">2</Player>
    <Player player_id="86813" player_name="Aissa Mandi">3</Player>
    <Player player_id="86169" player_name="Cristian Tello">5</Player>
    <Player player_id="37064" player_name="Andrés Guardado">3</Player>
    <Player player_id="96122" player_name="William Carvalho">1</Player>
    <Player player_id="81138" player_name="Marc Bartra">1</Player>
  </Player>
  <Player cross_lost="0" cross_success="0" jersey_num="21" pass_lost="11" pass_success="31" player_id="200826" player_name="Giovani Lo Celso" position="Forward" position_id="4" sub_off="87" x="57.61" y="57.75">
    <Player player_id="56448" player_name="Sergio Canales">1</Player>
    <Player player_id="86813" player_name="Aissa Mandi">5</Player>
    <Player player_id="86169" player_name="Cristian Tello">2</Player>
    <Player player_id="37064" player_name="Andrés Guardado">4</Player>
    <Player player_id="96122" player_name="William Carvalho">7</Player>
    <Player player_id="10316" player_name="Joaquín">4</Player>
    <Player player_id="432751" player_name="Loren Morón">3</Player>
    <Player player_id="443967" player_name="Júnior Firpo">5</Player>
  </Player>
  <Player cross_lost="0" cross_success="0" jersey_num="23" pass_lost="9" pass_success="49" player_id="86813" player_name="Aissa Mandi" position="Defender" position_id="2" x="32.18" y="26.21">
    <Player player_id="200826" player_name="Giovani Lo Celso">3</Player>
    <Player player_id="86169" player_name="Cristian Tello">6</Player>
    <Player player_id="37064" player_name="Andrés Guardado">9</Player>
    <Player player_id="10316" player_name="Joaquín">1</Player>
    <Player player_id="96122" player_name="William Carvalho">10</Player>
    <Player player_id="432751" player_name="Loren Morón">4</Player>
    <Player player_id="81138" player_name="Marc Bartra">5</Player>
    <Player player_id="82418" player_name="Sergio León">1</Player>
    <Player player_id="182960" player_name="Pau López">8</Player>
    <Player player_id="443967" player_name="Júnior Firpo">2</Player>
  </Player>
  <Player cross_lost="0" cross_success="0" jersey_num="11" pass_lost="6" pass_success="30" player_id="86169" player_name="Cristian Tello" position="Midfielder" position_id="3" x="46.77" y="15.77">
    <Player player_id="56448" player_name="Sergio Canales">3</Player>
    <Player player_id="200826" player_name="Giovani Lo Celso">3</Player>
    <Player player_id="86813" player_name="Aissa Mandi">9</Player>
    <Player player_id="37064" player_name="Andrés Guardado">4</Player>
    <Player player_id="96122" player_name="William Carvalho">4</Player>
    <Player player_id="10316" player_name="Joaquín">3</Player>
    <Player player_id="432751" player_name="Loren Morón">1</Player>
    <Player player_id="81138" player_name="Marc Bartra">3</Player>
  </Player>
  <Player cross_lost="0" cross_success="0" jersey_num="12" pass_lost="3" pass_success="32" player_id="53142" player_name="Sidnei" position="Defender" position_id="2" x="27.77" y="71.37">
    <Player player_id="86813" player_name="Aissa Mandi">2</Player>
    <Player player_id="86169" player_name="Cristian Tello">3</Player>
    <Player player_id="37064" player_name="Andrés Guardado">2</Player>
    <Player player_id="96122" player_name="William Carvalho">2</Player>
    <Player player_id="103263" player_name="Takashi Inui">1</Player>
    <Player player_id="432751" player_name="Loren Morón">4</Player>
    <Player player_id="81138" player_name="Marc Bartra">4</Player>
    <Player player_id="82418" player_name="Sergio León">1</Player>
    <Player player_id="182960" player_name="Pau López">7</Player>
    <Player player_id="443967" player_name="Júnior Firpo">6</Player>
  </Player>
  <Player cross_lost="0" cross_success="0" jersey_num="18" pass_lost="4" pass_success="42" player_id="37064" player_name="Andrés Guardado" position="Midfielder" position_id="3" x="43.93" y="42.45">
    <Player player_id="56448" player_name="Sergio Canales">2</Player>
    <Player player_id="200826" player_name="Giovani Lo Celso">4</Player>
    <Player player_id="86813" player_name="Aissa Mandi">7</Player>
    <Player player_id="86169" player_name="Cristian Tello">9</Player>
    <Player player_id="53142" player_name="Sidnei">6</Player>
    <Player player_id="10316" player_name="Joaquín">2</Player>
    <Player player_id="96122" player_name="William Carvalho">6</Player>
    <Player player_id="432751" player_name="Loren Morón">1</Player>
    <Player player_id="81138" player_name="Marc Bartra">1</Player>
    <Player player_id="82418" player_name="Sergio León">2</Player>
    <Player player_id="443967" player_name="Júnior Firpo">2</Player>
  </Player>
  <Player cross_lost="0" cross_success="0" jersey_num="14" pass_lost="7" pass_success="45" player_id="96122" player_name="William Carvalho" position="Midfielder" position_id="3" x="46.08" y="54.35">
    <Player player_id="56448" player_name="Sergio Canales">4</Player>
    <Player player_id="200826" player_name="Giovani Lo Celso">7</Player>
    <Player player_id="86813" player_name="Aissa Mandi">6</Player>
    <Player player_id="86169" player_name="Cristian Tello">3</Player>
    <Player player_id="53142" player_name="Sidnei">2</Player>
    <Player player_id="37064" player_name="Andrés Guardado">6</Player>
    <Player player_id="10316" player_name="Joaquín">5</Player>
    <Player player_id="432751" player_name="Loren Morón">3</Player>
    <Player player_id="182960" player_name="Pau López">1</Player>
    <Player player_id="443967" player_name="Júnior Firpo">8</Player>
  </Player>
  <Player cross_lost="0" cross_success="3" jersey_num="17" pass_lost="4" pass_success="21" player_id="10316" player_name="Joaquín" position="Forward" position_id="4" sub_off="62" x="52.78" y="53.42">
    <Player player_id="200826" player_name="Giovani Lo Celso">6</Player>
    <Player player_id="86169" player_name="Cristian Tello">3</Player>
    <Player player_id="53142" player_name="Sidnei">1</Player>
    <Player player_id="37064" player_name="Andrés Guardado">5</Player>
    <Player player_id="96122" player_name="William Carvalho">2</Player>
    <Player cross="2" player_id="432751" player_name="Loren Morón">1</Player>
    <Player cross="1" player_id="443967" player_name="Júnior Firpo">2</Player>
  </Player>
  <Player cross_lost="0" cross_success="0" jersey_num="8" pass_lost="1" pass_success="0" player_id="103263" player_name="Takashi Inui" position="Substitute" position_id="5" sub_on="87" x="47.60" y="82.45" />
  <Player cross_lost="0" cross_success="0" jersey_num="16" pass_lost="5" pass_success="12" player_id="432751" player_name="Loren Morón" position="Forward" position_id="4" sub_off="76" x="54.50" y="45.35">
    <Player player_id="56448" player_name="Sergio Canales">2</Player>
    <Player player_id="200826" player_name="Giovani Lo Celso">5</Player>
    <Player player_id="86169" player_name="Cristian Tello">1</Player>
    <Player player_id="96122" player_name="William Carvalho">2</Player>
    <Player player_id="443967" player_name="Júnior Firpo">2</Player>
  </Player>
  <Player cross_lost="0" cross_success="0" jersey_num="5" pass_lost="7" pass_success="20" player_id="81138" player_name="Marc Bartra" position="Defender" position_id="2" x="32.36" y="44.14">
    <Player player_id="56448" player_name="Sergio Canales">1</Player>
    <Player player_id="200826" player_name="Giovani Lo Celso">3</Player>
    <Player player_id="86813" player_name="Aissa Mandi">3</Player>
    <Player player_id="86169" player_name="Cristian Tello">1</Player>
    <Player player_id="53142" player_name="Sidnei">5</Player>
    <Player player_id="96122" player_name="William Carvalho">3</Player>
    <Player player_id="10316" player_name="Joaquín">3</Player>
    <Player player_id="443967" player_name="Júnior Firpo">1</Player>
  </Player>
  <Player cross_lost="0" cross_success="0" jersey_num="7" pass_lost="0" pass_success="6" player_id="82418" player_name="Sergio León" position="Substitute" position_id="5" sub_on="76" x="49.54" y="50.40">
    <Player player_id="56448" player_name="Sergio Canales">1</Player>
    <Player player_id="86169" player_name="Cristian Tello">1</Player>
    <Player player_id="53142" player_name="Sidnei">2</Player>
    <Player player_id="81138" player_name="Marc Bartra">1</Player>
    <Player player_id="443967" player_name="Júnior Firpo">1</Player>
  </Player>
  <Player cross_lost="0" cross_success="0" jersey_num="13" pass_lost="8" pass_success="35" player_id="182960" player_name="Pau López" position="Goalkeeper" position_id="1" x="6.65" y="50.80">
    <Player player_id="56448" player_name="Sergio Canales">2</Player>
    <Player player_id="200826" player_name="Giovani Lo Celso">2</Player>
    <Player player_id="86813" player_name="Aissa Mandi">9</Player>
    <Player player_id="86169" player_name="Cristian Tello">2</Player>
    <Player player_id="53142" player_name="Sidnei">7</Player>
    <Player player_id="37064" player_name="Andrés Guardado">3</Player>
    <Player player_id="10316" player_name="Joaquín">4</Player>
    <Player player_id="432751" player_name="Loren Morón">2</Player>
    <Player player_id="81138" player_name="Marc Bartra">1</Player>
    <Player player_id="443967" player_name="Júnior Firpo">3</Player>
  </Player>
  <Player cross_lost="0" cross_success="0" jersey_num="20" pass_lost="7" pass_success="27" player_id="443967" player_name="Júnior Firpo" position="Midfielder" position_id="3" x="48.22" y="82.96">
    <Player player_id="56448" player_name="Sergio Canales">1</Player>
    <Player player_id="200826" player_name="Giovani Lo Celso">4</Player>
    <Player player_id="86813" player_name="Aissa Mandi">1</Player>
    <Player player_id="53142" player_name="Sidnei">4</Player>
    <Player player_id="37064" player_name="Andrés Guardado">4</Player>
    <Player player_id="10316" player_name="Joaquín">4</Player>
    <Player player_id="96122" player_name="William Carvalho">5</Player>
    <Player player_id="103263" player_name="Takashi Inui">1</Player>
    <Player player_id="432751" player_name="Loren Morón">3</Player>
  </Player>
</SoccerFeed>