﻿<?xml version="1.0" encoding="UTF-8"?>
<!-- Copyright 2001-2019 Opta Sportsdata Ltd. All rights reserved. -->
<!-- PRODUCTION HEADER
     produced on:        valde-jobq-a01.nexus.opta.net
     production time:    20190226T141219,637Z
     production module:  Opta::Feed::XML::Soccer::F27
-->
<SoccerFeed act_minute="94" act_period="2" act_second="5" away_team_id="178" away_team_name="Barcelona" competition_id="23" competition_name="Spanish La Liga" game_date="2019-02-23 15:15:00" game_id="1009564" home_team_id="179" home_team_name="Sevilla" season_id="2018" season_name="Season 2018/2019" team_id="179" team_name="Sevilla">
  <Player cross_lost="0" cross_success="0" jersey_num="1" pass_lost="15" pass_success="13" player_id="51945" player_name="Tomás Vaclik" position="Goalkeeper" position_id="1" x="8.20" y="46.43">
    <Player player_id="220087" player_name="Maximilian Wöber">2</Player>
    <Player player_id="88484" player_name="Pablo Sarabia">1</Player>
    <Player player_id="49309" player_name="Éver Banega">2</Player>
    <Player player_id="17740" player_name="Jesús Navas">1</Player>
    <Player player_id="195303" player_name="Marko Rog">1</Player>
    <Player player_id="86151" player_name="Sergi Gómez">2</Player>
    <Player player_id="100731" player_name="Franco Vázquez">2</Player>
    <Player player_id="48714" player_name="Simon Kjaer">2</Player>
  </Player>
  <Player cross_lost="2" cross_success="0" jersey_num="14" pass_lost="9" pass_success="15" player_id="220087" player_name="Maximilian Wöber" position="Defender" position_id="2" sub_off="58" x="53.57" y="84.17">
    <Player player_id="88484" player_name="Pablo Sarabia">1</Player>
    <Player player_id="86151" player_name="Sergi Gómez">1</Player>
    <Player player_id="195303" player_name="Marko Rog">7</Player>
    <Player player_id="80758" player_name="Quincy Promes">5</Player>
    <Player player_id="83912" player_name="Wissam Ben Yedder">1</Player>
  </Player>
  <Player cross_lost="4" cross_success="1" jersey_num="17" pass_lost="5" pass_success="22" player_id="88484" player_name="Pablo Sarabia" position="Forward" position_id="4" x="60.00" y="29.99">
    <Player player_id="17740" player_name="Jesús Navas">8</Player>
    <Player player_id="195303" player_name="Marko Rog">1</Player>
    <Player player_id="55826" player_name="Gabriel Mercado">2</Player>
    <Player player_id="100731" player_name="Franco Vázquez">4</Player>
    <Player player_id="80758" player_name="Quincy Promes">2</Player>
    <Player player_id="220087" player_name="Maximilian Wöber">1</Player>
    <Player player_id="49309" player_name="Éver Banega">2</Player>
    <Player cross="1" player_id="86151" player_name="Sergi Gómez">0</Player>
    <Player player_id="83912" player_name="Wissam Ben Yedder">2</Player>
  </Player>
  <Player cross_lost="1" cross_success="0" jersey_num="10" pass_lost="6" pass_success="49" player_id="49309" player_name="Éver Banega" position="Midfielder" position_id="3" x="43.96" y="44.21">
    <Player player_id="51945" player_name="Tomás Vaclik">2</Player>
    <Player player_id="220087" player_name="Maximilian Wöber">3</Player>
    <Player player_id="88484" player_name="Pablo Sarabia">5</Player>
    <Player player_id="17740" player_name="Jesús Navas">11</Player>
    <Player player_id="86151" player_name="Sergi Gómez">1</Player>
    <Player player_id="195303" player_name="Marko Rog">5</Player>
    <Player player_id="128348" player_name="Ibrahim Amadou">3</Player>
    <Player player_id="55826" player_name="Gabriel Mercado">5</Player>
    <Player player_id="100731" player_name="Franco Vázquez">1</Player>
    <Player player_id="80758" player_name="Quincy Promes">7</Player>
    <Player player_id="83912" player_name="Wissam Ben Yedder">2</Player>
    <Player player_id="106899" player_name="Roque Mesa">4</Player>
  </Player>
  <Player cross_lost="7" cross_success="1" jersey_num="16" pass_lost="6" pass_success="28" player_id="17740" player_name="Jesús Navas" position="Midfielder" position_id="3" x="54.73" y="15.78">
    <Player player_id="51945" player_name="Tomás Vaclik">1</Player>
    <Player player_id="55826" player_name="Gabriel Mercado">2</Player>
    <Player player_id="100731" player_name="Franco Vázquez">1</Player>
    <Player player_id="80758" player_name="Quincy Promes">1</Player>
    <Player player_id="49309" player_name="Éver Banega">6</Player>
    <Player player_id="88484" player_name="Pablo Sarabia">9</Player>
    <Player player_id="86151" player_name="Sergi Gómez">1</Player>
    <Player player_id="128348" player_name="Ibrahim Amadou">1</Player>
    <Player player_id="48714" player_name="Simon Kjaer">2</Player>
    <Player cross="1" player_id="83912" player_name="Wissam Ben Yedder">4</Player>
  </Player>
  <Player cross_lost="0" cross_success="0" jersey_num="3" pass_lost="6" pass_success="21" player_id="86151" player_name="Sergi Gómez" position="Defender" position_id="2" x="32.79" y="71.35">
    <Player player_id="51945" player_name="Tomás Vaclik">1</Player>
    <Player player_id="220087" player_name="Maximilian Wöber">6</Player>
    <Player player_id="49309" player_name="Éver Banega">4</Player>
    <Player player_id="17740" player_name="Jesús Navas">1</Player>
    <Player player_id="195303" player_name="Marko Rog">2</Player>
    <Player player_id="100731" player_name="Franco Vázquez">1</Player>
    <Player player_id="80758" player_name="Quincy Promes">3</Player>
    <Player player_id="48714" player_name="Simon Kjaer">1</Player>
    <Player player_id="83912" player_name="Wissam Ben Yedder">2</Player>
  </Player>
  <Player cross_lost="0" cross_success="0" jersey_num="20" pass_lost="4" pass_success="22" player_id="195303" player_name="Marko Rog" position="Midfielder" position_id="3" sub_off="62" x="57.44" y="68.89">
    <Player player_id="220087" player_name="Maximilian Wöber">4</Player>
    <Player player_id="88484" player_name="Pablo Sarabia">3</Player>
    <Player player_id="49309" player_name="Éver Banega">5</Player>
    <Player player_id="86151" player_name="Sergi Gómez">3</Player>
    <Player player_id="80758" player_name="Quincy Promes">3</Player>
    <Player player_id="48714" player_name="Simon Kjaer">2</Player>
    <Player player_id="83912" player_name="Wissam Ben Yedder">2</Player>
  </Player>
  <Player cross_lost="1" cross_success="0" jersey_num="5" pass_lost="3" pass_success="9" player_id="128348" player_name="Ibrahim Amadou" position="Substitute" position_id="5" sub_on="58" x="35.35" y="17.04">
    <Player player_id="51945" player_name="Tomás Vaclik">3</Player>
    <Player player_id="49309" player_name="Éver Banega">1</Player>
    <Player player_id="17740" player_name="Jesús Navas">1</Player>
    <Player player_id="86151" player_name="Sergi Gómez">1</Player>
    <Player player_id="100731" player_name="Franco Vázquez">2</Player>
    <Player player_id="106899" player_name="Roque Mesa">1</Player>
  </Player>
  <Player cross_lost="1" cross_success="0" jersey_num="25" pass_lost="2" pass_success="9" player_id="55826" player_name="Gabriel Mercado" position="Defender" position_id="2" sub_off="51" x="51.68" y="18.13">
    <Player player_id="51945" player_name="Tomás Vaclik">1</Player>
    <Player player_id="88484" player_name="Pablo Sarabia">1</Player>
    <Player player_id="49309" player_name="Éver Banega">3</Player>
    <Player player_id="17740" player_name="Jesús Navas">2</Player>
    <Player player_id="86151" player_name="Sergi Gómez">1</Player>
    <Player player_id="80758" player_name="Quincy Promes">1</Player>
  </Player>
  <Player cross_lost="0" cross_success="0" jersey_num="22" pass_lost="5" pass_success="9" player_id="100731" player_name="Franco Vázquez" position="Substitute" position_id="5" sub_on="51" x="48.45" y="37.88">
    <Player player_id="51945" player_name="Tomás Vaclik">1</Player>
    <Player player_id="220087" player_name="Maximilian Wöber">1</Player>
    <Player player_id="49309" player_name="Éver Banega">1</Player>
    <Player player_id="88484" player_name="Pablo Sarabia">2</Player>
    <Player player_id="17740" player_name="Jesús Navas">3</Player>
    <Player player_id="83912" player_name="Wissam Ben Yedder">1</Player>
  </Player>
  <Player cross_lost="1" cross_success="2" jersey_num="21" pass_lost="7" pass_success="22" player_id="80758" player_name="Quincy Promes" position="Midfielder" position_id="3" x="58.46" y="80.92">
    <Player player_id="17740" player_name="Jesús Navas">1</Player>
    <Player player_id="195303" player_name="Marko Rog">4</Player>
    <Player player_id="55826" player_name="Gabriel Mercado">1</Player>
    <Player player_id="220087" player_name="Maximilian Wöber">2</Player>
    <Player cross="1" player_id="88484" player_name="Pablo Sarabia">2</Player>
    <Player player_id="49309" player_name="Éver Banega">1</Player>
    <Player player_id="86151" player_name="Sergi Gómez">1</Player>
    <Player cross="1" player_id="48714" player_name="Simon Kjaer">1</Player>
    <Player player_id="83912" player_name="Wissam Ben Yedder">4</Player>
    <Player player_id="106899" player_name="Roque Mesa">5</Player>
  </Player>
  <Player cross_lost="0" cross_success="0" jersey_num="4" pass_lost="6" pass_success="18" player_id="48714" player_name="Simon Kjaer" position="Defender" position_id="2" x="26.89" y="42.27">
    <Player player_id="51945" player_name="Tomás Vaclik">2</Player>
    <Player player_id="220087" player_name="Maximilian Wöber">1</Player>
    <Player player_id="88484" player_name="Pablo Sarabia">1</Player>
    <Player player_id="49309" player_name="Éver Banega">5</Player>
    <Player player_id="17740" player_name="Jesús Navas">3</Player>
    <Player player_id="86151" player_name="Sergi Gómez">1</Player>
    <Player player_id="128348" player_name="Ibrahim Amadou">2</Player>
    <Player player_id="55826" player_name="Gabriel Mercado">1</Player>
    <Player player_id="100731" player_name="Franco Vázquez">1</Player>
    <Player player_id="80758" player_name="Quincy Promes">1</Player>
  </Player>
  <Player cross_lost="2" cross_success="0" jersey_num="9" pass_lost="3" pass_success="20" player_id="83912" player_name="Wissam Ben Yedder" position="Forward" position_id="4" x="63.91" y="58.52">
    <Player player_id="220087" player_name="Maximilian Wöber">2</Player>
    <Player player_id="88484" player_name="Pablo Sarabia">1</Player>
    <Player player_id="49309" player_name="Éver Banega">3</Player>
    <Player player_id="17740" player_name="Jesús Navas">3</Player>
    <Player player_id="86151" player_name="Sergi Gómez">2</Player>
    <Player player_id="100731" player_name="Franco Vázquez">2</Player>
    <Player player_id="80758" player_name="Quincy Promes">3</Player>
    <Player player_id="106899" player_name="Roque Mesa">3</Player>
  </Player>
  <Player cross_lost="1" cross_success="0" jersey_num="7" pass_lost="0" pass_success="14" player_id="106899" player_name="Roque Mesa" position="Substitute" position_id="5" sub_on="62" x="55.28" y="64.20">
    <Player player_id="49309" player_name="Éver Banega">4</Player>
    <Player player_id="17740" player_name="Jesús Navas">1</Player>
    <Player player_id="86151" player_name="Sergi Gómez">1</Player>
    <Player player_id="128348" player_name="Ibrahim Amadou">1</Player>
    <Player player_id="80758" player_name="Quincy Promes">6</Player>
    <Player player_id="48714" player_name="Simon Kjaer">1</Player>
  </Player>
</SoccerFeed>