﻿<?xml version="1.0" encoding="UTF-8"?>
<!-- Copyright 2001-2018 Opta Sportsdata Ltd. All rights reserved. -->
<!-- PRODUCTION HEADER
     produced on:        valde-jobq-a03.nexus.opta.net
     production time:    20180925T201451,44Z
     production module:  Opta::Feed::XML::Soccer::F27
-->
<SoccerFeed act_minute="93" act_period="2" act_second="55" away_team_id="957" away_team_name="Leganés" competition_id="23" competition_name="Spanish La Liga" game_date="2018-09-22 15:15:00" game_id="1009358" home_team_id="953" home_team_name="Eibar" season_id="2018" season_name="Season 2018/2019" team_id="953" team_name="Eibar">
  <Player cross_lost="0" cross_success="0" jersey_num="24" pass_lost="1" pass_success="8" player_id="195364" player_name="Joan Jordán" position="Substitute" position_id="5" sub_on="73" x="66.94" y="34.14">
    <Player player_id="156305" player_name="Gonzalo Escalante">1</Player>
    <Player player_id="80791" player_name="Sergi Enrich">1</Player>
    <Player player_id="48854" player_name="Fabián Orellana">3</Player>
    <Player player_id="59140" player_name="Cote">1</Player>
    <Player player_id="126510" player_name="Pablo De Blasis">2</Player>
  </Player>
  <Player cross_lost="1" cross_success="0" jersey_num="5" pass_lost="9" pass_success="28" player_id="156305" player_name="Gonzalo Escalante" position="Midfielder" position_id="3" x="51.68" y="49.24">
    <Player player_id="80791" player_name="Sergi Enrich">3</Player>
    <Player player_id="27672" player_name="Pape Diop">2</Player>
    <Player player_id="126290" player_name="Rubén Peña">7</Player>
    <Player player_id="17906" player_name="Iván Ramis">2</Player>
    <Player player_id="59140" player_name="Cote">7</Player>
    <Player player_id="87499" player_name="Paulo Oliveira">2</Player>
    <Player player_id="126510" player_name="Pablo De Blasis">3</Player>
    <Player player_id="143622" player_name="Pablo Hervías">2</Player>
  </Player>
  <Player cross_lost="0" cross_success="0" jersey_num="1" pass_lost="26" pass_success="13" player_id="94618" player_name="Marko Dmitrovic" position="Goalkeeper" position_id="1" x="11.59" y="50.43">
    <Player player_id="61597" player_name="Kike García">2</Player>
    <Player player_id="80791" player_name="Sergi Enrich">1</Player>
    <Player player_id="126290" player_name="Rubén Peña">3</Player>
    <Player player_id="17906" player_name="Iván Ramis">3</Player>
    <Player player_id="59140" player_name="Cote">1</Player>
    <Player player_id="87499" player_name="Paulo Oliveira">1</Player>
    <Player player_id="126510" player_name="Pablo De Blasis">1</Player>
  </Player>
  <Player cross_lost="0" cross_success="0" jersey_num="17" pass_lost="7" pass_success="4" player_id="61597" player_name="Kike García" position="Forward" position_id="4" sub_off="73" x="70.94" y="48.04">
    <Player player_id="156305" player_name="Gonzalo Escalante">1</Player>
    <Player player_id="126290" player_name="Rubén Peña">1</Player>
    <Player player_id="59140" player_name="Cote">2</Player>
  </Player>
  <Player cross_lost="0" cross_success="0" jersey_num="9" pass_lost="5" pass_success="28" player_id="80791" player_name="Sergi Enrich" position="Forward" position_id="4" x="67.77" y="52.58">
    <Player player_id="195364" player_name="Joan Jordán">4</Player>
    <Player player_id="156305" player_name="Gonzalo Escalante">4</Player>
    <Player player_id="61597" player_name="Kike García">5</Player>
    <Player player_id="27672" player_name="Pape Diop">2</Player>
    <Player player_id="126290" player_name="Rubén Peña">2</Player>
    <Player player_id="17906" player_name="Iván Ramis">1</Player>
    <Player player_id="59140" player_name="Cote">1</Player>
    <Player player_id="87499" player_name="Paulo Oliveira">1</Player>
    <Player player_id="143622" player_name="Pablo Hervías">5</Player>
    <Player player_id="126510" player_name="Pablo De Blasis">3</Player>
  </Player>
  <Player cross_lost="0" cross_success="0" jersey_num="8" pass_lost="17" pass_success="27" player_id="27672" player_name="Pape Diop" position="Midfielder" position_id="3" x="45.44" y="44.85">
    <Player player_id="195364" player_name="Joan Jordán">1</Player>
    <Player player_id="156305" player_name="Gonzalo Escalante">2</Player>
    <Player player_id="94618" player_name="Marko Dmitrovic">1</Player>
    <Player player_id="80791" player_name="Sergi Enrich">3</Player>
    <Player player_id="126290" player_name="Rubén Peña">5</Player>
    <Player player_id="59140" player_name="Cote">7</Player>
    <Player player_id="87499" player_name="Paulo Oliveira">5</Player>
    <Player player_id="126510" player_name="Pablo De Blasis">2</Player>
    <Player player_id="143622" player_name="Pablo Hervías">1</Player>
  </Player>
  <Player cross_lost="0" cross_success="0" jersey_num="23" pass_lost="0" pass_success="3" player_id="87026" player_name="Anaitz Arbilla" position="Substitute" position_id="5" sub_on="89" x="51.57" y="79.30">
    <Player player_id="17906" player_name="Iván Ramis">1</Player>
    <Player player_id="126510" player_name="Pablo De Blasis">2</Player>
  </Player>
  <Player cross_lost="0" cross_success="1" jersey_num="14" pass_lost="1" pass_success="6" player_id="48854" player_name="Fabián Orellana" position="Substitute" position_id="5" sub_on="67" x="51.92" y="20.99">
    <Player cross="1" player_id="195364" player_name="Joan Jordán">1</Player>
    <Player player_id="27672" player_name="Pape Diop">2</Player>
    <Player player_id="126290" player_name="Rubén Peña">1</Player>
    <Player player_id="17906" player_name="Iván Ramis">1</Player>
    <Player player_id="87499" player_name="Paulo Oliveira">1</Player>
  </Player>
  <Player cross_lost="3" cross_success="0" jersey_num="11" pass_lost="18" pass_success="29" player_id="126290" player_name="Rubén Peña" position="Defender" position_id="2" x="46.22" y="16.02">
    <Player player_id="195364" player_name="Joan Jordán">1</Player>
    <Player player_id="156305" player_name="Gonzalo Escalante">5</Player>
    <Player player_id="80791" player_name="Sergi Enrich">1</Player>
    <Player player_id="87499" player_name="Paulo Oliveira">4</Player>
    <Player player_id="143622" player_name="Pablo Hervías">6</Player>
    <Player player_id="94618" player_name="Marko Dmitrovic">1</Player>
    <Player player_id="61597" player_name="Kike García">4</Player>
    <Player player_id="27672" player_name="Pape Diop">1</Player>
    <Player player_id="48854" player_name="Fabián Orellana">2</Player>
    <Player player_id="17906" player_name="Iván Ramis">1</Player>
    <Player player_id="59140" player_name="Cote">1</Player>
    <Player player_id="126510" player_name="Pablo De Blasis">2</Player>
  </Player>
  <Player cross_lost="0" cross_success="0" jersey_num="4" pass_lost="8" pass_success="36" player_id="17906" player_name="Iván Ramis" position="Defender" position_id="2" x="33.79" y="64.62">
    <Player player_id="94618" player_name="Marko Dmitrovic">2</Player>
    <Player player_id="156305" player_name="Gonzalo Escalante">2</Player>
    <Player player_id="61597" player_name="Kike García">1</Player>
    <Player player_id="80791" player_name="Sergi Enrich">5</Player>
    <Player player_id="27672" player_name="Pape Diop">4</Player>
    <Player player_id="126290" player_name="Rubén Peña">3</Player>
    <Player player_id="59140" player_name="Cote">9</Player>
    <Player player_id="87499" player_name="Paulo Oliveira">6</Player>
    <Player player_id="126510" player_name="Pablo De Blasis">4</Player>
  </Player>
  <Player cross_lost="5" cross_success="1" jersey_num="15" pass_lost="19" pass_success="33" player_id="59140" player_name="Cote" position="Defender" position_id="2" sub_off="89" x="45.22" y="84.37">
    <Player player_id="195364" player_name="Joan Jordán">1</Player>
    <Player player_id="156305" player_name="Gonzalo Escalante">2</Player>
    <Player cross="1" player_id="80791" player_name="Sergi Enrich">2</Player>
    <Player player_id="87499" player_name="Paulo Oliveira">2</Player>
    <Player player_id="94618" player_name="Marko Dmitrovic">3</Player>
    <Player player_id="61597" player_name="Kike García">2</Player>
    <Player player_id="126290" player_name="Rubén Peña">1</Player>
    <Player player_id="17906" player_name="Iván Ramis">9</Player>
    <Player player_id="126510" player_name="Pablo De Blasis">11</Player>
  </Player>
  <Player cross_lost="0" cross_success="0" jersey_num="12" pass_lost="12" pass_success="31" player_id="87499" player_name="Paulo Oliveira" position="Defender" position_id="2" x="33.06" y="29.09">
    <Player player_id="156305" player_name="Gonzalo Escalante">1</Player>
    <Player player_id="94618" player_name="Marko Dmitrovic">3</Player>
    <Player player_id="61597" player_name="Kike García">1</Player>
    <Player player_id="80791" player_name="Sergi Enrich">1</Player>
    <Player player_id="27672" player_name="Pape Diop">4</Player>
    <Player player_id="126290" player_name="Rubén Peña">11</Player>
    <Player player_id="17906" player_name="Iván Ramis">5</Player>
    <Player player_id="59140" player_name="Cote">1</Player>
    <Player player_id="143622" player_name="Pablo Hervías">1</Player>
    <Player player_id="126510" player_name="Pablo De Blasis">3</Player>
  </Player>
  <Player cross_lost="12" cross_success="2" jersey_num="18" pass_lost="4" pass_success="12" player_id="143622" player_name="Pablo Hervías" position="Midfielder" position_id="3" sub_off="67" x="63.81" y="29.99">
    <Player player_id="156305" player_name="Gonzalo Escalante">2</Player>
    <Player player_id="61597" player_name="Kike García">1</Player>
    <Player cross="1" player_id="80791" player_name="Sergi Enrich">2</Player>
    <Player player_id="27672" player_name="Pape Diop">1</Player>
    <Player player_id="126290" player_name="Rubén Peña">3</Player>
    <Player cross="1" player_id="126510" player_name="Pablo De Blasis">3</Player>
  </Player>
  <Player cross_lost="3" cross_success="3" jersey_num="16" pass_lost="11" pass_success="32" player_id="126510" player_name="Pablo De Blasis" position="Midfielder" position_id="3" x="61.01" y="77.68">
    <Player player_id="195364" player_name="Joan Jordán">1</Player>
    <Player player_id="156305" player_name="Gonzalo Escalante">1</Player>
    <Player cross="2" player_id="80791" player_name="Sergi Enrich">9</Player>
    <Player player_id="87026" player_name="Anaitz Arbilla">2</Player>
    <Player cross="1" player_id="143622" player_name="Pablo Hervías">2</Player>
    <Player player_id="61597" player_name="Kike García">3</Player>
    <Player player_id="27672" player_name="Pape Diop">6</Player>
    <Player player_id="48854" player_name="Fabián Orellana">1</Player>
    <Player player_id="17906" player_name="Iván Ramis">1</Player>
    <Player player_id="59140" player_name="Cote">6</Player>
  </Player>
</SoccerFeed>