﻿<?xml version="1.0" encoding="UTF-8"?>
<!-- Copyright 2001-2019 Opta Sportsdata Ltd. All rights reserved. -->
<!-- PRODUCTION HEADER
     produced on:        valde-jobq-a01.nexus.opta.net
     production time:    20190102T170142,277Z
     production module:  Opta::Feed::XML::Soccer::F27
-->
<SoccerFeed act_minute="92" act_period="2" act_second="56" away_team_id="177" away_team_name="Espanyol" competition_id="23" competition_name="Spanish La Liga" game_date="2018-12-22 15:15:00" game_id="1009477" home_team_id="175" home_team_name="Atlético de Madrid" season_id="2018" season_name="Season 2018/2019" team_id="177" team_name="Espanyol">
  <Player cross_lost="0" cross_success="0" jersey_num="12" pass_lost="9" pass_success="31" player_id="59790" player_name="Dídac Vilá" position="Defender" position_id="2" sub_off="82" x="44.89" y="84.19">
    <Player player_id="169007" player_name="Sergi Darder">2</Player>
    <Player player_id="11129" player_name="David López">1</Player>
    <Player player_id="46998" player_name="Esteban Granero">3</Player>
    <Player player_id="202044" player_name="Borja Iglesias">3</Player>
    <Player player_id="17679" player_name="Sergio García">8</Player>
    <Player player_id="99128" player_name="Óscar Duarte">5</Player>
    <Player player_id="16021" player_name="Diego López">1</Player>
    <Player player_id="100692" player_name="Naldo">7</Player>
    <Player player_id="48832" player_name="Roberto Rosales">1</Player>
  </Player>
  <Player cross_lost="2" cross_success="0" jersey_num="11" pass_lost="15" pass_success="32" player_id="109269" player_name="Leo Baptistao" position="Midfielder" position_id="3" x="62.99" y="23.73">
    <Player player_id="59790" player_name="Dídac Vilá">1</Player>
    <Player player_id="169007" player_name="Sergi Darder">1</Player>
    <Player player_id="11129" player_name="David López">2</Player>
    <Player player_id="51271" player_name="Pablo Piatti">1</Player>
    <Player player_id="46998" player_name="Esteban Granero">5</Player>
    <Player player_id="202044" player_name="Borja Iglesias">3</Player>
    <Player player_id="17679" player_name="Sergio García">2</Player>
    <Player player_id="99128" player_name="Óscar Duarte">1</Player>
    <Player player_id="243718" player_name="Óscar Melendo">1</Player>
    <Player player_id="48832" player_name="Roberto Rosales">15</Player>
  </Player>
  <Player cross_lost="0" cross_success="0" jersey_num="10" pass_lost="12" pass_success="49" player_id="169007" player_name="Sergi Darder" position="Midfielder" position_id="3" x="50.92" y="46.07">
    <Player player_id="59790" player_name="Dídac Vilá">7</Player>
    <Player player_id="46998" player_name="Esteban Granero">8</Player>
    <Player player_id="99128" player_name="Óscar Duarte">4</Player>
    <Player player_id="100692" player_name="Naldo">2</Player>
    <Player player_id="243718" player_name="Óscar Melendo">2</Player>
    <Player player_id="48832" player_name="Roberto Rosales">8</Player>
    <Player player_id="109269" player_name="Leo Baptistao">7</Player>
    <Player player_id="11129" player_name="David López">3</Player>
    <Player player_id="51271" player_name="Pablo Piatti">4</Player>
    <Player player_id="202044" player_name="Borja Iglesias">1</Player>
    <Player player_id="17679" player_name="Sergio García">1</Player>
    <Player player_id="446990" player_name="Adrià Pedrosa">2</Player>
  </Player>
  <Player cross_lost="0" cross_success="0" jersey_num="15" pass_lost="9" pass_success="69" player_id="11129" player_name="David López" position="Defender" position_id="2" x="39.06" y="26.50">
    <Player player_id="59790" player_name="Dídac Vilá">1</Player>
    <Player player_id="109269" player_name="Leo Baptistao">5</Player>
    <Player player_id="169007" player_name="Sergi Darder">10</Player>
    <Player player_id="51271" player_name="Pablo Piatti">1</Player>
    <Player player_id="46998" player_name="Esteban Granero">10</Player>
    <Player player_id="446990" player_name="Adrià Pedrosa">1</Player>
    <Player player_id="99128" player_name="Óscar Duarte">7</Player>
    <Player player_id="16021" player_name="Diego López">3</Player>
    <Player player_id="100692" player_name="Naldo">8</Player>
    <Player player_id="243718" player_name="Óscar Melendo">6</Player>
    <Player player_id="48832" player_name="Roberto Rosales">17</Player>
  </Player>
  <Player cross_lost="2" cross_success="1" jersey_num="19" pass_lost="1" pass_success="4" player_id="51271" player_name="Pablo Piatti" position="Substitute" position_id="5" sub_on="70" x="63.28" y="74.15">
    <Player cross="1" player_id="109269" player_name="Leo Baptistao">0</Player>
    <Player player_id="11129" player_name="David López">1</Player>
    <Player player_id="46998" player_name="Esteban Granero">1</Player>
    <Player player_id="446990" player_name="Adrià Pedrosa">1</Player>
    <Player player_id="99128" player_name="Óscar Duarte">1</Player>
  </Player>
  <Player cross_lost="5" cross_success="0" jersey_num="23" pass_lost="5" pass_success="85" player_id="46998" player_name="Esteban Granero" position="Midfielder" position_id="3" x="48.22" y="45.28">
    <Player player_id="59790" player_name="Dídac Vilá">6</Player>
    <Player player_id="99128" player_name="Óscar Duarte">9</Player>
    <Player player_id="16021" player_name="Diego López">1</Player>
    <Player player_id="100692" player_name="Naldo">8</Player>
    <Player player_id="243718" player_name="Óscar Melendo">2</Player>
    <Player player_id="48832" player_name="Roberto Rosales">11</Player>
    <Player player_id="109269" player_name="Leo Baptistao">9</Player>
    <Player player_id="169007" player_name="Sergi Darder">12</Player>
    <Player player_id="11129" player_name="David López">17</Player>
    <Player player_id="202044" player_name="Borja Iglesias">3</Player>
    <Player player_id="17679" player_name="Sergio García">7</Player>
  </Player>
  <Player cross_lost="0" cross_success="1" jersey_num="7" pass_lost="5" pass_success="8" player_id="202044" player_name="Borja Iglesias" position="Forward" position_id="4" x="59.32" y="50.30">
    <Player player_id="109269" player_name="Leo Baptistao">1</Player>
    <Player player_id="169007" player_name="Sergi Darder">1</Player>
    <Player player_id="46998" player_name="Esteban Granero">2</Player>
    <Player cross="1" player_id="17679" player_name="Sergio García">1</Player>
    <Player player_id="99128" player_name="Óscar Duarte">3</Player>
  </Player>
  <Player cross_lost="3" cross_success="0" jersey_num="9" pass_lost="8" pass_success="16" player_id="17679" player_name="Sergio García" position="Midfielder" position_id="3" sub_off="70" x="54.60" y="74.45">
    <Player player_id="59790" player_name="Dídac Vilá">6</Player>
    <Player player_id="109269" player_name="Leo Baptistao">4</Player>
    <Player player_id="169007" player_name="Sergi Darder">2</Player>
    <Player player_id="46998" player_name="Esteban Granero">1</Player>
    <Player player_id="99128" player_name="Óscar Duarte">1</Player>
    <Player player_id="100692" player_name="Naldo">1</Player>
    <Player player_id="48832" player_name="Roberto Rosales">1</Player>
  </Player>
  <Player cross_lost="2" cross_success="1" jersey_num="28" pass_lost="1" pass_success="4" player_id="446990" player_name="Adrià Pedrosa" position="Substitute" position_id="5" sub_on="82" x="70.20" y="83.65">
    <Player player_id="169007" player_name="Sergi Darder">1</Player>
    <Player player_id="51271" player_name="Pablo Piatti">1</Player>
    <Player player_id="46998" player_name="Esteban Granero">1</Player>
    <Player cross="1" player_id="202044" player_name="Borja Iglesias">0</Player>
    <Player player_id="99128" player_name="Óscar Duarte">1</Player>
  </Player>
  <Player cross_lost="1" cross_success="0" jersey_num="6" pass_lost="8" pass_success="53" player_id="99128" player_name="Óscar Duarte" position="Midfielder" position_id="3" x="42.63" y="51.65">
    <Player player_id="59790" player_name="Dídac Vilá">8</Player>
    <Player player_id="169007" player_name="Sergi Darder">11</Player>
    <Player player_id="11129" player_name="David López">9</Player>
    <Player player_id="46998" player_name="Esteban Granero">6</Player>
    <Player player_id="17679" player_name="Sergio García">2</Player>
    <Player player_id="446990" player_name="Adrià Pedrosa">1</Player>
    <Player player_id="16021" player_name="Diego López">2</Player>
    <Player player_id="100692" player_name="Naldo">6</Player>
    <Player player_id="48832" player_name="Roberto Rosales">8</Player>
  </Player>
  <Player cross_lost="0" cross_success="0" jersey_num="13" pass_lost="10" pass_success="26" player_id="16021" player_name="Diego López" position="Goalkeeper" position_id="1" x="8.20" y="50.77">
    <Player player_id="59790" player_name="Dídac Vilá">3</Player>
    <Player player_id="169007" player_name="Sergi Darder">1</Player>
    <Player player_id="11129" player_name="David López">6</Player>
    <Player player_id="46998" player_name="Esteban Granero">2</Player>
    <Player player_id="202044" player_name="Borja Iglesias">1</Player>
    <Player player_id="99128" player_name="Óscar Duarte">7</Player>
    <Player player_id="100692" player_name="Naldo">4</Player>
    <Player player_id="48832" player_name="Roberto Rosales">1</Player>
  </Player>
  <Player cross_lost="0" cross_success="0" jersey_num="5" pass_lost="6" pass_success="45" player_id="100692" player_name="Naldo" position="Defender" position_id="2" sub_off="72" x="30.96" y="64.23">
    <Player player_id="59790" player_name="Dídac Vilá">11</Player>
    <Player player_id="169007" player_name="Sergi Darder">2</Player>
    <Player player_id="11129" player_name="David López">8</Player>
    <Player player_id="46998" player_name="Esteban Granero">11</Player>
    <Player player_id="202044" player_name="Borja Iglesias">1</Player>
    <Player player_id="17679" player_name="Sergio García">1</Player>
    <Player player_id="99128" player_name="Óscar Duarte">4</Player>
    <Player player_id="16021" player_name="Diego López">7</Player>
  </Player>
  <Player cross_lost="0" cross_success="1" jersey_num="14" pass_lost="3" pass_success="12" player_id="243718" player_name="Óscar Melendo" position="Substitute" position_id="5" sub_on="72" x="69.01" y="19.41">
    <Player player_id="109269" player_name="Leo Baptistao">2</Player>
    <Player player_id="169007" player_name="Sergi Darder">1</Player>
    <Player cross="1" player_id="46998" player_name="Esteban Granero">2</Player>
    <Player player_id="202044" player_name="Borja Iglesias">1</Player>
    <Player player_id="99128" player_name="Óscar Duarte">1</Player>
    <Player player_id="48832" player_name="Roberto Rosales">5</Player>
  </Player>
  <Player cross_lost="6" cross_success="0" jersey_num="8" pass_lost="11" pass_success="63" player_id="48832" player_name="Roberto Rosales" position="Defender" position_id="2" x="46.35" y="13.19">
    <Player player_id="59790" player_name="Dídac Vilá">1</Player>
    <Player player_id="46998" player_name="Esteban Granero">10</Player>
    <Player player_id="99128" player_name="Óscar Duarte">3</Player>
    <Player player_id="16021" player_name="Diego López">1</Player>
    <Player player_id="100692" player_name="Naldo">2</Player>
    <Player player_id="243718" player_name="Óscar Melendo">6</Player>
    <Player player_id="109269" player_name="Leo Baptistao">15</Player>
    <Player player_id="169007" player_name="Sergi Darder">9</Player>
    <Player player_id="11129" player_name="David López">13</Player>
    <Player player_id="202044" player_name="Borja Iglesias">1</Player>
    <Player player_id="17679" player_name="Sergio García">1</Player>
    <Player player_id="446990" player_name="Adrià Pedrosa">1</Player>
  </Player>
</SoccerFeed>