﻿<?xml version="1.0" encoding="UTF-8"?>
<!-- Copyright 2001-2018 Opta Sportsdata Ltd. All rights reserved. -->
<!-- PRODUCTION HEADER
     produced on:        valde-jobq-a01.nexus.opta.net
     production time:    20181009T212746,321Z
     production module:  Opta::Feed::XML::Soccer::F27
-->
<SoccerFeed act_minute="95" act_period="2" act_second="20" away_team_id="186" away_team_name="Real Madrid" competition_id="23" competition_name="Spanish La Liga" game_date="2018-10-06 17:30:00" game_id="1009386" home_team_id="173" home_team_name="Alavés" season_id="2018" season_name="Season 2018/2019" team_id="173" team_name="Alavés">
  <Player cross_lost="0" cross_success="0" jersey_num="19" pass_lost="3" pass_success="5" player_id="55378" player_name="Manu García" position="Substitute" position_id="5" sub_on="74" x="51.14" y="62.67">
    <Player player_id="126119" player_name="Rubén Duarte">1</Player>
    <Player player_id="84700" player_name="Darko Brasanac">1</Player>
    <Player player_id="92190" player_name="Jony">1</Player>
    <Player player_id="80956" player_name="Tomás Pina">2</Player>
  </Player>
  <Player cross_lost="0" cross_success="0" jersey_num="21" pass_lost="0" pass_success="0" player_id="246162" player_name="Martín Aguirregabiria" position="Substitute" position_id="5" sub_on="88" x="14.80" y="27.00" />
  <Player cross_lost="0" cross_success="0" jersey_num="7" pass_lost="1" pass_success="1" player_id="112994" player_name="Rubén Sobrino" position="Substitute" position_id="5" sub_on="67" x="48.98" y="18.47">
    <Player player_id="84700" player_name="Darko Brasanac">1</Player>
  </Player>
  <Player cross_lost="2" cross_success="0" jersey_num="12" pass_lost="16" pass_success="17" player_id="168287" player_name="Jonathan Calleri" position="Forward" position_id="4" x="60.23" y="51.32">
    <Player player_id="112994" player_name="Rubén Sobrino">1</Player>
    <Player player_id="90728" player_name="Ximo Navarro">3</Player>
    <Player player_id="126119" player_name="Rubén Duarte">1</Player>
    <Player player_id="84700" player_name="Darko Brasanac">1</Player>
    <Player player_id="84471" player_name="Ibai Gómez">1</Player>
    <Player player_id="55179" player_name="Mubarak Wakaso">3</Player>
    <Player player_id="155335" player_name="Guillermo Maripán">1</Player>
    <Player player_id="92190" player_name="Jony">2</Player>
    <Player player_id="80956" player_name="Tomás Pina">4</Player>
  </Player>
  <Player cross_lost="0" cross_success="0" jersey_num="1" pass_lost="10" pass_success="21" player_id="91406" player_name="Fernando Pacheco" position="Goalkeeper" position_id="1" x="8.67" y="51.77">
    <Player player_id="168287" player_name="Jonathan Calleri">7</Player>
    <Player player_id="90728" player_name="Ximo Navarro">3</Player>
    <Player player_id="155335" player_name="Guillermo Maripán">3</Player>
    <Player player_id="84471" player_name="Ibai Gómez">1</Player>
    <Player player_id="55179" player_name="Mubarak Wakaso">4</Player>
    <Player player_id="49370" player_name="Víctor Laguardia">3</Player>
  </Player>
  <Player cross_lost="0" cross_success="0" jersey_num="15" pass_lost="7" pass_success="17" player_id="90728" player_name="Ximo Navarro" position="Defender" position_id="2" x="34.37" y="20.69">
    <Player player_id="168287" player_name="Jonathan Calleri">2</Player>
    <Player player_id="84700" player_name="Darko Brasanac">1</Player>
    <Player player_id="55179" player_name="Mubarak Wakaso">1</Player>
    <Player player_id="84471" player_name="Ibai Gómez">3</Player>
    <Player player_id="80956" player_name="Tomás Pina">5</Player>
    <Player player_id="49370" player_name="Víctor Laguardia">5</Player>
  </Player>
  <Player cross_lost="1" cross_success="0" jersey_num="3" pass_lost="5" pass_success="15" player_id="126119" player_name="Rubén Duarte" position="Defender" position_id="2" x="44.26" y="81.00">
    <Player player_id="55378" player_name="Manu García">1</Player>
    <Player player_id="168287" player_name="Jonathan Calleri">2</Player>
    <Player player_id="90728" player_name="Ximo Navarro">1</Player>
    <Player player_id="155335" player_name="Guillermo Maripán">1</Player>
    <Player player_id="92190" player_name="Jony">5</Player>
    <Player player_id="80956" player_name="Tomás Pina">5</Player>
  </Player>
  <Player cross_lost="0" cross_success="0" jersey_num="22" pass_lost="6" pass_success="21" player_id="55179" player_name="Mubarak Wakaso" position="Midfielder" position_id="3" sub_off="74" x="52.60" y="67.06">
    <Player player_id="168287" player_name="Jonathan Calleri">5</Player>
    <Player player_id="90728" player_name="Ximo Navarro">1</Player>
    <Player player_id="126119" player_name="Rubén Duarte">2</Player>
    <Player player_id="84700" player_name="Darko Brasanac">1</Player>
    <Player player_id="155335" player_name="Guillermo Maripán">2</Player>
    <Player player_id="84471" player_name="Ibai Gómez">1</Player>
    <Player player_id="92190" player_name="Jony">7</Player>
    <Player player_id="80956" player_name="Tomás Pina">1</Player>
    <Player player_id="49370" player_name="Víctor Laguardia">1</Player>
  </Player>
  <Player cross_lost="0" cross_success="0" jersey_num="6" pass_lost="8" pass_success="13" player_id="155335" player_name="Guillermo Maripán" position="Defender" position_id="2" sub_off="88" x="26.39" y="68.31">
    <Player player_id="91406" player_name="Fernando Pacheco">4</Player>
    <Player player_id="55179" player_name="Mubarak Wakaso">1</Player>
    <Player player_id="92190" player_name="Jony">1</Player>
    <Player player_id="49370" player_name="Víctor Laguardia">3</Player>
    <Player player_id="80956" player_name="Tomás Pina">3</Player>
  </Player>
  <Player cross_lost="3" cross_success="0" jersey_num="11" pass_lost="7" pass_success="11" player_id="84471" player_name="Ibai Gómez" position="Forward" position_id="4" sub_off="67" x="44.95" y="28.47">
    <Player player_id="168287" player_name="Jonathan Calleri">1</Player>
    <Player player_id="90728" player_name="Ximo Navarro">3</Player>
    <Player player_id="84700" player_name="Darko Brasanac">1</Player>
    <Player player_id="155335" player_name="Guillermo Maripán">1</Player>
    <Player player_id="49370" player_name="Víctor Laguardia">1</Player>
    <Player player_id="80956" player_name="Tomás Pina">4</Player>
  </Player>
  <Player cross_lost="0" cross_success="0" jersey_num="20" pass_lost="4" pass_success="15" player_id="84700" player_name="Darko Brasanac" position="Midfielder" position_id="3" x="47.64" y="35.13">
    <Player player_id="55378" player_name="Manu García">1</Player>
    <Player player_id="168287" player_name="Jonathan Calleri">1</Player>
    <Player player_id="90728" player_name="Ximo Navarro">5</Player>
    <Player player_id="84471" player_name="Ibai Gómez">1</Player>
    <Player player_id="126119" player_name="Rubén Duarte">1</Player>
    <Player player_id="55179" player_name="Mubarak Wakaso">2</Player>
    <Player player_id="49370" player_name="Víctor Laguardia">1</Player>
    <Player player_id="80956" player_name="Tomás Pina">3</Player>
  </Player>
  <Player cross_lost="1" cross_success="3" jersey_num="23" pass_lost="9" pass_success="14" player_id="92190" player_name="Jony" position="Forward" position_id="4" x="53.23" y="82.19">
    <Player player_id="55378" player_name="Manu García">2</Player>
    <Player cross="1" player_id="112994" player_name="Rubén Sobrino">0</Player>
    <Player cross="1" player_id="168287" player_name="Jonathan Calleri">2</Player>
    <Player player_id="90728" player_name="Ximo Navarro">1</Player>
    <Player player_id="55179" player_name="Mubarak Wakaso">5</Player>
    <Player cross="1" player_id="84471" player_name="Ibai Gómez">1</Player>
    <Player player_id="80956" player_name="Tomás Pina">3</Player>
  </Player>
  <Player cross_lost="0" cross_success="0" jersey_num="8" pass_lost="5" pass_success="37" player_id="80956" player_name="Tomás Pina" position="Midfielder" position_id="3" x="43.35" y="49.79">
    <Player player_id="55378" player_name="Manu García">1</Player>
    <Player player_id="168287" player_name="Jonathan Calleri">4</Player>
    <Player player_id="90728" player_name="Ximo Navarro">3</Player>
    <Player player_id="84700" player_name="Darko Brasanac">6</Player>
    <Player player_id="126119" player_name="Rubén Duarte">2</Player>
    <Player player_id="55179" player_name="Mubarak Wakaso">5</Player>
    <Player player_id="155335" player_name="Guillermo Maripán">3</Player>
    <Player player_id="84471" player_name="Ibai Gómez">2</Player>
    <Player player_id="92190" player_name="Jony">6</Player>
    <Player player_id="49370" player_name="Víctor Laguardia">5</Player>
  </Player>
  <Player cross_lost="0" cross_success="0" jersey_num="5" pass_lost="13" pass_success="21" player_id="49370" player_name="Víctor Laguardia" position="Defender" position_id="2" x="29.71" y="33.72">
    <Player player_id="55378" player_name="Manu García">1</Player>
    <Player player_id="168287" player_name="Jonathan Calleri">4</Player>
    <Player player_id="91406" player_name="Fernando Pacheco">3</Player>
    <Player player_id="90728" player_name="Ximo Navarro">3</Player>
    <Player player_id="84471" player_name="Ibai Gómez">1</Player>
    <Player player_id="155335" player_name="Guillermo Maripán">1</Player>
    <Player player_id="84700" player_name="Darko Brasanac">3</Player>
    <Player player_id="126119" player_name="Rubén Duarte">1</Player>
    <Player player_id="92190" player_name="Jony">2</Player>
    <Player player_id="80956" player_name="Tomás Pina">2</Player>
  </Player>
</SoccerFeed>