﻿<?xml version="1.0" encoding="UTF-8"?>
<!-- Copyright 2001-2018 Opta Sportsdata Ltd. All rights reserved. -->
<!-- PRODUCTION HEADER
     produced on:        valde-jobq-a01.nexus.opta.net
     production time:    20181023T112255,10Z
     production module:  Opta::Feed::XML::Soccer::F27
-->
<SoccerFeed act_minute="94" act_period="2" act_second="0" away_team_id="855" away_team_name="Levante" competition_id="23" competition_name="Spanish La Liga" game_date="2018-10-20 12:00:00" game_id="1009405" home_team_id="186" home_team_name="Real Madrid" season_id="2018" season_name="Season 2018/2019" team_id="186" team_name="Real Madrid">
  <Player cross_lost="1" cross_success="1" jersey_num="24" pass_lost="1" pass_success="34" player_id="182539" player_name="Dani Ceballos" position="Substitute" position_id="5" sub_on="60" x="60.57" y="59.95">
    <Player player_id="17861" player_name="Sergio Ramos">1</Player>
    <Player player_id="61256" player_name="Casemiro">2</Player>
    <Player player_id="107593" player_name="Lucas Vázquez">5</Player>
    <Player player_id="19927" player_name="Karim Benzema">8</Player>
    <Player player_id="90152" player_name="Raphael Varane">4</Player>
    <Player player_id="37055" player_name="Luka Modric">8</Player>
    <Player cross="1" player_id="39563" player_name="Marcelo">6</Player>
  </Player>
  <Player cross_lost="0" cross_success="0" jersey_num="4" pass_lost="3" pass_success="70" player_id="17861" player_name="Sergio Ramos" position="Defender" position_id="2" x="42.44" y="71.95">
    <Player player_id="36903" player_name="Gareth Bale">1</Player>
    <Player player_id="107593" player_name="Lucas Vázquez">1</Player>
    <Player player_id="19927" player_name="Karim Benzema">2</Player>
    <Player player_id="90152" player_name="Raphael Varane">5</Player>
    <Player player_id="182539" player_name="Dani Ceballos">5</Player>
    <Player player_id="80209" player_name="Isco">9</Player>
    <Player player_id="61256" player_name="Casemiro">10</Player>
    <Player player_id="37055" player_name="Luka Modric">7</Player>
    <Player player_id="178347" player_name="Mariano">1</Player>
    <Player player_id="201172" player_name="Álvaro Odriozola">2</Player>
    <Player player_id="39563" player_name="Marcelo">23</Player>
    <Player player_id="60772" player_name="Thibaut Courtois">4</Player>
  </Player>
  <Player cross_lost="2" cross_success="1" jersey_num="11" pass_lost="4" pass_success="11" player_id="36903" player_name="Gareth Bale" position="Substitute" position_id="5" sub_on="45" x="73.87" y="33.86">
    <Player player_id="80209" player_name="Isco">1</Player>
    <Player player_id="61256" player_name="Casemiro">1</Player>
    <Player cross="1" player_id="107593" player_name="Lucas Vázquez">4</Player>
    <Player player_id="19927" player_name="Karim Benzema">2</Player>
    <Player player_id="174292" player_name="Marco Asensio">1</Player>
    <Player player_id="37055" player_name="Luka Modric">1</Player>
    <Player player_id="178347" player_name="Mariano">1</Player>
  </Player>
  <Player cross_lost="4" cross_success="2" jersey_num="22" pass_lost="4" pass_success="48" player_id="80209" player_name="Isco" position="Midfielder" position_id="3" sub_off="60" x="57.47" y="62.21">
    <Player cross="1" player_id="17861" player_name="Sergio Ramos">3</Player>
    <Player player_id="36903" player_name="Gareth Bale">2</Player>
    <Player player_id="107593" player_name="Lucas Vázquez">2</Player>
    <Player player_id="90152" player_name="Raphael Varane">3</Player>
    <Player cross="1" player_id="61256" player_name="Casemiro">3</Player>
    <Player player_id="174292" player_name="Marco Asensio">7</Player>
    <Player player_id="37055" player_name="Luka Modric">6</Player>
    <Player player_id="201172" player_name="Álvaro Odriozola">4</Player>
    <Player player_id="39563" player_name="Marcelo">18</Player>
  </Player>
  <Player cross_lost="3" cross_success="0" jersey_num="14" pass_lost="8" pass_success="58" player_id="61256" player_name="Casemiro" position="Midfielder" position_id="3" x="47.06" y="48.16">
    <Player player_id="17861" player_name="Sergio Ramos">12</Player>
    <Player player_id="36903" player_name="Gareth Bale">1</Player>
    <Player player_id="107593" player_name="Lucas Vázquez">9</Player>
    <Player player_id="19927" player_name="Karim Benzema">1</Player>
    <Player player_id="182539" player_name="Dani Ceballos">4</Player>
    <Player player_id="80209" player_name="Isco">3</Player>
    <Player player_id="174292" player_name="Marco Asensio">4</Player>
    <Player player_id="37055" player_name="Luka Modric">12</Player>
    <Player player_id="178347" player_name="Mariano">2</Player>
    <Player player_id="201172" player_name="Álvaro Odriozola">4</Player>
    <Player player_id="39563" player_name="Marcelo">6</Player>
  </Player>
  <Player cross_lost="6" cross_success="4" jersey_num="17" pass_lost="8" pass_success="52" player_id="107593" player_name="Lucas Vázquez" position="Forward" position_id="4" x="58.92" y="18.78">
    <Player player_id="17861" player_name="Sergio Ramos">1</Player>
    <Player cross="1" player_id="36903" player_name="Gareth Bale">6</Player>
    <Player cross="1" player_id="19927" player_name="Karim Benzema">0</Player>
    <Player player_id="90152" player_name="Raphael Varane">7</Player>
    <Player player_id="182539" player_name="Dani Ceballos">7</Player>
    <Player player_id="80209" player_name="Isco">2</Player>
    <Player cross="1" player_id="61256" player_name="Casemiro">8</Player>
    <Player player_id="174292" player_name="Marco Asensio">1</Player>
    <Player player_id="37055" player_name="Luka Modric">15</Player>
    <Player cross="1" player_id="178347" player_name="Mariano">1</Player>
    <Player player_id="201172" player_name="Álvaro Odriozola">3</Player>
    <Player player_id="60772" player_name="Thibaut Courtois">1</Player>
  </Player>
  <Player cross_lost="0" cross_success="1" jersey_num="9" pass_lost="8" pass_success="8" player_id="19927" player_name="Karim Benzema" position="Substitute" position_id="5" sub_on="60" x="83.26" y="72.98">
    <Player player_id="17861" player_name="Sergio Ramos">1</Player>
    <Player player_id="182539" player_name="Dani Ceballos">1</Player>
    <Player player_id="61256" player_name="Casemiro">1</Player>
    <Player cross="1" player_id="178347" player_name="Mariano">1</Player>
    <Player player_id="37055" player_name="Luka Modric">1</Player>
    <Player player_id="39563" player_name="Marcelo">3</Player>
  </Player>
  <Player cross_lost="4" cross_success="4" jersey_num="20" pass_lost="2" pass_success="20" player_id="174292" player_name="Marco Asensio" position="Forward" position_id="4" sub_off="60" x="67.53" y="79.37">
    <Player player_id="17861" player_name="Sergio Ramos">1</Player>
    <Player player_id="107593" player_name="Lucas Vázquez">1</Player>
    <Player cross="2" player_id="90152" player_name="Raphael Varane">0</Player>
    <Player cross="1" player_id="80209" player_name="Isco">6</Player>
    <Player cross="1" player_id="61256" player_name="Casemiro">1</Player>
    <Player player_id="178347" player_name="Mariano">2</Player>
    <Player player_id="37055" player_name="Luka Modric">2</Player>
    <Player player_id="39563" player_name="Marcelo">7</Player>
  </Player>
  <Player cross_lost="2" cross_success="1" jersey_num="10" pass_lost="7" pass_success="67" player_id="37055" player_name="Luka Modric" position="Midfielder" position_id="3" x="55.79" y="37.47">
    <Player player_id="17861" player_name="Sergio Ramos">5</Player>
    <Player player_id="36903" player_name="Gareth Bale">3</Player>
    <Player player_id="107593" player_name="Lucas Vázquez">16</Player>
    <Player player_id="19927" player_name="Karim Benzema">2</Player>
    <Player player_id="90152" player_name="Raphael Varane">4</Player>
    <Player player_id="182539" player_name="Dani Ceballos">8</Player>
    <Player player_id="80209" player_name="Isco">4</Player>
    <Player player_id="61256" player_name="Casemiro">7</Player>
    <Player player_id="174292" player_name="Marco Asensio">2</Player>
    <Player cross="1" player_id="178347" player_name="Mariano">3</Player>
    <Player player_id="201172" player_name="Álvaro Odriozola">6</Player>
    <Player player_id="39563" player_name="Marcelo">7</Player>
  </Player>
  <Player cross_lost="0" cross_success="0" jersey_num="5" pass_lost="2" pass_success="49" player_id="90152" player_name="Raphael Varane" position="Defender" position_id="2" x="36.04" y="31.75">
    <Player player_id="182539" player_name="Dani Ceballos">2</Player>
    <Player player_id="17861" player_name="Sergio Ramos">13</Player>
    <Player player_id="36903" player_name="Gareth Bale">2</Player>
    <Player player_id="80209" player_name="Isco">3</Player>
    <Player player_id="61256" player_name="Casemiro">2</Player>
    <Player player_id="107593" player_name="Lucas Vázquez">11</Player>
    <Player player_id="37055" player_name="Luka Modric">3</Player>
    <Player player_id="201172" player_name="Álvaro Odriozola">9</Player>
    <Player player_id="39563" player_name="Marcelo">1</Player>
    <Player player_id="60772" player_name="Thibaut Courtois">3</Player>
  </Player>
  <Player cross_lost="0" cross_success="0" jersey_num="7" pass_lost="1" pass_success="16" player_id="178347" player_name="Mariano" position="Forward" position_id="4" x="77.37" y="47.02">
    <Player player_id="182539" player_name="Dani Ceballos">1</Player>
    <Player player_id="36903" player_name="Gareth Bale">2</Player>
    <Player player_id="80209" player_name="Isco">4</Player>
    <Player player_id="107593" player_name="Lucas Vázquez">2</Player>
    <Player player_id="19927" player_name="Karim Benzema">1</Player>
    <Player player_id="37055" player_name="Luka Modric">5</Player>
  </Player>
  <Player cross_lost="4" cross_success="0" jersey_num="19" pass_lost="2" pass_success="33" player_id="201172" player_name="Álvaro Odriozola" position="Defender" position_id="2" sub_off="45" x="50.88" y="13.86">
    <Player player_id="107593" player_name="Lucas Vázquez">9</Player>
    <Player player_id="90152" player_name="Raphael Varane">8</Player>
    <Player player_id="80209" player_name="Isco">2</Player>
    <Player player_id="61256" player_name="Casemiro">4</Player>
    <Player player_id="174292" player_name="Marco Asensio">1</Player>
    <Player player_id="37055" player_name="Luka Modric">6</Player>
    <Player player_id="178347" player_name="Mariano">1</Player>
    <Player player_id="60772" player_name="Thibaut Courtois">1</Player>
    <Player player_id="39563" player_name="Marcelo">1</Player>
  </Player>
  <Player cross_lost="0" cross_success="0" jersey_num="25" pass_lost="2" pass_success="16" player_id="60772" player_name="Thibaut Courtois" position="Goalkeeper" position_id="1" x="10.05" y="51.33">
    <Player player_id="17861" player_name="Sergio Ramos">4</Player>
    <Player player_id="61256" player_name="Casemiro">3</Player>
    <Player player_id="37055" player_name="Luka Modric">1</Player>
    <Player player_id="90152" player_name="Raphael Varane">5</Player>
    <Player player_id="201172" player_name="Álvaro Odriozola">2</Player>
  </Player>
  <Player cross_lost="8" cross_success="4" jersey_num="12" pass_lost="10" pass_success="63" player_id="39563" player_name="Marcelo" position="Defender" position_id="2" x="63.18" y="82.95">
    <Player player_id="17861" player_name="Sergio Ramos">11</Player>
    <Player player_id="36903" player_name="Gareth Bale">3</Player>
    <Player player_id="19927" player_name="Karim Benzema">4</Player>
    <Player cross="1" player_id="90152" player_name="Raphael Varane">0</Player>
    <Player player_id="182539" player_name="Dani Ceballos">6</Player>
    <Player player_id="80209" player_name="Isco">19</Player>
    <Player cross="1" player_id="61256" player_name="Casemiro">4</Player>
    <Player player_id="174292" player_name="Marco Asensio">12</Player>
    <Player player_id="37055" player_name="Luka Modric">1</Player>
    <Player cross="1" player_id="178347" player_name="Mariano">0</Player>
    <Player cross="1" player_id="201172" player_name="Álvaro Odriozola">2</Player>
    <Player player_id="60772" player_name="Thibaut Courtois">1</Player>
  </Player>
</SoccerFeed>