﻿<?xml version="1.0" encoding="UTF-8"?>
<!-- Copyright 2001-2019 Opta Sportsdata Ltd. All rights reserved. -->
<!-- PRODUCTION HEADER
     produced on:        valde-jobq-a02.nexus.opta.net
     production time:    20190104T181428,849Z
     production module:  Opta::Feed::XML::Soccer::F27
-->
<SoccerFeed act_minute="93" act_period="2" act_second="18" away_team_id="186" away_team_name="Real Madrid" competition_id="23" competition_name="Spanish La Liga" game_date="2019-01-03 20:30:00" game_id="1009485" home_team_id="449" home_team_name="Villarreal" season_id="2018" season_name="Season 2018/2019" team_id="186" team_name="Real Madrid">
  <Player cross_lost="0" cross_success="0" jersey_num="4" pass_lost="6" pass_success="67" player_id="17861" player_name="Sergio Ramos" position="Defender" position_id="2" x="32.32" y="71.90">
    <Player player_id="223255" player_name="Federico Valverde">2</Player>
    <Player player_id="44989" player_name="Toni Kroos">18</Player>
    <Player player_id="80209" player_name="Isco">2</Player>
    <Player player_id="88483" player_name="Daniel Carvajal">1</Player>
    <Player player_id="36903" player_name="Gareth Bale">4</Player>
    <Player player_id="61256" player_name="Casemiro">3</Player>
    <Player player_id="107593" player_name="Lucas Vázquez">3</Player>
    <Player player_id="19927" player_name="Karim Benzema">2</Player>
    <Player player_id="90152" player_name="Raphael Varane">9</Player>
    <Player player_id="37055" player_name="Luka Modric">2</Player>
    <Player player_id="60772" player_name="Thibaut Courtois">3</Player>
    <Player player_id="39563" player_name="Marcelo">18</Player>
  </Player>
  <Player cross_lost="0" cross_success="0" jersey_num="15" pass_lost="1" pass_success="20" player_id="223255" player_name="Federico Valverde" position="Substitute" position_id="5" sub_on="64" x="53.35" y="37.26">
    <Player player_id="17861" player_name="Sergio Ramos">2</Player>
    <Player player_id="44989" player_name="Toni Kroos">1</Player>
    <Player player_id="88483" player_name="Daniel Carvajal">2</Player>
    <Player player_id="80209" player_name="Isco">4</Player>
    <Player player_id="61256" player_name="Casemiro">1</Player>
    <Player player_id="107593" player_name="Lucas Vázquez">4</Player>
    <Player player_id="19927" player_name="Karim Benzema">2</Player>
    <Player player_id="90152" player_name="Raphael Varane">3</Player>
    <Player player_id="39563" player_name="Marcelo">1</Player>
  </Player>
  <Player cross_lost="3" cross_success="1" jersey_num="8" pass_lost="6" pass_success="84" player_id="44989" player_name="Toni Kroos" position="Midfielder" position_id="3" sub_off="86" x="44.46" y="72.73">
    <Player player_id="17861" player_name="Sergio Ramos">10</Player>
    <Player player_id="88483" player_name="Daniel Carvajal">5</Player>
    <Player player_id="36903" player_name="Gareth Bale">2</Player>
    <Player player_id="107593" player_name="Lucas Vázquez">3</Player>
    <Player player_id="19927" player_name="Karim Benzema">4</Player>
    <Player cross="1" player_id="90152" player_name="Raphael Varane">3</Player>
    <Player player_id="223255" player_name="Federico Valverde">4</Player>
    <Player player_id="80209" player_name="Isco">10</Player>
    <Player player_id="61256" player_name="Casemiro">13</Player>
    <Player player_id="37055" player_name="Luka Modric">10</Player>
    <Player player_id="60772" player_name="Thibaut Courtois">1</Player>
    <Player player_id="39563" player_name="Marcelo">19</Player>
  </Player>
  <Player cross_lost="1" cross_success="0" jersey_num="22" pass_lost="3" pass_success="28" player_id="80209" player_name="Isco" position="Substitute" position_id="5" sub_on="45" x="53.79" y="66.01">
    <Player player_id="17861" player_name="Sergio Ramos">2</Player>
    <Player player_id="44989" player_name="Toni Kroos">10</Player>
    <Player player_id="61256" player_name="Casemiro">3</Player>
    <Player player_id="107593" player_name="Lucas Vázquez">1</Player>
    <Player player_id="19927" player_name="Karim Benzema">3</Player>
    <Player player_id="90152" player_name="Raphael Varane">3</Player>
    <Player player_id="39563" player_name="Marcelo">6</Player>
  </Player>
  <Player cross_lost="2" cross_success="0" jersey_num="11" pass_lost="4" pass_success="14" player_id="36903" player_name="Gareth Bale" position="Forward" position_id="4" sub_off="45" x="61.29" y="80.58">
    <Player player_id="88483" player_name="Daniel Carvajal">1</Player>
    <Player player_id="107593" player_name="Lucas Vázquez">1</Player>
    <Player player_id="19927" player_name="Karim Benzema">1</Player>
    <Player player_id="90152" player_name="Raphael Varane">1</Player>
    <Player player_id="37055" player_name="Luka Modric">1</Player>
    <Player player_id="39563" player_name="Marcelo">9</Player>
  </Player>
  <Player cross_lost="1" cross_success="0" jersey_num="2" pass_lost="11" pass_success="56" player_id="88483" player_name="Daniel Carvajal" position="Defender" position_id="2" x="47.18" y="15.22">
    <Player player_id="17861" player_name="Sergio Ramos">2</Player>
    <Player player_id="44989" player_name="Toni Kroos">1</Player>
    <Player player_id="36903" player_name="Gareth Bale">1</Player>
    <Player player_id="107593" player_name="Lucas Vázquez">23</Player>
    <Player player_id="19927" player_name="Karim Benzema">4</Player>
    <Player player_id="90152" player_name="Raphael Varane">7</Player>
    <Player player_id="223255" player_name="Federico Valverde">2</Player>
    <Player player_id="80209" player_name="Isco">1</Player>
    <Player player_id="61256" player_name="Casemiro">8</Player>
    <Player player_id="37055" player_name="Luka Modric">5</Player>
    <Player player_id="60772" player_name="Thibaut Courtois">2</Player>
  </Player>
  <Player cross_lost="0" cross_success="0" jersey_num="14" pass_lost="3" pass_success="49" player_id="61256" player_name="Casemiro" position="Midfielder" position_id="3" x="35.25" y="48.28">
    <Player player_id="17861" player_name="Sergio Ramos">8</Player>
    <Player player_id="223255" player_name="Federico Valverde">4</Player>
    <Player player_id="44989" player_name="Toni Kroos">13</Player>
    <Player player_id="80209" player_name="Isco">4</Player>
    <Player player_id="88483" player_name="Daniel Carvajal">2</Player>
    <Player player_id="36903" player_name="Gareth Bale">1</Player>
    <Player player_id="19927" player_name="Karim Benzema">1</Player>
    <Player player_id="37055" player_name="Luka Modric">2</Player>
    <Player player_id="90152" player_name="Raphael Varane">10</Player>
    <Player player_id="39563" player_name="Marcelo">4</Player>
  </Player>
  <Player cross_lost="1" cross_success="0" jersey_num="17" pass_lost="4" pass_success="43" player_id="107593" player_name="Lucas Vázquez" position="Forward" position_id="4" x="58.66" y="21.88">
    <Player player_id="223255" player_name="Federico Valverde">1</Player>
    <Player player_id="44989" player_name="Toni Kroos">5</Player>
    <Player player_id="80209" player_name="Isco">1</Player>
    <Player player_id="88483" player_name="Daniel Carvajal">17</Player>
    <Player player_id="61256" player_name="Casemiro">5</Player>
    <Player player_id="19927" player_name="Karim Benzema">5</Player>
    <Player player_id="37055" player_name="Luka Modric">3</Player>
    <Player player_id="90152" player_name="Raphael Varane">6</Player>
  </Player>
  <Player cross_lost="0" cross_success="0" jersey_num="9" pass_lost="9" pass_success="32" player_id="19927" player_name="Karim Benzema" position="Forward" position_id="4" x="61.53" y="55.17">
    <Player player_id="17861" player_name="Sergio Ramos">1</Player>
    <Player player_id="223255" player_name="Federico Valverde">1</Player>
    <Player player_id="44989" player_name="Toni Kroos">3</Player>
    <Player player_id="80209" player_name="Isco">1</Player>
    <Player player_id="88483" player_name="Daniel Carvajal">5</Player>
    <Player player_id="61256" player_name="Casemiro">1</Player>
    <Player player_id="107593" player_name="Lucas Vázquez">7</Player>
    <Player player_id="90152" player_name="Raphael Varane">2</Player>
    <Player player_id="37055" player_name="Luka Modric">3</Player>
    <Player player_id="39563" player_name="Marcelo">7</Player>
  </Player>
  <Player cross_lost="0" cross_success="0" jersey_num="10" pass_lost="2" pass_success="33" player_id="37055" player_name="Luka Modric" position="Midfielder" position_id="3" sub_off="64" x="42.72" y="39.00">
    <Player player_id="17861" player_name="Sergio Ramos">4</Player>
    <Player player_id="44989" player_name="Toni Kroos">3</Player>
    <Player player_id="88483" player_name="Daniel Carvajal">6</Player>
    <Player player_id="61256" player_name="Casemiro">5</Player>
    <Player player_id="107593" player_name="Lucas Vázquez">4</Player>
    <Player player_id="19927" player_name="Karim Benzema">7</Player>
    <Player player_id="90152" player_name="Raphael Varane">3</Player>
    <Player player_id="39563" player_name="Marcelo">1</Player>
  </Player>
  <Player cross_lost="0" cross_success="0" jersey_num="5" pass_lost="7" pass_success="53" player_id="90152" player_name="Raphael Varane" position="Defender" position_id="2" x="32.75" y="32.42">
    <Player player_id="17861" player_name="Sergio Ramos">12</Player>
    <Player player_id="223255" player_name="Federico Valverde">3</Player>
    <Player player_id="44989" player_name="Toni Kroos">1</Player>
    <Player player_id="88483" player_name="Daniel Carvajal">17</Player>
    <Player player_id="61256" player_name="Casemiro">6</Player>
    <Player player_id="107593" player_name="Lucas Vázquez">6</Player>
    <Player player_id="19927" player_name="Karim Benzema">1</Player>
    <Player player_id="37055" player_name="Luka Modric">2</Player>
    <Player player_id="39563" player_name="Marcelo">1</Player>
    <Player player_id="60772" player_name="Thibaut Courtois">4</Player>
  </Player>
  <Player cross_lost="0" cross_success="0" jersey_num="28" pass_lost="1" pass_success="0" player_id="246333" player_name="Vinícius Júnior" position="Substitute" position_id="5" sub_on="86" x="59.30" y="85.40" />
  <Player cross_lost="0" cross_success="0" jersey_num="25" pass_lost="8" pass_success="25" player_id="60772" player_name="Thibaut Courtois" position="Goalkeeper" position_id="1" x="6.25" y="51.09">
    <Player player_id="17861" player_name="Sergio Ramos">6</Player>
    <Player player_id="44989" player_name="Toni Kroos">4</Player>
    <Player player_id="88483" player_name="Daniel Carvajal">1</Player>
    <Player player_id="80209" player_name="Isco">2</Player>
    <Player player_id="61256" player_name="Casemiro">1</Player>
    <Player player_id="19927" player_name="Karim Benzema">2</Player>
    <Player player_id="90152" player_name="Raphael Varane">5</Player>
    <Player player_id="246333" player_name="Vinícius Júnior">1</Player>
    <Player player_id="39563" player_name="Marcelo">3</Player>
  </Player>
  <Player cross_lost="2" cross_success="0" jersey_num="12" pass_lost="7" pass_success="60" player_id="39563" player_name="Marcelo" position="Defender" position_id="2" x="46.81" y="87.15">
    <Player player_id="17861" player_name="Sergio Ramos">10</Player>
    <Player player_id="44989" player_name="Toni Kroos">15</Player>
    <Player player_id="88483" player_name="Daniel Carvajal">1</Player>
    <Player player_id="36903" player_name="Gareth Bale">9</Player>
    <Player player_id="107593" player_name="Lucas Vázquez">1</Player>
    <Player player_id="19927" player_name="Karim Benzema">7</Player>
    <Player player_id="90152" player_name="Raphael Varane">1</Player>
    <Player player_id="223255" player_name="Federico Valverde">2</Player>
    <Player player_id="80209" player_name="Isco">9</Player>
    <Player player_id="61256" player_name="Casemiro">1</Player>
    <Player player_id="37055" player_name="Luka Modric">3</Player>
    <Player player_id="60772" player_name="Thibaut Courtois">1</Player>
  </Player>
</SoccerFeed>