﻿<?xml version="1.0" encoding="UTF-8"?>
<!-- Copyright 2001-2019 Opta Sportsdata Ltd. All rights reserved. -->
<!-- PRODUCTION HEADER
     produced on:        valde-jobq-a04.nexus.opta.net
     production time:    20190115T174621,314Z
     production module:  Opta::Feed::XML::Soccer::F27
-->
<SoccerFeed act_minute="96" act_period="2" act_second="28" away_team_id="2894" away_team_name="Huesca" competition_id="23" competition_name="Spanish La Liga" game_date="2019-01-12 12:00:00" game_id="1009505" home_team_id="957" home_team_name="Leganés" season_id="2018" season_name="Season 2018/2019" team_id="957" team_name="Leganés">
  <Player cross_lost="0" cross_success="0" jersey_num="25" pass_lost="0" pass_success="1" player_id="68690" player_name="Martin Braithwaite" position="Substitute" position_id="5" sub_on="64" x="65.55" y="70.77">
    <Player player_id="197326" player_name="Mikel Vesga">1</Player>
  </Player>
  <Player cross_lost="1" cross_success="0" jersey_num="23" pass_lost="7" pass_success="34" player_id="197326" player_name="Mikel Vesga" position="Midfielder" position_id="3" x="56.67" y="60.64">
    <Player player_id="234991" player_name="Youssef En-Nesyri">1</Player>
    <Player player_id="67527" player_name="Allan Nyom">1</Player>
    <Player player_id="59945" player_name="Rubén Pérez">9</Player>
    <Player player_id="53020" player_name="Dimitrios Siovas">4</Player>
    <Player player_id="223757" player_name="Óscar Rodríguez">5</Player>
    <Player player_id="112540" player_name="Unai Bustinza">1</Player>
    <Player player_id="40380" player_name="Nabil El Zhar">1</Player>
    <Player player_id="116132" player_name="Jonathan Silva">9</Player>
    <Player player_id="112991" player_name="Kenneth Omeruo">1</Player>
    <Player player_id="98914" player_name="Guido Carrillo">2</Player>
  </Player>
  <Player cross_lost="0" cross_success="0" jersey_num="1" pass_lost="18" pass_success="11" player_id="16261" player_name="Iván Cuéllar" position="Goalkeeper" position_id="1" x="10.20" y="56.03">
    <Player player_id="68690" player_name="Martin Braithwaite">2</Player>
    <Player player_id="197326" player_name="Mikel Vesga">1</Player>
    <Player player_id="234991" player_name="Youssef En-Nesyri">2</Player>
    <Player player_id="223757" player_name="Óscar Rodríguez">1</Player>
    <Player player_id="67527" player_name="Allan Nyom">1</Player>
    <Player player_id="53020" player_name="Dimitrios Siovas">1</Player>
    <Player player_id="98914" player_name="Guido Carrillo">2</Player>
  </Player>
  <Player cross_lost="0" cross_success="0" jersey_num="26" pass_lost="10" pass_success="12" player_id="234991" player_name="Youssef En-Nesyri" position="Forward" position_id="4" sub_off="90+4" x="62.70" y="65.83">
    <Player player_id="68690" player_name="Martin Braithwaite">2</Player>
    <Player player_id="197326" player_name="Mikel Vesga">2</Player>
    <Player player_id="223757" player_name="Óscar Rodríguez">2</Player>
    <Player player_id="59945" player_name="Rubén Pérez">3</Player>
    <Player player_id="53020" player_name="Dimitrios Siovas">1</Player>
    <Player player_id="98914" player_name="Guido Carrillo">2</Player>
  </Player>
  <Player cross_lost="0" cross_success="0" jersey_num="8" pass_lost="1" pass_success="0" player_id="91338" player_name="Recio" position="Substitute" position_id="5" sub_on="90+4" x="26.10" y="57.00" />
  <Player cross_lost="6" cross_success="3" jersey_num="27" pass_lost="9" pass_success="24" player_id="223757" player_name="Óscar Rodríguez" position="Midfielder" position_id="3" sub_off="77" x="61.59" y="41.08">
    <Player player_id="197326" player_name="Mikel Vesga">4</Player>
    <Player player_id="234991" player_name="Youssef En-Nesyri">1</Player>
    <Player player_id="67527" player_name="Allan Nyom">5</Player>
    <Player player_id="59945" player_name="Rubén Pérez">5</Player>
    <Player player_id="16261" player_name="Iván Cuéllar">1</Player>
    <Player player_id="112540" player_name="Unai Bustinza">3</Player>
    <Player player_id="116132" player_name="Jonathan Silva">4</Player>
    <Player player_id="112991" player_name="Kenneth Omeruo">1</Player>
    <Player cross="3" player_id="98914" player_name="Guido Carrillo">0</Player>
  </Player>
  <Player cross_lost="0" cross_success="1" jersey_num="12" pass_lost="4" pass_success="26" player_id="67527" player_name="Allan Nyom" position="Defender" position_id="2" x="42.45" y="14.46">
    <Player player_id="197326" player_name="Mikel Vesga">4</Player>
    <Player player_id="223757" player_name="Óscar Rodríguez">6</Player>
    <Player player_id="59945" player_name="Rubén Pérez">4</Player>
    <Player player_id="112540" player_name="Unai Bustinza">6</Player>
    <Player player_id="40380" player_name="Nabil El Zhar">5</Player>
    <Player cross="1" player_id="98914" player_name="Guido Carrillo">1</Player>
  </Player>
  <Player cross_lost="0" cross_success="1" jersey_num="21" pass_lost="9" pass_success="47" player_id="59945" player_name="Rubén Pérez" position="Midfielder" position_id="3" x="46.40" y="53.54">
    <Player player_id="197326" player_name="Mikel Vesga">1</Player>
    <Player cross="1" player_id="234991" player_name="Youssef En-Nesyri">4</Player>
    <Player player_id="67527" player_name="Allan Nyom">5</Player>
    <Player player_id="53020" player_name="Dimitrios Siovas">4</Player>
    <Player player_id="16261" player_name="Iván Cuéllar">1</Player>
    <Player player_id="223757" player_name="Óscar Rodríguez">6</Player>
    <Player player_id="112540" player_name="Unai Bustinza">4</Player>
    <Player player_id="40380" player_name="Nabil El Zhar">3</Player>
    <Player player_id="116132" player_name="Jonathan Silva">10</Player>
    <Player player_id="112991" player_name="Kenneth Omeruo">6</Player>
    <Player player_id="98914" player_name="Guido Carrillo">3</Player>
  </Player>
  <Player cross_lost="0" cross_success="0" jersey_num="3" pass_lost="8" pass_success="25" player_id="112540" player_name="Unai Bustinza" position="Defender" position_id="2" x="41.83" y="24.70">
    <Player player_id="197326" player_name="Mikel Vesga">3</Player>
    <Player player_id="16261" player_name="Iván Cuéllar">1</Player>
    <Player player_id="234991" player_name="Youssef En-Nesyri">1</Player>
    <Player player_id="91338" player_name="Recio">1</Player>
    <Player player_id="67527" player_name="Allan Nyom">6</Player>
    <Player player_id="223757" player_name="Óscar Rodríguez">2</Player>
    <Player player_id="59945" player_name="Rubén Pérez">6</Player>
    <Player player_id="53020" player_name="Dimitrios Siovas">1</Player>
    <Player player_id="112991" player_name="Kenneth Omeruo">3</Player>
    <Player player_id="98914" player_name="Guido Carrillo">1</Player>
  </Player>
  <Player cross_lost="1" cross_success="1" jersey_num="10" pass_lost="1" pass_success="5" player_id="40380" player_name="Nabil El Zhar" position="Substitute" position_id="5" sub_on="77" x="60.71" y="34.34">
    <Player player_id="197326" player_name="Mikel Vesga">2</Player>
    <Player player_id="67527" player_name="Allan Nyom">2</Player>
    <Player cross="1" player_id="112540" player_name="Unai Bustinza">0</Player>
    <Player player_id="112991" player_name="Kenneth Omeruo">1</Player>
  </Player>
  <Player cross_lost="0" cross_success="0" jersey_num="22" pass_lost="11" pass_success="39" player_id="53020" player_name="Dimitrios Siovas" position="Defender" position_id="2" x="35.58" y="76.76">
    <Player player_id="68690" player_name="Martin Braithwaite">1</Player>
    <Player player_id="197326" player_name="Mikel Vesga">3</Player>
    <Player player_id="16261" player_name="Iván Cuéllar">4</Player>
    <Player player_id="234991" player_name="Youssef En-Nesyri">8</Player>
    <Player player_id="59945" player_name="Rubén Pérez">4</Player>
    <Player player_id="116132" player_name="Jonathan Silva">5</Player>
    <Player player_id="112991" player_name="Kenneth Omeruo">9</Player>
    <Player player_id="98914" player_name="Guido Carrillo">5</Player>
  </Player>
  <Player cross_lost="4" cross_success="1" jersey_num="5" pass_lost="13" pass_success="24" player_id="116132" player_name="Jonathan Silva" position="Defender" position_id="2" x="52.28" y="87.54">
    <Player player_id="68690" player_name="Martin Braithwaite">1</Player>
    <Player player_id="197326" player_name="Mikel Vesga">6</Player>
    <Player player_id="16261" player_name="Iván Cuéllar">1</Player>
    <Player cross="1" player_id="234991" player_name="Youssef En-Nesyri">2</Player>
    <Player player_id="223757" player_name="Óscar Rodríguez">2</Player>
    <Player player_id="59945" player_name="Rubén Pérez">3</Player>
    <Player player_id="53020" player_name="Dimitrios Siovas">5</Player>
    <Player player_id="98914" player_name="Guido Carrillo">4</Player>
  </Player>
  <Player cross_lost="0" cross_success="0" jersey_num="24" pass_lost="7" pass_success="29" player_id="112991" player_name="Kenneth Omeruo" position="Defender" position_id="2" x="35.14" y="50.05">
    <Player player_id="197326" player_name="Mikel Vesga">5</Player>
    <Player player_id="16261" player_name="Iván Cuéllar">2</Player>
    <Player player_id="223757" player_name="Óscar Rodríguez">3</Player>
    <Player player_id="59945" player_name="Rubén Pérez">7</Player>
    <Player player_id="112540" player_name="Unai Bustinza">4</Player>
    <Player player_id="53020" player_name="Dimitrios Siovas">7</Player>
    <Player player_id="116132" player_name="Jonathan Silva">1</Player>
  </Player>
  <Player cross_lost="0" cross_success="0" jersey_num="9" pass_lost="7" pass_success="18" player_id="98914" player_name="Guido Carrillo" position="Forward" position_id="4" sub_off="64" x="64.87" y="69.41">
    <Player player_id="197326" player_name="Mikel Vesga">2</Player>
    <Player player_id="234991" player_name="Youssef En-Nesyri">2</Player>
    <Player player_id="67527" player_name="Allan Nyom">3</Player>
    <Player player_id="223757" player_name="Óscar Rodríguez">2</Player>
    <Player player_id="59945" player_name="Rubén Pérez">2</Player>
    <Player player_id="112540" player_name="Unai Bustinza">2</Player>
    <Player player_id="53020" player_name="Dimitrios Siovas">1</Player>
    <Player player_id="116132" player_name="Jonathan Silva">4</Player>
  </Player>
</SoccerFeed>