﻿<?xml version="1.0" encoding="UTF-8"?>
<!-- Copyright 2001-2019 Opta Sportsdata Ltd. All rights reserved. -->
<!-- PRODUCTION HEADER
     produced on:        valde-jobq-a02.nexus.opta.net
     production time:    20190102T170232,913Z
     production module:  Opta::Feed::XML::Soccer::F27
-->
<SoccerFeed act_minute="93" act_period="2" act_second="38" away_team_id="192" away_team_name="Real Valladolid" competition_id="23" competition_name="Spanish La Liga" game_date="2018-12-22 19:45:00" game_id="1009476" home_team_id="174" home_team_name="Athletic Club" season_id="2018" season_name="Season 2018/2019" team_id="174" team_name="Athletic Club">
  <Player cross_lost="2" cross_success="1" jersey_num="7" pass_lost="3" pass_success="41" player_id="38394" player_name="Beñat Etxebarria" position="Midfielder" position_id="3" sub_off="76" x="52.04" y="55.47">
    <Player player_id="140264" player_name="Dani García">8</Player>
    <Player player_id="215684" player_name="Iñigo Córdoba">2</Player>
    <Player cross="1" player_id="42670" player_name="Yuri">5</Player>
    <Player player_id="197334" player_name="Iñaki Williams">1</Player>
    <Player player_id="14464" player_name="Aritz Aduriz">1</Player>
    <Player player_id="140266" player_name="Ander Capa">7</Player>
    <Player player_id="89292" player_name="Iago Herrerín">1</Player>
    <Player player_id="90318" player_name="Íñigo Martínez">6</Player>
    <Player player_id="18498" player_name="Raúl García">2</Player>
    <Player player_id="197319" player_name="Yeray Álvarez">2</Player>
    <Player player_id="76012" player_name="Iker Muniain">6</Player>
  </Player>
  <Player cross_lost="0" cross_success="0" jersey_num="30" pass_lost="0" pass_success="0" player_id="220182" player_name="Gorka Guruzeta" position="Substitute" position_id="5" sub_on="85" x="67.17" y="58.67" />
  <Player cross_lost="0" cross_success="0" jersey_num="16" pass_lost="9" pass_success="35" player_id="140264" player_name="Dani García" position="Midfielder" position_id="3" x="41.65" y="46.42">
    <Player player_id="140264" player_name="Dani García">1</Player>
    <Player player_id="42670" player_name="Yuri">5</Player>
    <Player player_id="197334" player_name="Iñaki Williams">2</Player>
    <Player player_id="14464" player_name="Aritz Aduriz">2</Player>
    <Player player_id="140266" player_name="Ander Capa">4</Player>
    <Player player_id="89292" player_name="Iago Herrerín">2</Player>
    <Player player_id="38394" player_name="Beñat Etxebarria">7</Player>
    <Player player_id="90318" player_name="Íñigo Martínez">4</Player>
    <Player player_id="18498" player_name="Raúl García">2</Player>
    <Player player_id="197319" player_name="Yeray Álvarez">5</Player>
    <Player player_id="76012" player_name="Iker Muniain">1</Player>
  </Player>
  <Player cross_lost="0" cross_success="0" jersey_num="6" pass_lost="2" pass_success="3" player_id="42995" player_name="Mikel San José" position="Substitute" position_id="5" sub_on="76" x="38.86" y="64.26">
    <Player player_id="14464" player_name="Aritz Aduriz">1</Player>
    <Player player_id="215684" player_name="Iñigo Córdoba">1</Player>
    <Player player_id="197319" player_name="Yeray Álvarez">1</Player>
  </Player>
  <Player cross_lost="2" cross_success="0" jersey_num="22" pass_lost="14" pass_success="12" player_id="18498" player_name="Raúl García" position="Midfielder" position_id="3" sub_off="85" x="57.81" y="50.87">
    <Player player_id="90318" player_name="Íñigo Martínez">1</Player>
    <Player player_id="42670" player_name="Yuri">1</Player>
    <Player player_id="197319" player_name="Yeray Álvarez">1</Player>
    <Player player_id="197334" player_name="Iñaki Williams">4</Player>
    <Player player_id="14464" player_name="Aritz Aduriz">3</Player>
    <Player player_id="140266" player_name="Ander Capa">2</Player>
  </Player>
  <Player cross_lost="0" cross_success="0" jersey_num="4" pass_lost="10" pass_success="33" player_id="90318" player_name="Íñigo Martínez" position="Defender" position_id="2" x="38.56" y="71.29">
    <Player player_id="38394" player_name="Beñat Etxebarria">4</Player>
    <Player player_id="140264" player_name="Dani García">4</Player>
    <Player player_id="18498" player_name="Raúl García">4</Player>
    <Player player_id="215684" player_name="Iñigo Córdoba">1</Player>
    <Player player_id="42670" player_name="Yuri">9</Player>
    <Player player_id="197319" player_name="Yeray Álvarez">3</Player>
    <Player player_id="197334" player_name="Iñaki Williams">2</Player>
    <Player player_id="14464" player_name="Aritz Aduriz">1</Player>
    <Player player_id="76012" player_name="Iker Muniain">3</Player>
    <Player player_id="89292" player_name="Iago Herrerín">2</Player>
  </Player>
  <Player cross_lost="0" cross_success="0" jersey_num="11" pass_lost="5" pass_success="6" player_id="215684" player_name="Iñigo Córdoba" position="Substitute" position_id="5" sub_on="67" x="51.57" y="84.17">
    <Player player_id="140264" player_name="Dani García">1</Player>
    <Player player_id="90318" player_name="Íñigo Martínez">1</Player>
    <Player player_id="42670" player_name="Yuri">4</Player>
  </Player>
  <Player cross_lost="2" cross_success="1" jersey_num="12" pass_lost="15" pass_success="34" player_id="42670" player_name="Yuri" position="Defender" position_id="2" x="48.92" y="83.11">
    <Player player_id="140264" player_name="Dani García">1</Player>
    <Player player_id="215684" player_name="Iñigo Córdoba">5</Player>
    <Player player_id="14464" player_name="Aritz Aduriz">2</Player>
    <Player cross="1" player_id="140266" player_name="Ander Capa">0</Player>
    <Player player_id="89292" player_name="Iago Herrerín">2</Player>
    <Player player_id="38394" player_name="Beñat Etxebarria">7</Player>
    <Player player_id="90318" player_name="Íñigo Martínez">4</Player>
    <Player player_id="18498" player_name="Raúl García">3</Player>
    <Player player_id="76012" player_name="Iker Muniain">10</Player>
  </Player>
  <Player cross_lost="0" cross_success="0" jersey_num="5" pass_lost="3" pass_success="33" player_id="197319" player_name="Yeray Álvarez" position="Defender" position_id="2" x="37.83" y="27.73">
    <Player player_id="38394" player_name="Beñat Etxebarria">6</Player>
    <Player player_id="140264" player_name="Dani García">6</Player>
    <Player player_id="18498" player_name="Raúl García">4</Player>
    <Player player_id="90318" player_name="Íñigo Martínez">8</Player>
    <Player player_id="42670" player_name="Yuri">1</Player>
    <Player player_id="197334" player_name="Iñaki Williams">2</Player>
    <Player player_id="140266" player_name="Ander Capa">4</Player>
    <Player player_id="89292" player_name="Iago Herrerín">2</Player>
  </Player>
  <Player cross_lost="1" cross_success="0" jersey_num="9" pass_lost="2" pass_success="8" player_id="197334" player_name="Iñaki Williams" position="Midfielder" position_id="3" x="70.80" y="20.96">
    <Player player_id="38394" player_name="Beñat Etxebarria">2</Player>
    <Player player_id="140264" player_name="Dani García">1</Player>
    <Player player_id="18498" player_name="Raúl García">1</Player>
    <Player player_id="197319" player_name="Yeray Álvarez">1</Player>
    <Player player_id="140266" player_name="Ander Capa">2</Player>
    <Player player_id="76012" player_name="Iker Muniain">1</Player>
  </Player>
  <Player cross_lost="1" cross_success="0" jersey_num="20" pass_lost="7" pass_success="14" player_id="14464" player_name="Aritz Aduriz" position="Forward" position_id="4" x="66.15" y="59.17">
    <Player player_id="38394" player_name="Beñat Etxebarria">1</Player>
    <Player player_id="140264" player_name="Dani García">1</Player>
    <Player player_id="42995" player_name="Mikel San José">1</Player>
    <Player player_id="18498" player_name="Raúl García">3</Player>
    <Player player_id="215684" player_name="Iñigo Córdoba">1</Player>
    <Player player_id="42670" player_name="Yuri">2</Player>
    <Player player_id="140266" player_name="Ander Capa">4</Player>
    <Player player_id="76012" player_name="Iker Muniain">1</Player>
  </Player>
  <Player cross_lost="2" cross_success="1" jersey_num="21" pass_lost="8" pass_success="18" player_id="140266" player_name="Ander Capa" position="Defender" position_id="2" x="54.89" y="16.18">
    <Player player_id="38394" player_name="Beñat Etxebarria">2</Player>
    <Player player_id="140264" player_name="Dani García">2</Player>
    <Player player_id="18498" player_name="Raúl García">3</Player>
    <Player player_id="197319" player_name="Yeray Álvarez">6</Player>
    <Player player_id="197334" player_name="Iñaki Williams">4</Player>
    <Player player_id="14464" player_name="Aritz Aduriz">1</Player>
    <Player cross="1" player_id="76012" player_name="Iker Muniain">0</Player>
  </Player>
  <Player cross_lost="1" cross_success="0" jersey_num="10" pass_lost="1" pass_success="22" player_id="76012" player_name="Iker Muniain" position="Midfielder" position_id="3" sub_off="67" x="54.36" y="80.04">
    <Player player_id="38394" player_name="Beñat Etxebarria">9</Player>
    <Player player_id="140264" player_name="Dani García">2</Player>
    <Player player_id="90318" player_name="Íñigo Martínez">1</Player>
    <Player player_id="18498" player_name="Raúl García">1</Player>
    <Player player_id="42670" player_name="Yuri">7</Player>
    <Player player_id="197319" player_name="Yeray Álvarez">1</Player>
    <Player player_id="140266" player_name="Ander Capa">1</Player>
  </Player>
  <Player cross_lost="0" cross_success="0" jersey_num="13" pass_lost="15" pass_success="12" player_id="89292" player_name="Iago Herrerín" position="Goalkeeper" position_id="1" x="12.28" y="53.27">
    <Player player_id="140264" player_name="Dani García">1</Player>
    <Player player_id="90318" player_name="Íñigo Martínez">2</Player>
    <Player player_id="18498" player_name="Raúl García">2</Player>
    <Player player_id="215684" player_name="Iñigo Córdoba">1</Player>
    <Player player_id="197319" player_name="Yeray Álvarez">1</Player>
    <Player player_id="14464" player_name="Aritz Aduriz">4</Player>
    <Player player_id="140266" player_name="Ander Capa">1</Player>
  </Player>
</SoccerFeed>