﻿<?xml version="1.0" encoding="UTF-8"?>
<!-- Copyright 2001-2018 Opta Sportsdata Ltd. All rights reserved. -->
<!-- PRODUCTION HEADER
     produced on:        valde-jobq-a01.nexus.opta.net
     production time:    20181212T140102,977Z
     production module:  Opta::Feed::XML::Soccer::F27
-->
<SoccerFeed act_minute="99" act_period="2" act_second="27" away_team_id="179" away_team_name="Sevilla" competition_id="23" competition_name="Spanish La Liga" game_date="2018-09-29 17:30:00" game_id="1009378" home_team_id="953" home_team_name="Eibar" season_id="2018" season_name="Season 2018/2019" team_id="179" team_name="Sevilla">
  <Player cross_lost="0" cross_success="0" jersey_num="1" pass_lost="27" pass_success="15" player_id="51945" player_name="Tomás Vaclik" position="Goalkeeper" position_id="1" x="9.27" y="48.60">
    <Player player_id="46479" player_name="Daniel Carriço">1</Player>
    <Player player_id="49309" player_name="Éver Banega">1</Player>
    <Player player_id="17740" player_name="Jesús Navas">3</Player>
    <Player player_id="86151" player_name="Sergi Gómez">1</Player>
    <Player player_id="87750" player_name="Luis Muriel">1</Player>
    <Player player_id="165811" player_name="André Silva">4</Player>
    <Player player_id="100731" player_name="Franco Vázquez">1</Player>
    <Player player_id="80758" player_name="Quincy Promes">1</Player>
    <Player player_id="48714" player_name="Simon Kjaer">2</Player>
  </Player>
  <Player cross_lost="0" cross_success="0" jersey_num="6" pass_lost="8" pass_success="21" player_id="46479" player_name="Daniel Carriço" position="Defender" position_id="2" x="25.12" y="25.02">
    <Player player_id="51945" player_name="Tomás Vaclik">3</Player>
    <Player player_id="88484" player_name="Pablo Sarabia">1</Player>
    <Player player_id="49309" player_name="Éver Banega">2</Player>
    <Player player_id="17740" player_name="Jesús Navas">4</Player>
    <Player player_id="165811" player_name="André Silva">3</Player>
    <Player player_id="100731" player_name="Franco Vázquez">1</Player>
    <Player player_id="48714" player_name="Simon Kjaer">6</Player>
    <Player player_id="106899" player_name="Roque Mesa">1</Player>
  </Player>
  <Player cross_lost="2" cross_success="0" jersey_num="23" pass_lost="4" pass_success="14" player_id="193922" player_name="Guilherme Arana" position="Midfielder" position_id="3" x="33.22" y="86.17">
    <Player player_id="51945" player_name="Tomás Vaclik">1</Player>
    <Player player_id="49309" player_name="Éver Banega">3</Player>
    <Player player_id="86151" player_name="Sergi Gómez">5</Player>
    <Player player_id="100731" player_name="Franco Vázquez">2</Player>
    <Player player_id="48714" player_name="Simon Kjaer">1</Player>
    <Player player_id="83912" player_name="Wissam Ben Yedder">1</Player>
    <Player player_id="106899" player_name="Roque Mesa">1</Player>
  </Player>
  <Player cross_lost="2" cross_success="1" jersey_num="10" pass_lost="14" pass_success="31" player_id="49309" player_name="Éver Banega" position="Midfielder" position_id="3" x="37.30" y="52.08">
    <Player player_id="46479" player_name="Daniel Carriço">5</Player>
    <Player player_id="88484" player_name="Pablo Sarabia">4</Player>
    <Player cross="1" player_id="193922" player_name="Guilherme Arana">4</Player>
    <Player player_id="17740" player_name="Jesús Navas">1</Player>
    <Player player_id="86151" player_name="Sergi Gómez">2</Player>
    <Player player_id="165811" player_name="André Silva">3</Player>
    <Player player_id="100731" player_name="Franco Vázquez">6</Player>
    <Player player_id="80758" player_name="Quincy Promes">1</Player>
    <Player player_id="48714" player_name="Simon Kjaer">2</Player>
    <Player player_id="83912" player_name="Wissam Ben Yedder">2</Player>
    <Player player_id="106899" player_name="Roque Mesa">1</Player>
  </Player>
  <Player cross_lost="0" cross_success="0" jersey_num="17" pass_lost="5" pass_success="13" player_id="88484" player_name="Pablo Sarabia" position="Midfielder" position_id="3" sub_off="73" x="46.69" y="28.31">
    <Player player_id="46479" player_name="Daniel Carriço">2</Player>
    <Player player_id="49309" player_name="Éver Banega">1</Player>
    <Player player_id="17740" player_name="Jesús Navas">4</Player>
    <Player player_id="100731" player_name="Franco Vázquez">2</Player>
    <Player player_id="83912" player_name="Wissam Ben Yedder">4</Player>
  </Player>
  <Player cross_lost="2" cross_success="0" jersey_num="16" pass_lost="11" pass_success="15" player_id="17740" player_name="Jesús Navas" position="Midfielder" position_id="3" x="40.62" y="12.13">
    <Player player_id="51945" player_name="Tomás Vaclik">1</Player>
    <Player player_id="46479" player_name="Daniel Carriço">4</Player>
    <Player player_id="88484" player_name="Pablo Sarabia">1</Player>
    <Player player_id="49309" player_name="Éver Banega">3</Player>
    <Player player_id="86151" player_name="Sergi Gómez">1</Player>
    <Player player_id="165811" player_name="André Silva">1</Player>
    <Player player_id="100731" player_name="Franco Vázquez">1</Player>
    <Player player_id="48714" player_name="Simon Kjaer">1</Player>
    <Player player_id="83912" player_name="Wissam Ben Yedder">2</Player>
  </Player>
  <Player cross_lost="0" cross_success="0" jersey_num="3" pass_lost="10" pass_success="16" player_id="86151" player_name="Sergi Gómez" position="Defender" position_id="2" x="25.77" y="72.71">
    <Player player_id="51945" player_name="Tomás Vaclik">1</Player>
    <Player player_id="46479" player_name="Daniel Carriço">1</Player>
    <Player player_id="88484" player_name="Pablo Sarabia">1</Player>
    <Player player_id="193922" player_name="Guilherme Arana">3</Player>
    <Player player_id="49309" player_name="Éver Banega">4</Player>
    <Player player_id="100731" player_name="Franco Vázquez">2</Player>
    <Player player_id="48714" player_name="Simon Kjaer">4</Player>
  </Player>
  <Player cross_lost="0" cross_success="0" jersey_num="14" pass_lost="1" pass_success="2" player_id="87750" player_name="Luis Muriel" position="Substitute" position_id="5" sub_on="90+2" x="50.54" y="57.74">
    <Player player_id="49309" player_name="Éver Banega">2</Player>
  </Player>
  <Player cross_lost="0" cross_success="0" jersey_num="12" pass_lost="8" pass_success="12" player_id="165811" player_name="André Silva" position="Forward" position_id="4" sub_off="90+2" x="53.28" y="50.97">
    <Player player_id="49309" player_name="Éver Banega">3</Player>
    <Player player_id="88484" player_name="Pablo Sarabia">1</Player>
    <Player player_id="17740" player_name="Jesús Navas">3</Player>
    <Player player_id="100731" player_name="Franco Vázquez">1</Player>
    <Player player_id="83912" player_name="Wissam Ben Yedder">4</Player>
  </Player>
  <Player cross_lost="0" cross_success="0" jersey_num="22" pass_lost="5" pass_success="22" player_id="100731" player_name="Franco Vázquez" position="Midfielder" position_id="3" x="40.60" y="67.33">
    <Player player_id="46479" player_name="Daniel Carriço">1</Player>
    <Player player_id="88484" player_name="Pablo Sarabia">2</Player>
    <Player player_id="49309" player_name="Éver Banega">1</Player>
    <Player player_id="193922" player_name="Guilherme Arana">2</Player>
    <Player player_id="17740" player_name="Jesús Navas">2</Player>
    <Player player_id="86151" player_name="Sergi Gómez">2</Player>
    <Player player_id="165811" player_name="André Silva">5</Player>
    <Player player_id="80758" player_name="Quincy Promes">1</Player>
    <Player player_id="83912" player_name="Wissam Ben Yedder">6</Player>
  </Player>
  <Player cross_lost="0" cross_success="0" jersey_num="21" pass_lost="0" pass_success="3" player_id="80758" player_name="Quincy Promes" position="Substitute" position_id="5" sub_on="83" x="58.67" y="79.30">
    <Player player_id="87750" player_name="Luis Muriel">1</Player>
    <Player player_id="165811" player_name="André Silva">1</Player>
    <Player player_id="106899" player_name="Roque Mesa">1</Player>
  </Player>
  <Player cross_lost="0" cross_success="0" jersey_num="4" pass_lost="8" pass_success="18" player_id="48714" player_name="Simon Kjaer" position="Defender" position_id="2" x="20.11" y="48.38">
    <Player player_id="51945" player_name="Tomás Vaclik">5</Player>
    <Player player_id="88484" player_name="Pablo Sarabia">1</Player>
    <Player player_id="193922" player_name="Guilherme Arana">2</Player>
    <Player player_id="49309" player_name="Éver Banega">4</Player>
    <Player player_id="86151" player_name="Sergi Gómez">5</Player>
    <Player player_id="106899" player_name="Roque Mesa">1</Player>
  </Player>
  <Player cross_lost="0" cross_success="0" jersey_num="9" pass_lost="12" pass_success="11" player_id="83912" player_name="Wissam Ben Yedder" position="Forward" position_id="4" sub_off="83" x="49.26" y="49.84">
    <Player player_id="46479" player_name="Daniel Carriço">1</Player>
    <Player player_id="193922" player_name="Guilherme Arana">2</Player>
    <Player player_id="88484" player_name="Pablo Sarabia">3</Player>
    <Player player_id="17740" player_name="Jesús Navas">1</Player>
    <Player player_id="165811" player_name="André Silva">1</Player>
    <Player player_id="100731" player_name="Franco Vázquez">3</Player>
  </Player>
  <Player cross_lost="0" cross_success="0" jersey_num="7" pass_lost="1" pass_success="10" player_id="106899" player_name="Roque Mesa" position="Substitute" position_id="5" sub_on="73" x="39.44" y="63.01">
    <Player player_id="193922" player_name="Guilherme Arana">1</Player>
    <Player player_id="49309" player_name="Éver Banega">5</Player>
    <Player player_id="17740" player_name="Jesús Navas">3</Player>
    <Player player_id="165811" player_name="André Silva">1</Player>
  </Player>
</SoccerFeed>