﻿<?xml version="1.0" encoding="UTF-8"?>
<!-- Copyright 2001-2018 Opta Sportsdata Ltd. All rights reserved. -->
<!-- PRODUCTION HEADER
     produced on:        valde-jobq-a02.nexus.opta.net
     production time:    20180916T210219,628Z
     production module:  Opta::Feed::XML::Soccer::F27
-->
<SoccerFeed act_minute="94" act_period="2" act_second="6" away_team_id="186" away_team_name="Real Madrid" competition_id="23" competition_name="Spanish La Liga" game_date="2018-09-15 19:45:00" game_id="1009346" home_team_id="174" home_team_name="Athletic Club" season_id="2018" season_name="Season 2018/2019" team_id="174" team_name="Athletic Club">
  <Player cross_lost="1" cross_success="0" jersey_num="7" pass_lost="3" pass_success="41" player_id="38394" player_name="Beñat Etxebarria" position="Midfielder" position_id="3" sub_off="81" x="47.01" y="53.94">
    <Player player_id="140264" player_name="Dani García">6</Player>
    <Player player_id="59062" player_name="Óscar De Marcos">2</Player>
    <Player player_id="42670" player_name="Yuri">2</Player>
    <Player player_id="197334" player_name="Iñaki Williams">2</Player>
    <Player player_id="140266" player_name="Ander Capa">1</Player>
    <Player player_id="212769" player_name="Unai Simón">2</Player>
    <Player player_id="18498" player_name="Raúl García">7</Player>
    <Player player_id="90318" player_name="Íñigo Martínez">2</Player>
    <Player player_id="197319" player_name="Yeray Álvarez">8</Player>
    <Player player_id="47665" player_name="Markel Susaeta">3</Player>
    <Player player_id="76012" player_name="Iker Muniain">6</Player>
  </Player>
  <Player cross_lost="0" cross_success="0" jersey_num="17" pass_lost="3" pass_success="1" player_id="76558" player_name="Mikel Rico" position="Substitute" position_id="5" sub_on="81" x="51.86" y="59.17">
    <Player player_id="140264" player_name="Dani García">1</Player>
  </Player>
  <Player cross_lost="0" cross_success="0" jersey_num="16" pass_lost="6" pass_success="47" player_id="140264" player_name="Dani García" position="Midfielder" position_id="3" x="41.21" y="38.77">
    <Player player_id="42670" player_name="Yuri">7</Player>
    <Player player_id="59062" player_name="Óscar De Marcos">9</Player>
    <Player player_id="197334" player_name="Iñaki Williams">1</Player>
    <Player player_id="140266" player_name="Ander Capa">2</Player>
    <Player player_id="212769" player_name="Unai Simón">1</Player>
    <Player player_id="38394" player_name="Beñat Etxebarria">4</Player>
    <Player player_id="42995" player_name="Mikel San José">1</Player>
    <Player player_id="90318" player_name="Íñigo Martínez">6</Player>
    <Player player_id="18498" player_name="Raúl García">1</Player>
    <Player player_id="197319" player_name="Yeray Álvarez">10</Player>
    <Player player_id="47665" player_name="Markel Susaeta">3</Player>
    <Player player_id="76012" player_name="Iker Muniain">2</Player>
  </Player>
  <Player cross_lost="0" cross_success="0" jersey_num="6" pass_lost="1" pass_success="3" player_id="42995" player_name="Mikel San José" position="Substitute" position_id="5" sub_on="76" x="55.47" y="39.99">
    <Player player_id="38394" player_name="Beñat Etxebarria">1</Player>
    <Player player_id="140264" player_name="Dani García">1</Player>
    <Player player_id="47665" player_name="Markel Susaeta">1</Player>
  </Player>
  <Player cross_lost="1" cross_success="0" jersey_num="22" pass_lost="9" pass_success="18" player_id="18498" player_name="Raúl García" position="Midfielder" position_id="3" x="59.14" y="58.41">
    <Player player_id="38394" player_name="Beñat Etxebarria">3</Player>
    <Player player_id="76558" player_name="Mikel Rico">1</Player>
    <Player player_id="140264" player_name="Dani García">1</Player>
    <Player player_id="59062" player_name="Óscar De Marcos">1</Player>
    <Player player_id="42670" player_name="Yuri">6</Player>
    <Player player_id="197334" player_name="Iñaki Williams">4</Player>
    <Player player_id="47665" player_name="Markel Susaeta">2</Player>
  </Player>
  <Player cross_lost="1" cross_success="0" jersey_num="4" pass_lost="10" pass_success="34" player_id="90318" player_name="Íñigo Martínez" position="Defender" position_id="2" x="31.13" y="69.73">
    <Player player_id="38394" player_name="Beñat Etxebarria">4</Player>
    <Player player_id="140264" player_name="Dani García">4</Player>
    <Player player_id="18498" player_name="Raúl García">2</Player>
    <Player player_id="42670" player_name="Yuri">6</Player>
    <Player player_id="59062" player_name="Óscar De Marcos">1</Player>
    <Player player_id="197319" player_name="Yeray Álvarez">6</Player>
    <Player player_id="197334" player_name="Iñaki Williams">1</Player>
    <Player player_id="212769" player_name="Unai Simón">4</Player>
    <Player player_id="76012" player_name="Iker Muniain">6</Player>
  </Player>
  <Player cross_lost="1" cross_success="0" jersey_num="18" pass_lost="3" pass_success="36" player_id="59062" player_name="Óscar De Marcos" position="Defender" position_id="2" x="42.93" y="15.94">
    <Player player_id="76558" player_name="Mikel Rico">1</Player>
    <Player player_id="140264" player_name="Dani García">9</Player>
    <Player player_id="42670" player_name="Yuri">1</Player>
    <Player player_id="197334" player_name="Iñaki Williams">3</Player>
    <Player player_id="140266" player_name="Ander Capa">3</Player>
    <Player player_id="212769" player_name="Unai Simón">2</Player>
    <Player player_id="38394" player_name="Beñat Etxebarria">3</Player>
    <Player player_id="42995" player_name="Mikel San José">1</Player>
    <Player player_id="90318" player_name="Íñigo Martínez">1</Player>
    <Player player_id="18498" player_name="Raúl García">1</Player>
    <Player player_id="197319" player_name="Yeray Álvarez">7</Player>
    <Player player_id="47665" player_name="Markel Susaeta">4</Player>
  </Player>
  <Player cross_lost="1" cross_success="0" jersey_num="12" pass_lost="7" pass_success="25" player_id="42670" player_name="Yuri" position="Defender" position_id="2" x="42.18" y="81.63">
    <Player player_id="140264" player_name="Dani García">2</Player>
    <Player player_id="42995" player_name="Mikel San José">2</Player>
    <Player player_id="18498" player_name="Raúl García">1</Player>
    <Player player_id="90318" player_name="Íñigo Martínez">5</Player>
    <Player player_id="59062" player_name="Óscar De Marcos">1</Player>
    <Player player_id="197319" player_name="Yeray Álvarez">2</Player>
    <Player player_id="197334" player_name="Iñaki Williams">3</Player>
    <Player player_id="47665" player_name="Markel Susaeta">2</Player>
    <Player player_id="76012" player_name="Iker Muniain">7</Player>
  </Player>
  <Player cross_lost="0" cross_success="0" jersey_num="5" pass_lost="8" pass_success="45" player_id="197319" player_name="Yeray Álvarez" position="Defender" position_id="2" x="32.56" y="33.27">
    <Player player_id="38394" player_name="Beñat Etxebarria">5</Player>
    <Player player_id="140264" player_name="Dani García">9</Player>
    <Player player_id="18498" player_name="Raúl García">3</Player>
    <Player player_id="90318" player_name="Íñigo Martínez">6</Player>
    <Player player_id="59062" player_name="Óscar De Marcos">9</Player>
    <Player player_id="140266" player_name="Ander Capa">1</Player>
    <Player player_id="212769" player_name="Unai Simón">5</Player>
    <Player player_id="47665" player_name="Markel Susaeta">5</Player>
    <Player player_id="76012" player_name="Iker Muniain">2</Player>
  </Player>
  <Player cross_lost="0" cross_success="0" jersey_num="9" pass_lost="3" pass_success="6" player_id="197334" player_name="Iñaki Williams" position="Forward" position_id="4" sub_off="76" x="73.99" y="43.31">
    <Player player_id="38394" player_name="Beñat Etxebarria">3</Player>
    <Player player_id="140266" player_name="Ander Capa">1</Player>
    <Player player_id="47665" player_name="Markel Susaeta">1</Player>
    <Player player_id="76012" player_name="Iker Muniain">1</Player>
  </Player>
  <Player cross_lost="1" cross_success="0" jersey_num="21" pass_lost="2" pass_success="6" player_id="140266" player_name="Ander Capa" position="Substitute" position_id="5" sub_on="53" x="59.76" y="17.71">
    <Player player_id="76558" player_name="Mikel Rico">1</Player>
    <Player player_id="140264" player_name="Dani García">1</Player>
    <Player player_id="59062" player_name="Óscar De Marcos">3</Player>
    <Player player_id="197334" player_name="Iñaki Williams">1</Player>
  </Player>
  <Player cross_lost="0" cross_success="0" jersey_num="25" pass_lost="10" pass_success="26" player_id="212769" player_name="Unai Simón" position="Goalkeeper" position_id="1" x="8.81" y="46.51">
    <Player player_id="38394" player_name="Beñat Etxebarria">2</Player>
    <Player player_id="76558" player_name="Mikel Rico">1</Player>
    <Player player_id="140264" player_name="Dani García">3</Player>
    <Player player_id="18498" player_name="Raúl García">4</Player>
    <Player player_id="90318" player_name="Íñigo Martínez">4</Player>
    <Player player_id="59062" player_name="Óscar De Marcos">2</Player>
    <Player player_id="42670" player_name="Yuri">2</Player>
    <Player player_id="197319" player_name="Yeray Álvarez">7</Player>
    <Player player_id="76012" player_name="Iker Muniain">1</Player>
  </Player>
  <Player cross_lost="3" cross_success="0" jersey_num="14" pass_lost="2" pass_success="19" player_id="47665" player_name="Markel Susaeta" position="Midfielder" position_id="3" x="59.98" y="36.96">
    <Player player_id="38394" player_name="Beñat Etxebarria">3</Player>
    <Player player_id="140264" player_name="Dani García">3</Player>
    <Player player_id="90318" player_name="Íñigo Martínez">1</Player>
    <Player player_id="18498" player_name="Raúl García">3</Player>
    <Player player_id="42670" player_name="Yuri">4</Player>
    <Player player_id="59062" player_name="Óscar De Marcos">3</Player>
    <Player player_id="197319" player_name="Yeray Álvarez">1</Player>
    <Player player_id="197334" player_name="Iñaki Williams">1</Player>
  </Player>
  <Player cross_lost="0" cross_success="0" jersey_num="10" pass_lost="3" pass_success="23" player_id="76012" player_name="Iker Muniain" position="Midfielder" position_id="3" sub_off="53" x="46.89" y="67.36">
    <Player player_id="38394" player_name="Beñat Etxebarria">7</Player>
    <Player player_id="140264" player_name="Dani García">3</Player>
    <Player player_id="90318" player_name="Íñigo Martínez">4</Player>
    <Player player_id="18498" player_name="Raúl García">3</Player>
    <Player player_id="59062" player_name="Óscar De Marcos">1</Player>
    <Player player_id="42670" player_name="Yuri">2</Player>
    <Player player_id="197319" player_name="Yeray Álvarez">1</Player>
    <Player player_id="212769" player_name="Unai Simón">1</Player>
    <Player player_id="47665" player_name="Markel Susaeta">1</Player>
  </Player>
</SoccerFeed>