﻿<?xml version="1.0" encoding="UTF-8"?>
<!-- Copyright 2001-2019 Opta Sportsdata Ltd. All rights reserved. -->
<!-- PRODUCTION HEADER
     produced on:        valde-jobq-a02.nexus.opta.net
     production time:    20190122T174334,655Z
     production module:  Opta::Feed::XML::Soccer::F27
-->
<SoccerFeed act_minute="93" act_period="2" act_second="0" away_team_id="179" away_team_name="Sevilla" competition_id="23" competition_name="Spanish La Liga" game_date="2019-01-19 15:15:00" game_id="1009512" home_team_id="186" home_team_name="Real Madrid" season_id="2018" season_name="Season 2018/2019" team_id="186" team_name="Real Madrid">
  <Player cross_lost="0" cross_success="0" jersey_num="24" pass_lost="10" pass_success="88" player_id="182539" player_name="Dani Ceballos" position="Midfielder" position_id="3" sub_off="88" x="58.63" y="67.04">
    <Player player_id="17861" player_name="Sergio Ramos">8</Player>
    <Player player_id="88483" player_name="Daniel Carvajal">8</Player>
    <Player player_id="61256" player_name="Casemiro">11</Player>
    <Player player_id="107593" player_name="Lucas Vázquez">5</Player>
    <Player player_id="19927" player_name="Karim Benzema">4</Player>
    <Player player_id="199249" player_name="Sergio Reguilón">18</Player>
    <Player player_id="90152" player_name="Raphael Varane">4</Player>
    <Player player_id="37055" player_name="Luka Modric">15</Player>
    <Player player_id="246333" player_name="Vinícius Júnior">15</Player>
  </Player>
  <Player cross_lost="0" cross_success="0" jersey_num="4" pass_lost="6" pass_success="53" player_id="17861" player_name="Sergio Ramos" position="Defender" position_id="2" x="38.68" y="66.88">
    <Player player_id="88483" player_name="Daniel Carvajal">4</Player>
    <Player player_id="107593" player_name="Lucas Vázquez">1</Player>
    <Player player_id="19927" player_name="Karim Benzema">1</Player>
    <Player player_id="90152" player_name="Raphael Varane">1</Player>
    <Player player_id="182539" player_name="Dani Ceballos">14</Player>
    <Player player_id="80209" player_name="Isco">1</Player>
    <Player player_id="61256" player_name="Casemiro">4</Player>
    <Player player_id="199249" player_name="Sergio Reguilón">16</Player>
    <Player player_id="37055" player_name="Luka Modric">4</Player>
    <Player player_id="246333" player_name="Vinícius Júnior">3</Player>
    <Player player_id="60772" player_name="Thibaut Courtois">4</Player>
  </Player>
  <Player cross_lost="0" cross_success="0" jersey_num="15" pass_lost="2" pass_success="1" player_id="223255" player_name="Federico Valverde" position="Substitute" position_id="5" sub_on="88" x="59.50" y="85.60">
    <Player player_id="19927" player_name="Karim Benzema">1</Player>
  </Player>
  <Player cross_lost="0" cross_success="0" jersey_num="22" pass_lost="1" pass_success="12" player_id="80209" player_name="Isco" position="Substitute" position_id="5" sub_on="77" x="59.08" y="25.55">
    <Player player_id="88483" player_name="Daniel Carvajal">4</Player>
    <Player player_id="19927" player_name="Karim Benzema">3</Player>
    <Player player_id="90152" player_name="Raphael Varane">1</Player>
    <Player player_id="37055" player_name="Luka Modric">4</Player>
  </Player>
  <Player cross_lost="2" cross_success="0" jersey_num="2" pass_lost="10" pass_success="68" player_id="88483" player_name="Daniel Carvajal" position="Defender" position_id="2" x="57.16" y="16.44">
    <Player player_id="17861" player_name="Sergio Ramos">1</Player>
    <Player player_id="107593" player_name="Lucas Vázquez">16</Player>
    <Player player_id="19927" player_name="Karim Benzema">3</Player>
    <Player player_id="90152" player_name="Raphael Varane">11</Player>
    <Player player_id="182539" player_name="Dani Ceballos">7</Player>
    <Player player_id="80209" player_name="Isco">4</Player>
    <Player player_id="61256" player_name="Casemiro">5</Player>
    <Player player_id="199249" player_name="Sergio Reguilón">1</Player>
    <Player player_id="37055" player_name="Luka Modric">17</Player>
    <Player player_id="246333" player_name="Vinícius Júnior">1</Player>
    <Player player_id="60772" player_name="Thibaut Courtois">2</Player>
  </Player>
  <Player cross_lost="1" cross_success="0" jersey_num="14" pass_lost="7" pass_success="58" player_id="61256" player_name="Casemiro" position="Midfielder" position_id="3" x="53.11" y="53.88">
    <Player player_id="17861" player_name="Sergio Ramos">8</Player>
    <Player player_id="88483" player_name="Daniel Carvajal">7</Player>
    <Player player_id="107593" player_name="Lucas Vázquez">3</Player>
    <Player player_id="19927" player_name="Karim Benzema">3</Player>
    <Player player_id="90152" player_name="Raphael Varane">3</Player>
    <Player player_id="182539" player_name="Dani Ceballos">7</Player>
    <Player player_id="80209" player_name="Isco">1</Player>
    <Player player_id="199249" player_name="Sergio Reguilón">10</Player>
    <Player player_id="37055" player_name="Luka Modric">12</Player>
    <Player player_id="246333" player_name="Vinícius Júnior">2</Player>
    <Player player_id="60772" player_name="Thibaut Courtois">2</Player>
  </Player>
  <Player cross_lost="4" cross_success="0" jersey_num="17" pass_lost="8" pass_success="34" player_id="107593" player_name="Lucas Vázquez" position="Forward" position_id="4" sub_off="77" x="72.11" y="24.63">
    <Player player_id="17861" player_name="Sergio Ramos">1</Player>
    <Player player_id="182539" player_name="Dani Ceballos">1</Player>
    <Player player_id="88483" player_name="Daniel Carvajal">6</Player>
    <Player player_id="61256" player_name="Casemiro">3</Player>
    <Player player_id="19927" player_name="Karim Benzema">10</Player>
    <Player player_id="37055" player_name="Luka Modric">12</Player>
    <Player player_id="246333" player_name="Vinícius Júnior">1</Player>
  </Player>
  <Player cross_lost="2" cross_success="0" jersey_num="9" pass_lost="12" pass_success="31" player_id="19927" player_name="Karim Benzema" position="Forward" position_id="4" x="69.01" y="54.67">
    <Player player_id="17861" player_name="Sergio Ramos">1</Player>
    <Player player_id="182539" player_name="Dani Ceballos">11</Player>
    <Player player_id="80209" player_name="Isco">2</Player>
    <Player player_id="88483" player_name="Daniel Carvajal">1</Player>
    <Player player_id="61256" player_name="Casemiro">5</Player>
    <Player player_id="107593" player_name="Lucas Vázquez">2</Player>
    <Player player_id="199249" player_name="Sergio Reguilón">1</Player>
    <Player player_id="37055" player_name="Luka Modric">4</Player>
    <Player player_id="246333" player_name="Vinícius Júnior">4</Player>
  </Player>
  <Player cross_lost="1" cross_success="0" jersey_num="23" pass_lost="8" pass_success="62" player_id="199249" player_name="Sergio Reguilón" position="Defender" position_id="2" x="52.25" y="88.36">
    <Player player_id="17861" player_name="Sergio Ramos">2</Player>
    <Player player_id="88483" player_name="Daniel Carvajal">4</Player>
    <Player player_id="107593" player_name="Lucas Vázquez">2</Player>
    <Player player_id="19927" player_name="Karim Benzema">5</Player>
    <Player player_id="182539" player_name="Dani Ceballos">15</Player>
    <Player player_id="80209" player_name="Isco">2</Player>
    <Player player_id="61256" player_name="Casemiro">6</Player>
    <Player player_id="37055" player_name="Luka Modric">3</Player>
    <Player player_id="246333" player_name="Vinícius Júnior">22</Player>
    <Player player_id="60772" player_name="Thibaut Courtois">1</Player>
  </Player>
  <Player cross_lost="7" cross_success="1" jersey_num="10" pass_lost="12" pass_success="71" player_id="37055" player_name="Luka Modric" position="Midfielder" position_id="3" x="64.10" y="37.33">
    <Player player_id="17861" player_name="Sergio Ramos">3</Player>
    <Player player_id="88483" player_name="Daniel Carvajal">18</Player>
    <Player player_id="107593" player_name="Lucas Vázquez">13</Player>
    <Player player_id="19927" player_name="Karim Benzema">4</Player>
    <Player player_id="90152" player_name="Raphael Varane">3</Player>
    <Player player_id="182539" player_name="Dani Ceballos">7</Player>
    <Player player_id="80209" player_name="Isco">3</Player>
    <Player cross="1" player_id="61256" player_name="Casemiro">7</Player>
    <Player player_id="199249" player_name="Sergio Reguilón">8</Player>
    <Player player_id="246333" player_name="Vinícius Júnior">5</Player>
  </Player>
  <Player cross_lost="0" cross_success="0" jersey_num="5" pass_lost="5" pass_success="40" player_id="90152" player_name="Raphael Varane" position="Defender" position_id="2" x="32.95" y="36.46">
    <Player player_id="17861" player_name="Sergio Ramos">2</Player>
    <Player player_id="182539" player_name="Dani Ceballos">3</Player>
    <Player player_id="88483" player_name="Daniel Carvajal">13</Player>
    <Player player_id="61256" player_name="Casemiro">4</Player>
    <Player player_id="107593" player_name="Lucas Vázquez">2</Player>
    <Player player_id="37055" player_name="Luka Modric">6</Player>
    <Player player_id="60772" player_name="Thibaut Courtois">10</Player>
  </Player>
  <Player cross_lost="1" cross_success="0" jersey_num="28" pass_lost="10" pass_success="39" player_id="246333" player_name="Vinícius Júnior" position="Forward" position_id="4" x="70.96" y="82.56">
    <Player player_id="182539" player_name="Dani Ceballos">21</Player>
    <Player player_id="61256" player_name="Casemiro">4</Player>
    <Player player_id="19927" player_name="Karim Benzema">6</Player>
    <Player player_id="199249" player_name="Sergio Reguilón">4</Player>
    <Player player_id="37055" player_name="Luka Modric">3</Player>
    <Player player_id="90152" player_name="Raphael Varane">1</Player>
  </Player>
  <Player cross_lost="0" cross_success="0" jersey_num="25" pass_lost="10" pass_success="21" player_id="60772" player_name="Thibaut Courtois" position="Goalkeeper" position_id="1" x="10.82" y="50.85">
    <Player player_id="182539" player_name="Dani Ceballos">2</Player>
    <Player player_id="17861" player_name="Sergio Ramos">9</Player>
    <Player player_id="88483" player_name="Daniel Carvajal">2</Player>
    <Player player_id="199249" player_name="Sergio Reguilón">2</Player>
    <Player player_id="90152" player_name="Raphael Varane">6</Player>
  </Player>
</SoccerFeed>