﻿<?xml version="1.0" encoding="UTF-8"?>
<!-- Copyright 2001-2018 Opta Sportsdata Ltd. All rights reserved. -->
<!-- PRODUCTION HEADER
     produced on:        valde-jobq-a03.nexus.opta.net
     production time:    20181029T215121,385Z
     production module:  Opta::Feed::XML::Soccer::F27
-->
<SoccerFeed act_minute="93" act_period="2" act_second="7" away_team_id="188" away_team_name="Real Sociedad" competition_id="23" competition_name="Spanish La Liga" game_date="2018-10-27 19:45:00" game_id="1009409" home_team_id="175" home_team_name="Atlético de Madrid" season_id="2018" season_name="Season 2018/2019" team_id="175" team_name="Atlético de Madrid">
  <Player cross_lost="6" cross_success="2" jersey_num="6" pass_lost="7" pass_success="81" player_id="77390" player_name="Koke" position="Midfielder" position_id="3" x="53.17" y="44.21">
    <Player player_id="65807" player_name="Stefan Savic">14</Player>
    <Player player_id="102383" player_name="Santiago Arias">16</Player>
    <Player player_id="167449" player_name="Thomas Lemar">3</Player>
    <Player player_id="76650" player_name="Antoine Griezmann">6</Player>
    <Player player_id="18507" player_name="Diego Costa">2</Player>
    <Player cross="2" player_id="89335" player_name="Saúl Ñíguez">6</Player>
    <Player player_id="174888" player_name="Lucas Hernández">7</Player>
    <Player player_id="220566" player_name="Rodrigo">12</Player>
    <Player player_id="18595" player_name="Filipe Luís">2</Player>
    <Player player_id="32281" player_name="Diego Godín">7</Player>
    <Player player_id="156223" player_name="Ángel Correa">6</Player>
  </Player>
  <Player cross_lost="0" cross_success="0" jersey_num="15" pass_lost="6" pass_success="48" player_id="65807" player_name="Stefan Savic" position="Defender" position_id="2" x="34.49" y="30.01">
    <Player player_id="102383" player_name="Santiago Arias">11</Player>
    <Player player_id="167449" player_name="Thomas Lemar">1</Player>
    <Player player_id="76650" player_name="Antoine Griezmann">2</Player>
    <Player player_id="18507" player_name="Diego Costa">2</Player>
    <Player player_id="77390" player_name="Koke">4</Player>
    <Player player_id="89335" player_name="Saúl Ñíguez">6</Player>
    <Player player_id="81352" player_name="Jan Oblak">4</Player>
    <Player player_id="174888" player_name="Lucas Hernández">2</Player>
    <Player player_id="220566" player_name="Rodrigo">4</Player>
    <Player player_id="32281" player_name="Diego Godín">10</Player>
    <Player player_id="156223" player_name="Ángel Correa">2</Player>
  </Player>
  <Player cross_lost="6" cross_success="0" jersey_num="8" pass_lost="12" pass_success="46" player_id="89335" player_name="Saúl Ñíguez" position="Midfielder" position_id="3" x="67.58" y="71.91">
    <Player player_id="77390" player_name="Koke">7</Player>
    <Player player_id="65807" player_name="Stefan Savic">1</Player>
    <Player player_id="102383" player_name="Santiago Arias">4</Player>
    <Player player_id="174888" player_name="Lucas Hernández">2</Player>
    <Player player_id="76650" player_name="Antoine Griezmann">7</Player>
    <Player player_id="220566" player_name="Rodrigo">8</Player>
    <Player player_id="18595" player_name="Filipe Luís">10</Player>
    <Player player_id="18507" player_name="Diego Costa">5</Player>
    <Player player_id="156223" player_name="Ángel Correa">2</Player>
  </Player>
  <Player cross_lost="0" cross_success="0" jersey_num="13" pass_lost="9" pass_success="10" player_id="81352" player_name="Jan Oblak" position="Goalkeeper" position_id="1" x="11.14" y="50.44">
    <Player player_id="77390" player_name="Koke">1</Player>
    <Player player_id="65807" player_name="Stefan Savic">2</Player>
    <Player player_id="89335" player_name="Saúl Ñíguez">3</Player>
    <Player player_id="156223" player_name="Ángel Correa">1</Player>
    <Player player_id="32281" player_name="Diego Godín">3</Player>
  </Player>
  <Player cross_lost="4" cross_success="2" jersey_num="4" pass_lost="9" pass_success="60" player_id="102383" player_name="Santiago Arias" position="Defender" position_id="2" x="58.14" y="13.80">
    <Player player_id="65807" player_name="Stefan Savic">6</Player>
    <Player player_id="167449" player_name="Thomas Lemar">2</Player>
    <Player player_id="76650" player_name="Antoine Griezmann">9</Player>
    <Player cross="1" player_id="18507" player_name="Diego Costa">0</Player>
    <Player player_id="77390" player_name="Koke">13</Player>
    <Player player_id="89335" player_name="Saúl Ñíguez">3</Player>
    <Player player_id="81352" player_name="Jan Oblak">3</Player>
    <Player player_id="220566" player_name="Rodrigo">8</Player>
    <Player cross="1" player_id="18595" player_name="Filipe Luís">0</Player>
    <Player player_id="156223" player_name="Ángel Correa">13</Player>
    <Player player_id="32281" player_name="Diego Godín">3</Player>
  </Player>
  <Player cross_lost="1" cross_success="0" jersey_num="21" pass_lost="7" pass_success="27" player_id="174888" player_name="Lucas Hernández" position="Defender" position_id="2" sub_off="45" x="57.39" y="83.82">
    <Player player_id="77390" player_name="Koke">7</Player>
    <Player player_id="89335" player_name="Saúl Ñíguez">5</Player>
    <Player player_id="102383" player_name="Santiago Arias">2</Player>
    <Player player_id="220566" player_name="Rodrigo">3</Player>
    <Player player_id="76650" player_name="Antoine Griezmann">4</Player>
    <Player player_id="156223" player_name="Ángel Correa">1</Player>
    <Player player_id="32281" player_name="Diego Godín">5</Player>
  </Player>
  <Player cross_lost="0" cross_success="1" jersey_num="11" pass_lost="1" pass_success="8" player_id="167449" player_name="Thomas Lemar" position="Substitute" position_id="5" sub_on="82" x="69.74" y="13.22">
    <Player player_id="77390" player_name="Koke">3</Player>
    <Player player_id="65807" player_name="Stefan Savic">1</Player>
    <Player player_id="102383" player_name="Santiago Arias">2</Player>
    <Player player_id="220566" player_name="Rodrigo">1</Player>
    <Player player_id="18595" player_name="Filipe Luís">1</Player>
    <Player cross="1" player_id="32281" player_name="Diego Godín">0</Player>
  </Player>
  <Player cross_lost="1" cross_success="0" jersey_num="7" pass_lost="10" pass_success="52" player_id="76650" player_name="Antoine Griezmann" position="Forward" position_id="4" x="64.47" y="51.10">
    <Player player_id="102383" player_name="Santiago Arias">5</Player>
    <Player player_id="167449" player_name="Thomas Lemar">2</Player>
    <Player player_id="18507" player_name="Diego Costa">2</Player>
    <Player player_id="77390" player_name="Koke">11</Player>
    <Player player_id="89335" player_name="Saúl Ñíguez">10</Player>
    <Player player_id="174888" player_name="Lucas Hernández">4</Player>
    <Player player_id="220566" player_name="Rodrigo">4</Player>
    <Player player_id="18595" player_name="Filipe Luís">6</Player>
    <Player player_id="156223" player_name="Ángel Correa">5</Player>
    <Player player_id="32281" player_name="Diego Godín">3</Player>
  </Player>
  <Player cross_lost="0" cross_success="0" jersey_num="14" pass_lost="6" pass_success="72" player_id="220566" player_name="Rodrigo" position="Midfielder" position_id="3" x="51.37" y="51.75">
    <Player player_id="65807" player_name="Stefan Savic">8</Player>
    <Player player_id="102383" player_name="Santiago Arias">7</Player>
    <Player player_id="167449" player_name="Thomas Lemar">1</Player>
    <Player player_id="76650" player_name="Antoine Griezmann">7</Player>
    <Player player_id="18507" player_name="Diego Costa">1</Player>
    <Player player_id="77390" player_name="Koke">19</Player>
    <Player player_id="89335" player_name="Saúl Ñíguez">8</Player>
    <Player player_id="174888" player_name="Lucas Hernández">9</Player>
    <Player player_id="18595" player_name="Filipe Luís">6</Player>
    <Player player_id="156223" player_name="Ángel Correa">5</Player>
    <Player player_id="32281" player_name="Diego Godín">1</Player>
  </Player>
  <Player cross_lost="2" cross_success="0" jersey_num="3" pass_lost="7" pass_success="30" player_id="18595" player_name="Filipe Luís" position="Substitute" position_id="5" sub_on="45" x="57.70" y="83.58">
    <Player player_id="77390" player_name="Koke">3</Player>
    <Player player_id="89335" player_name="Saúl Ñíguez">7</Player>
    <Player player_id="102383" player_name="Santiago Arias">1</Player>
    <Player player_id="220566" player_name="Rodrigo">4</Player>
    <Player player_id="76650" player_name="Antoine Griezmann">4</Player>
    <Player player_id="18507" player_name="Diego Costa">5</Player>
    <Player player_id="32281" player_name="Diego Godín">6</Player>
  </Player>
  <Player cross_lost="0" cross_success="0" jersey_num="19" pass_lost="6" pass_success="16" player_id="18507" player_name="Diego Costa" position="Forward" position_id="4" x="73.13" y="58.58">
    <Player player_id="77390" player_name="Koke">1</Player>
    <Player player_id="89335" player_name="Saúl Ñíguez">5</Player>
    <Player player_id="102383" player_name="Santiago Arias">2</Player>
    <Player player_id="76650" player_name="Antoine Griezmann">5</Player>
    <Player player_id="220566" player_name="Rodrigo">1</Player>
    <Player player_id="18595" player_name="Filipe Luís">1</Player>
    <Player player_id="156223" player_name="Ángel Correa">1</Player>
  </Player>
  <Player cross_lost="3" cross_success="1" jersey_num="10" pass_lost="6" pass_success="29" player_id="156223" player_name="Ángel Correa" position="Midfielder" position_id="3" sub_off="82" x="65.85" y="25.82">
    <Player player_id="77390" player_name="Koke">5</Player>
    <Player cross="1" player_id="89335" player_name="Saúl Ñíguez">2</Player>
    <Player player_id="102383" player_name="Santiago Arias">10</Player>
    <Player player_id="174888" player_name="Lucas Hernández">1</Player>
    <Player player_id="220566" player_name="Rodrigo">1</Player>
    <Player player_id="76650" player_name="Antoine Griezmann">8</Player>
    <Player player_id="18507" player_name="Diego Costa">2</Player>
  </Player>
  <Player cross_lost="0" cross_success="0" jersey_num="2" pass_lost="11" pass_success="38" player_id="32281" player_name="Diego Godín" position="Defender" position_id="2" x="36.71" y="63.47">
    <Player player_id="65807" player_name="Stefan Savic">7</Player>
    <Player player_id="102383" player_name="Santiago Arias">2</Player>
    <Player player_id="76650" player_name="Antoine Griezmann">2</Player>
    <Player player_id="18507" player_name="Diego Costa">1</Player>
    <Player player_id="77390" player_name="Koke">5</Player>
    <Player player_id="89335" player_name="Saúl Ñíguez">1</Player>
    <Player player_id="81352" player_name="Jan Oblak">3</Player>
    <Player player_id="174888" player_name="Lucas Hernández">4</Player>
    <Player player_id="220566" player_name="Rodrigo">6</Player>
    <Player player_id="18595" player_name="Filipe Luís">6</Player>
    <Player player_id="156223" player_name="Ángel Correa">1</Player>
  </Player>
</SoccerFeed>