﻿<?xml version="1.0" encoding="UTF-8"?>
<!-- Copyright 2001-2019 Opta Sportsdata Ltd. All rights reserved. -->
<!-- PRODUCTION HEADER
     produced on:        valde-jobq-a01.nexus.opta.net
     production time:    20190217T172641,711Z
     production module:  Opta::Feed::XML::Soccer::F27
-->
<SoccerFeed act_minute="93" act_period="2" act_second="58" away_team_id="192" away_team_name="Real Valladolid" competition_id="23" competition_name="Spanish La Liga" game_date="2019-02-16 19:45:00" game_id="1009546" home_team_id="178" home_team_name="Barcelona" season_id="2018" season_name="Season 2018/2019" team_id="178" team_name="Barcelona">
  <Player cross_lost="0" cross_success="0" jersey_num="19" pass_lost="3" pass_success="9" player_id="20360" player_name="Kevin-Prince Boateng" position="Forward" position_id="4" sub_off="60" x="66.64" y="53.25">
    <Player player_id="18221" player_name="Gerard Piqué">1</Player>
    <Player player_id="54104" player_name="Sergio Busquets">1</Player>
    <Player player_id="219438" player_name="Ousmane Dembélé">2</Player>
    <Player player_id="42565" player_name="Arturo Vidal">2</Player>
    <Player player_id="52356" player_name="Jordi Alba">1</Player>
    <Player player_id="86157" player_name="Sergi Roberto">1</Player>
    <Player player_id="19054" player_name="Lionel Messi">1</Player>
  </Player>
  <Player cross_lost="0" cross_success="0" jersey_num="7" pass_lost="1" pass_success="9" player_id="84583" player_name="Coutinho" position="Substitute" position_id="5" sub_on="70" x="61.79" y="68.95">
    <Player player_id="39336" player_name="Luis Suárez">3</Player>
    <Player player_id="34703" player_name="Ivan Rakitic">2</Player>
    <Player player_id="42565" player_name="Arturo Vidal">1</Player>
    <Player player_id="52356" player_name="Jordi Alba">1</Player>
    <Player player_id="19054" player_name="Lionel Messi">2</Player>
  </Player>
  <Player cross_lost="0" cross_success="0" jersey_num="3" pass_lost="4" pass_success="79" player_id="18221" player_name="Gerard Piqué" position="Defender" position_id="2" x="35.61" y="32.03">
    <Player player_id="20360" player_name="Kevin-Prince Boateng">2</Player>
    <Player player_id="77318" player_name="Marc-André ter Stegen">5</Player>
    <Player player_id="179271" player_name="Carles Aleñá">7</Player>
    <Player player_id="54104" player_name="Sergio Busquets">16</Player>
    <Player player_id="219438" player_name="Ousmane Dembélé">2</Player>
    <Player player_id="42565" player_name="Arturo Vidal">15</Player>
    <Player player_id="52356" player_name="Jordi Alba">1</Player>
    <Player player_id="15943" player_name="Thomas Vermaelen">10</Player>
    <Player player_id="86157" player_name="Sergi Roberto">16</Player>
    <Player player_id="19054" player_name="Lionel Messi">5</Player>
  </Player>
  <Player cross_lost="0" cross_success="0" jersey_num="1" pass_lost="7" pass_success="27" player_id="77318" player_name="Marc-André ter Stegen" position="Goalkeeper" position_id="1" x="9.04" y="52.34">
    <Player player_id="18221" player_name="Gerard Piqué">13</Player>
    <Player player_id="54104" player_name="Sergio Busquets">3</Player>
    <Player player_id="39336" player_name="Luis Suárez">1</Player>
    <Player player_id="42565" player_name="Arturo Vidal">1</Player>
    <Player player_id="52356" player_name="Jordi Alba">2</Player>
    <Player player_id="15943" player_name="Thomas Vermaelen">3</Player>
    <Player player_id="86157" player_name="Sergi Roberto">4</Player>
  </Player>
  <Player cross_lost="0" cross_success="0" jersey_num="21" pass_lost="8" pass_success="72" player_id="179271" player_name="Carles Aleñá" position="Midfielder" position_id="3" sub_off="76" x="55.39" y="50.85">
    <Player player_id="18221" player_name="Gerard Piqué">4</Player>
    <Player player_id="54104" player_name="Sergio Busquets">7</Player>
    <Player player_id="39336" player_name="Luis Suárez">4</Player>
    <Player player_id="219438" player_name="Ousmane Dembélé">12</Player>
    <Player player_id="42565" player_name="Arturo Vidal">4</Player>
    <Player player_id="52356" player_name="Jordi Alba">9</Player>
    <Player player_id="15943" player_name="Thomas Vermaelen">1</Player>
    <Player player_id="86157" player_name="Sergi Roberto">13</Player>
    <Player player_id="19054" player_name="Lionel Messi">18</Player>
  </Player>
  <Player cross_lost="0" cross_success="0" jersey_num="5" pass_lost="3" pass_success="75" player_id="54104" player_name="Sergio Busquets" position="Midfielder" position_id="3" x="42.69" y="47.97">
    <Player player_id="84583" player_name="Coutinho">1</Player>
    <Player player_id="18221" player_name="Gerard Piqué">11</Player>
    <Player player_id="179271" player_name="Carles Aleñá">17</Player>
    <Player player_id="77318" player_name="Marc-André ter Stegen">2</Player>
    <Player player_id="39336" player_name="Luis Suárez">1</Player>
    <Player player_id="42565" player_name="Arturo Vidal">10</Player>
    <Player player_id="19054" player_name="Lionel Messi">12</Player>
    <Player player_id="15943" player_name="Thomas Vermaelen">5</Player>
    <Player player_id="86157" player_name="Sergi Roberto">9</Player>
    <Player player_id="20360" player_name="Kevin-Prince Boateng">1</Player>
    <Player player_id="34703" player_name="Ivan Rakitic">2</Player>
    <Player player_id="219438" player_name="Ousmane Dembélé">2</Player>
    <Player player_id="52356" player_name="Jordi Alba">2</Player>
  </Player>
  <Player cross_lost="0" cross_success="0" jersey_num="9" pass_lost="5" pass_success="15" player_id="39336" player_name="Luis Suárez" position="Substitute" position_id="5" sub_on="60" x="70.75" y="48.23">
    <Player player_id="84583" player_name="Coutinho">2</Player>
    <Player player_id="179271" player_name="Carles Aleñá">2</Player>
    <Player player_id="219438" player_name="Ousmane Dembélé">1</Player>
    <Player player_id="42565" player_name="Arturo Vidal">1</Player>
    <Player player_id="52356" player_name="Jordi Alba">2</Player>
    <Player player_id="19054" player_name="Lionel Messi">5</Player>
    <Player player_id="86157" player_name="Sergi Roberto">2</Player>
  </Player>
  <Player cross_lost="0" cross_success="0" jersey_num="4" pass_lost="0" pass_success="14" player_id="34703" player_name="Ivan Rakitic" position="Substitute" position_id="5" sub_on="76" x="50.28" y="16.81">
    <Player player_id="18221" player_name="Gerard Piqué">4</Player>
    <Player player_id="54104" player_name="Sergio Busquets">1</Player>
    <Player player_id="39336" player_name="Luis Suárez">1</Player>
    <Player player_id="42565" player_name="Arturo Vidal">1</Player>
    <Player player_id="86157" player_name="Sergi Roberto">4</Player>
    <Player player_id="19054" player_name="Lionel Messi">3</Player>
  </Player>
  <Player cross_lost="1" cross_success="0" jersey_num="11" pass_lost="8" pass_success="35" player_id="219438" player_name="Ousmane Dembélé" position="Forward" position_id="4" sub_off="70" x="68.70" y="76.01">
    <Player player_id="20360" player_name="Kevin-Prince Boateng">2</Player>
    <Player player_id="54104" player_name="Sergio Busquets">1</Player>
    <Player player_id="179271" player_name="Carles Aleñá">2</Player>
    <Player player_id="39336" player_name="Luis Suárez">1</Player>
    <Player player_id="42565" player_name="Arturo Vidal">4</Player>
    <Player player_id="52356" player_name="Jordi Alba">12</Player>
    <Player player_id="86157" player_name="Sergi Roberto">1</Player>
    <Player player_id="19054" player_name="Lionel Messi">12</Player>
  </Player>
  <Player cross_lost="1" cross_success="0" jersey_num="22" pass_lost="7" pass_success="72" player_id="42565" player_name="Arturo Vidal" position="Midfielder" position_id="3" x="50.55" y="52.37">
    <Player player_id="84583" player_name="Coutinho">1</Player>
    <Player player_id="18221" player_name="Gerard Piqué">9</Player>
    <Player player_id="77318" player_name="Marc-André ter Stegen">1</Player>
    <Player player_id="54104" player_name="Sergio Busquets">17</Player>
    <Player player_id="179271" player_name="Carles Aleñá">10</Player>
    <Player player_id="39336" player_name="Luis Suárez">1</Player>
    <Player player_id="15943" player_name="Thomas Vermaelen">2</Player>
    <Player player_id="86157" player_name="Sergi Roberto">5</Player>
    <Player player_id="19054" player_name="Lionel Messi">10</Player>
    <Player player_id="20360" player_name="Kevin-Prince Boateng">2</Player>
    <Player player_id="34703" player_name="Ivan Rakitic">1</Player>
    <Player player_id="219438" player_name="Ousmane Dembélé">3</Player>
    <Player player_id="52356" player_name="Jordi Alba">10</Player>
  </Player>
  <Player cross_lost="1" cross_success="1" jersey_num="18" pass_lost="6" pass_success="62" player_id="52356" player_name="Jordi Alba" position="Defender" position_id="2" x="53.94" y="86.15">
    <Player player_id="84583" player_name="Coutinho">2</Player>
    <Player player_id="18221" player_name="Gerard Piqué">3</Player>
    <Player player_id="77318" player_name="Marc-André ter Stegen">1</Player>
    <Player player_id="54104" player_name="Sergio Busquets">3</Player>
    <Player player_id="179271" player_name="Carles Aleñá">12</Player>
    <Player player_id="39336" player_name="Luis Suárez">1</Player>
    <Player player_id="42565" player_name="Arturo Vidal">11</Player>
    <Player player_id="86157" player_name="Sergi Roberto">1</Player>
    <Player player_id="15943" player_name="Thomas Vermaelen">6</Player>
    <Player cross="1" player_id="19054" player_name="Lionel Messi">7</Player>
    <Player player_id="20360" player_name="Kevin-Prince Boateng">3</Player>
    <Player player_id="219438" player_name="Ousmane Dembélé">12</Player>
  </Player>
  <Player cross_lost="3" cross_success="0" jersey_num="10" pass_lost="10" pass_success="64" player_id="19054" player_name="Lionel Messi" position="Forward" position_id="4" x="69.33" y="43.00">
    <Player player_id="179271" player_name="Carles Aleñá">13</Player>
    <Player player_id="54104" player_name="Sergio Busquets">5</Player>
    <Player player_id="39336" player_name="Luis Suárez">5</Player>
    <Player player_id="42565" player_name="Arturo Vidal">6</Player>
    <Player player_id="86157" player_name="Sergi Roberto">10</Player>
    <Player player_id="15943" player_name="Thomas Vermaelen">1</Player>
    <Player player_id="20360" player_name="Kevin-Prince Boateng">4</Player>
    <Player player_id="34703" player_name="Ivan Rakitic">2</Player>
    <Player player_id="219438" player_name="Ousmane Dembélé">10</Player>
    <Player player_id="52356" player_name="Jordi Alba">8</Player>
  </Player>
  <Player cross_lost="0" cross_success="0" jersey_num="24" pass_lost="3" pass_success="40" player_id="15943" player_name="Thomas Vermaelen" position="Defender" position_id="2" x="34.04" y="73.95">
    <Player player_id="84583" player_name="Coutinho">2</Player>
    <Player player_id="18221" player_name="Gerard Piqué">3</Player>
    <Player player_id="54104" player_name="Sergio Busquets">3</Player>
    <Player player_id="77318" player_name="Marc-André ter Stegen">10</Player>
    <Player player_id="179271" player_name="Carles Aleñá">3</Player>
    <Player player_id="42565" player_name="Arturo Vidal">1</Player>
    <Player player_id="19054" player_name="Lionel Messi">1</Player>
    <Player player_id="86157" player_name="Sergi Roberto">1</Player>
    <Player player_id="20360" player_name="Kevin-Prince Boateng">2</Player>
    <Player player_id="219438" player_name="Ousmane Dembélé">2</Player>
    <Player player_id="52356" player_name="Jordi Alba">12</Player>
  </Player>
  <Player cross_lost="1" cross_success="0" jersey_num="20" pass_lost="4" pass_success="68" player_id="86157" player_name="Sergi Roberto" position="Defender" position_id="2" x="50.96" y="14.95">
    <Player player_id="18221" player_name="Gerard Piqué">12</Player>
    <Player player_id="179271" player_name="Carles Aleñá">10</Player>
    <Player player_id="54104" player_name="Sergio Busquets">5</Player>
    <Player player_id="39336" player_name="Luis Suárez">7</Player>
    <Player player_id="42565" player_name="Arturo Vidal">10</Player>
    <Player player_id="15943" player_name="Thomas Vermaelen">1</Player>
    <Player player_id="19054" player_name="Lionel Messi">12</Player>
    <Player player_id="20360" player_name="Kevin-Prince Boateng">2</Player>
    <Player player_id="34703" player_name="Ivan Rakitic">8</Player>
    <Player player_id="52356" player_name="Jordi Alba">1</Player>
  </Player>
</SoccerFeed>