﻿<?xml version="1.0" encoding="UTF-8"?>
<!-- Copyright 2001-2018 Opta Sportsdata Ltd. All rights reserved. -->
<!-- PRODUCTION HEADER
     produced on:        valde-jobq-a01.nexus.opta.net
     production time:    20180904T184209,86Z
     production module:  Opta::Feed::XML::Soccer::F27
-->
<SoccerFeed act_minute="96" act_period="2" act_second="2" away_team_id="2893" away_team_name="Girona" competition_id="23" competition_name="Spanish La Liga" game_date="2018-08-31 21:00:00" game_id="1009344" home_team_id="449" home_team_name="Villarreal" season_id="2018" season_name="Season 2018/2019" team_id="449" team_name="Villarreal">
  <Player cross_lost="2" cross_success="2" jersey_num="2" pass_lost="9" pass_success="38" player_id="76610" player_name="Mario Gaspar" position="Defender" position_id="2" x="49.22" y="17.07">
    <Player player_id="111274" player_name="Carlos Bacca">1</Player>
    <Player player_id="98961" player_name="Manu Trigueros">4</Player>
    <Player player_id="93721" player_name="Gerard Moreno">4</Player>
    <Player player_id="217593" player_name="Pablo Fornals">6</Player>
    <Player player_id="81033" player_name="Nicola Sansone">2</Player>
    <Player cross="2" player_id="193454" player_name="Karl Toko Ekambi">3</Player>
    <Player player_id="73698" player_name="Miguel Layún">3</Player>
    <Player player_id="96084" player_name="Álvaro González">7</Player>
    <Player player_id="51948" player_name="Víctor Ruiz">1</Player>
    <Player player_id="19524" player_name="Santiago Cazorla">7</Player>
  </Player>
  <Player cross_lost="0" cross_success="0" jersey_num="3" pass_lost="6" pass_success="59" player_id="96084" player_name="Álvaro González" position="Defender" position_id="2" x="34.05" y="32.42">
    <Player player_id="76610" player_name="Mario Gaspar">15</Player>
    <Player player_id="51948" player_name="Víctor Ruiz">15</Player>
    <Player player_id="19524" player_name="Santiago Cazorla">5</Player>
    <Player player_id="241160" player_name="Santiago Cáseres">6</Player>
    <Player player_id="48772" player_name="Sergio Asenjo">4</Player>
    <Player player_id="98961" player_name="Manu Trigueros">6</Player>
    <Player player_id="93721" player_name="Gerard Moreno">1</Player>
    <Player player_id="217593" player_name="Pablo Fornals">2</Player>
    <Player player_id="208380" player_name="Alfonso Pedraza">1</Player>
    <Player player_id="193454" player_name="Karl Toko Ekambi">3</Player>
    <Player player_id="73698" player_name="Miguel Layún">1</Player>
  </Player>
  <Player cross_lost="0" cross_success="0" jersey_num="6" pass_lost="12" pass_success="65" player_id="51948" player_name="Víctor Ruiz" position="Defender" position_id="2" x="44.98" y="69.25">
    <Player player_id="76610" player_name="Mario Gaspar">1</Player>
    <Player player_id="48772" player_name="Sergio Asenjo">2</Player>
    <Player player_id="111274" player_name="Carlos Bacca">3</Player>
    <Player player_id="98961" player_name="Manu Trigueros">15</Player>
    <Player player_id="93721" player_name="Gerard Moreno">4</Player>
    <Player player_id="217593" player_name="Pablo Fornals">6</Player>
    <Player player_id="81033" player_name="Nicola Sansone">1</Player>
    <Player player_id="193454" player_name="Karl Toko Ekambi">1</Player>
    <Player player_id="73698" player_name="Miguel Layún">1</Player>
    <Player player_id="96084" player_name="Álvaro González">10</Player>
    <Player player_id="19524" player_name="Santiago Cazorla">3</Player>
    <Player player_id="241160" player_name="Santiago Cáseres">6</Player>
    <Player player_id="208380" player_name="Alfonso Pedraza">12</Player>
  </Player>
  <Player cross_lost="6" cross_success="0" jersey_num="19" pass_lost="4" pass_success="49" player_id="19524" player_name="Santiago Cazorla" position="Midfielder" position_id="3" sub_off="75" x="59.84" y="56.36">
    <Player player_id="76610" player_name="Mario Gaspar">6</Player>
    <Player player_id="48772" player_name="Sergio Asenjo">1</Player>
    <Player player_id="98961" player_name="Manu Trigueros">8</Player>
    <Player player_id="93721" player_name="Gerard Moreno">8</Player>
    <Player player_id="217593" player_name="Pablo Fornals">11</Player>
    <Player player_id="193454" player_name="Karl Toko Ekambi">1</Player>
    <Player player_id="96084" player_name="Álvaro González">4</Player>
    <Player player_id="51948" player_name="Víctor Ruiz">2</Player>
    <Player player_id="241160" player_name="Santiago Cáseres">5</Player>
    <Player player_id="208380" player_name="Alfonso Pedraza">3</Player>
  </Player>
  <Player cross_lost="0" cross_success="0" jersey_num="5" pass_lost="3" pass_success="46" player_id="241160" player_name="Santiago Cáseres" position="Midfielder" position_id="3" sub_off="66" x="47.10" y="49.18">
    <Player player_id="76610" player_name="Mario Gaspar">2</Player>
    <Player player_id="96084" player_name="Álvaro González">5</Player>
    <Player player_id="51948" player_name="Víctor Ruiz">12</Player>
    <Player player_id="19524" player_name="Santiago Cazorla">8</Player>
    <Player player_id="98961" player_name="Manu Trigueros">6</Player>
    <Player player_id="93721" player_name="Gerard Moreno">2</Player>
    <Player player_id="208380" player_name="Alfonso Pedraza">3</Player>
    <Player player_id="217593" player_name="Pablo Fornals">5</Player>
    <Player player_id="193454" player_name="Karl Toko Ekambi">3</Player>
  </Player>
  <Player cross_lost="0" cross_success="0" jersey_num="1" pass_lost="4" pass_success="22" player_id="48772" player_name="Sergio Asenjo" position="Goalkeeper" position_id="1" x="9.15" y="49.21">
    <Player player_id="76610" player_name="Mario Gaspar">1</Player>
    <Player player_id="96084" player_name="Álvaro González">7</Player>
    <Player player_id="51948" player_name="Víctor Ruiz">7</Player>
    <Player player_id="241160" player_name="Santiago Cáseres">3</Player>
    <Player player_id="98961" player_name="Manu Trigueros">1</Player>
    <Player player_id="93721" player_name="Gerard Moreno">1</Player>
    <Player player_id="208380" player_name="Alfonso Pedraza">2</Player>
  </Player>
  <Player cross_lost="0" cross_success="0" jersey_num="9" pass_lost="6" pass_success="6" player_id="111274" player_name="Carlos Bacca" position="Substitute" position_id="5" sub_on="66" x="72.52" y="65.58">
    <Player player_id="51948" player_name="Víctor Ruiz">1</Player>
    <Player player_id="19524" player_name="Santiago Cazorla">1</Player>
    <Player player_id="98961" player_name="Manu Trigueros">1</Player>
    <Player player_id="93721" player_name="Gerard Moreno">1</Player>
    <Player player_id="208380" player_name="Alfonso Pedraza">1</Player>
    <Player player_id="193454" player_name="Karl Toko Ekambi">1</Player>
  </Player>
  <Player cross_lost="1" cross_success="0" jersey_num="14" pass_lost="6" pass_success="63" player_id="98961" player_name="Manu Trigueros" position="Midfielder" position_id="3" x="52.45" y="53.13">
    <Player player_id="76610" player_name="Mario Gaspar">7</Player>
    <Player player_id="111274" player_name="Carlos Bacca">2</Player>
    <Player player_id="93721" player_name="Gerard Moreno">3</Player>
    <Player player_id="217593" player_name="Pablo Fornals">10</Player>
    <Player player_id="193454" player_name="Karl Toko Ekambi">1</Player>
    <Player player_id="73698" player_name="Miguel Layún">1</Player>
    <Player player_id="96084" player_name="Álvaro González">7</Player>
    <Player player_id="51948" player_name="Víctor Ruiz">6</Player>
    <Player player_id="19524" player_name="Santiago Cazorla">10</Player>
    <Player player_id="241160" player_name="Santiago Cáseres">9</Player>
    <Player player_id="208380" player_name="Alfonso Pedraza">7</Player>
  </Player>
  <Player cross_lost="0" cross_success="1" jersey_num="7" pass_lost="8" pass_success="17" player_id="93721" player_name="Gerard Moreno" position="Forward" position_id="4" x="65.96" y="46.16">
    <Player player_id="76610" player_name="Mario Gaspar">2</Player>
    <Player player_id="96084" player_name="Álvaro González">2</Player>
    <Player player_id="19524" player_name="Santiago Cazorla">2</Player>
    <Player player_id="241160" player_name="Santiago Cáseres">1</Player>
    <Player player_id="111274" player_name="Carlos Bacca">1</Player>
    <Player player_id="208380" player_name="Alfonso Pedraza">2</Player>
    <Player cross="1" player_id="217593" player_name="Pablo Fornals">6</Player>
    <Player player_id="193454" player_name="Karl Toko Ekambi">1</Player>
  </Player>
  <Player cross_lost="0" cross_success="0" jersey_num="8" pass_lost="9" pass_success="53" player_id="217593" player_name="Pablo Fornals" position="Midfielder" position_id="3" x="58.48" y="57.35">
    <Player player_id="96084" player_name="Álvaro González">3</Player>
    <Player player_id="76610" player_name="Mario Gaspar">5</Player>
    <Player player_id="51948" player_name="Víctor Ruiz">3</Player>
    <Player player_id="19524" player_name="Santiago Cazorla">2</Player>
    <Player player_id="241160" player_name="Santiago Cáseres">6</Player>
    <Player player_id="98961" player_name="Manu Trigueros">13</Player>
    <Player player_id="93721" player_name="Gerard Moreno">3</Player>
    <Player player_id="208380" player_name="Alfonso Pedraza">13</Player>
    <Player player_id="193454" player_name="Karl Toko Ekambi">5</Player>
  </Player>
  <Player cross_lost="5" cross_success="0" jersey_num="16" pass_lost="4" pass_success="34" player_id="208380" player_name="Alfonso Pedraza" position="Defender" position_id="2" x="62.49" y="86.54">
    <Player player_id="76610" player_name="Mario Gaspar">1</Player>
    <Player player_id="48772" player_name="Sergio Asenjo">1</Player>
    <Player player_id="111274" player_name="Carlos Bacca">2</Player>
    <Player player_id="98961" player_name="Manu Trigueros">3</Player>
    <Player player_id="217593" player_name="Pablo Fornals">5</Player>
    <Player player_id="193454" player_name="Karl Toko Ekambi">4</Player>
    <Player player_id="96084" player_name="Álvaro González">1</Player>
    <Player player_id="51948" player_name="Víctor Ruiz">10</Player>
    <Player player_id="19524" player_name="Santiago Cazorla">5</Player>
    <Player player_id="241160" player_name="Santiago Cáseres">2</Player>
  </Player>
  <Player cross_lost="1" cross_success="0" jersey_num="10" pass_lost="1" pass_success="2" player_id="81033" player_name="Nicola Sansone" position="Substitute" position_id="5" sub_on="82" x="77.84" y="16.61">
    <Player player_id="76610" player_name="Mario Gaspar">1</Player>
    <Player player_id="73698" player_name="Miguel Layún">1</Player>
  </Player>
  <Player cross_lost="1" cross_success="1" jersey_num="17" pass_lost="4" pass_success="16" player_id="193454" player_name="Karl Toko Ekambi" position="Forward" position_id="4" sub_off="82" x="68.99" y="47.74">
    <Player player_id="76610" player_name="Mario Gaspar">1</Player>
    <Player player_id="51948" player_name="Víctor Ruiz">2</Player>
    <Player cross="1" player_id="19524" player_name="Santiago Cazorla">5</Player>
    <Player player_id="241160" player_name="Santiago Cáseres">1</Player>
    <Player player_id="98961" player_name="Manu Trigueros">2</Player>
    <Player player_id="93721" player_name="Gerard Moreno">2</Player>
    <Player player_id="217593" player_name="Pablo Fornals">3</Player>
  </Player>
  <Player cross_lost="3" cross_success="0" jersey_num="24" pass_lost="2" pass_success="5" player_id="73698" player_name="Miguel Layún" position="Substitute" position_id="5" sub_on="75" x="55.26" y="30.81">
    <Player player_id="96084" player_name="Álvaro González">2</Player>
    <Player player_id="51948" player_name="Víctor Ruiz">1</Player>
    <Player player_id="93721" player_name="Gerard Moreno">1</Player>
    <Player player_id="81033" player_name="Nicola Sansone">1</Player>
  </Player>
</SoccerFeed>