﻿<?xml version="1.0" encoding="UTF-8"?>
<!-- Copyright 2001-2018 Opta Sportsdata Ltd. All rights reserved. -->
<!-- PRODUCTION HEADER
     produced on:        valde-jobq-a02.nexus.opta.net
     production time:    20181212T135955,582Z
     production module:  Opta::Feed::XML::Soccer::F27
-->
<SoccerFeed act_minute="98" act_period="2" act_second="12" away_team_id="179" away_team_name="Sevilla" competition_id="23" competition_name="Spanish La Liga" game_date="2018-09-02 19:45:00" game_id="1009338" home_team_id="185" home_team_name="Real Betis" season_id="2018" season_name="Season 2018/2019" team_id="185" team_name="Real Betis">
  <Player cross_lost="5" cross_success="1" jersey_num="6" pass_lost="10" pass_success="33" player_id="56448" player_name="Sergio Canales" position="Forward" position_id="4" x="62.74" y="30.60">
    <Player player_id="37064" player_name="Andrés Guardado">3</Player>
    <Player player_id="96122" player_name="William Carvalho">5</Player>
    <Player player_id="103263" player_name="Takashi Inui">2</Player>
    <Player player_id="81138" player_name="Marc Bartra">3</Player>
    <Player cross="1" player_id="443967" player_name="Júnior Firpo">1</Player>
    <Player player_id="89747" player_name="Zouhair Feddal">3</Player>
    <Player player_id="86813" player_name="Aissa Mandi">4</Player>
    <Player player_id="86169" player_name="Cristian Tello">11</Player>
    <Player player_id="432751" player_name="Loren Morón">1</Player>
  </Player>
  <Player cross_lost="0" cross_success="1" jersey_num="23" pass_lost="7" pass_success="83" player_id="86813" player_name="Aissa Mandi" position="Defender" position_id="2" x="46.92" y="17.05">
    <Player player_id="168598" player_name="Antonio Sanabria">1</Player>
    <Player player_id="37064" player_name="Andrés Guardado">8</Player>
    <Player cross="1" player_id="10316" player_name="Joaquín">0</Player>
    <Player player_id="96122" player_name="William Carvalho">15</Player>
    <Player player_id="103263" player_name="Takashi Inui">4</Player>
    <Player player_id="81138" player_name="Marc Bartra">18</Player>
    <Player player_id="89747" player_name="Zouhair Feddal">3</Player>
    <Player player_id="56448" player_name="Sergio Canales">13</Player>
    <Player player_id="86169" player_name="Cristian Tello">13</Player>
    <Player player_id="432751" player_name="Loren Morón">5</Player>
    <Player player_id="182960" player_name="Pau López">3</Player>
  </Player>
  <Player cross_lost="0" cross_success="0" jersey_num="9" pass_lost="1" pass_success="2" player_id="168598" player_name="Antonio Sanabria" position="Substitute" position_id="5" sub_on="59" x="52.14" y="45.95">
    <Player player_id="86169" player_name="Cristian Tello">1</Player>
    <Player player_id="103263" player_name="Takashi Inui">1</Player>
  </Player>
  <Player cross_lost="1" cross_success="0" jersey_num="11" pass_lost="4" pass_success="37" player_id="86169" player_name="Cristian Tello" position="Midfielder" position_id="3" x="63.12" y="17.48">
    <Player player_id="56448" player_name="Sergio Canales">12</Player>
    <Player player_id="86813" player_name="Aissa Mandi">12</Player>
    <Player player_id="37064" player_name="Andrés Guardado">6</Player>
    <Player player_id="96122" player_name="William Carvalho">1</Player>
    <Player player_id="103263" player_name="Takashi Inui">2</Player>
    <Player player_id="81138" player_name="Marc Bartra">3</Player>
    <Player player_id="182960" player_name="Pau López">1</Player>
  </Player>
  <Player cross_lost="0" cross_success="0" jersey_num="12" pass_lost="1" pass_success="0" player_id="53142" player_name="Sidnei" position="Substitute" position_id="5" sub_on="88" x="45.34" y="45.04" />
  <Player cross_lost="2" cross_success="0" jersey_num="18" pass_lost="7" pass_success="45" player_id="37064" player_name="Andrés Guardado" position="Midfielder" position_id="3" x="50.54" y="47.79">
    <Player player_id="56448" player_name="Sergio Canales">6</Player>
    <Player player_id="86813" player_name="Aissa Mandi">6</Player>
    <Player player_id="86169" player_name="Cristian Tello">4</Player>
    <Player player_id="96122" player_name="William Carvalho">3</Player>
    <Player player_id="103263" player_name="Takashi Inui">3</Player>
    <Player player_id="81138" player_name="Marc Bartra">6</Player>
    <Player player_id="182960" player_name="Pau López">5</Player>
    <Player player_id="443967" player_name="Júnior Firpo">4</Player>
    <Player player_id="89747" player_name="Zouhair Feddal">8</Player>
  </Player>
  <Player cross_lost="0" cross_success="0" jersey_num="17" pass_lost="0" pass_success="3" player_id="10316" player_name="Joaquín" position="Substitute" position_id="5" sub_on="75" x="64.33" y="59.88">
    <Player player_id="56448" player_name="Sergio Canales">1</Player>
    <Player player_id="37064" player_name="Andrés Guardado">1</Player>
    <Player player_id="443967" player_name="Júnior Firpo">1</Player>
  </Player>
  <Player cross_lost="0" cross_success="0" jersey_num="14" pass_lost="3" pass_success="41" player_id="96122" player_name="William Carvalho" position="Midfielder" position_id="3" sub_off="75" x="51.39" y="39.55">
    <Player player_id="56448" player_name="Sergio Canales">8</Player>
    <Player player_id="86813" player_name="Aissa Mandi">11</Player>
    <Player player_id="86169" player_name="Cristian Tello">3</Player>
    <Player player_id="37064" player_name="Andrés Guardado">5</Player>
    <Player player_id="103263" player_name="Takashi Inui">2</Player>
    <Player player_id="81138" player_name="Marc Bartra">4</Player>
    <Player player_id="182960" player_name="Pau López">1</Player>
    <Player player_id="89747" player_name="Zouhair Feddal">7</Player>
  </Player>
  <Player cross_lost="1" cross_success="0" jersey_num="8" pass_lost="4" pass_success="13" player_id="103263" player_name="Takashi Inui" position="Forward" position_id="4" x="59.21" y="67.03">
    <Player player_id="56448" player_name="Sergio Canales">1</Player>
    <Player player_id="86813" player_name="Aissa Mandi">1</Player>
    <Player player_id="86169" player_name="Cristian Tello">3</Player>
    <Player player_id="37064" player_name="Andrés Guardado">2</Player>
    <Player player_id="182960" player_name="Pau López">1</Player>
    <Player player_id="89747" player_name="Zouhair Feddal">2</Player>
    <Player player_id="443967" player_name="Júnior Firpo">3</Player>
  </Player>
  <Player cross_lost="0" cross_success="0" jersey_num="16" pass_lost="0" pass_success="4" player_id="432751" player_name="Loren Morón" position="Forward" position_id="4" sub_off="59" x="62.89" y="41.73">
    <Player player_id="56448" player_name="Sergio Canales">2</Player>
    <Player player_id="86169" player_name="Cristian Tello">1</Player>
    <Player player_id="103263" player_name="Takashi Inui">1</Player>
  </Player>
  <Player cross_lost="0" cross_success="0" jersey_num="5" pass_lost="9" pass_success="76" player_id="81138" player_name="Marc Bartra" position="Defender" position_id="2" sub_off="88" x="36.04" y="41.37">
    <Player player_id="56448" player_name="Sergio Canales">2</Player>
    <Player player_id="86813" player_name="Aissa Mandi">32</Player>
    <Player player_id="86169" player_name="Cristian Tello">2</Player>
    <Player player_id="37064" player_name="Andrés Guardado">7</Player>
    <Player player_id="96122" player_name="William Carvalho">6</Player>
    <Player player_id="182960" player_name="Pau López">5</Player>
    <Player player_id="89747" player_name="Zouhair Feddal">22</Player>
  </Player>
  <Player cross_lost="0" cross_success="0" jersey_num="13" pass_lost="16" pass_success="21" player_id="182960" player_name="Pau López" position="Goalkeeper" position_id="1" x="9.40" y="50.72">
    <Player player_id="56448" player_name="Sergio Canales">1</Player>
    <Player player_id="86813" player_name="Aissa Mandi">2</Player>
    <Player player_id="86169" player_name="Cristian Tello">2</Player>
    <Player player_id="37064" player_name="Andrés Guardado">2</Player>
    <Player player_id="96122" player_name="William Carvalho">2</Player>
    <Player player_id="432751" player_name="Loren Morón">1</Player>
    <Player player_id="81138" player_name="Marc Bartra">5</Player>
    <Player player_id="89747" player_name="Zouhair Feddal">5</Player>
  </Player>
  <Player cross_lost="0" cross_success="0" jersey_num="20" pass_lost="7" pass_success="12" player_id="443967" player_name="Júnior Firpo" position="Midfielder" position_id="3" x="45.07" y="83.10">
    <Player player_id="37064" player_name="Andrés Guardado">2</Player>
    <Player player_id="432751" player_name="Loren Morón">1</Player>
    <Player player_id="103263" player_name="Takashi Inui">5</Player>
    <Player player_id="89747" player_name="Zouhair Feddal">3</Player>
  </Player>
  <Player cross_lost="0" cross_success="0" jersey_num="4" pass_lost="13" pass_success="67" player_id="89747" player_name="Zouhair Feddal" position="Defender" position_id="2" x="38.82" y="68.73">
    <Player player_id="86813" player_name="Aissa Mandi">9</Player>
    <Player player_id="86169" player_name="Cristian Tello">2</Player>
    <Player player_id="37064" player_name="Andrés Guardado">5</Player>
    <Player player_id="96122" player_name="William Carvalho">8</Player>
    <Player player_id="103263" player_name="Takashi Inui">3</Player>
    <Player player_id="432751" player_name="Loren Morón">1</Player>
    <Player player_id="81138" player_name="Marc Bartra">32</Player>
    <Player player_id="182960" player_name="Pau López">3</Player>
    <Player player_id="443967" player_name="Júnior Firpo">4</Player>
  </Player>
</SoccerFeed>