﻿<?xml version="1.0" encoding="UTF-8"?>
<!-- Copyright 2001-2019 Opta Sportsdata Ltd. All rights reserved. -->
<!-- PRODUCTION HEADER
     produced on:        valde-jobq-a01.nexus.opta.net
     production time:    20190226T141140,48Z
     production module:  Opta::Feed::XML::Soccer::F27
-->
<SoccerFeed act_minute="94" act_period="2" act_second="0" away_team_id="184" away_team_name="Rayo Vallecano" competition_id="23" competition_name="Spanish La Liga" game_date="2019-02-23 12:00:00" game_id="1009560" home_team_id="1450" home_team_name="Getafe" season_id="2018" season_name="Season 2018/2019" team_id="1450" team_name="Getafe">
  <Player cross_lost="0" cross_success="0" jersey_num="8" pass_lost="7" pass_success="21" player_id="80795" player_name="Francisco Portillo" position="Midfielder" position_id="3" sub_off="73" x="63.07" y="71.51">
    <Player player_id="198499" player_name="Nemanja Maksimovic">4</Player>
    <Player player_id="64662" player_name="Leandro Cabrera">1</Player>
    <Player player_id="76555" player_name="Jorge Molina">5</Player>
    <Player player_id="149838" player_name="Djené Dakonam">3</Player>
    <Player player_id="39621" player_name="Vitorino Antunes">1</Player>
    <Player player_id="18155" player_name="Mathieu Flamini">1</Player>
    <Player player_id="109270" player_name="Jaime Mata">5</Player>
    <Player player_id="96767" player_name="Dimitri Foulquier">1</Player>
  </Player>
  <Player cross_lost="0" cross_success="0" jersey_num="13" pass_lost="14" pass_success="15" player_id="175204" player_name="David Soria" position="Goalkeeper" position_id="1" x="12.91" y="49.82">
    <Player player_id="198499" player_name="Nemanja Maksimovic">2</Player>
    <Player player_id="64662" player_name="Leandro Cabrera">1</Player>
    <Player player_id="149838" player_name="Djené Dakonam">1</Player>
    <Player player_id="18155" player_name="Mathieu Flamini">1</Player>
    <Player player_id="109270" player_name="Jaime Mata">6</Player>
    <Player player_id="214966" player_name="Mathías Olivera">2</Player>
    <Player player_id="96767" player_name="Dimitri Foulquier">2</Player>
  </Player>
  <Player cross_lost="0" cross_success="0" jersey_num="20" pass_lost="11" pass_success="28" player_id="198499" player_name="Nemanja Maksimovic" position="Midfielder" position_id="3" x="56.87" y="44.60">
    <Player player_id="80795" player_name="Francisco Portillo">3</Player>
    <Player player_id="198499" player_name="Nemanja Maksimovic">1</Player>
    <Player player_id="64662" player_name="Leandro Cabrera">3</Player>
    <Player player_id="76555" player_name="Jorge Molina">2</Player>
    <Player player_id="99005" player_name="Damián Suárez">5</Player>
    <Player player_id="149838" player_name="Djené Dakonam">2</Player>
    <Player player_id="39621" player_name="Vitorino Antunes">1</Player>
    <Player player_id="18155" player_name="Mathieu Flamini">2</Player>
    <Player player_id="109270" player_name="Jaime Mata">6</Player>
    <Player player_id="96767" player_name="Dimitri Foulquier">3</Player>
  </Player>
  <Player cross_lost="0" cross_success="0" jersey_num="9" pass_lost="0" pass_success="0" player_id="56419" player_name="Ángel Rodríguez" position="Substitute" position_id="5" sub_on="90+1" x="87.85" y="62.15" />
  <Player cross_lost="0" cross_success="0" jersey_num="6" pass_lost="12" pass_success="22" player_id="64662" player_name="Leandro Cabrera" position="Defender" position_id="2" x="36.46" y="70.08">
    <Player player_id="80795" player_name="Francisco Portillo">2</Player>
    <Player player_id="198499" player_name="Nemanja Maksimovic">2</Player>
    <Player player_id="99005" player_name="Damián Suárez">2</Player>
    <Player player_id="149838" player_name="Djené Dakonam">2</Player>
    <Player player_id="39621" player_name="Vitorino Antunes">10</Player>
    <Player player_id="18155" player_name="Mathieu Flamini">1</Player>
    <Player player_id="109270" player_name="Jaime Mata">3</Player>
  </Player>
  <Player cross_lost="0" cross_success="0" jersey_num="19" pass_lost="9" pass_success="13" player_id="76555" player_name="Jorge Molina" position="Forward" position_id="4" sub_off="84" x="70.90" y="55.42">
    <Player player_id="198499" player_name="Nemanja Maksimovic">2</Player>
    <Player player_id="99005" player_name="Damián Suárez">1</Player>
    <Player player_id="39621" player_name="Vitorino Antunes">3</Player>
    <Player player_id="109270" player_name="Jaime Mata">3</Player>
    <Player player_id="214966" player_name="Mathías Olivera">1</Player>
    <Player player_id="96767" player_name="Dimitri Foulquier">3</Player>
  </Player>
  <Player cross_lost="2" cross_success="2" jersey_num="22" pass_lost="12" pass_success="31" player_id="99005" player_name="Damián Suárez" position="Defender" position_id="2" x="47.54" y="17.69">
    <Player player_id="198499" player_name="Nemanja Maksimovic">7</Player>
    <Player cross="1" player_id="39621" player_name="Vitorino Antunes">3</Player>
    <Player player_id="18155" player_name="Mathieu Flamini">1</Player>
    <Player cross="1" player_id="109270" player_name="Jaime Mata">2</Player>
    <Player player_id="96767" player_name="Dimitri Foulquier">8</Player>
    <Player player_id="80795" player_name="Francisco Portillo">3</Player>
    <Player player_id="76555" player_name="Jorge Molina">2</Player>
    <Player player_id="151978" player_name="Sebastián Cristóforo">1</Player>
    <Player player_id="149838" player_name="Djené Dakonam">4</Player>
  </Player>
  <Player cross_lost="1" cross_success="0" jersey_num="15" pass_lost="0" pass_success="1" player_id="151978" player_name="Sebastián Cristóforo" position="Substitute" position_id="5" sub_on="84" x="63.10" y="60.07">
    <Player player_id="56419" player_name="Ángel Rodríguez">1</Player>
  </Player>
  <Player cross_lost="0" cross_success="0" jersey_num="2" pass_lost="3" pass_success="26" player_id="149838" player_name="Djené Dakonam" position="Defender" position_id="2" x="33.49" y="42.39">
    <Player player_id="175204" player_name="David Soria">3</Player>
    <Player player_id="198499" player_name="Nemanja Maksimovic">3</Player>
    <Player player_id="39621" player_name="Vitorino Antunes">1</Player>
    <Player player_id="18155" player_name="Mathieu Flamini">2</Player>
    <Player player_id="109270" player_name="Jaime Mata">2</Player>
    <Player player_id="96767" player_name="Dimitri Foulquier">2</Player>
    <Player player_id="80795" player_name="Francisco Portillo">2</Player>
    <Player player_id="64662" player_name="Leandro Cabrera">4</Player>
    <Player player_id="99005" player_name="Damián Suárez">5</Player>
    <Player player_id="76555" player_name="Jorge Molina">1</Player>
    <Player player_id="151978" player_name="Sebastián Cristóforo">1</Player>
  </Player>
  <Player cross_lost="6" cross_success="2" jersey_num="3" pass_lost="15" pass_success="21" player_id="39621" player_name="Vitorino Antunes" position="Defender" position_id="2" x="49.14" y="88.02">
    <Player player_id="80795" player_name="Francisco Portillo">7</Player>
    <Player player_id="175204" player_name="David Soria">1</Player>
    <Player player_id="64662" player_name="Leandro Cabrera">2</Player>
    <Player player_id="99005" player_name="Damián Suárez">2</Player>
    <Player cross="1" player_id="76555" player_name="Jorge Molina">2</Player>
    <Player player_id="149838" player_name="Djené Dakonam">1</Player>
    <Player player_id="18155" player_name="Mathieu Flamini">5</Player>
    <Player cross="1" player_id="109270" player_name="Jaime Mata">1</Player>
  </Player>
  <Player cross_lost="0" cross_success="0" jersey_num="16" pass_lost="3" pass_success="21" player_id="18155" player_name="Mathieu Flamini" position="Midfielder" position_id="3" x="47.01" y="61.97">
    <Player player_id="80795" player_name="Francisco Portillo">3</Player>
    <Player player_id="175204" player_name="David Soria">1</Player>
    <Player player_id="198499" player_name="Nemanja Maksimovic">4</Player>
    <Player player_id="64662" player_name="Leandro Cabrera">2</Player>
    <Player player_id="76555" player_name="Jorge Molina">1</Player>
    <Player player_id="99005" player_name="Damián Suárez">2</Player>
    <Player player_id="39621" player_name="Vitorino Antunes">4</Player>
    <Player player_id="109270" player_name="Jaime Mata">4</Player>
  </Player>
  <Player cross_lost="4" cross_success="0" jersey_num="7" pass_lost="11" pass_success="22" player_id="109270" player_name="Jaime Mata" position="Forward" position_id="4" sub_off="90+1" x="68.84" y="51.36">
    <Player player_id="80795" player_name="Francisco Portillo">3</Player>
    <Player player_id="198499" player_name="Nemanja Maksimovic">1</Player>
    <Player player_id="64662" player_name="Leandro Cabrera">1</Player>
    <Player player_id="76555" player_name="Jorge Molina">4</Player>
    <Player player_id="99005" player_name="Damián Suárez">5</Player>
    <Player player_id="149838" player_name="Djené Dakonam">2</Player>
    <Player player_id="39621" player_name="Vitorino Antunes">3</Player>
    <Player player_id="96767" player_name="Dimitri Foulquier">3</Player>
  </Player>
  <Player cross_lost="0" cross_success="1" jersey_num="17" pass_lost="3" pass_success="1" player_id="214966" player_name="Mathías Olivera" position="Substitute" position_id="5" sub_on="73" x="51.28" y="77.98">
    <Player player_id="151978" player_name="Sebastián Cristóforo">1</Player>
    <Player cross="1" player_id="109270" player_name="Jaime Mata">0</Player>
  </Player>
  <Player cross_lost="0" cross_success="1" jersey_num="24" pass_lost="11" pass_success="10" player_id="96767" player_name="Dimitri Foulquier" position="Midfielder" position_id="3" x="56.51" y="30.86">
    <Player player_id="80795" player_name="Francisco Portillo">1</Player>
    <Player player_id="64662" player_name="Leandro Cabrera">1</Player>
    <Player player_id="76555" player_name="Jorge Molina">1</Player>
    <Player player_id="99005" player_name="Damián Suárez">2</Player>
    <Player player_id="149838" player_name="Djené Dakonam">1</Player>
    <Player player_id="39621" player_name="Vitorino Antunes">1</Player>
    <Player player_id="18155" player_name="Mathieu Flamini">1</Player>
    <Player cross="1" player_id="109270" player_name="Jaime Mata">2</Player>
  </Player>
</SoccerFeed>