﻿<?xml version="1.0" encoding="UTF-8"?>
<!-- Copyright 2001-2018 Opta Sportsdata Ltd. All rights reserved. -->
<!-- PRODUCTION HEADER
     produced on:        valde-jobq-a02.nexus.opta.net
     production time:    20181019T155925,283Z
     production module:  Opta::Feed::XML::Soccer::F27
-->
<SoccerFeed act_minute="93" act_period="2" act_second="14" away_team_id="855" away_team_name="Levante" competition_id="23" competition_name="Spanish La Liga" game_date="2018-10-06 15:15:00" game_id="1009390" home_team_id="1450" home_team_name="Getafe" season_id="2018" season_name="Season 2018/2019" team_id="855" team_name="Levante">
  <Player cross_lost="2" cross_success="0" jersey_num="23" pass_lost="7" pass_success="17" player_id="163784" player_name="Jason" position="Midfielder" position_id="3" x="48.72" y="18.15">
    <Player player_id="88952" player_name="José Campaña">4</Player>
    <Player player_id="165375" player_name="José Luis Morales">1</Player>
    <Player player_id="196739" player_name="Enis Bardhi">3</Player>
    <Player player_id="77039" player_name="Toño">1</Player>
    <Player player_id="86168" player_name="Rubén Rochina">1</Player>
    <Player player_id="42844" player_name="Pedro López">3</Player>
    <Player player_id="169586" player_name="Erick Cabaco">3</Player>
    <Player player_id="194764" player_name="Emmanuel Boateng">1</Player>
  </Player>
  <Player cross_lost="2" cross_success="1" jersey_num="24" pass_lost="13" pass_success="31" player_id="88952" player_name="José Campaña" position="Midfielder" position_id="3" x="42.66" y="61.48">
    <Player cross="1" player_id="165375" player_name="José Luis Morales">3</Player>
    <Player player_id="196739" player_name="Enis Bardhi">2</Player>
    <Player player_id="220093" player_name="Rober Pier">3</Player>
    <Player player_id="90400" player_name="Sergio Postigo">2</Player>
    <Player player_id="106551" player_name="Sanjin Prcic">2</Player>
    <Player player_id="163784" player_name="Jason">1</Player>
    <Player player_id="77039" player_name="Toño">7</Player>
    <Player player_id="86168" player_name="Rubén Rochina">9</Player>
    <Player player_id="169586" player_name="Erick Cabaco">1</Player>
  </Player>
  <Player cross_lost="1" cross_success="0" jersey_num="11" pass_lost="7" pass_success="8" player_id="165375" player_name="José Luis Morales" position="Forward" position_id="4" x="72.92" y="64.38">
    <Player player_id="199248" player_name="Borja Mayoral">1</Player>
    <Player player_id="77039" player_name="Toño">4</Player>
    <Player player_id="86168" player_name="Rubén Rochina">1</Player>
    <Player player_id="169586" player_name="Erick Cabaco">1</Player>
    <Player player_id="194764" player_name="Emmanuel Boateng">1</Player>
  </Player>
  <Player cross_lost="0" cross_success="0" jersey_num="10" pass_lost="5" pass_success="13" player_id="196739" player_name="Enis Bardhi" position="Substitute" position_id="5" sub_on="45" x="49.80" y="44.70">
    <Player player_id="163784" player_name="Jason">9</Player>
    <Player player_id="88952" player_name="José Campaña">3</Player>
    <Player player_id="86168" player_name="Rubén Rochina">1</Player>
  </Player>
  <Player cross_lost="0" cross_success="0" jersey_num="4" pass_lost="7" pass_success="23" player_id="220093" player_name="Rober Pier" position="Defender" position_id="2" x="30.77" y="77.69">
    <Player player_id="88952" player_name="José Campaña">4</Player>
    <Player player_id="77039" player_name="Toño">12</Player>
    <Player player_id="86168" player_name="Rubén Rochina">2</Player>
    <Player player_id="169586" player_name="Erick Cabaco">1</Player>
    <Player player_id="106551" player_name="Sanjin Prcic">2</Player>
    <Player player_id="90400" player_name="Sergio Postigo">2</Player>
  </Player>
  <Player cross_lost="0" cross_success="0" jersey_num="2" pass_lost="0" pass_success="2" player_id="199248" player_name="Borja Mayoral" position="Substitute" position_id="5" sub_on="84" x="56.58" y="79.07">
    <Player player_id="165375" player_name="José Luis Morales">2</Player>
  </Player>
  <Player cross_lost="0" cross_success="0" jersey_num="3" pass_lost="13" pass_success="21" player_id="77039" player_name="Toño" position="Midfielder" position_id="3" x="47.47" y="85.91">
    <Player player_id="163784" player_name="Jason">1</Player>
    <Player player_id="88952" player_name="José Campaña">3</Player>
    <Player player_id="165375" player_name="José Luis Morales">5</Player>
    <Player player_id="196739" player_name="Enis Bardhi">1</Player>
    <Player player_id="220093" player_name="Rober Pier">2</Player>
    <Player player_id="199248" player_name="Borja Mayoral">1</Player>
    <Player player_id="86168" player_name="Rubén Rochina">2</Player>
    <Player player_id="106551" player_name="Sanjin Prcic">4</Player>
    <Player player_id="194764" player_name="Emmanuel Boateng">2</Player>
  </Player>
  <Player cross_lost="2" cross_success="0" jersey_num="16" pass_lost="14" pass_success="24" player_id="86168" player_name="Rubén Rochina" position="Midfielder" position_id="3" x="51.67" y="48.56">
    <Player player_id="88952" player_name="José Campaña">4</Player>
    <Player player_id="165375" player_name="José Luis Morales">2</Player>
    <Player player_id="196739" player_name="Enis Bardhi">2</Player>
    <Player player_id="220093" player_name="Rober Pier">1</Player>
    <Player player_id="106551" player_name="Sanjin Prcic">1</Player>
    <Player player_id="90400" player_name="Sergio Postigo">2</Player>
    <Player player_id="163784" player_name="Jason">3</Player>
    <Player player_id="77039" player_name="Toño">4</Player>
    <Player player_id="42844" player_name="Pedro López">1</Player>
    <Player player_id="169586" player_name="Erick Cabaco">1</Player>
    <Player player_id="194764" player_name="Emmanuel Boateng">3</Player>
  </Player>
  <Player cross_lost="0" cross_success="0" jersey_num="13" pass_lost="11" pass_success="12" player_id="49442" player_name="Oier Olazábal" position="Goalkeeper" position_id="1" x="8.78" y="51.29">
    <Player player_id="88952" player_name="José Campaña">2</Player>
    <Player player_id="165375" player_name="José Luis Morales">2</Player>
    <Player player_id="220093" player_name="Rober Pier">1</Player>
    <Player player_id="77039" player_name="Toño">1</Player>
    <Player player_id="86168" player_name="Rubén Rochina">1</Player>
    <Player player_id="169586" player_name="Erick Cabaco">1</Player>
    <Player player_id="106551" player_name="Sanjin Prcic">1</Player>
    <Player player_id="194764" player_name="Emmanuel Boateng">3</Player>
  </Player>
  <Player cross_lost="0" cross_success="0" jersey_num="19" pass_lost="1" pass_success="6" player_id="42844" player_name="Pedro López" position="Substitute" position_id="5" sub_on="74" x="22.32" y="25.30">
    <Player player_id="88952" player_name="José Campaña">2</Player>
    <Player player_id="196739" player_name="Enis Bardhi">2</Player>
    <Player player_id="86168" player_name="Rubén Rochina">2</Player>
  </Player>
  <Player cross_lost="0" cross_success="0" jersey_num="18" pass_lost="4" pass_success="14" player_id="169586" player_name="Erick Cabaco" position="Defender" position_id="2" sub_off="74" x="29.34" y="22.24">
    <Player player_id="88952" player_name="José Campaña">1</Player>
    <Player player_id="163784" player_name="Jason">3</Player>
    <Player player_id="165375" player_name="José Luis Morales">1</Player>
    <Player player_id="86168" player_name="Rubén Rochina">2</Player>
    <Player player_id="106551" player_name="Sanjin Prcic">2</Player>
    <Player player_id="90400" player_name="Sergio Postigo">4</Player>
    <Player player_id="194764" player_name="Emmanuel Boateng">1</Player>
  </Player>
  <Player cross_lost="0" cross_success="0" jersey_num="15" pass_lost="4" pass_success="20" player_id="90400" player_name="Sergio Postigo" position="Defender" position_id="2" x="27.58" y="49.90">
    <Player player_id="163784" player_name="Jason">3</Player>
    <Player player_id="88952" player_name="José Campaña">5</Player>
    <Player player_id="165375" player_name="José Luis Morales">1</Player>
    <Player player_id="220093" player_name="Rober Pier">4</Player>
    <Player player_id="77039" player_name="Toño">1</Player>
    <Player player_id="86168" player_name="Rubén Rochina">1</Player>
    <Player player_id="169586" player_name="Erick Cabaco">2</Player>
    <Player player_id="106551" player_name="Sanjin Prcic">2</Player>
    <Player player_id="194764" player_name="Emmanuel Boateng">1</Player>
  </Player>
  <Player cross_lost="0" cross_success="0" jersey_num="8" pass_lost="6" pass_success="13" player_id="106551" player_name="Sanjin Prcic" position="Midfielder" position_id="3" sub_off="45" x="38.76" y="49.22">
    <Player player_id="163784" player_name="Jason">3</Player>
    <Player player_id="220093" player_name="Rober Pier">2</Player>
    <Player player_id="77039" player_name="Toño">1</Player>
    <Player player_id="86168" player_name="Rubén Rochina">1</Player>
    <Player player_id="169586" player_name="Erick Cabaco">3</Player>
    <Player player_id="90400" player_name="Sergio Postigo">2</Player>
    <Player player_id="194764" player_name="Emmanuel Boateng">1</Player>
  </Player>
  <Player cross_lost="0" cross_success="0" jersey_num="21" pass_lost="4" pass_success="4" player_id="194764" player_name="Emmanuel Boateng" position="Forward" position_id="4" sub_off="84" x="62.46" y="48.03">
    <Player player_id="163784" player_name="Jason">1</Player>
    <Player player_id="165375" player_name="José Luis Morales">1</Player>
    <Player player_id="77039" player_name="Toño">1</Player>
    <Player player_id="86168" player_name="Rubén Rochina">1</Player>
  </Player>
</SoccerFeed>