﻿<?xml version="1.0" encoding="UTF-8"?>
<!-- Copyright 2001-2019 Opta Sportsdata Ltd. All rights reserved. -->
<!-- PRODUCTION HEADER
     produced on:        valde-jobq-a01.nexus.opta.net
     production time:    20190213T190336,627Z
     production module:  Opta::Feed::XML::Soccer::F27
-->
<SoccerFeed act_minute="92" act_period="2" act_second="56" away_team_id="186" away_team_name="Real Madrid" competition_id="23" competition_name="Spanish La Liga" game_date="2019-02-09 15:15:00" game_id="1009536" home_team_id="175" home_team_name="Atlético de Madrid" season_id="2018" season_name="Season 2018/2019" team_id="175" team_name="Atlético de Madrid">
  <Player cross_lost="0" cross_success="0" jersey_num="23" pass_lost="4" pass_success="4" player_id="86399" player_name="Vitolo" position="Substitute" position_id="5" sub_on="59" x="51.30" y="66.91">
    <Player player_id="174888" player_name="Lucas Hernández">1</Player>
    <Player player_id="89335" player_name="Saúl Ñíguez">2</Player>
    <Player player_id="88482" player_name="Álvaro Morata">1</Player>
  </Player>
  <Player cross_lost="0" cross_success="0" jersey_num="8" pass_lost="3" pass_success="25" player_id="89335" player_name="Saúl Ñíguez" position="Midfielder" position_id="3" x="55.13" y="52.78">
    <Player player_id="102383" player_name="Santiago Arias">1</Player>
    <Player player_id="174888" player_name="Lucas Hernández">4</Player>
    <Player player_id="167449" player_name="Thomas Lemar">2</Player>
    <Player player_id="220566" player_name="Rodrigo">2</Player>
    <Player player_id="76650" player_name="Antoine Griezmann">3</Player>
    <Player player_id="88482" player_name="Álvaro Morata">2</Player>
    <Player player_id="167199" player_name="Thomas Partey">3</Player>
    <Player player_id="151883" player_name="José Giménez">2</Player>
    <Player player_id="32281" player_name="Diego Godín">2</Player>
    <Player player_id="156223" player_name="Ángel Correa">3</Player>
  </Player>
  <Player cross_lost="0" cross_success="0" jersey_num="9" pass_lost="0" pass_success="4" player_id="50401" player_name="Nikola Kalinic" position="Substitute" position_id="5" sub_on="71" x="63.87" y="36.34">
    <Player player_id="86399" player_name="Vitolo">1</Player>
    <Player player_id="89335" player_name="Saúl Ñíguez">1</Player>
    <Player player_id="167199" player_name="Thomas Partey">2</Player>
  </Player>
  <Player cross_lost="0" cross_success="0" jersey_num="4" pass_lost="5" pass_success="15" player_id="102383" player_name="Santiago Arias" position="Defender" position_id="2" x="48.64" y="13.54">
    <Player player_id="86399" player_name="Vitolo">1</Player>
    <Player player_id="50401" player_name="Nikola Kalinic">1</Player>
    <Player player_id="167449" player_name="Thomas Lemar">2</Player>
    <Player player_id="220566" player_name="Rodrigo">1</Player>
    <Player player_id="151883" player_name="José Giménez">3</Player>
    <Player player_id="167199" player_name="Thomas Partey">2</Player>
    <Player player_id="156223" player_name="Ángel Correa">4</Player>
  </Player>
  <Player cross_lost="0" cross_success="0" jersey_num="13" pass_lost="12" pass_success="7" player_id="81352" player_name="Jan Oblak" position="Goalkeeper" position_id="1" x="9.60" y="45.24">
    <Player player_id="102383" player_name="Santiago Arias">1</Player>
    <Player player_id="174888" player_name="Lucas Hernández">1</Player>
    <Player player_id="88482" player_name="Álvaro Morata">1</Player>
    <Player player_id="151883" player_name="José Giménez">3</Player>
    <Player player_id="32281" player_name="Diego Godín">1</Player>
  </Player>
  <Player cross_lost="2" cross_success="1" jersey_num="21" pass_lost="9" pass_success="18" player_id="174888" player_name="Lucas Hernández" position="Defender" position_id="2" x="43.82" y="82.18">
    <Player player_id="86399" player_name="Vitolo">1</Player>
    <Player cross="1" player_id="50401" player_name="Nikola Kalinic">0</Player>
    <Player player_id="81352" player_name="Jan Oblak">2</Player>
    <Player player_id="167449" player_name="Thomas Lemar">4</Player>
    <Player player_id="220566" player_name="Rodrigo">2</Player>
    <Player player_id="88482" player_name="Álvaro Morata">1</Player>
    <Player player_id="167199" player_name="Thomas Partey">1</Player>
    <Player player_id="156223" player_name="Ángel Correa">1</Player>
    <Player player_id="32281" player_name="Diego Godín">6</Player>
  </Player>
  <Player cross_lost="0" cross_success="0" jersey_num="11" pass_lost="1" pass_success="15" player_id="167449" player_name="Thomas Lemar" position="Midfielder" position_id="3" sub_off="59" x="52.69" y="76.09">
    <Player player_id="89335" player_name="Saúl Ñíguez">4</Player>
    <Player player_id="102383" player_name="Santiago Arias">3</Player>
    <Player player_id="174888" player_name="Lucas Hernández">2</Player>
    <Player player_id="76650" player_name="Antoine Griezmann">2</Player>
    <Player player_id="167199" player_name="Thomas Partey">1</Player>
    <Player player_id="156223" player_name="Ángel Correa">1</Player>
    <Player player_id="32281" player_name="Diego Godín">2</Player>
  </Player>
  <Player cross_lost="0" cross_success="0" jersey_num="14" pass_lost="2" pass_success="11" player_id="220566" player_name="Rodrigo" position="Substitute" position_id="5" sub_on="65" x="43.81" y="57.09">
    <Player player_id="86399" player_name="Vitolo">3</Player>
    <Player player_id="89335" player_name="Saúl Ñíguez">1</Player>
    <Player player_id="50401" player_name="Nikola Kalinic">1</Player>
    <Player player_id="174888" player_name="Lucas Hernández">3</Player>
    <Player player_id="167199" player_name="Thomas Partey">2</Player>
    <Player player_id="32281" player_name="Diego Godín">1</Player>
  </Player>
  <Player cross_lost="0" cross_success="1" jersey_num="7" pass_lost="2" pass_success="19" player_id="76650" player_name="Antoine Griezmann" position="Forward" position_id="4" x="60.41" y="49.52">
    <Player player_id="89335" player_name="Saúl Ñíguez">3</Player>
    <Player player_id="102383" player_name="Santiago Arias">2</Player>
    <Player player_id="174888" player_name="Lucas Hernández">2</Player>
    <Player player_id="167449" player_name="Thomas Lemar">3</Player>
    <Player cross="1" player_id="220566" player_name="Rodrigo">0</Player>
    <Player player_id="88482" player_name="Álvaro Morata">1</Player>
    <Player player_id="167199" player_name="Thomas Partey">5</Player>
    <Player player_id="156223" player_name="Ángel Correa">3</Player>
  </Player>
  <Player cross_lost="0" cross_success="0" jersey_num="22" pass_lost="7" pass_success="8" player_id="88482" player_name="Álvaro Morata" position="Forward" position_id="4" sub_off="71" x="58.81" y="46.36">
    <Player player_id="86399" player_name="Vitolo">1</Player>
    <Player player_id="167449" player_name="Thomas Lemar">1</Player>
    <Player player_id="76650" player_name="Antoine Griezmann">2</Player>
    <Player player_id="167199" player_name="Thomas Partey">1</Player>
    <Player player_id="151883" player_name="José Giménez">1</Player>
    <Player player_id="156223" player_name="Ángel Correa">2</Player>
  </Player>
  <Player cross_lost="1" cross_success="1" jersey_num="5" pass_lost="13" pass_success="31" player_id="167199" player_name="Thomas Partey" position="Midfielder" position_id="3" sent_off="80" x="46.87" y="37.78">
    <Player player_id="102383" player_name="Santiago Arias">6</Player>
    <Player player_id="167449" player_name="Thomas Lemar">2</Player>
    <Player cross="1" player_id="76650" player_name="Antoine Griezmann">4</Player>
    <Player player_id="151883" player_name="José Giménez">4</Player>
    <Player player_id="89335" player_name="Saúl Ñíguez">1</Player>
    <Player player_id="81352" player_name="Jan Oblak">1</Player>
    <Player player_id="174888" player_name="Lucas Hernández">4</Player>
    <Player player_id="220566" player_name="Rodrigo">2</Player>
    <Player player_id="88482" player_name="Álvaro Morata">1</Player>
    <Player player_id="32281" player_name="Diego Godín">2</Player>
    <Player player_id="156223" player_name="Ángel Correa">4</Player>
  </Player>
  <Player cross_lost="0" cross_success="0" jersey_num="24" pass_lost="8" pass_success="23" player_id="151883" player_name="José Giménez" position="Defender" position_id="2" x="39.29" y="31.30">
    <Player player_id="89335" player_name="Saúl Ñíguez">1</Player>
    <Player player_id="81352" player_name="Jan Oblak">1</Player>
    <Player player_id="102383" player_name="Santiago Arias">2</Player>
    <Player player_id="174888" player_name="Lucas Hernández">5</Player>
    <Player player_id="167449" player_name="Thomas Lemar">1</Player>
    <Player player_id="220566" player_name="Rodrigo">1</Player>
    <Player player_id="88482" player_name="Álvaro Morata">2</Player>
    <Player player_id="167199" player_name="Thomas Partey">4</Player>
    <Player player_id="32281" player_name="Diego Godín">3</Player>
    <Player player_id="156223" player_name="Ángel Correa">2</Player>
  </Player>
  <Player cross_lost="0" cross_success="0" jersey_num="2" pass_lost="9" pass_success="19" player_id="32281" player_name="Diego Godín" position="Defender" position_id="2" x="36.13" y="67.77">
    <Player player_id="86399" player_name="Vitolo">1</Player>
    <Player player_id="89335" player_name="Saúl Ñíguez">1</Player>
    <Player player_id="81352" player_name="Jan Oblak">3</Player>
    <Player player_id="174888" player_name="Lucas Hernández">1</Player>
    <Player player_id="167449" player_name="Thomas Lemar">1</Player>
    <Player player_id="220566" player_name="Rodrigo">1</Player>
    <Player player_id="76650" player_name="Antoine Griezmann">1</Player>
    <Player player_id="151883" player_name="José Giménez">6</Player>
    <Player player_id="167199" player_name="Thomas Partey">4</Player>
  </Player>
  <Player cross_lost="2" cross_success="0" jersey_num="10" pass_lost="5" pass_success="14" player_id="156223" player_name="Ángel Correa" position="Midfielder" position_id="3" sub_off="65" x="57.56" y="24.52">
    <Player player_id="89335" player_name="Saúl Ñíguez">2</Player>
    <Player player_id="102383" player_name="Santiago Arias">2</Player>
    <Player player_id="76650" player_name="Antoine Griezmann">4</Player>
    <Player player_id="88482" player_name="Álvaro Morata">1</Player>
    <Player player_id="167199" player_name="Thomas Partey">1</Player>
    <Player player_id="151883" player_name="José Giménez">4</Player>
  </Player>
</SoccerFeed>