﻿<?xml version="1.0" encoding="UTF-8"?>
<!-- Copyright 2001-2019 Opta Sportsdata Ltd. All rights reserved. -->
<!-- PRODUCTION HEADER
     produced on:        valde-jobq-a01.nexus.opta.net
     production time:    20190122T174334,656Z
     production module:  Opta::Feed::XML::Soccer::F27
-->
<SoccerFeed act_minute="93" act_period="2" act_second="0" away_team_id="179" away_team_name="Sevilla" competition_id="23" competition_name="Spanish La Liga" game_date="2019-01-19 15:15:00" game_id="1009512" home_team_id="186" home_team_name="Real Madrid" season_id="2018" season_name="Season 2018/2019" team_id="179" team_name="Sevilla">
  <Player cross_lost="0" cross_success="0" jersey_num="1" pass_lost="19" pass_success="9" player_id="51945" player_name="Tomás Vaclik" position="Goalkeeper" position_id="1" x="7.00" y="49.23">
    <Player player_id="49309" player_name="Éver Banega">2</Player>
    <Player player_id="17740" player_name="Jesús Navas">1</Player>
    <Player player_id="86151" player_name="Sergi Gómez">1</Player>
    <Player player_id="165811" player_name="André Silva">3</Player>
    <Player player_id="62991" player_name="Sergio Escudero">1</Player>
    <Player player_id="48714" player_name="Simon Kjaer">1</Player>
  </Player>
  <Player cross_lost="0" cross_success="0" jersey_num="19" pass_lost="0" pass_success="4" player_id="170864" player_name="Munir El Haddadi" position="Substitute" position_id="5" sub_on="75" x="58.65" y="34.00">
    <Player player_id="46479" player_name="Daniel Carriço">1</Player>
    <Player player_id="17740" player_name="Jesús Navas">1</Player>
    <Player player_id="80758" player_name="Quincy Promes">1</Player>
  </Player>
  <Player cross_lost="0" cross_success="0" jersey_num="6" pass_lost="7" pass_success="21" player_id="46479" player_name="Daniel Carriço" position="Defender" position_id="2" x="31.46" y="25.75">
    <Player player_id="49309" player_name="Éver Banega">6</Player>
    <Player player_id="88484" player_name="Pablo Sarabia">3</Player>
    <Player player_id="17740" player_name="Jesús Navas">3</Player>
    <Player player_id="86151" player_name="Sergi Gómez">2</Player>
    <Player player_id="165811" player_name="André Silva">2</Player>
    <Player player_id="100731" player_name="Franco Vázquez">3</Player>
    <Player player_id="48714" player_name="Simon Kjaer">2</Player>
  </Player>
  <Player cross_lost="0" cross_success="0" jersey_num="41" pass_lost="0" pass_success="0" player_id="436234" player_name="Bryan Gil" position="Substitute" position_id="5" sub_on="86" x="37.65" y="27.00" />
  <Player cross_lost="1" cross_success="2" jersey_num="17" pass_lost="14" pass_success="20" player_id="88484" player_name="Pablo Sarabia" position="Midfielder" position_id="3" x="40.87" y="20.72">
    <Player player_id="46479" player_name="Daniel Carriço">1</Player>
    <Player player_id="436234" player_name="Bryan Gil">1</Player>
    <Player player_id="17740" player_name="Jesús Navas">8</Player>
    <Player player_id="100731" player_name="Franco Vázquez">1</Player>
    <Player player_id="170864" player_name="Munir El Haddadi">1</Player>
    <Player player_id="49309" player_name="Éver Banega">4</Player>
    <Player cross="1" player_id="86151" player_name="Sergi Gómez">0</Player>
    <Player cross="1" player_id="48714" player_name="Simon Kjaer">0</Player>
    <Player player_id="83912" player_name="Wissam Ben Yedder">4</Player>
  </Player>
  <Player cross_lost="1" cross_success="0" jersey_num="10" pass_lost="10" pass_success="43" player_id="49309" player_name="Éver Banega" position="Midfielder" position_id="3" x="37.80" y="43.71">
    <Player player_id="46479" player_name="Daniel Carriço">5</Player>
    <Player player_id="436234" player_name="Bryan Gil">1</Player>
    <Player player_id="88484" player_name="Pablo Sarabia">7</Player>
    <Player player_id="17740" player_name="Jesús Navas">7</Player>
    <Player player_id="86151" player_name="Sergi Gómez">4</Player>
    <Player player_id="165811" player_name="André Silva">1</Player>
    <Player player_id="62991" player_name="Sergio Escudero">6</Player>
    <Player player_id="100731" player_name="Franco Vázquez">8</Player>
    <Player player_id="48714" player_name="Simon Kjaer">2</Player>
  </Player>
  <Player cross_lost="4" cross_success="1" jersey_num="16" pass_lost="8" pass_success="22" player_id="17740" player_name="Jesús Navas" position="Defender" position_id="2" x="38.96" y="13.07">
    <Player player_id="51945" player_name="Tomás Vaclik">1</Player>
    <Player player_id="170864" player_name="Munir El Haddadi">2</Player>
    <Player player_id="46479" player_name="Daniel Carriço">5</Player>
    <Player player_id="49309" player_name="Éver Banega">2</Player>
    <Player player_id="88484" player_name="Pablo Sarabia">6</Player>
    <Player cross="1" player_id="165811" player_name="André Silva">3</Player>
    <Player player_id="62991" player_name="Sergio Escudero">1</Player>
    <Player player_id="80758" player_name="Quincy Promes">1</Player>
    <Player player_id="48714" player_name="Simon Kjaer">1</Player>
  </Player>
  <Player cross_lost="0" cross_success="0" jersey_num="3" pass_lost="5" pass_success="21" player_id="86151" player_name="Sergi Gómez" position="Defender" position_id="2" x="30.19" y="74.19">
    <Player player_id="51945" player_name="Tomás Vaclik">1</Player>
    <Player player_id="88484" player_name="Pablo Sarabia">1</Player>
    <Player player_id="49309" player_name="Éver Banega">5</Player>
    <Player player_id="17740" player_name="Jesús Navas">1</Player>
    <Player player_id="165811" player_name="André Silva">1</Player>
    <Player player_id="62991" player_name="Sergio Escudero">8</Player>
    <Player player_id="100731" player_name="Franco Vázquez">2</Player>
    <Player player_id="48714" player_name="Simon Kjaer">2</Player>
  </Player>
  <Player cross_lost="0" cross_success="0" jersey_num="12" pass_lost="6" pass_success="15" player_id="165811" player_name="André Silva" position="Forward" position_id="4" sub_off="75" x="57.49" y="51.75">
    <Player player_id="88484" player_name="Pablo Sarabia">3</Player>
    <Player player_id="49309" player_name="Éver Banega">2</Player>
    <Player player_id="17740" player_name="Jesús Navas">1</Player>
    <Player player_id="62991" player_name="Sergio Escudero">2</Player>
    <Player player_id="100731" player_name="Franco Vázquez">2</Player>
    <Player player_id="83912" player_name="Wissam Ben Yedder">5</Player>
  </Player>
  <Player cross_lost="1" cross_success="0" jersey_num="18" pass_lost="7" pass_success="16" player_id="62991" player_name="Sergio Escudero" position="Defender" position_id="2" sub_off="86" x="36.56" y="82.40">
    <Player player_id="51945" player_name="Tomás Vaclik">1</Player>
    <Player player_id="49309" player_name="Éver Banega">2</Player>
    <Player player_id="17740" player_name="Jesús Navas">1</Player>
    <Player player_id="86151" player_name="Sergi Gómez">3</Player>
    <Player player_id="165811" player_name="André Silva">4</Player>
    <Player player_id="100731" player_name="Franco Vázquez">3</Player>
    <Player player_id="80758" player_name="Quincy Promes">2</Player>
  </Player>
  <Player cross_lost="0" cross_success="0" jersey_num="22" pass_lost="5" pass_success="16" player_id="100731" player_name="Franco Vázquez" position="Midfielder" position_id="3" x="46.68" y="63.10">
    <Player player_id="170864" player_name="Munir El Haddadi">1</Player>
    <Player player_id="46479" player_name="Daniel Carriço">2</Player>
    <Player player_id="49309" player_name="Éver Banega">2</Player>
    <Player player_id="88484" player_name="Pablo Sarabia">5</Player>
    <Player player_id="17740" player_name="Jesús Navas">3</Player>
    <Player player_id="86151" player_name="Sergi Gómez">2</Player>
    <Player player_id="83912" player_name="Wissam Ben Yedder">1</Player>
  </Player>
  <Player cross_lost="0" cross_success="0" jersey_num="21" pass_lost="1" pass_success="2" player_id="80758" player_name="Quincy Promes" position="Substitute" position_id="5" sub_on="71" x="48.97" y="79.64">
    <Player player_id="86151" player_name="Sergi Gómez">1</Player>
    <Player player_id="62991" player_name="Sergio Escudero">1</Player>
  </Player>
  <Player cross_lost="0" cross_success="0" jersey_num="4" pass_lost="3" pass_success="19" player_id="48714" player_name="Simon Kjaer" position="Defender" position_id="2" x="29.49" y="47.53">
    <Player player_id="51945" player_name="Tomás Vaclik">2</Player>
    <Player player_id="46479" player_name="Daniel Carriço">1</Player>
    <Player player_id="88484" player_name="Pablo Sarabia">1</Player>
    <Player player_id="49309" player_name="Éver Banega">6</Player>
    <Player player_id="17740" player_name="Jesús Navas">1</Player>
    <Player player_id="86151" player_name="Sergi Gómez">4</Player>
    <Player player_id="62991" player_name="Sergio Escudero">3</Player>
    <Player player_id="83912" player_name="Wissam Ben Yedder">1</Player>
  </Player>
  <Player cross_lost="0" cross_success="0" jersey_num="9" pass_lost="6" pass_success="5" player_id="83912" player_name="Wissam Ben Yedder" position="Forward" position_id="4" sub_off="71" x="58.39" y="51.77">
    <Player player_id="88484" player_name="Pablo Sarabia">1</Player>
    <Player player_id="62991" player_name="Sergio Escudero">2</Player>
    <Player player_id="100731" player_name="Franco Vázquez">2</Player>
  </Player>
</SoccerFeed>