﻿<?xml version="1.0" encoding="UTF-8"?>
<!-- Copyright 2001-2018 Opta Sportsdata Ltd. All rights reserved. -->
<!-- PRODUCTION HEADER
     produced on:        valde-jobq-a02.nexus.opta.net
     production time:    20181023T113230,157Z
     production module:  Opta::Feed::XML::Soccer::F27
-->
<SoccerFeed act_minute="94" act_period="2" act_second="33" away_team_id="192" away_team_name="Real Valladolid" competition_id="23" competition_name="Spanish La Liga" game_date="2018-10-21 19:45:00" game_id="1009397" home_team_id="185" home_team_name="Real Betis" season_id="2018" season_name="Season 2018/2019" team_id="185" team_name="Real Betis">
  <Player cross_lost="7" cross_success="1" jersey_num="6" pass_lost="4" pass_success="45" player_id="56448" player_name="Sergio Canales" position="Midfielder" position_id="3" sub_off="72" x="63.34" y="56.34">
    <Player player_id="53142" player_name="Sidnei">10</Player>
    <Player player_id="96122" player_name="William Carvalho">7</Player>
    <Player player_id="103263" player_name="Takashi Inui">3</Player>
    <Player player_id="55264" player_name="Ryad Boudebouz">5</Player>
    <Player player_id="81138" player_name="Marc Bartra">7</Player>
    <Player player_id="19534" player_name="Javi García">4</Player>
    <Player cross="1" player_id="432757" player_name="Francis">3</Player>
    <Player player_id="443967" player_name="Júnior Firpo">2</Player>
    <Player player_id="86813" player_name="Aissa Mandi">1</Player>
    <Player player_id="432751" player_name="Loren Morón">1</Player>
    <Player player_id="82418" player_name="Sergio León">1</Player>
    <Player player_id="182960" player_name="Pau López">1</Player>
  </Player>
  <Player cross_lost="1" cross_success="1" jersey_num="21" pass_lost="3" pass_success="13" player_id="200826" player_name="Giovani Lo Celso" position="Substitute" position_id="5" sub_on="72" x="62.65" y="59.98">
    <Player player_id="53142" player_name="Sidnei">2</Player>
    <Player player_id="96122" player_name="William Carvalho">3</Player>
    <Player player_id="55264" player_name="Ryad Boudebouz">3</Player>
    <Player player_id="82418" player_name="Sergio León">1</Player>
    <Player player_id="432757" player_name="Francis">3</Player>
    <Player cross="1" player_id="443967" player_name="Júnior Firpo">1</Player>
  </Player>
  <Player cross_lost="1" cross_success="0" jersey_num="23" pass_lost="2" pass_success="43" player_id="86813" player_name="Aissa Mandi" position="Substitute" position_id="5" sub_on="45" x="54.74" y="26.70">
    <Player player_id="200826" player_name="Giovani Lo Celso">2</Player>
    <Player player_id="53142" player_name="Sidnei">6</Player>
    <Player player_id="96122" player_name="William Carvalho">10</Player>
    <Player player_id="55264" player_name="Ryad Boudebouz">8</Player>
    <Player player_id="103263" player_name="Takashi Inui">1</Player>
    <Player player_id="81138" player_name="Marc Bartra">9</Player>
    <Player player_id="432757" player_name="Francis">6</Player>
    <Player player_id="443967" player_name="Júnior Firpo">1</Player>
  </Player>
  <Player cross_lost="2" cross_success="0" jersey_num="12" pass_lost="8" pass_success="72" player_id="53142" player_name="Sidnei" position="Defender" position_id="2" x="51.17" y="72.92">
    <Player player_id="200826" player_name="Giovani Lo Celso">4</Player>
    <Player player_id="96122" player_name="William Carvalho">15</Player>
    <Player player_id="55264" player_name="Ryad Boudebouz">1</Player>
    <Player player_id="103263" player_name="Takashi Inui">2</Player>
    <Player player_id="81138" player_name="Marc Bartra">10</Player>
    <Player player_id="19534" player_name="Javi García">12</Player>
    <Player player_id="432757" player_name="Francis">1</Player>
    <Player player_id="443967" player_name="Júnior Firpo">14</Player>
    <Player player_id="56448" player_name="Sergio Canales">5</Player>
    <Player player_id="86813" player_name="Aissa Mandi">5</Player>
    <Player player_id="432751" player_name="Loren Morón">1</Player>
    <Player player_id="182960" player_name="Pau López">2</Player>
  </Player>
  <Player cross_lost="1" cross_success="0" jersey_num="14" pass_lost="7" pass_success="85" player_id="96122" player_name="William Carvalho" position="Midfielder" position_id="3" x="54.76" y="54.01">
    <Player player_id="200826" player_name="Giovani Lo Celso">3</Player>
    <Player player_id="53142" player_name="Sidnei">9</Player>
    <Player player_id="103263" player_name="Takashi Inui">1</Player>
    <Player player_id="55264" player_name="Ryad Boudebouz">6</Player>
    <Player player_id="81138" player_name="Marc Bartra">10</Player>
    <Player player_id="19534" player_name="Javi García">7</Player>
    <Player player_id="432757" player_name="Francis">7</Player>
    <Player player_id="443967" player_name="Júnior Firpo">13</Player>
    <Player player_id="56448" player_name="Sergio Canales">15</Player>
    <Player player_id="86813" player_name="Aissa Mandi">9</Player>
    <Player player_id="432751" player_name="Loren Morón">3</Player>
    <Player player_id="182960" player_name="Pau López">2</Player>
  </Player>
  <Player cross_lost="3" cross_success="0" jersey_num="8" pass_lost="3" pass_success="17" player_id="103263" player_name="Takashi Inui" position="Forward" position_id="4" sub_off="59" x="68.36" y="66.55">
    <Player player_id="56448" player_name="Sergio Canales">4</Player>
    <Player player_id="53142" player_name="Sidnei">1</Player>
    <Player player_id="96122" player_name="William Carvalho">5</Player>
    <Player player_id="55264" player_name="Ryad Boudebouz">2</Player>
    <Player player_id="432751" player_name="Loren Morón">1</Player>
    <Player player_id="19534" player_name="Javi García">1</Player>
    <Player player_id="443967" player_name="Júnior Firpo">3</Player>
  </Player>
  <Player cross_lost="5" cross_success="0" jersey_num="10" pass_lost="8" pass_success="37" player_id="55264" player_name="Ryad Boudebouz" position="Forward" position_id="4" x="64.47" y="29.25">
    <Player player_id="56448" player_name="Sergio Canales">2</Player>
    <Player player_id="200826" player_name="Giovani Lo Celso">1</Player>
    <Player player_id="86813" player_name="Aissa Mandi">6</Player>
    <Player player_id="53142" player_name="Sidnei">4</Player>
    <Player player_id="96122" player_name="William Carvalho">4</Player>
    <Player player_id="432751" player_name="Loren Morón">2</Player>
    <Player player_id="103263" player_name="Takashi Inui">4</Player>
    <Player player_id="81138" player_name="Marc Bartra">2</Player>
    <Player player_id="82418" player_name="Sergio León">1</Player>
    <Player player_id="432757" player_name="Francis">10</Player>
    <Player player_id="443967" player_name="Júnior Firpo">1</Player>
  </Player>
  <Player cross_lost="0" cross_success="0" jersey_num="16" pass_lost="4" pass_success="14" player_id="432751" player_name="Loren Morón" position="Forward" position_id="4" x="68.00" y="58.24">
    <Player player_id="56448" player_name="Sergio Canales">2</Player>
    <Player player_id="86813" player_name="Aissa Mandi">2</Player>
    <Player player_id="96122" player_name="William Carvalho">1</Player>
    <Player player_id="55264" player_name="Ryad Boudebouz">3</Player>
    <Player player_id="103263" player_name="Takashi Inui">2</Player>
    <Player player_id="81138" player_name="Marc Bartra">1</Player>
    <Player player_id="432757" player_name="Francis">2</Player>
    <Player player_id="443967" player_name="Júnior Firpo">1</Player>
  </Player>
  <Player cross_lost="0" cross_success="0" jersey_num="5" pass_lost="6" pass_success="63" player_id="81138" player_name="Marc Bartra" position="Defender" position_id="2" x="46.75" y="34.40">
    <Player player_id="200826" player_name="Giovani Lo Celso">1</Player>
    <Player player_id="53142" player_name="Sidnei">13</Player>
    <Player player_id="96122" player_name="William Carvalho">10</Player>
    <Player player_id="103263" player_name="Takashi Inui">3</Player>
    <Player player_id="55264" player_name="Ryad Boudebouz">5</Player>
    <Player player_id="19534" player_name="Javi García">10</Player>
    <Player player_id="432757" player_name="Francis">4</Player>
    <Player player_id="443967" player_name="Júnior Firpo">4</Player>
    <Player player_id="56448" player_name="Sergio Canales">1</Player>
    <Player player_id="86813" player_name="Aissa Mandi">6</Player>
    <Player player_id="432751" player_name="Loren Morón">1</Player>
    <Player player_id="182960" player_name="Pau López">4</Player>
    <Player player_id="82418" player_name="Sergio León">1</Player>
  </Player>
  <Player cross_lost="0" cross_success="0" jersey_num="7" pass_lost="1" pass_success="3" player_id="82418" player_name="Sergio León" position="Substitute" position_id="5" sub_on="59" x="81.94" y="34.75">
    <Player player_id="96122" player_name="William Carvalho">1</Player>
    <Player player_id="55264" player_name="Ryad Boudebouz">1</Player>
    <Player player_id="432751" player_name="Loren Morón">1</Player>
  </Player>
  <Player cross_lost="0" cross_success="0" jersey_num="13" pass_lost="3" pass_success="18" player_id="182960" player_name="Pau López" position="Goalkeeper" position_id="1" x="8.96" y="49.87">
    <Player player_id="56448" player_name="Sergio Canales">5</Player>
    <Player player_id="53142" player_name="Sidnei">4</Player>
    <Player player_id="96122" player_name="William Carvalho">2</Player>
    <Player player_id="55264" player_name="Ryad Boudebouz">1</Player>
    <Player player_id="432751" player_name="Loren Morón">2</Player>
    <Player player_id="103263" player_name="Takashi Inui">1</Player>
    <Player player_id="81138" player_name="Marc Bartra">2</Player>
    <Player player_id="432757" player_name="Francis">1</Player>
  </Player>
  <Player cross_lost="0" cross_success="0" jersey_num="3" pass_lost="1" pass_success="38" player_id="19534" player_name="Javi García" position="Defender" position_id="2" sub_off="45" x="42.77" y="48.47">
    <Player player_id="56448" player_name="Sergio Canales">5</Player>
    <Player player_id="53142" player_name="Sidnei">9</Player>
    <Player player_id="96122" player_name="William Carvalho">9</Player>
    <Player player_id="55264" player_name="Ryad Boudebouz">4</Player>
    <Player player_id="81138" player_name="Marc Bartra">10</Player>
    <Player player_id="182960" player_name="Pau López">1</Player>
  </Player>
  <Player cross_lost="3" cross_success="0" jersey_num="2" pass_lost="8" pass_success="34" player_id="432757" player_name="Francis" position="Midfielder" position_id="3" x="60.41" y="16.33">
    <Player player_id="200826" player_name="Giovani Lo Celso">3</Player>
    <Player player_id="53142" player_name="Sidnei">1</Player>
    <Player player_id="96122" player_name="William Carvalho">3</Player>
    <Player player_id="103263" player_name="Takashi Inui">1</Player>
    <Player player_id="55264" player_name="Ryad Boudebouz">9</Player>
    <Player player_id="81138" player_name="Marc Bartra">7</Player>
    <Player player_id="443967" player_name="Júnior Firpo">1</Player>
    <Player player_id="56448" player_name="Sergio Canales">5</Player>
    <Player player_id="86813" player_name="Aissa Mandi">2</Player>
    <Player player_id="432751" player_name="Loren Morón">1</Player>
    <Player player_id="82418" player_name="Sergio León">1</Player>
  </Player>
  <Player cross_lost="1" cross_success="1" jersey_num="20" pass_lost="8" pass_success="39" player_id="443967" player_name="Júnior Firpo" position="Midfielder" position_id="3" x="63.45" y="81.86">
    <Player player_id="56448" player_name="Sergio Canales">7</Player>
    <Player player_id="200826" player_name="Giovani Lo Celso">3</Player>
    <Player player_id="53142" player_name="Sidnei">7</Player>
    <Player player_id="96122" player_name="William Carvalho">9</Player>
    <Player player_id="55264" player_name="Ryad Boudebouz">1</Player>
    <Player cross="1" player_id="103263" player_name="Takashi Inui">6</Player>
    <Player player_id="432751" player_name="Loren Morón">5</Player>
    <Player player_id="81138" player_name="Marc Bartra">1</Player>
  </Player>
</SoccerFeed>