﻿<?xml version="1.0" encoding="UTF-8"?>
<!-- Copyright 2001-2018 Opta Sportsdata Ltd. All rights reserved. -->
<!-- PRODUCTION HEADER
     produced on:        valde-jobq-a04.nexus.opta.net
     production time:    20181129T164940,956Z
     production module:  Opta::Feed::XML::Soccer::F27
-->
<SoccerFeed act_minute="93" act_period="2" act_second="21" away_team_id="185" away_team_name="Real Betis" competition_id="23" competition_name="Spanish La Liga" game_date="2018-08-25 17:15:00" game_id="1009326" home_team_id="173" home_team_name="Alavés" season_id="2018" season_name="Season 2018/2019" team_id="185" team_name="Real Betis">
  <Player cross_lost="2" cross_success="2" jersey_num="6" pass_lost="5" pass_success="42" player_id="56448" player_name="Sergio Canales" position="Forward" position_id="4" x="57.64" y="34.58">
    <Player player_id="37064" player_name="Andrés Guardado">3</Player>
    <Player player_id="96122" player_name="William Carvalho">6</Player>
    <Player player_id="55264" player_name="Ryad Boudebouz">4</Player>
    <Player player_id="103263" player_name="Takashi Inui">3</Player>
    <Player player_id="81138" player_name="Marc Bartra">4</Player>
    <Player player_id="432757" player_name="Francis">4</Player>
    <Player player_id="443967" player_name="Júnior Firpo">5</Player>
    <Player cross="1" player_id="89747" player_name="Zouhair Feddal">3</Player>
    <Player player_id="86813" player_name="Aissa Mandi">2</Player>
    <Player player_id="86169" player_name="Cristian Tello">4</Player>
    <Player cross="1" player_id="432751" player_name="Loren Morón">3</Player>
    <Player player_id="182960" player_name="Pau López">1</Player>
  </Player>
  <Player cross_lost="0" cross_success="0" jersey_num="23" pass_lost="3" pass_success="70" player_id="86813" player_name="Aissa Mandi" position="Defender" position_id="2" x="34.88" y="24.73">
    <Player player_id="37064" player_name="Andrés Guardado">9</Player>
    <Player player_id="96122" player_name="William Carvalho">8</Player>
    <Player player_id="55264" player_name="Ryad Boudebouz">1</Player>
    <Player player_id="103263" player_name="Takashi Inui">1</Player>
    <Player player_id="81138" player_name="Marc Bartra">17</Player>
    <Player player_id="432757" player_name="Francis">6</Player>
    <Player player_id="89747" player_name="Zouhair Feddal">2</Player>
    <Player player_id="443967" player_name="Júnior Firpo">4</Player>
    <Player player_id="56448" player_name="Sergio Canales">9</Player>
    <Player player_id="432751" player_name="Loren Morón">3</Player>
    <Player player_id="182960" player_name="Pau López">10</Player>
  </Player>
  <Player cross_lost="0" cross_success="0" jersey_num="9" pass_lost="0" pass_success="1" player_id="168598" player_name="Antonio Sanabria" position="Substitute" position_id="5" sub_on="61" x="72.36" y="36.78">
    <Player player_id="56448" player_name="Sergio Canales">1</Player>
  </Player>
  <Player cross_lost="0" cross_success="0" jersey_num="11" pass_lost="3" pass_success="10" player_id="86169" player_name="Cristian Tello" position="Substitute" position_id="5" sub_on="76" x="56.13" y="21.91">
    <Player player_id="56448" player_name="Sergio Canales">4</Player>
    <Player player_id="37064" player_name="Andrés Guardado">2</Player>
    <Player player_id="55264" player_name="Ryad Boudebouz">2</Player>
    <Player player_id="81138" player_name="Marc Bartra">2</Player>
  </Player>
  <Player cross_lost="3" cross_success="1" jersey_num="18" pass_lost="3" pass_success="55" player_id="37064" player_name="Andrés Guardado" position="Midfielder" position_id="3" x="49.82" y="42.69">
    <Player player_id="96122" player_name="William Carvalho">5</Player>
    <Player player_id="103263" player_name="Takashi Inui">1</Player>
    <Player player_id="81138" player_name="Marc Bartra">13</Player>
    <Player player_id="432757" player_name="Francis">6</Player>
    <Player cross="1" player_id="89747" player_name="Zouhair Feddal">2</Player>
    <Player player_id="443967" player_name="Júnior Firpo">8</Player>
    <Player player_id="56448" player_name="Sergio Canales">4</Player>
    <Player player_id="86813" player_name="Aissa Mandi">10</Player>
    <Player player_id="86169" player_name="Cristian Tello">5</Player>
    <Player player_id="432751" player_name="Loren Morón">1</Player>
  </Player>
  <Player cross_lost="0" cross_success="0" jersey_num="14" pass_lost="14" pass_success="49" player_id="96122" player_name="William Carvalho" position="Midfielder" position_id="3" sub_off="82" x="45.47" y="52.94">
    <Player player_id="168598" player_name="Antonio Sanabria">2</Player>
    <Player player_id="37064" player_name="Andrés Guardado">6</Player>
    <Player player_id="103263" player_name="Takashi Inui">3</Player>
    <Player player_id="81138" player_name="Marc Bartra">6</Player>
    <Player player_id="432757" player_name="Francis">3</Player>
    <Player player_id="443967" player_name="Júnior Firpo">9</Player>
    <Player player_id="89747" player_name="Zouhair Feddal">5</Player>
    <Player player_id="56448" player_name="Sergio Canales">7</Player>
    <Player player_id="86813" player_name="Aissa Mandi">6</Player>
    <Player player_id="86169" player_name="Cristian Tello">1</Player>
    <Player player_id="432751" player_name="Loren Morón">1</Player>
  </Player>
  <Player cross_lost="1" cross_success="0" jersey_num="10" pass_lost="1" pass_success="5" player_id="55264" player_name="Ryad Boudebouz" position="Substitute" position_id="5" sub_on="82" x="61.66" y="24.92">
    <Player player_id="86813" player_name="Aissa Mandi">3</Player>
    <Player player_id="86169" player_name="Cristian Tello">1</Player>
    <Player player_id="81138" player_name="Marc Bartra">1</Player>
  </Player>
  <Player cross_lost="1" cross_success="0" jersey_num="16" pass_lost="8" pass_success="10" player_id="432751" player_name="Loren Morón" position="Forward" position_id="4" x="64.39" y="57.67">
    <Player player_id="56448" player_name="Sergio Canales">2</Player>
    <Player player_id="168598" player_name="Antonio Sanabria">1</Player>
    <Player player_id="37064" player_name="Andrés Guardado">2</Player>
    <Player player_id="96122" player_name="William Carvalho">1</Player>
    <Player player_id="432757" player_name="Francis">1</Player>
    <Player player_id="443967" player_name="Júnior Firpo">2</Player>
    <Player player_id="89747" player_name="Zouhair Feddal">1</Player>
  </Player>
  <Player cross_lost="0" cross_success="1" jersey_num="8" pass_lost="4" pass_success="12" player_id="103263" player_name="Takashi Inui" position="Forward" position_id="4" sub_off="61" x="59.85" y="75.20">
    <Player cross="1" player_id="56448" player_name="Sergio Canales">0</Player>
    <Player player_id="96122" player_name="William Carvalho">3</Player>
    <Player player_id="432751" player_name="Loren Morón">1</Player>
    <Player player_id="432757" player_name="Francis">2</Player>
    <Player player_id="89747" player_name="Zouhair Feddal">3</Player>
    <Player player_id="443967" player_name="Júnior Firpo">3</Player>
  </Player>
  <Player cross_lost="0" cross_success="0" jersey_num="5" pass_lost="9" pass_success="71" player_id="81138" player_name="Marc Bartra" position="Defender" position_id="2" x="35.17" y="48.30">
    <Player player_id="37064" player_name="Andrés Guardado">7</Player>
    <Player player_id="96122" player_name="William Carvalho">8</Player>
    <Player player_id="55264" player_name="Ryad Boudebouz">1</Player>
    <Player player_id="103263" player_name="Takashi Inui">1</Player>
    <Player player_id="432757" player_name="Francis">3</Player>
    <Player player_id="443967" player_name="Júnior Firpo">4</Player>
    <Player player_id="89747" player_name="Zouhair Feddal">20</Player>
    <Player player_id="56448" player_name="Sergio Canales">5</Player>
    <Player player_id="86813" player_name="Aissa Mandi">16</Player>
    <Player player_id="86169" player_name="Cristian Tello">1</Player>
    <Player player_id="182960" player_name="Pau López">5</Player>
  </Player>
  <Player cross_lost="0" cross_success="0" jersey_num="13" pass_lost="9" pass_success="33" player_id="182960" player_name="Pau López" position="Goalkeeper" position_id="1" x="9.18" y="47.54">
    <Player player_id="56448" player_name="Sergio Canales">6</Player>
    <Player player_id="86813" player_name="Aissa Mandi">4</Player>
    <Player player_id="37064" player_name="Andrés Guardado">3</Player>
    <Player player_id="96122" player_name="William Carvalho">3</Player>
    <Player player_id="432751" player_name="Loren Morón">2</Player>
    <Player player_id="103263" player_name="Takashi Inui">1</Player>
    <Player player_id="81138" player_name="Marc Bartra">7</Player>
    <Player player_id="432757" player_name="Francis">1</Player>
    <Player player_id="443967" player_name="Júnior Firpo">3</Player>
    <Player player_id="89747" player_name="Zouhair Feddal">3</Player>
  </Player>
  <Player cross_lost="3" cross_success="0" jersey_num="2" pass_lost="5" pass_success="28" player_id="432757" player_name="Francis" position="Midfielder" position_id="3" sub_off="76" x="47.19" y="15.18">
    <Player player_id="56448" player_name="Sergio Canales">5</Player>
    <Player player_id="86813" player_name="Aissa Mandi">10</Player>
    <Player player_id="37064" player_name="Andrés Guardado">8</Player>
    <Player player_id="96122" player_name="William Carvalho">3</Player>
    <Player player_id="432751" player_name="Loren Morón">1</Player>
    <Player player_id="182960" player_name="Pau López">1</Player>
  </Player>
  <Player cross_lost="0" cross_success="1" jersey_num="4" pass_lost="7" pass_success="59" player_id="89747" player_name="Zouhair Feddal" position="Defender" position_id="2" x="39.13" y="71.40">
    <Player player_id="37064" player_name="Andrés Guardado">9</Player>
    <Player player_id="96122" player_name="William Carvalho">7</Player>
    <Player player_id="103263" player_name="Takashi Inui">1</Player>
    <Player player_id="81138" player_name="Marc Bartra">15</Player>
    <Player player_id="432757" player_name="Francis">2</Player>
    <Player player_id="443967" player_name="Júnior Firpo">13</Player>
    <Player player_id="56448" player_name="Sergio Canales">2</Player>
    <Player player_id="86813" player_name="Aissa Mandi">3</Player>
    <Player cross="1" player_id="432751" player_name="Loren Morón">1</Player>
    <Player player_id="182960" player_name="Pau López">6</Player>
  </Player>
  <Player cross_lost="5" cross_success="1" jersey_num="20" pass_lost="9" pass_success="36" player_id="443967" player_name="Júnior Firpo" position="Midfielder" position_id="3" x="56.78" y="86.09">
    <Player player_id="56448" player_name="Sergio Canales">3</Player>
    <Player player_id="37064" player_name="Andrés Guardado">4</Player>
    <Player player_id="96122" player_name="William Carvalho">9</Player>
    <Player player_id="432751" player_name="Loren Morón">3</Player>
    <Player player_id="103263" player_name="Takashi Inui">3</Player>
    <Player player_id="81138" player_name="Marc Bartra">1</Player>
    <Player cross="1" player_id="432757" player_name="Francis">0</Player>
    <Player player_id="89747" player_name="Zouhair Feddal">13</Player>
  </Player>
</SoccerFeed>