﻿<?xml version="1.0" encoding="UTF-8"?>
<!-- Copyright 2001-2018 Opta Sportsdata Ltd. All rights reserved. -->
<!-- PRODUCTION HEADER
     produced on:        valde-jobq-a03.nexus.opta.net
     production time:    20181023T112254,976Z
     production module:  Opta::Feed::XML::Soccer::F27
-->
<SoccerFeed act_minute="94" act_period="2" act_second="0" away_team_id="855" away_team_name="Levante" competition_id="23" competition_name="Spanish La Liga" game_date="2018-10-20 12:00:00" game_id="1009405" home_team_id="186" home_team_name="Real Madrid" season_id="2018" season_name="Season 2018/2019" team_id="855" team_name="Levante">
  <Player cross_lost="0" cross_success="1" jersey_num="23" pass_lost="6" pass_success="21" player_id="163784" player_name="Jason" position="Midfielder" position_id="3" x="37.59" y="22.88">
    <Player player_id="88952" player_name="José Campaña">6</Player>
    <Player cross="1" player_id="165375" player_name="José Luis Morales">4</Player>
    <Player player_id="109702" player_name="Roger Martí">1</Player>
    <Player player_id="196739" player_name="Enis Bardhi">3</Player>
    <Player player_id="77039" player_name="Toño">2</Player>
    <Player player_id="86168" player_name="Rubén Rochina">1</Player>
    <Player player_id="169586" player_name="Erick Cabaco">4</Player>
  </Player>
  <Player cross_lost="1" cross_success="0" jersey_num="24" pass_lost="9" pass_success="33" player_id="88952" player_name="José Campaña" position="Midfielder" position_id="3" x="33.70" y="44.83">
    <Player player_id="163784" player_name="Jason">6</Player>
    <Player player_id="165375" player_name="José Luis Morales">4</Player>
    <Player player_id="109702" player_name="Roger Martí">3</Player>
    <Player player_id="220093" player_name="Rober Pier">4</Player>
    <Player player_id="77039" player_name="Toño">5</Player>
    <Player player_id="86168" player_name="Rubén Rochina">9</Player>
    <Player player_id="169586" player_name="Erick Cabaco">1</Player>
    <Player player_id="90400" player_name="Sergio Postigo">1</Player>
  </Player>
  <Player cross_lost="0" cross_success="0" jersey_num="6" pass_lost="1" pass_success="0" player_id="169201" player_name="Chema Rodríguez" position="Substitute" position_id="5" sub_on="75" x="12.78" y="50.77" />
  <Player cross_lost="0" cross_success="0" jersey_num="11" pass_lost="6" pass_success="12" player_id="165375" player_name="José Luis Morales" position="Forward" position_id="4" x="59.85" y="60.03">
    <Player player_id="163784" player_name="Jason">1</Player>
    <Player player_id="109702" player_name="Roger Martí">1</Player>
    <Player player_id="196739" player_name="Enis Bardhi">1</Player>
    <Player player_id="220093" player_name="Rober Pier">1</Player>
    <Player player_id="77039" player_name="Toño">3</Player>
    <Player player_id="86168" player_name="Rubén Rochina">5</Player>
  </Player>
  <Player cross_lost="0" cross_success="0" jersey_num="9" pass_lost="5" pass_success="11" player_id="109702" player_name="Roger Martí" position="Forward" position_id="4" sub_off="79" x="50.50" y="53.47">
    <Player player_id="163784" player_name="Jason">2</Player>
    <Player player_id="88952" player_name="José Campaña">3</Player>
    <Player player_id="165375" player_name="José Luis Morales">1</Player>
    <Player player_id="196739" player_name="Enis Bardhi">1</Player>
    <Player player_id="77039" player_name="Toño">2</Player>
    <Player player_id="78323" player_name="Cheick Doukouré">2</Player>
  </Player>
  <Player cross_lost="1" cross_success="0" jersey_num="10" pass_lost="10" pass_success="13" player_id="196739" player_name="Enis Bardhi" position="Midfielder" position_id="3" x="46.85" y="53.44">
    <Player player_id="163784" player_name="Jason">1</Player>
    <Player player_id="88952" player_name="José Campaña">3</Player>
    <Player player_id="109702" player_name="Roger Martí">2</Player>
    <Player player_id="77039" player_name="Toño">3</Player>
    <Player player_id="86168" player_name="Rubén Rochina">2</Player>
    <Player player_id="169586" player_name="Erick Cabaco">2</Player>
  </Player>
  <Player cross_lost="0" cross_success="0" jersey_num="4" pass_lost="1" pass_success="18" player_id="220093" player_name="Rober Pier" position="Defender" position_id="2" x="21.60" y="69.69">
    <Player player_id="88952" player_name="José Campaña">2</Player>
    <Player player_id="165375" player_name="José Luis Morales">2</Player>
    <Player player_id="109702" player_name="Roger Martí">2</Player>
    <Player player_id="196739" player_name="Enis Bardhi">1</Player>
    <Player player_id="77039" player_name="Toño">3</Player>
    <Player player_id="86168" player_name="Rubén Rochina">2</Player>
    <Player player_id="49442" player_name="Oier Olazábal">2</Player>
    <Player player_id="90400" player_name="Sergio Postigo">4</Player>
  </Player>
  <Player cross_lost="1" cross_success="0" jersey_num="3" pass_lost="5" pass_success="20" player_id="77039" player_name="Toño" position="Midfielder" position_id="3" x="38.80" y="83.95">
    <Player player_id="163784" player_name="Jason">2</Player>
    <Player player_id="88952" player_name="José Campaña">3</Player>
    <Player player_id="165375" player_name="José Luis Morales">6</Player>
    <Player player_id="109702" player_name="Roger Martí">3</Player>
    <Player player_id="196739" player_name="Enis Bardhi">3</Player>
    <Player player_id="220093" player_name="Rober Pier">2</Player>
    <Player player_id="86168" player_name="Rubén Rochina">1</Player>
  </Player>
  <Player cross_lost="0" cross_success="0" jersey_num="16" pass_lost="9" pass_success="22" player_id="86168" player_name="Rubén Rochina" position="Midfielder" position_id="3" sub_off="67" x="39.73" y="43.45">
    <Player player_id="163784" player_name="Jason">5</Player>
    <Player player_id="88952" player_name="José Campaña">3</Player>
    <Player player_id="165375" player_name="José Luis Morales">4</Player>
    <Player player_id="109702" player_name="Roger Martí">5</Player>
    <Player player_id="196739" player_name="Enis Bardhi">1</Player>
    <Player player_id="77039" player_name="Toño">1</Player>
    <Player player_id="169586" player_name="Erick Cabaco">2</Player>
    <Player player_id="90400" player_name="Sergio Postigo">1</Player>
  </Player>
  <Player cross_lost="0" cross_success="0" jersey_num="13" pass_lost="18" pass_success="14" player_id="49442" player_name="Oier Olazábal" position="Goalkeeper" position_id="1" x="6.41" y="50.00">
    <Player player_id="88952" player_name="José Campaña">1</Player>
    <Player player_id="163784" player_name="Jason">3</Player>
    <Player player_id="165375" player_name="José Luis Morales">1</Player>
    <Player player_id="109702" player_name="Roger Martí">1</Player>
    <Player player_id="196739" player_name="Enis Bardhi">1</Player>
    <Player player_id="220093" player_name="Rober Pier">2</Player>
    <Player player_id="77039" player_name="Toño">1</Player>
    <Player player_id="169586" player_name="Erick Cabaco">1</Player>
    <Player player_id="78323" player_name="Cheick Doukouré">1</Player>
    <Player player_id="90400" player_name="Sergio Postigo">1</Player>
    <Player player_id="194764" player_name="Emmanuel Boateng">1</Player>
  </Player>
  <Player cross_lost="0" cross_success="0" jersey_num="18" pass_lost="5" pass_success="14" player_id="169586" player_name="Erick Cabaco" position="Defender" position_id="2" x="22.86" y="21.96">
    <Player player_id="163784" player_name="Jason">3</Player>
    <Player player_id="88952" player_name="José Campaña">3</Player>
    <Player player_id="165375" player_name="José Luis Morales">1</Player>
    <Player player_id="196739" player_name="Enis Bardhi">2</Player>
    <Player player_id="220093" player_name="Rober Pier">1</Player>
    <Player player_id="86168" player_name="Rubén Rochina">3</Player>
    <Player player_id="90400" player_name="Sergio Postigo">1</Player>
  </Player>
  <Player cross_lost="0" cross_success="0" jersey_num="5" pass_lost="0" pass_success="3" player_id="78323" player_name="Cheick Doukouré" position="Substitute" position_id="5" sub_on="67" x="40.91" y="53.38">
    <Player player_id="88952" player_name="José Campaña">1</Player>
    <Player player_id="165375" player_name="José Luis Morales">1</Player>
    <Player player_id="196739" player_name="Enis Bardhi">1</Player>
  </Player>
  <Player cross_lost="0" cross_success="0" jersey_num="15" pass_lost="4" pass_success="12" player_id="90400" player_name="Sergio Postigo" position="Defender" position_id="2" sub_off="75" x="20.35" y="41.51">
    <Player player_id="88952" player_name="José Campaña">1</Player>
    <Player player_id="163784" player_name="Jason">1</Player>
    <Player player_id="165375" player_name="José Luis Morales">2</Player>
    <Player player_id="109702" player_name="Roger Martí">1</Player>
    <Player player_id="220093" player_name="Rober Pier">4</Player>
    <Player player_id="86168" player_name="Rubén Rochina">2</Player>
    <Player player_id="169586" player_name="Erick Cabaco">1</Player>
  </Player>
  <Player cross_lost="0" cross_success="0" jersey_num="21" pass_lost="2" pass_success="0" player_id="194764" player_name="Emmanuel Boateng" position="Substitute" position_id="5" sub_on="79" x="44.32" y="44.97" />
</SoccerFeed>