﻿<?xml version="1.0" encoding="UTF-8"?>
<!-- Copyright 2001-2018 Opta Sportsdata Ltd. All rights reserved. -->
<!-- PRODUCTION HEADER
     produced on:        valde-jobq-a04.nexus.opta.net
     production time:    20181208T175752,588Z
     production module:  Opta::Feed::XML::Soccer::F27
-->
<SoccerFeed act_minute="94" act_period="2" act_second="5" away_team_id="1450" away_team_name="Getafe" competition_id="23" competition_name="Spanish La Liga" game_date="2018-12-07 20:00:00" game_id="1009464" home_team_id="957" home_team_name="Leganés" season_id="2018" season_name="Season 2018/2019" team_id="957" team_name="Leganés">
  <Player cross_lost="2" cross_success="0" jersey_num="23" pass_lost="10" pass_success="32" player_id="197326" player_name="Mikel Vesga" position="Midfielder" position_id="3" x="54.50" y="66.34">
    <Player player_id="161030" player_name="Gerard Gumbau">6</Player>
    <Player player_id="234991" player_name="Youssef En-Nesyri">4</Player>
    <Player player_id="67527" player_name="Allan Nyom">2</Player>
    <Player player_id="59945" player_name="Rubén Pérez">6</Player>
    <Player player_id="53020" player_name="Dimitrios Siovas">7</Player>
    <Player player_id="16261" player_name="Iván Cuéllar">1</Player>
    <Player player_id="223757" player_name="Óscar Rodríguez">3</Player>
    <Player player_id="40380" player_name="Nabil El Zhar">1</Player>
    <Player player_id="112991" player_name="Kenneth Omeruo">1</Player>
    <Player player_id="98914" player_name="Guido Carrillo">1</Player>
  </Player>
  <Player cross_lost="4" cross_success="0" jersey_num="6" pass_lost="12" pass_success="28" player_id="161030" player_name="Gerard Gumbau" position="Midfielder" position_id="3" x="52.80" y="88.70">
    <Player player_id="197326" player_name="Mikel Vesga">7</Player>
    <Player player_id="16261" player_name="Iván Cuéllar">1</Player>
    <Player player_id="234991" player_name="Youssef En-Nesyri">2</Player>
    <Player player_id="67527" player_name="Allan Nyom">2</Player>
    <Player player_id="223757" player_name="Óscar Rodríguez">3</Player>
    <Player player_id="59945" player_name="Rubén Pérez">3</Player>
    <Player player_id="112540" player_name="Unai Bustinza">2</Player>
    <Player player_id="53020" player_name="Dimitrios Siovas">6</Player>
    <Player player_id="98914" player_name="Guido Carrillo">2</Player>
  </Player>
  <Player cross_lost="0" cross_success="0" jersey_num="1" pass_lost="12" pass_success="27" player_id="16261" player_name="Iván Cuéllar" position="Goalkeeper" position_id="1" x="10.14" y="57.19">
    <Player player_id="234991" player_name="Youssef En-Nesyri">5</Player>
    <Player player_id="223757" player_name="Óscar Rodríguez">1</Player>
    <Player player_id="59945" player_name="Rubén Pérez">1</Player>
    <Player player_id="112540" player_name="Unai Bustinza">5</Player>
    <Player player_id="53020" player_name="Dimitrios Siovas">11</Player>
    <Player player_id="112991" player_name="Kenneth Omeruo">2</Player>
    <Player player_id="98914" player_name="Guido Carrillo">2</Player>
  </Player>
  <Player cross_lost="0" cross_success="1" jersey_num="26" pass_lost="8" pass_success="16" player_id="234991" player_name="Youssef En-Nesyri" position="Forward" position_id="4" x="70.06" y="53.30">
    <Player player_id="197326" player_name="Mikel Vesga">3</Player>
    <Player player_id="161030" player_name="Gerard Gumbau">1</Player>
    <Player player_id="67527" player_name="Allan Nyom">1</Player>
    <Player player_id="223757" player_name="Óscar Rodríguez">2</Player>
    <Player player_id="112540" player_name="Unai Bustinza">3</Player>
    <Player cross="1" player_id="98914" player_name="Guido Carrillo">6</Player>
  </Player>
  <Player cross_lost="7" cross_success="2" jersey_num="27" pass_lost="7" pass_success="27" player_id="223757" player_name="Óscar Rodríguez" position="Forward" position_id="4" sub_off="85" x="62.59" y="38.36">
    <Player player_id="161030" player_name="Gerard Gumbau">4</Player>
    <Player player_id="197326" player_name="Mikel Vesga">2</Player>
    <Player player_id="234991" player_name="Youssef En-Nesyri">3</Player>
    <Player player_id="67527" player_name="Allan Nyom">5</Player>
    <Player player_id="59945" player_name="Rubén Pérez">5</Player>
    <Player cross="1" player_id="53020" player_name="Dimitrios Siovas">0</Player>
    <Player player_id="112540" player_name="Unai Bustinza">6</Player>
    <Player cross="1" player_id="98914" player_name="Guido Carrillo">2</Player>
  </Player>
  <Player cross_lost="0" cross_success="0" jersey_num="12" pass_lost="5" pass_success="25" player_id="67527" player_name="Allan Nyom" position="Midfielder" position_id="3" sub_off="82" x="51.25" y="11.99">
    <Player player_id="197326" player_name="Mikel Vesga">6</Player>
    <Player player_id="234991" player_name="Youssef En-Nesyri">1</Player>
    <Player player_id="223757" player_name="Óscar Rodríguez">4</Player>
    <Player player_id="59945" player_name="Rubén Pérez">5</Player>
    <Player player_id="112540" player_name="Unai Bustinza">7</Player>
    <Player player_id="112991" player_name="Kenneth Omeruo">1</Player>
    <Player player_id="98914" player_name="Guido Carrillo">1</Player>
  </Player>
  <Player cross_lost="0" cross_success="0" jersey_num="21" pass_lost="10" pass_success="53" player_id="59945" player_name="Rubén Pérez" position="Midfielder" position_id="3" sent_off="90+3" x="47.41" y="42.15">
    <Player player_id="197326" player_name="Mikel Vesga">3</Player>
    <Player player_id="161030" player_name="Gerard Gumbau">3</Player>
    <Player player_id="234991" player_name="Youssef En-Nesyri">2</Player>
    <Player player_id="67527" player_name="Allan Nyom">2</Player>
    <Player player_id="53020" player_name="Dimitrios Siovas">11</Player>
    <Player player_id="16261" player_name="Iván Cuéllar">1</Player>
    <Player player_id="223757" player_name="Óscar Rodríguez">7</Player>
    <Player player_id="112540" player_name="Unai Bustinza">15</Player>
    <Player player_id="112991" player_name="Kenneth Omeruo">8</Player>
    <Player player_id="98914" player_name="Guido Carrillo">1</Player>
  </Player>
  <Player cross_lost="1" cross_success="0" jersey_num="3" pass_lost="15" pass_success="51" player_id="112540" player_name="Unai Bustinza" position="Defender" position_id="2" x="39.54" y="22.44">
    <Player player_id="161030" player_name="Gerard Gumbau">2</Player>
    <Player player_id="197326" player_name="Mikel Vesga">4</Player>
    <Player player_id="234991" player_name="Youssef En-Nesyri">4</Player>
    <Player player_id="67527" player_name="Allan Nyom">9</Player>
    <Player player_id="59945" player_name="Rubén Pérez">5</Player>
    <Player player_id="53020" player_name="Dimitrios Siovas">2</Player>
    <Player player_id="47645" player_name="Juanfran">1</Player>
    <Player player_id="16261" player_name="Iván Cuéllar">3</Player>
    <Player player_id="223757" player_name="Óscar Rodríguez">4</Player>
    <Player player_id="112991" player_name="Kenneth Omeruo">15</Player>
    <Player player_id="98914" player_name="Guido Carrillo">2</Player>
  </Player>
  <Player cross_lost="0" cross_success="0" jersey_num="10" pass_lost="1" pass_success="2" player_id="40380" player_name="Nabil El Zhar" position="Substitute" position_id="5" sub_on="85" x="47.58" y="20.73">
    <Player player_id="47645" player_name="Juanfran">2</Player>
  </Player>
  <Player cross_lost="1" cross_success="0" jersey_num="22" pass_lost="17" pass_success="47" player_id="53020" player_name="Dimitrios Siovas" position="Defender" position_id="2" x="41.98" y="73.64">
    <Player player_id="197326" player_name="Mikel Vesga">2</Player>
    <Player player_id="161030" player_name="Gerard Gumbau">9</Player>
    <Player player_id="16261" player_name="Iván Cuéllar">7</Player>
    <Player player_id="234991" player_name="Youssef En-Nesyri">4</Player>
    <Player player_id="223757" player_name="Óscar Rodríguez">4</Player>
    <Player player_id="59945" player_name="Rubén Pérez">5</Player>
    <Player player_id="112540" player_name="Unai Bustinza">3</Player>
    <Player player_id="112991" player_name="Kenneth Omeruo">11</Player>
    <Player player_id="98914" player_name="Guido Carrillo">2</Player>
  </Player>
  <Player cross_lost="1" cross_success="1" jersey_num="2" pass_lost="0" pass_success="3" player_id="47645" player_name="Juanfran" position="Substitute" position_id="5" sub_on="82" x="58.02" y="27.05">
    <Player player_id="161030" player_name="Gerard Gumbau">1</Player>
    <Player player_id="59945" player_name="Rubén Pérez">1</Player>
    <Player player_id="40380" player_name="Nabil El Zhar">1</Player>
    <Player cross="1" player_id="98914" player_name="Guido Carrillo">0</Player>
  </Player>
  <Player cross_lost="0" cross_success="0" jersey_num="24" pass_lost="9" pass_success="43" player_id="112991" player_name="Kenneth Omeruo" position="Defender" position_id="2" x="34.24" y="45.85">
    <Player player_id="161030" player_name="Gerard Gumbau">1</Player>
    <Player player_id="197326" player_name="Mikel Vesga">5</Player>
    <Player player_id="234991" player_name="Youssef En-Nesyri">2</Player>
    <Player player_id="67527" player_name="Allan Nyom">2</Player>
    <Player player_id="59945" player_name="Rubén Pérez">6</Player>
    <Player player_id="53020" player_name="Dimitrios Siovas">10</Player>
    <Player player_id="16261" player_name="Iván Cuéllar">4</Player>
    <Player player_id="223757" player_name="Óscar Rodríguez">4</Player>
    <Player player_id="112540" player_name="Unai Bustinza">7</Player>
    <Player player_id="40380" player_name="Nabil El Zhar">1</Player>
    <Player player_id="98914" player_name="Guido Carrillo">1</Player>
  </Player>
  <Player cross_lost="0" cross_success="0" jersey_num="9" pass_lost="13" pass_success="18" player_id="98914" player_name="Guido Carrillo" position="Forward" position_id="4" x="69.59" y="57.16">
    <Player player_id="197326" player_name="Mikel Vesga">5</Player>
    <Player player_id="161030" player_name="Gerard Gumbau">3</Player>
    <Player player_id="234991" player_name="Youssef En-Nesyri">2</Player>
    <Player player_id="223757" player_name="Óscar Rodríguez">4</Player>
    <Player player_id="59945" player_name="Rubén Pérez">4</Player>
  </Player>
</SoccerFeed>