﻿<?xml version="1.0" encoding="UTF-8"?>
<!-- Copyright 2001-2018 Opta Sportsdata Ltd. All rights reserved. -->
<!-- PRODUCTION HEADER
     produced on:        valde-jobq-a02.nexus.opta.net
     production time:    20181023T112532,955Z
     production module:  Opta::Feed::XML::Soccer::F27
-->
<SoccerFeed act_minute="93" act_period="2" act_second="31" away_team_id="174" away_team_name="Athletic Club" competition_id="23" competition_name="Spanish La Liga" game_date="2018-10-21 15:15:00" game_id="1009399" home_team_id="953" home_team_name="Eibar" season_id="2018" season_name="Season 2018/2019" team_id="174" team_name="Athletic Club">
  <Player cross_lost="0" cross_success="0" jersey_num="16" pass_lost="11" pass_success="23" player_id="140264" player_name="Dani García" position="Midfielder" position_id="3" x="36.01" y="55.59">
    <Player player_id="90318" player_name="Íñigo Martínez">5</Player>
    <Player player_id="42670" player_name="Yuri">3</Player>
    <Player player_id="59062" player_name="Óscar De Marcos">3</Player>
    <Player player_id="197319" player_name="Yeray Álvarez">5</Player>
    <Player player_id="183462" player_name="Unai López">4</Player>
    <Player player_id="76012" player_name="Iker Muniain">2</Player>
    <Player player_id="89292" player_name="Iago Herrerín">1</Player>
  </Player>
  <Player cross_lost="0" cross_success="0" jersey_num="6" pass_lost="4" pass_success="3" player_id="42995" player_name="Mikel San José" position="Substitute" position_id="5" sub_on="66" x="52.38" y="43.97">
    <Player player_id="18498" player_name="Raúl García">1</Player>
    <Player player_id="59062" player_name="Óscar De Marcos">1</Player>
    <Player player_id="197334" player_name="Iñaki Williams">1</Player>
  </Player>
  <Player cross_lost="0" cross_success="0" jersey_num="22" pass_lost="11" pass_success="9" player_id="18498" player_name="Raúl García" position="Midfielder" position_id="3" x="41.92" y="20.36">
    <Player player_id="140264" player_name="Dani García">1</Player>
    <Player player_id="42995" player_name="Mikel San José">1</Player>
    <Player player_id="18498" player_name="Raúl García">1</Player>
    <Player player_id="197319" player_name="Yeray Álvarez">1</Player>
    <Player player_id="14464" player_name="Aritz Aduriz">3</Player>
    <Player player_id="183462" player_name="Unai López">1</Player>
    <Player player_id="76012" player_name="Iker Muniain">1</Player>
  </Player>
  <Player cross_lost="0" cross_success="0" jersey_num="4" pass_lost="14" pass_success="17" player_id="90318" player_name="Íñigo Martínez" position="Defender" position_id="2" x="25.58" y="65.82">
    <Player player_id="140264" player_name="Dani García">1</Player>
    <Player player_id="18498" player_name="Raúl García">1</Player>
    <Player player_id="59062" player_name="Óscar De Marcos">1</Player>
    <Player player_id="42670" player_name="Yuri">4</Player>
    <Player player_id="197319" player_name="Yeray Álvarez">4</Player>
    <Player player_id="14464" player_name="Aritz Aduriz">2</Player>
    <Player player_id="183462" player_name="Unai López">2</Player>
    <Player player_id="89292" player_name="Iago Herrerín">2</Player>
  </Player>
  <Player cross_lost="1" cross_success="1" jersey_num="18" pass_lost="7" pass_success="14" player_id="59062" player_name="Óscar De Marcos" position="Defender" position_id="2" x="37.71" y="17.16">
    <Player player_id="140264" player_name="Dani García">1</Player>
    <Player player_id="18498" player_name="Raúl García">4</Player>
    <Player player_id="197319" player_name="Yeray Álvarez">3</Player>
    <Player cross="1" player_id="197334" player_name="Iñaki Williams">0</Player>
    <Player player_id="14464" player_name="Aritz Aduriz">2</Player>
    <Player player_id="183462" player_name="Unai López">3</Player>
    <Player player_id="76012" player_name="Iker Muniain">1</Player>
  </Player>
  <Player cross_lost="0" cross_success="0" jersey_num="12" pass_lost="14" pass_success="16" player_id="42670" player_name="Yuri" position="Defender" position_id="2" x="34.50" y="81.07">
    <Player player_id="140264" player_name="Dani García">2</Player>
    <Player player_id="90318" player_name="Íñigo Martínez">1</Player>
    <Player player_id="197319" player_name="Yeray Álvarez">1</Player>
    <Player player_id="197334" player_name="Iñaki Williams">4</Player>
    <Player player_id="14464" player_name="Aritz Aduriz">1</Player>
    <Player player_id="183462" player_name="Unai López">3</Player>
    <Player player_id="76012" player_name="Iker Muniain">4</Player>
  </Player>
  <Player cross_lost="0" cross_success="0" jersey_num="5" pass_lost="15" pass_success="23" player_id="197319" player_name="Yeray Álvarez" position="Defender" position_id="2" x="29.04" y="32.19">
    <Player player_id="140264" player_name="Dani García">3</Player>
    <Player player_id="42995" player_name="Mikel San José">1</Player>
    <Player player_id="90318" player_name="Íñigo Martínez">3</Player>
    <Player player_id="59062" player_name="Óscar De Marcos">3</Player>
    <Player player_id="42670" player_name="Yuri">2</Player>
    <Player player_id="14464" player_name="Aritz Aduriz">2</Player>
    <Player player_id="183462" player_name="Unai López">3</Player>
    <Player player_id="76012" player_name="Iker Muniain">2</Player>
    <Player player_id="89292" player_name="Iago Herrerín">4</Player>
  </Player>
  <Player cross_lost="0" cross_success="0" jersey_num="9" pass_lost="6" pass_success="4" player_id="197334" player_name="Iñaki Williams" position="Midfielder" position_id="3" sub_off="83" x="46.69" y="78.76">
    <Player player_id="140264" player_name="Dani García">1</Player>
    <Player player_id="42995" player_name="Mikel San José">1</Player>
    <Player player_id="42670" player_name="Yuri">2</Player>
  </Player>
  <Player cross_lost="1" cross_success="0" jersey_num="20" pass_lost="10" pass_success="14" player_id="14464" player_name="Aritz Aduriz" position="Forward" position_id="4" x="53.23" y="51.43">
    <Player player_id="42995" player_name="Mikel San José">1</Player>
    <Player player_id="90318" player_name="Íñigo Martínez">1</Player>
    <Player player_id="18498" player_name="Raúl García">1</Player>
    <Player player_id="42670" player_name="Yuri">1</Player>
    <Player player_id="59062" player_name="Óscar De Marcos">4</Player>
    <Player player_id="197334" player_name="Iñaki Williams">1</Player>
    <Player player_id="183462" player_name="Unai López">4</Player>
    <Player player_id="76012" player_name="Iker Muniain">1</Player>
  </Player>
  <Player cross_lost="0" cross_success="1" jersey_num="14" pass_lost="0" pass_success="0" player_id="47665" player_name="Markel Susaeta" position="Substitute" position_id="5" sub_on="83" x="31.80" y="45.80">
    <Player cross="1" player_id="42995" player_name="Mikel San José">0</Player>
  </Player>
  <Player cross_lost="1" cross_success="0" jersey_num="23" pass_lost="11" pass_success="27" player_id="183462" player_name="Unai López" position="Midfielder" position_id="3" sub_off="90+2" x="43.70" y="51.42">
    <Player player_id="140264" player_name="Dani García">4</Player>
    <Player player_id="59062" player_name="Óscar De Marcos">6</Player>
    <Player player_id="197334" player_name="Iñaki Williams">4</Player>
    <Player player_id="14464" player_name="Aritz Aduriz">2</Player>
    <Player player_id="89292" player_name="Iago Herrerín">2</Player>
    <Player player_id="90318" player_name="Íñigo Martínez">4</Player>
    <Player player_id="18498" player_name="Raúl García">1</Player>
    <Player player_id="197319" player_name="Yeray Álvarez">2</Player>
    <Player player_id="76012" player_name="Iker Muniain">2</Player>
  </Player>
  <Player cross_lost="0" cross_success="0" jersey_num="31" pass_lost="0" pass_success="1" player_id="242831" player_name="Peru Nolaskoain" position="Substitute" position_id="5" sub_on="90+2" x="46.10" y="77.15">
    <Player player_id="42995" player_name="Mikel San José">1</Player>
  </Player>
  <Player cross_lost="0" cross_success="0" jersey_num="10" pass_lost="3" pass_success="14" player_id="76012" player_name="Iker Muniain" position="Midfielder" position_id="3" sub_off="66" x="51.66" y="59.15">
    <Player player_id="140264" player_name="Dani García">3</Player>
    <Player player_id="90318" player_name="Íñigo Martínez">1</Player>
    <Player player_id="18498" player_name="Raúl García">1</Player>
    <Player player_id="59062" player_name="Óscar De Marcos">2</Player>
    <Player player_id="42670" player_name="Yuri">1</Player>
    <Player player_id="197319" player_name="Yeray Álvarez">1</Player>
    <Player player_id="14464" player_name="Aritz Aduriz">1</Player>
    <Player player_id="183462" player_name="Unai López">4</Player>
  </Player>
  <Player cross_lost="0" cross_success="0" jersey_num="13" pass_lost="14" pass_success="24" player_id="89292" player_name="Iago Herrerín" position="Goalkeeper" position_id="1" x="9.57" y="45.97">
    <Player player_id="90318" player_name="Íñigo Martínez">1</Player>
    <Player player_id="18498" player_name="Raúl García">5</Player>
    <Player player_id="42670" player_name="Yuri">1</Player>
    <Player player_id="197319" player_name="Yeray Álvarez">2</Player>
    <Player player_id="197334" player_name="Iñaki Williams">3</Player>
    <Player player_id="14464" player_name="Aritz Aduriz">9</Player>
    <Player player_id="183462" player_name="Unai López">1</Player>
    <Player player_id="242831" player_name="Peru Nolaskoain">1</Player>
    <Player player_id="76012" player_name="Iker Muniain">1</Player>
  </Player>
</SoccerFeed>