﻿<?xml version="1.0" encoding="UTF-8"?>
<!-- Copyright 2001-2019 Opta Sportsdata Ltd. All rights reserved. -->
<!-- PRODUCTION HEADER
     produced on:        valde-jobq-a04.nexus.opta.net
     production time:    20190106T194603,559Z
     production module:  Opta::Feed::XML::Soccer::F27
-->
<SoccerFeed act_minute="94" act_period="2" act_second="44" away_team_id="191" away_team_name="Valencia CF" competition_id="23" competition_name="Spanish La Liga" game_date="2019-01-05 15:15:00" game_id="1009486" home_team_id="173" home_team_name="Alavés" season_id="2018" season_name="Season 2018/2019" team_id="191" team_name="Valencia CF">
  <Player cross_lost="0" cross_success="0" jersey_num="5" pass_lost="6" pass_success="46" player_id="158074" player_name="Gabriel" position="Defender" position_id="2" x="38.85" y="23.17">
    <Player player_id="88489" player_name="Denis Cheryshev">3</Player>
    <Player player_id="208135" player_name="Mouctar Diakhaby">2</Player>
    <Player player_id="92055" player_name="Cristiano Piccini">5</Player>
    <Player player_id="80954" player_name="Rodrigo Moreno">5</Player>
    <Player player_id="28525" player_name="Ezequiel Garay">11</Player>
    <Player player_id="56624" player_name="Daniel Wass">3</Player>
    <Player player_id="224444" player_name="Ferrán Torres">1</Player>
    <Player player_id="51952" player_name="Daniel Parejo">15</Player>
    <Player player_id="221306" player_name="Toni Lato">1</Player>
  </Player>
  <Player cross_lost="0" cross_success="0" jersey_num="13" pass_lost="10" pass_success="13" player_id="69752" player_name="Neto" position="Goalkeeper" position_id="1" x="7.14" y="48.79">
    <Player player_id="158074" player_name="Gabriel">3</Player>
    <Player player_id="88489" player_name="Denis Cheryshev">1</Player>
    <Player player_id="80954" player_name="Rodrigo Moreno">1</Player>
    <Player player_id="92055" player_name="Cristiano Piccini">3</Player>
    <Player player_id="28525" player_name="Ezequiel Garay">3</Player>
    <Player player_id="51952" player_name="Daniel Parejo">1</Player>
    <Player player_id="221306" player_name="Toni Lato">1</Player>
  </Player>
  <Player cross_lost="3" cross_success="0" jersey_num="11" pass_lost="16" pass_success="27" player_id="88489" player_name="Denis Cheryshev" position="Midfielder" position_id="3" x="57.75" y="73.49">
    <Player player_id="208135" player_name="Mouctar Diakhaby">1</Player>
    <Player player_id="80954" player_name="Rodrigo Moreno">4</Player>
    <Player player_id="28525" player_name="Ezequiel Garay">3</Player>
    <Player player_id="56624" player_name="Daniel Wass">1</Player>
    <Player player_id="94245" player_name="Michy Batshuayi">1</Player>
    <Player player_id="51952" player_name="Daniel Parejo">8</Player>
    <Player player_id="221306" player_name="Toni Lato">9</Player>
  </Player>
  <Player cross_lost="0" cross_success="0" jersey_num="12" pass_lost="7" pass_success="27" player_id="208135" player_name="Mouctar Diakhaby" position="Defender" position_id="2" x="34.13" y="72.78">
    <Player player_id="158074" player_name="Gabriel">1</Player>
    <Player player_id="88489" player_name="Denis Cheryshev">3</Player>
    <Player player_id="69752" player_name="Neto">2</Player>
    <Player player_id="92055" player_name="Cristiano Piccini">2</Player>
    <Player player_id="28525" player_name="Ezequiel Garay">8</Player>
    <Player player_id="51952" player_name="Daniel Parejo">6</Player>
    <Player player_id="221306" player_name="Toni Lato">5</Player>
  </Player>
  <Player cross_lost="3" cross_success="0" jersey_num="21" pass_lost="6" pass_success="30" player_id="92055" player_name="Cristiano Piccini" position="Defender" position_id="2" x="54.57" y="12.88">
    <Player player_id="158074" player_name="Gabriel">6</Player>
    <Player player_id="88489" player_name="Denis Cheryshev">1</Player>
    <Player player_id="69752" player_name="Neto">1</Player>
    <Player player_id="80954" player_name="Rodrigo Moreno">5</Player>
    <Player player_id="150360" player_name="Santi Mina">3</Player>
    <Player player_id="56624" player_name="Daniel Wass">4</Player>
    <Player player_id="224444" player_name="Ferrán Torres">5</Player>
    <Player player_id="51952" player_name="Daniel Parejo">5</Player>
  </Player>
  <Player cross_lost="1" cross_success="0" jersey_num="19" pass_lost="15" pass_success="22" player_id="80954" player_name="Rodrigo Moreno" position="Forward" position_id="4" x="61.58" y="46.76">
    <Player player_id="88489" player_name="Denis Cheryshev">8</Player>
    <Player player_id="92055" player_name="Cristiano Piccini">1</Player>
    <Player player_id="150360" player_name="Santi Mina">2</Player>
    <Player player_id="56624" player_name="Daniel Wass">2</Player>
    <Player player_id="224444" player_name="Ferrán Torres">1</Player>
    <Player player_id="51952" player_name="Daniel Parejo">5</Player>
    <Player player_id="221306" player_name="Toni Lato">3</Player>
  </Player>
  <Player cross_lost="0" cross_success="0" jersey_num="24" pass_lost="4" pass_success="39" player_id="28525" player_name="Ezequiel Garay" position="Defender" position_id="2" x="28.74" y="48.63">
    <Player player_id="158074" player_name="Gabriel">14</Player>
    <Player player_id="69752" player_name="Neto">1</Player>
    <Player player_id="208135" player_name="Mouctar Diakhaby">10</Player>
    <Player player_id="92055" player_name="Cristiano Piccini">4</Player>
    <Player player_id="80954" player_name="Rodrigo Moreno">1</Player>
    <Player player_id="51952" player_name="Daniel Parejo">6</Player>
    <Player player_id="221306" player_name="Toni Lato">3</Player>
  </Player>
  <Player cross_lost="0" cross_success="0" jersey_num="22" pass_lost="7" pass_success="17" player_id="150360" player_name="Santi Mina" position="Forward" position_id="4" x="59.61" y="57.73">
    <Player player_id="158074" player_name="Gabriel">2</Player>
    <Player player_id="88489" player_name="Denis Cheryshev">1</Player>
    <Player player_id="208135" player_name="Mouctar Diakhaby">1</Player>
    <Player player_id="92055" player_name="Cristiano Piccini">1</Player>
    <Player player_id="80954" player_name="Rodrigo Moreno">3</Player>
    <Player player_id="56624" player_name="Daniel Wass">1</Player>
    <Player player_id="51952" player_name="Daniel Parejo">5</Player>
    <Player player_id="221306" player_name="Toni Lato">2</Player>
  </Player>
  <Player cross_lost="0" cross_success="0" jersey_num="18" pass_lost="8" pass_success="18" player_id="56624" player_name="Daniel Wass" position="Midfielder" position_id="3" sub_off="62" x="54.28" y="28.14">
    <Player player_id="158074" player_name="Gabriel">2</Player>
    <Player player_id="80954" player_name="Rodrigo Moreno">1</Player>
    <Player player_id="92055" player_name="Cristiano Piccini">7</Player>
    <Player player_id="150360" player_name="Santi Mina">3</Player>
    <Player player_id="51952" player_name="Daniel Parejo">4</Player>
    <Player player_id="221306" player_name="Toni Lato">1</Player>
  </Player>
  <Player cross_lost="0" cross_success="0" jersey_num="23" pass_lost="1" pass_success="2" player_id="94245" player_name="Michy Batshuayi" position="Substitute" position_id="5" sub_on="69" x="68.50" y="66.63">
    <Player player_id="88489" player_name="Denis Cheryshev">1</Player>
    <Player player_id="51952" player_name="Daniel Parejo">1</Player>
  </Player>
  <Player cross_lost="2" cross_success="1" jersey_num="20" pass_lost="2" pass_success="12" player_id="224444" player_name="Ferrán Torres" position="Substitute" position_id="5" sub_on="62" x="60.91" y="37.83">
    <Player player_id="158074" player_name="Gabriel">1</Player>
    <Player player_id="88489" player_name="Denis Cheryshev">1</Player>
    <Player player_id="208135" player_name="Mouctar Diakhaby">1</Player>
    <Player player_id="92055" player_name="Cristiano Piccini">4</Player>
    <Player player_id="28525" player_name="Ezequiel Garay">1</Player>
    <Player player_id="94245" player_name="Michy Batshuayi">1</Player>
    <Player cross="1" player_id="224444" player_name="Ferrán Torres">0</Player>
    <Player player_id="51952" player_name="Daniel Parejo">3</Player>
  </Player>
  <Player cross_lost="4" cross_success="2" jersey_num="10" pass_lost="18" pass_success="74" player_id="51952" player_name="Daniel Parejo" position="Midfielder" position_id="3" x="45.71" y="48.46">
    <Player cross="2" player_id="208135" player_name="Mouctar Diakhaby">3</Player>
    <Player player_id="80954" player_name="Rodrigo Moreno">11</Player>
    <Player player_id="224444" player_name="Ferrán Torres">5</Player>
    <Player player_id="221306" player_name="Toni Lato">7</Player>
    <Player player_id="158074" player_name="Gabriel">5</Player>
    <Player player_id="88489" player_name="Denis Cheryshev">13</Player>
    <Player player_id="92055" player_name="Cristiano Piccini">7</Player>
    <Player player_id="28525" player_name="Ezequiel Garay">6</Player>
    <Player player_id="150360" player_name="Santi Mina">12</Player>
    <Player player_id="56624" player_name="Daniel Wass">5</Player>
  </Player>
  <Player cross_lost="2" cross_success="0" jersey_num="15" pass_lost="7" pass_success="29" player_id="221306" player_name="Toni Lato" position="Defender" position_id="2" sub_off="69" x="48.98" y="85.63">
    <Player player_id="69752" player_name="Neto">2</Player>
    <Player player_id="88489" player_name="Denis Cheryshev">5</Player>
    <Player player_id="208135" player_name="Mouctar Diakhaby">5</Player>
    <Player player_id="80954" player_name="Rodrigo Moreno">4</Player>
    <Player player_id="28525" player_name="Ezequiel Garay">1</Player>
    <Player player_id="150360" player_name="Santi Mina">4</Player>
    <Player player_id="56624" player_name="Daniel Wass">1</Player>
    <Player player_id="51952" player_name="Daniel Parejo">7</Player>
  </Player>
</SoccerFeed>