﻿<?xml version="1.0" encoding="UTF-8"?>
<!-- Copyright 2001-2019 Opta Sportsdata Ltd. All rights reserved. -->
<!-- PRODUCTION HEADER
     produced on:        valde-jobq-a04.nexus.opta.net
     production time:    20190219T182906,708Z
     production module:  Opta::Feed::XML::Soccer::F27
-->
<SoccerFeed act_minute="93" act_period="2" act_second="5" away_team_id="957" away_team_name="Leganés" competition_id="23" competition_name="Spanish La Liga" game_date="2019-02-16 17:30:00" game_id="1009554" home_team_id="188" home_team_name="Real Sociedad" season_id="2018" season_name="Season 2018/2019" team_id="188" team_name="Real Sociedad">
  <Player cross_lost="0" cross_success="0" jersey_num="21" pass_lost="0" pass_success="1" player_id="201182" player_name="Jon Bautista" position="Substitute" position_id="5" sub_on="85" x="60.50" y="32.71">
    <Player player_id="90328" player_name="Rubén Pardo">1</Player>
  </Player>
  <Player cross_lost="8" cross_success="2" jersey_num="11" pass_lost="3" pass_success="26" player_id="154976" player_name="Adnan Januzaj" position="Forward" position_id="4" x="65.75" y="21.67">
    <Player player_id="195384" player_name="Mikel Merino">5</Player>
    <Player cross="2" player_id="219000" player_name="Mikel Oyarzabal">0</Player>
    <Player player_id="149915" player_name="Diego Llorente">3</Player>
    <Player player_id="222784" player_name="Theo Hernández">3</Player>
    <Player player_id="90328" player_name="Rubén Pardo">4</Player>
    <Player player_id="477406" player_name="Alex Sola">5</Player>
    <Player player_id="73314" player_name="Willian José">4</Player>
    <Player player_id="61814" player_name="Raúl Navas">1</Player>
    <Player player_id="216475" player_name="Igor Zubeldia">1</Player>
  </Player>
  <Player cross_lost="0" cross_success="0" jersey_num="8" pass_lost="11" pass_success="27" player_id="195384" player_name="Mikel Merino" position="Midfielder" position_id="3" sub_off="68" x="50.37" y="26.09">
    <Player player_id="219000" player_name="Mikel Oyarzabal">1</Player>
    <Player player_id="222784" player_name="Theo Hernández">2</Player>
    <Player player_id="54371" player_name="David Zurutuza">2</Player>
    <Player player_id="477406" player_name="Alex Sola">6</Player>
    <Player player_id="73314" player_name="Willian José">1</Player>
    <Player player_id="61814" player_name="Raúl Navas">1</Player>
    <Player player_id="216475" player_name="Igor Zubeldia">3</Player>
    <Player player_id="154976" player_name="Adnan Januzaj">7</Player>
    <Player player_id="149915" player_name="Diego Llorente">3</Player>
    <Player player_id="106921" player_name="Gerónimo Rulli">1</Player>
  </Player>
  <Player cross_lost="0" cross_success="0" jersey_num="24" pass_lost="1" pass_success="4" player_id="108438" player_name="Sandro Ramírez" position="Substitute" position_id="5" sub_on="78" x="58.26" y="66.00">
    <Player player_id="201182" player_name="Jon Bautista">1</Player>
    <Player player_id="222784" player_name="Theo Hernández">2</Player>
    <Player player_id="73314" player_name="Willian José">1</Player>
  </Player>
  <Player cross_lost="0" cross_success="1" jersey_num="10" pass_lost="2" pass_success="11" player_id="219000" player_name="Mikel Oyarzabal" position="Forward" position_id="4" sub_off="78" x="62.72" y="56.39">
    <Player player_id="154976" player_name="Adnan Januzaj">1</Player>
    <Player player_id="222784" player_name="Theo Hernández">3</Player>
    <Player player_id="90328" player_name="Rubén Pardo">1</Player>
    <Player player_id="54371" player_name="David Zurutuza">2</Player>
    <Player cross="1" player_id="477406" player_name="Alex Sola">2</Player>
    <Player player_id="73314" player_name="Willian José">1</Player>
    <Player player_id="216475" player_name="Igor Zubeldia">1</Player>
  </Player>
  <Player cross_lost="4" cross_success="1" jersey_num="19" pass_lost="8" pass_success="31" player_id="222784" player_name="Theo Hernández" position="Defender" position_id="2" x="55.31" y="87.32">
    <Player player_id="154976" player_name="Adnan Januzaj">1</Player>
    <Player player_id="195384" player_name="Mikel Merino">2</Player>
    <Player player_id="108438" player_name="Sandro Ramírez">2</Player>
    <Player cross="1" player_id="219000" player_name="Mikel Oyarzabal">1</Player>
    <Player player_id="54371" player_name="David Zurutuza">8</Player>
    <Player player_id="73314" player_name="Willian José">3</Player>
    <Player player_id="61814" player_name="Raúl Navas">10</Player>
    <Player player_id="216475" player_name="Igor Zubeldia">4</Player>
  </Player>
  <Player cross_lost="0" cross_success="0" jersey_num="3" pass_lost="10" pass_success="56" player_id="149915" player_name="Diego Llorente" position="Defender" position_id="2" x="33.45" y="28.37">
    <Player player_id="195384" player_name="Mikel Merino">4</Player>
    <Player player_id="154976" player_name="Adnan Januzaj">4</Player>
    <Player player_id="219000" player_name="Mikel Oyarzabal">1</Player>
    <Player player_id="222784" player_name="Theo Hernández">1</Player>
    <Player player_id="90328" player_name="Rubén Pardo">1</Player>
    <Player player_id="54371" player_name="David Zurutuza">1</Player>
    <Player player_id="477406" player_name="Alex Sola">15</Player>
    <Player player_id="61814" player_name="Raúl Navas">10</Player>
    <Player player_id="106921" player_name="Gerónimo Rulli">10</Player>
    <Player player_id="216475" player_name="Igor Zubeldia">9</Player>
  </Player>
  <Player cross_lost="0" cross_success="2" jersey_num="14" pass_lost="0" pass_success="18" player_id="90328" player_name="Rubén Pardo" position="Substitute" position_id="5" sub_on="68" x="55.01" y="34.87">
    <Player player_id="154976" player_name="Adnan Januzaj">3</Player>
    <Player player_id="108438" player_name="Sandro Ramírez">2</Player>
    <Player cross="1" player_id="149915" player_name="Diego Llorente">2</Player>
    <Player player_id="54371" player_name="David Zurutuza">5</Player>
    <Player player_id="477406" player_name="Alex Sola">1</Player>
    <Player cross="1" player_id="73314" player_name="Willian José">2</Player>
    <Player player_id="61814" player_name="Raúl Navas">3</Player>
  </Player>
  <Player cross_lost="0" cross_success="0" jersey_num="17" pass_lost="6" pass_success="48" player_id="54371" player_name="David Zurutuza" position="Midfielder" position_id="3" x="46.81" y="66.85">
    <Player player_id="195384" player_name="Mikel Merino">3</Player>
    <Player player_id="219000" player_name="Mikel Oyarzabal">1</Player>
    <Player player_id="222784" player_name="Theo Hernández">9</Player>
    <Player player_id="477406" player_name="Alex Sola">1</Player>
    <Player player_id="73314" player_name="Willian José">11</Player>
    <Player player_id="61814" player_name="Raúl Navas">6</Player>
    <Player player_id="216475" player_name="Igor Zubeldia">3</Player>
    <Player player_id="201182" player_name="Jon Bautista">1</Player>
    <Player player_id="154976" player_name="Adnan Januzaj">2</Player>
    <Player player_id="108438" player_name="Sandro Ramírez">1</Player>
    <Player player_id="149915" player_name="Diego Llorente">5</Player>
    <Player player_id="90328" player_name="Rubén Pardo">4</Player>
    <Player player_id="106921" player_name="Gerónimo Rulli">1</Player>
  </Player>
  <Player cross_lost="3" cross_success="1" jersey_num="35" pass_lost="10" pass_success="42" player_id="477406" player_name="Alex Sola" position="Defender" position_id="2" x="48.92" y="10.95">
    <Player player_id="195384" player_name="Mikel Merino">12</Player>
    <Player cross="1" player_id="154976" player_name="Adnan Januzaj">11</Player>
    <Player player_id="108438" player_name="Sandro Ramírez">2</Player>
    <Player player_id="149915" player_name="Diego Llorente">11</Player>
    <Player player_id="90328" player_name="Rubén Pardo">2</Player>
    <Player player_id="54371" player_name="David Zurutuza">3</Player>
    <Player player_id="106921" player_name="Gerónimo Rulli">1</Player>
  </Player>
  <Player cross_lost="0" cross_success="0" jersey_num="12" pass_lost="4" pass_success="25" player_id="73314" player_name="Willian José" position="Forward" position_id="4" sub_off="85" x="62.94" y="63.66">
    <Player player_id="195384" player_name="Mikel Merino">1</Player>
    <Player player_id="154976" player_name="Adnan Januzaj">3</Player>
    <Player player_id="219000" player_name="Mikel Oyarzabal">2</Player>
    <Player player_id="149915" player_name="Diego Llorente">1</Player>
    <Player player_id="222784" player_name="Theo Hernández">3</Player>
    <Player player_id="90328" player_name="Rubén Pardo">3</Player>
    <Player player_id="54371" player_name="David Zurutuza">9</Player>
    <Player player_id="477406" player_name="Alex Sola">2</Player>
    <Player player_id="61814" player_name="Raúl Navas">1</Player>
  </Player>
  <Player cross_lost="0" cross_success="0" jersey_num="22" pass_lost="6" pass_success="52" player_id="61814" player_name="Raúl Navas" position="Defender" position_id="2" x="33.39" y="71.71">
    <Player player_id="195384" player_name="Mikel Merino">1</Player>
    <Player player_id="154976" player_name="Adnan Januzaj">1</Player>
    <Player player_id="149915" player_name="Diego Llorente">10</Player>
    <Player player_id="222784" player_name="Theo Hernández">17</Player>
    <Player player_id="54371" player_name="David Zurutuza">7</Player>
    <Player player_id="477406" player_name="Alex Sola">2</Player>
    <Player player_id="73314" player_name="Willian José">5</Player>
    <Player player_id="106921" player_name="Gerónimo Rulli">5</Player>
    <Player player_id="216475" player_name="Igor Zubeldia">4</Player>
  </Player>
  <Player cross_lost="0" cross_success="0" jersey_num="1" pass_lost="13" pass_success="19" player_id="106921" player_name="Gerónimo Rulli" position="Goalkeeper" position_id="1" x="7.93" y="47.28">
    <Player player_id="154976" player_name="Adnan Januzaj">1</Player>
    <Player player_id="195384" player_name="Mikel Merino">2</Player>
    <Player player_id="149915" player_name="Diego Llorente">9</Player>
    <Player player_id="90328" player_name="Rubén Pardo">1</Player>
    <Player player_id="54371" player_name="David Zurutuza">2</Player>
    <Player player_id="73314" player_name="Willian José">1</Player>
    <Player player_id="61814" player_name="Raúl Navas">3</Player>
  </Player>
  <Player cross_lost="0" cross_success="0" jersey_num="5" pass_lost="5" pass_success="37" player_id="216475" player_name="Igor Zubeldia" position="Midfielder" position_id="3" x="35.33" y="49.52">
    <Player player_id="154976" player_name="Adnan Januzaj">1</Player>
    <Player player_id="195384" player_name="Mikel Merino">1</Player>
    <Player player_id="219000" player_name="Mikel Oyarzabal">1</Player>
    <Player player_id="222784" player_name="Theo Hernández">2</Player>
    <Player player_id="149915" player_name="Diego Llorente">6</Player>
    <Player player_id="54371" player_name="David Zurutuza">4</Player>
    <Player player_id="477406" player_name="Alex Sola">10</Player>
    <Player player_id="73314" player_name="Willian José">1</Player>
    <Player player_id="61814" player_name="Raúl Navas">10</Player>
    <Player player_id="106921" player_name="Gerónimo Rulli">1</Player>
  </Player>
</SoccerFeed>