﻿<?xml version="1.0" encoding="UTF-8"?>
<!-- Copyright 2001-2019 Opta Sportsdata Ltd. All rights reserved. -->
<!-- PRODUCTION HEADER
     produced on:        valde-jobq-a02.nexus.opta.net
     production time:    20190216T141802,146Z
     production module:  Opta::Feed::XML::Soccer::F27
-->
<SoccerFeed act_minute="96" act_period="2" act_second="31" away_team_id="1450" away_team_name="Getafe" competition_id="23" competition_name="Spanish La Liga" game_date="2019-02-15 20:00:00" game_id="1009548" home_team_id="953" home_team_name="Eibar" season_id="2018" season_name="Season 2018/2019" team_id="1450" team_name="Getafe">
  <Player cross_lost="0" cross_success="0" jersey_num="13" pass_lost="12" pass_success="12" player_id="175204" player_name="David Soria" position="Goalkeeper" position_id="1" x="9.24" y="52.22">
    <Player player_id="56419" player_name="Ángel Rodríguez">1</Player>
    <Player player_id="64662" player_name="Leandro Cabrera">1</Player>
    <Player player_id="76555" player_name="Jorge Molina">1</Player>
    <Player player_id="39621" player_name="Vitorino Antunes">3</Player>
    <Player player_id="18155" player_name="Mathieu Flamini">1</Player>
    <Player player_id="109270" player_name="Jaime Mata">1</Player>
    <Player player_id="96767" player_name="Dimitri Foulquier">1</Player>
    <Player player_id="214966" player_name="Mathías Olivera">3</Player>
  </Player>
  <Player cross_lost="1" cross_success="0" jersey_num="20" pass_lost="11" pass_success="19" player_id="198499" player_name="Nemanja Maksimovic" position="Midfielder" position_id="3" x="47.30" y="40.21">
    <Player player_id="56419" player_name="Ángel Rodríguez">1</Player>
    <Player player_id="64662" player_name="Leandro Cabrera">1</Player>
    <Player player_id="99005" player_name="Damián Suárez">4</Player>
    <Player player_id="151978" player_name="Sebastián Cristóforo">1</Player>
    <Player player_id="149838" player_name="Djené Dakonam">1</Player>
    <Player player_id="18155" player_name="Mathieu Flamini">1</Player>
    <Player player_id="109270" player_name="Jaime Mata">4</Player>
    <Player player_id="214966" player_name="Mathías Olivera">1</Player>
    <Player player_id="96767" player_name="Dimitri Foulquier">5</Player>
  </Player>
  <Player cross_lost="0" cross_success="0" jersey_num="9" pass_lost="8" pass_success="6" player_id="56419" player_name="Ángel Rodríguez" position="Forward" position_id="4" sub_off="73" x="65.27" y="48.04">
    <Player player_id="99005" player_name="Damián Suárez">1</Player>
    <Player player_id="39621" player_name="Vitorino Antunes">1</Player>
    <Player player_id="109270" player_name="Jaime Mata">4</Player>
  </Player>
  <Player cross_lost="0" cross_success="0" jersey_num="6" pass_lost="22" pass_success="13" player_id="64662" player_name="Leandro Cabrera" position="Defender" position_id="2" x="31.53" y="64.93">
    <Player player_id="175204" player_name="David Soria">1</Player>
    <Player player_id="198499" player_name="Nemanja Maksimovic">1</Player>
    <Player player_id="99005" player_name="Damián Suárez">1</Player>
    <Player player_id="151978" player_name="Sebastián Cristóforo">2</Player>
    <Player player_id="149838" player_name="Djené Dakonam">1</Player>
    <Player player_id="39621" player_name="Vitorino Antunes">1</Player>
    <Player player_id="109270" player_name="Jaime Mata">1</Player>
    <Player player_id="96767" player_name="Dimitri Foulquier">1</Player>
    <Player player_id="214966" player_name="Mathías Olivera">4</Player>
  </Player>
  <Player cross_lost="1" cross_success="0" jersey_num="19" pass_lost="0" pass_success="1" player_id="76555" player_name="Jorge Molina" position="Substitute" position_id="5" sub_on="73" x="69.92" y="63.55">
    <Player player_id="96767" player_name="Dimitri Foulquier">1</Player>
  </Player>
  <Player cross_lost="3" cross_success="0" jersey_num="22" pass_lost="18" pass_success="20" player_id="99005" player_name="Damián Suárez" position="Defender" position_id="2" x="45.24" y="22.76">
    <Player player_id="198499" player_name="Nemanja Maksimovic">3</Player>
    <Player player_id="56419" player_name="Ángel Rodríguez">3</Player>
    <Player player_id="64662" player_name="Leandro Cabrera">3</Player>
    <Player player_id="149838" player_name="Djené Dakonam">1</Player>
    <Player player_id="18155" player_name="Mathieu Flamini">3</Player>
    <Player player_id="109270" player_name="Jaime Mata">3</Player>
    <Player player_id="96767" player_name="Dimitri Foulquier">4</Player>
  </Player>
  <Player cross_lost="0" cross_success="0" jersey_num="15" pass_lost="2" pass_success="2" player_id="151978" player_name="Sebastián Cristóforo" position="Substitute" position_id="5" sub_on="83" x="38.95" y="54.06">
    <Player player_id="64662" player_name="Leandro Cabrera">1</Player>
    <Player player_id="96767" player_name="Dimitri Foulquier">1</Player>
  </Player>
  <Player cross_lost="1" cross_success="0" jersey_num="2" pass_lost="8" pass_success="14" player_id="149838" player_name="Djené Dakonam" position="Defender" position_id="2" x="36.42" y="45.28">
    <Player player_id="175204" player_name="David Soria">3</Player>
    <Player player_id="198499" player_name="Nemanja Maksimovic">2</Player>
    <Player player_id="99005" player_name="Damián Suárez">2</Player>
    <Player player_id="39621" player_name="Vitorino Antunes">1</Player>
    <Player player_id="109270" player_name="Jaime Mata">1</Player>
    <Player player_id="214966" player_name="Mathías Olivera">2</Player>
    <Player player_id="96767" player_name="Dimitri Foulquier">3</Player>
  </Player>
  <Player cross_lost="0" cross_success="0" jersey_num="21" pass_lost="1" pass_success="2" player_id="90801" player_name="Ignasi Miquel" position="Substitute" position_id="5" sub_on="90+3" x="29.06" y="63.27">
    <Player player_id="175204" player_name="David Soria">1</Player>
    <Player player_id="76555" player_name="Jorge Molina">1</Player>
  </Player>
  <Player cross_lost="2" cross_success="2" jersey_num="3" pass_lost="17" pass_success="12" player_id="39621" player_name="Vitorino Antunes" position="Defender" position_id="2" x="37.52" y="80.52">
    <Player player_id="56419" player_name="Ángel Rodríguez">4</Player>
    <Player player_id="64662" player_name="Leandro Cabrera">1</Player>
    <Player player_id="76555" player_name="Jorge Molina">1</Player>
    <Player player_id="18155" player_name="Mathieu Flamini">3</Player>
    <Player cross="1" player_id="109270" player_name="Jaime Mata">1</Player>
    <Player player_id="96767" player_name="Dimitri Foulquier">1</Player>
    <Player cross="1" player_id="214966" player_name="Mathías Olivera">1</Player>
  </Player>
  <Player cross_lost="0" cross_success="0" jersey_num="16" pass_lost="18" pass_success="9" player_id="18155" player_name="Mathieu Flamini" position="Midfielder" position_id="3" sub_off="83" x="47.22" y="61.43">
    <Player player_id="198499" player_name="Nemanja Maksimovic">1</Player>
    <Player player_id="56419" player_name="Ángel Rodríguez">1</Player>
    <Player player_id="99005" player_name="Damián Suárez">2</Player>
    <Player player_id="18155" player_name="Mathieu Flamini">1</Player>
    <Player player_id="214966" player_name="Mathías Olivera">3</Player>
    <Player player_id="96767" player_name="Dimitri Foulquier">1</Player>
  </Player>
  <Player cross_lost="0" cross_success="0" jersey_num="7" pass_lost="9" pass_success="18" player_id="109270" player_name="Jaime Mata" position="Forward" position_id="4" x="62.59" y="55.45">
    <Player player_id="56419" player_name="Ángel Rodríguez">3</Player>
    <Player player_id="99005" player_name="Damián Suárez">4</Player>
    <Player player_id="149838" player_name="Djené Dakonam">1</Player>
    <Player player_id="39621" player_name="Vitorino Antunes">4</Player>
    <Player player_id="18155" player_name="Mathieu Flamini">2</Player>
    <Player player_id="96767" player_name="Dimitri Foulquier">2</Player>
    <Player player_id="214966" player_name="Mathías Olivera">2</Player>
  </Player>
  <Player cross_lost="1" cross_success="0" jersey_num="24" pass_lost="5" pass_success="9" player_id="96767" player_name="Dimitri Foulquier" position="Midfielder" position_id="3" x="56.16" y="27.19">
    <Player player_id="198499" player_name="Nemanja Maksimovic">1</Player>
    <Player player_id="99005" player_name="Damián Suárez">1</Player>
    <Player player_id="149838" player_name="Djené Dakonam">1</Player>
    <Player player_id="18155" player_name="Mathieu Flamini">1</Player>
    <Player player_id="109270" player_name="Jaime Mata">5</Player>
  </Player>
  <Player cross_lost="0" cross_success="0" jersey_num="17" pass_lost="17" pass_success="17" player_id="214966" player_name="Mathías Olivera" position="Midfielder" position_id="3" sub_off="90+3" x="53.72" y="80.37">
    <Player player_id="56419" player_name="Ángel Rodríguez">6</Player>
    <Player player_id="64662" player_name="Leandro Cabrera">1</Player>
    <Player player_id="149838" player_name="Djené Dakonam">1</Player>
    <Player player_id="39621" player_name="Vitorino Antunes">3</Player>
    <Player player_id="109270" player_name="Jaime Mata">6</Player>
  </Player>
</SoccerFeed>