﻿<?xml version="1.0" encoding="UTF-8"?>
<!-- Copyright 2001-2018 Opta Sportsdata Ltd. All rights reserved. -->
<!-- PRODUCTION HEADER
     produced on:        valde-jobq-a04.nexus.opta.net
     production time:    20180828T175621,601Z
     production module:  Opta::Feed::XML::Soccer::F27
-->
<SoccerFeed act_minute="96" act_period="2" act_second="8" away_team_id="176" away_team_name="Celta de Vigo" competition_id="23" competition_name="Spanish La Liga" game_date="2018-08-27 19:15:00" game_id="1009334" home_team_id="855" home_team_name="Levante" season_id="2018" season_name="Season 2018/2019" team_id="855" team_name="Levante">
  <Player cross_lost="4" cross_success="1" jersey_num="23" pass_lost="6" pass_success="14" player_id="163784" player_name="Jason" position="Midfielder" position_id="3" sub_off="59" x="63.10" y="23.73">
    <Player player_id="88952" player_name="José Campaña">3</Player>
    <Player player_id="165375" player_name="José Luis Morales">3</Player>
    <Player player_id="55268" player_name="Coke">4</Player>
    <Player cross="1" player_id="109702" player_name="Roger Martí">1</Player>
    <Player player_id="196739" player_name="Enis Bardhi">1</Player>
    <Player player_id="106551" player_name="Sanjin Prcic">2</Player>
  </Player>
  <Player cross_lost="2" cross_success="1" jersey_num="24" pass_lost="12" pass_success="54" player_id="88952" player_name="José Campaña" position="Midfielder" position_id="3" x="48.91" y="55.00">
    <Player player_id="165375" player_name="José Luis Morales">3</Player>
    <Player player_id="196739" player_name="Enis Bardhi">7</Player>
    <Player cross="1" player_id="220093" player_name="Rober Pier">1</Player>
    <Player player_id="90400" player_name="Sergio Postigo">4</Player>
    <Player player_id="106551" player_name="Sanjin Prcic">6</Player>
    <Player player_id="78323" player_name="Cheick Doukouré">4</Player>
    <Player player_id="163784" player_name="Jason">2</Player>
    <Player player_id="55268" player_name="Coke">8</Player>
    <Player player_id="192050" player_name="Raphael Dwamena">1</Player>
    <Player player_id="77039" player_name="Toño">12</Player>
    <Player player_id="86168" player_name="Rubén Rochina">6</Player>
  </Player>
  <Player cross_lost="4" cross_success="3" jersey_num="11" pass_lost="8" pass_success="19" player_id="165375" player_name="José Luis Morales" position="Midfielder" position_id="3" x="68.37" y="50.08">
    <Player player_id="88952" player_name="José Campaña">2</Player>
    <Player player_id="196739" player_name="Enis Bardhi">3</Player>
    <Player player_id="220093" player_name="Rober Pier">1</Player>
    <Player cross="1" player_id="90400" player_name="Sergio Postigo">0</Player>
    <Player player_id="106551" player_name="Sanjin Prcic">1</Player>
    <Player player_id="163784" player_name="Jason">1</Player>
    <Player player_id="55268" player_name="Coke">4</Player>
    <Player cross="1" player_id="109702" player_name="Roger Martí">3</Player>
    <Player player_id="77039" player_name="Toño">3</Player>
    <Player cross="1" player_id="86168" player_name="Rubén Rochina">1</Player>
  </Player>
  <Player cross_lost="6" cross_success="1" jersey_num="12" pass_lost="9" pass_success="42" player_id="55268" player_name="Coke" position="Defender" position_id="2" x="54.36" y="16.77">
    <Player player_id="88952" player_name="José Campaña">6</Player>
    <Player cross="1" player_id="165375" player_name="José Luis Morales">7</Player>
    <Player player_id="196739" player_name="Enis Bardhi">3</Player>
    <Player player_id="106551" player_name="Sanjin Prcic">7</Player>
    <Player player_id="90400" player_name="Sergio Postigo">5</Player>
    <Player player_id="78323" player_name="Cheick Doukouré">5</Player>
    <Player player_id="163784" player_name="Jason">4</Player>
    <Player player_id="109702" player_name="Roger Martí">2</Player>
    <Player player_id="192050" player_name="Raphael Dwamena">1</Player>
    <Player player_id="86168" player_name="Rubén Rochina">2</Player>
  </Player>
  <Player cross_lost="1" cross_success="0" jersey_num="9" pass_lost="4" pass_success="15" player_id="109702" player_name="Roger Martí" position="Forward" position_id="4" x="69.12" y="46.39">
    <Player player_id="88952" player_name="José Campaña">3</Player>
    <Player player_id="163784" player_name="Jason">4</Player>
    <Player player_id="165375" player_name="José Luis Morales">1</Player>
    <Player player_id="55268" player_name="Coke">1</Player>
    <Player player_id="196739" player_name="Enis Bardhi">2</Player>
    <Player player_id="77039" player_name="Toño">1</Player>
    <Player player_id="106551" player_name="Sanjin Prcic">1</Player>
    <Player player_id="78323" player_name="Cheick Doukouré">2</Player>
  </Player>
  <Player cross_lost="0" cross_success="0" jersey_num="20" pass_lost="2" pass_success="1" player_id="192050" player_name="Raphael Dwamena" position="Substitute" position_id="5" sub_on="59" x="73.09" y="39.67">
    <Player player_id="90400" player_name="Sergio Postigo">1</Player>
  </Player>
  <Player cross_lost="5" cross_success="0" jersey_num="10" pass_lost="7" pass_success="23" player_id="196739" player_name="Enis Bardhi" position="Midfielder" position_id="3" sub_off="71" x="66.49" y="52.48">
    <Player player_id="88952" player_name="José Campaña">2</Player>
    <Player player_id="163784" player_name="Jason">2</Player>
    <Player player_id="165375" player_name="José Luis Morales">5</Player>
    <Player player_id="55268" player_name="Coke">4</Player>
    <Player player_id="109702" player_name="Roger Martí">3</Player>
    <Player player_id="77039" player_name="Toño">5</Player>
    <Player player_id="106551" player_name="Sanjin Prcic">1</Player>
    <Player player_id="90400" player_name="Sergio Postigo">1</Player>
  </Player>
  <Player cross_lost="0" cross_success="0" jersey_num="4" pass_lost="8" pass_success="35" player_id="220093" player_name="Rober Pier" position="Defender" position_id="2" x="32.82" y="68.03">
    <Player player_id="88952" player_name="José Campaña">8</Player>
    <Player player_id="165375" player_name="José Luis Morales">1</Player>
    <Player player_id="55268" player_name="Coke">3</Player>
    <Player player_id="109702" player_name="Roger Martí">1</Player>
    <Player player_id="196739" player_name="Enis Bardhi">1</Player>
    <Player player_id="77039" player_name="Toño">7</Player>
    <Player player_id="49442" player_name="Oier Olazábal">1</Player>
    <Player player_id="106551" player_name="Sanjin Prcic">4</Player>
    <Player player_id="78323" player_name="Cheick Doukouré">3</Player>
    <Player player_id="90400" player_name="Sergio Postigo">6</Player>
  </Player>
  <Player cross_lost="7" cross_success="0" jersey_num="3" pass_lost="5" pass_success="29" player_id="77039" player_name="Toño" position="Defender" position_id="2" x="49.98" y="86.09">
    <Player player_id="88952" player_name="José Campaña">6</Player>
    <Player player_id="165375" player_name="José Luis Morales">6</Player>
    <Player player_id="196739" player_name="Enis Bardhi">5</Player>
    <Player player_id="220093" player_name="Rober Pier">5</Player>
    <Player player_id="49442" player_name="Oier Olazábal">1</Player>
    <Player player_id="90400" player_name="Sergio Postigo">1</Player>
    <Player player_id="106551" player_name="Sanjin Prcic">1</Player>
    <Player player_id="78323" player_name="Cheick Doukouré">1</Player>
    <Player player_id="109702" player_name="Roger Martí">1</Player>
    <Player player_id="86168" player_name="Rubén Rochina">1</Player>
  </Player>
  <Player cross_lost="1" cross_success="0" jersey_num="16" pass_lost="3" pass_success="12" player_id="86168" player_name="Rubén Rochina" position="Substitute" position_id="5" sub_on="71" x="55.76" y="43.89">
    <Player player_id="88952" player_name="José Campaña">2</Player>
    <Player player_id="165375" player_name="José Luis Morales">1</Player>
    <Player player_id="55268" player_name="Coke">1</Player>
    <Player player_id="109702" player_name="Roger Martí">1</Player>
    <Player player_id="192050" player_name="Raphael Dwamena">1</Player>
    <Player player_id="77039" player_name="Toño">3</Player>
    <Player player_id="106551" player_name="Sanjin Prcic">2</Player>
    <Player player_id="90400" player_name="Sergio Postigo">1</Player>
  </Player>
  <Player cross_lost="0" cross_success="0" jersey_num="13" pass_lost="7" pass_success="19" player_id="49442" player_name="Oier Olazábal" position="Goalkeeper" position_id="1" x="7.17" y="51.06">
    <Player player_id="88952" player_name="José Campaña">4</Player>
    <Player player_id="165375" player_name="José Luis Morales">2</Player>
    <Player player_id="55268" player_name="Coke">2</Player>
    <Player player_id="109702" player_name="Roger Martí">2</Player>
    <Player player_id="196739" player_name="Enis Bardhi">2</Player>
    <Player player_id="220093" player_name="Rober Pier">2</Player>
    <Player player_id="77039" player_name="Toño">2</Player>
    <Player player_id="86168" player_name="Rubén Rochina">2</Player>
    <Player player_id="106551" player_name="Sanjin Prcic">1</Player>
  </Player>
  <Player cross_lost="0" cross_success="1" jersey_num="8" pass_lost="0" pass_success="35" player_id="106551" player_name="Sanjin Prcic" position="Substitute" position_id="5" sub_on="45" x="46.71" y="41.26">
    <Player player_id="88952" player_name="José Campaña">10</Player>
    <Player player_id="165375" player_name="José Luis Morales">6</Player>
    <Player player_id="196739" player_name="Enis Bardhi">1</Player>
    <Player player_id="220093" player_name="Rober Pier">4</Player>
    <Player player_id="90400" player_name="Sergio Postigo">2</Player>
    <Player player_id="163784" player_name="Jason">1</Player>
    <Player player_id="55268" player_name="Coke">7</Player>
    <Player cross="1" player_id="109702" player_name="Roger Martí">1</Player>
    <Player player_id="77039" player_name="Toño">2</Player>
    <Player player_id="86168" player_name="Rubén Rochina">1</Player>
  </Player>
  <Player cross_lost="0" cross_success="0" jersey_num="15" pass_lost="6" pass_success="31" player_id="90400" player_name="Sergio Postigo" position="Defender" position_id="2" x="33.38" y="33.35">
    <Player player_id="88952" player_name="José Campaña">3</Player>
    <Player player_id="165375" player_name="José Luis Morales">2</Player>
    <Player player_id="196739" player_name="Enis Bardhi">1</Player>
    <Player player_id="220093" player_name="Rober Pier">8</Player>
    <Player player_id="49442" player_name="Oier Olazábal">2</Player>
    <Player player_id="106551" player_name="Sanjin Prcic">1</Player>
    <Player player_id="78323" player_name="Cheick Doukouré">3</Player>
    <Player player_id="55268" player_name="Coke">7</Player>
    <Player player_id="109702" player_name="Roger Martí">2</Player>
    <Player player_id="77039" player_name="Toño">1</Player>
    <Player player_id="86168" player_name="Rubén Rochina">1</Player>
  </Player>
  <Player cross_lost="0" cross_success="0" jersey_num="5" pass_lost="6" pass_success="21" player_id="78323" player_name="Cheick Doukouré" position="Midfielder" position_id="3" sub_off="45" x="53.81" y="44.10">
    <Player player_id="88952" player_name="José Campaña">1</Player>
    <Player player_id="163784" player_name="Jason">3</Player>
    <Player player_id="165375" player_name="José Luis Morales">1</Player>
    <Player player_id="55268" player_name="Coke">6</Player>
    <Player player_id="196739" player_name="Enis Bardhi">1</Player>
    <Player player_id="220093" player_name="Rober Pier">5</Player>
    <Player player_id="77039" player_name="Toño">2</Player>
    <Player player_id="49442" player_name="Oier Olazábal">1</Player>
    <Player player_id="90400" player_name="Sergio Postigo">1</Player>
  </Player>
</SoccerFeed>