﻿<?xml version="1.0" encoding="UTF-8"?>
<!-- Copyright 2001-2019 Opta Sportsdata Ltd. All rights reserved. -->
<!-- PRODUCTION HEADER
     produced on:        valde-jobq-a02.nexus.opta.net
     production time:    20190122T174650,678Z
     production module:  Opta::Feed::XML::Soccer::F27
-->
<SoccerFeed act_minute="93" act_period="2" act_second="3" away_team_id="191" away_team_name="Valencia CF" competition_id="23" competition_name="Spanish La Liga" game_date="2019-01-19 19:45:00" game_id="1009508" home_team_id="176" home_team_name="Celta de Vigo" season_id="2018" season_name="Season 2018/2019" team_id="191" team_name="Valencia CF">
  <Player cross_lost="0" cross_success="0" jersey_num="5" pass_lost="4" pass_success="39" player_id="158074" player_name="Gabriel" position="Defender" position_id="2" x="29.90" y="64.17">
    <Player player_id="88489" player_name="Denis Cheryshev">2</Player>
    <Player player_id="56864" player_name="Francis Coquelin">4</Player>
    <Player player_id="69752" player_name="Neto">2</Player>
    <Player player_id="80954" player_name="Rodrigo Moreno">5</Player>
    <Player player_id="92055" player_name="Cristiano Piccini">3</Player>
    <Player player_id="28525" player_name="Ezequiel Garay">7</Player>
    <Player player_id="150360" player_name="Santi Mina">1</Player>
    <Player player_id="224444" player_name="Ferrán Torres">1</Player>
    <Player player_id="132105" player_name="José Gayá">1</Player>
    <Player player_id="51952" player_name="Daniel Parejo">13</Player>
  </Player>
  <Player cross_lost="3" cross_success="0" jersey_num="8" pass_lost="6" pass_success="12" player_id="224860" player_name="Carlos Soler" position="Midfielder" position_id="3" sub_off="61" x="58.39" y="21.07">
    <Player player_id="158074" player_name="Gabriel">1</Player>
    <Player player_id="56864" player_name="Francis Coquelin">4</Player>
    <Player player_id="92055" player_name="Cristiano Piccini">4</Player>
    <Player player_id="150360" player_name="Santi Mina">1</Player>
    <Player player_id="51952" player_name="Daniel Parejo">2</Player>
  </Player>
  <Player cross_lost="0" cross_success="0" jersey_num="9" pass_lost="2" pass_success="4" player_id="42779" player_name="Kevin Gameiro" position="Substitute" position_id="5" sub_on="61" x="69.27" y="28.37">
    <Player player_id="56864" player_name="Francis Coquelin">1</Player>
    <Player player_id="80954" player_name="Rodrigo Moreno">2</Player>
    <Player player_id="92055" player_name="Cristiano Piccini">1</Player>
  </Player>
  <Player cross_lost="5" cross_success="0" jersey_num="11" pass_lost="8" pass_success="12" player_id="88489" player_name="Denis Cheryshev" position="Midfielder" position_id="3" sub_off="61" x="60.45" y="84.22">
    <Player player_id="56864" player_name="Francis Coquelin">1</Player>
    <Player player_id="80954" player_name="Rodrigo Moreno">2</Player>
    <Player player_id="150360" player_name="Santi Mina">1</Player>
    <Player player_id="51952" player_name="Daniel Parejo">1</Player>
    <Player player_id="132105" player_name="José Gayá">7</Player>
  </Player>
  <Player cross_lost="0" cross_success="0" jersey_num="13" pass_lost="10" pass_success="9" player_id="69752" player_name="Neto" position="Goalkeeper" position_id="1" x="7.49" y="49.24">
    <Player player_id="158074" player_name="Gabriel">2</Player>
    <Player player_id="80954" player_name="Rodrigo Moreno">3</Player>
    <Player player_id="28525" player_name="Ezequiel Garay">1</Player>
    <Player player_id="224444" player_name="Ferrán Torres">1</Player>
    <Player player_id="51952" player_name="Daniel Parejo">2</Player>
  </Player>
  <Player cross_lost="0" cross_success="0" jersey_num="17" pass_lost="8" pass_success="40" player_id="56864" player_name="Francis Coquelin" position="Midfielder" position_id="3" sub_off="79" x="49.37" y="47.50">
    <Player player_id="80954" player_name="Rodrigo Moreno">8</Player>
    <Player player_id="132105" player_name="José Gayá">4</Player>
    <Player player_id="51952" player_name="Daniel Parejo">7</Player>
    <Player player_id="158074" player_name="Gabriel">4</Player>
    <Player player_id="224860" player_name="Carlos Soler">4</Player>
    <Player player_id="88489" player_name="Denis Cheryshev">2</Player>
    <Player player_id="42779" player_name="Kevin Gameiro">1</Player>
    <Player player_id="92055" player_name="Cristiano Piccini">3</Player>
    <Player player_id="28525" player_name="Ezequiel Garay">4</Player>
    <Player player_id="150360" player_name="Santi Mina">3</Player>
  </Player>
  <Player cross_lost="4" cross_success="1" jersey_num="19" pass_lost="6" pass_success="27" player_id="80954" player_name="Rodrigo Moreno" position="Forward" position_id="4" x="64.59" y="61.07">
    <Player player_id="51952" player_name="Daniel Parejo">5</Player>
    <Player player_id="132105" player_name="José Gayá">5</Player>
    <Player player_id="158074" player_name="Gabriel">1</Player>
    <Player player_id="224860" player_name="Carlos Soler">4</Player>
    <Player player_id="56864" player_name="Francis Coquelin">4</Player>
    <Player player_id="88489" player_name="Denis Cheryshev">3</Player>
    <Player player_id="92055" player_name="Cristiano Piccini">1</Player>
    <Player player_id="28525" player_name="Ezequiel Garay">1</Player>
    <Player cross="1" player_id="150360" player_name="Santi Mina">2</Player>
    <Player player_id="56624" player_name="Daniel Wass">1</Player>
  </Player>
  <Player cross_lost="2" cross_success="1" jersey_num="21" pass_lost="11" pass_success="25" player_id="92055" player_name="Cristiano Piccini" position="Defender" position_id="2" x="49.75" y="13.57">
    <Player player_id="224860" player_name="Carlos Soler">3</Player>
    <Player player_id="42779" player_name="Kevin Gameiro">1</Player>
    <Player player_id="56864" player_name="Francis Coquelin">1</Player>
    <Player player_id="80954" player_name="Rodrigo Moreno">2</Player>
    <Player player_id="28525" player_name="Ezequiel Garay">8</Player>
    <Player cross="1" player_id="150360" player_name="Santi Mina">2</Player>
    <Player player_id="224444" player_name="Ferrán Torres">2</Player>
    <Player player_id="51952" player_name="Daniel Parejo">6</Player>
  </Player>
  <Player cross_lost="0" cross_success="0" jersey_num="24" pass_lost="7" pass_success="31" player_id="28525" player_name="Ezequiel Garay" position="Defender" position_id="2" x="36.14" y="38.28">
    <Player player_id="158074" player_name="Gabriel">9</Player>
    <Player player_id="224860" player_name="Carlos Soler">2</Player>
    <Player player_id="56864" player_name="Francis Coquelin">5</Player>
    <Player player_id="69752" player_name="Neto">1</Player>
    <Player player_id="80954" player_name="Rodrigo Moreno">1</Player>
    <Player player_id="92055" player_name="Cristiano Piccini">7</Player>
    <Player player_id="224444" player_name="Ferrán Torres">1</Player>
    <Player player_id="51952" player_name="Daniel Parejo">4</Player>
    <Player player_id="132105" player_name="José Gayá">1</Player>
  </Player>
  <Player cross_lost="0" cross_success="0" jersey_num="22" pass_lost="6" pass_success="19" player_id="150360" player_name="Santi Mina" position="Forward" position_id="4" x="68.98" y="49.95">
    <Player player_id="158074" player_name="Gabriel">1</Player>
    <Player player_id="224860" player_name="Carlos Soler">1</Player>
    <Player player_id="88489" player_name="Denis Cheryshev">1</Player>
    <Player player_id="56864" player_name="Francis Coquelin">4</Player>
    <Player player_id="80954" player_name="Rodrigo Moreno">5</Player>
    <Player player_id="92055" player_name="Cristiano Piccini">2</Player>
    <Player player_id="224444" player_name="Ferrán Torres">1</Player>
    <Player player_id="132105" player_name="José Gayá">4</Player>
  </Player>
  <Player cross_lost="0" cross_success="0" jersey_num="18" pass_lost="0" pass_success="5" player_id="56624" player_name="Daniel Wass" position="Substitute" position_id="5" sub_on="79" x="60.89" y="52.91">
    <Player player_id="158074" player_name="Gabriel">1</Player>
    <Player player_id="80954" player_name="Rodrigo Moreno">1</Player>
    <Player player_id="150360" player_name="Santi Mina">1</Player>
    <Player player_id="51952" player_name="Daniel Parejo">2</Player>
  </Player>
  <Player cross_lost="2" cross_success="0" jersey_num="20" pass_lost="2" pass_success="6" player_id="224444" player_name="Ferrán Torres" position="Substitute" position_id="5" sub_on="61" x="73.85" y="19.01">
    <Player player_id="158074" player_name="Gabriel">1</Player>
    <Player player_id="28525" player_name="Ezequiel Garay">1</Player>
    <Player player_id="150360" player_name="Santi Mina">1</Player>
    <Player player_id="51952" player_name="Daniel Parejo">3</Player>
  </Player>
  <Player cross_lost="4" cross_success="0" jersey_num="14" pass_lost="4" pass_success="28" player_id="132105" player_name="José Gayá" position="Defender" position_id="2" x="45.88" y="82.48">
    <Player player_id="158074" player_name="Gabriel">8</Player>
    <Player player_id="42779" player_name="Kevin Gameiro">1</Player>
    <Player player_id="69752" player_name="Neto">1</Player>
    <Player player_id="56864" player_name="Francis Coquelin">1</Player>
    <Player player_id="88489" player_name="Denis Cheryshev">5</Player>
    <Player player_id="80954" player_name="Rodrigo Moreno">2</Player>
    <Player player_id="150360" player_name="Santi Mina">4</Player>
    <Player player_id="51952" player_name="Daniel Parejo">6</Player>
  </Player>
  <Player cross_lost="3" cross_success="4" jersey_num="10" pass_lost="10" pass_success="61" player_id="51952" player_name="Daniel Parejo" position="Midfielder" position_id="3" x="52.24" y="50.61">
    <Player player_id="69752" player_name="Neto">1</Player>
    <Player player_id="80954" player_name="Rodrigo Moreno">9</Player>
    <Player player_id="224444" player_name="Ferrán Torres">3</Player>
    <Player player_id="132105" player_name="José Gayá">7</Player>
    <Player player_id="158074" player_name="Gabriel">1</Player>
    <Player player_id="224860" player_name="Carlos Soler">1</Player>
    <Player player_id="42779" player_name="Kevin Gameiro">1</Player>
    <Player player_id="88489" player_name="Denis Cheryshev">8</Player>
    <Player player_id="56864" player_name="Francis Coquelin">8</Player>
    <Player player_id="92055" player_name="Cristiano Piccini">8</Player>
    <Player cross="4" player_id="28525" player_name="Ezequiel Garay">4</Player>
    <Player player_id="150360" player_name="Santi Mina">10</Player>
  </Player>
</SoccerFeed>