﻿<?xml version="1.0" encoding="UTF-8"?>
<!-- Copyright 2001-2018 Opta Sportsdata Ltd. All rights reserved. -->
<!-- PRODUCTION HEADER
     produced on:        valde-jobq-a01.nexus.opta.net
     production time:    20181201T132406,518Z
     production module:  Opta::Feed::XML::Soccer::F27
-->
<SoccerFeed act_minute="94" act_period="2" act_second="4" away_team_id="953" away_team_name="Eibar" competition_id="23" competition_name="Spanish La Liga" game_date="2018-11-30 20:00:00" game_id="1009453" home_team_id="184" home_team_name="Rayo Vallecano" season_id="2018" season_name="Season 2018/2019" team_id="184" team_name="Rayo Vallecano">
  <Player cross_lost="0" cross_success="0" jersey_num="2" pass_lost="0" pass_success="0" player_id="73684" player_name="Tito" position="Substitute" position_id="5" sub_on="79" x="41.46" y="35.44" />
  <Player cross_lost="0" cross_success="0" jersey_num="16" pass_lost="9" pass_success="27" player_id="80789" player_name="Jordi Amat" position="Defender" position_id="2" x="30.39" y="66.16">
    <Player player_id="102738" player_name="Giannelli Imbula">4</Player>
    <Player player_id="132161" player_name="Adrián Embarba">1</Player>
    <Player player_id="40721" player_name="Óscar Trejo">2</Player>
    <Player player_id="90573" player_name="Alejandro Gálvez">6</Player>
    <Player player_id="151885" player_name="Emiliano Velázquez">3</Player>
    <Player player_id="106468" player_name="Álex Moreno">4</Player>
    <Player player_id="119403" player_name="Raúl de Tomás">3</Player>
    <Player player_id="94878" player_name="Stole Dimitrievski">4</Player>
  </Player>
  <Player cross_lost="0" cross_success="1" jersey_num="12" pass_lost="5" pass_success="10" player_id="102738" player_name="Giannelli Imbula" position="Midfielder" position_id="3" sub_off="56" x="43.35" y="66.74">
    <Player player_id="80789" player_name="Jordi Amat">2</Player>
    <Player player_id="230071" player_name="Santiago Comesaña">1</Player>
    <Player player_id="90573" player_name="Alejandro Gálvez">1</Player>
    <Player player_id="40721" player_name="Óscar Trejo">4</Player>
    <Player cross="1" player_id="151885" player_name="Emiliano Velázquez">0</Player>
    <Player player_id="106468" player_name="Álex Moreno">1</Player>
    <Player player_id="165682" player_name="Álvaro García">1</Player>
  </Player>
  <Player cross_lost="0" cross_success="0" jersey_num="27" pass_lost="11" pass_success="23" player_id="230071" player_name="Santiago Comesaña" position="Midfielder" position_id="3" x="35.16" y="57.84">
    <Player player_id="132161" player_name="Adrián Embarba">3</Player>
    <Player player_id="40721" player_name="Óscar Trejo">4</Player>
    <Player player_id="90573" player_name="Alejandro Gálvez">3</Player>
    <Player player_id="151885" player_name="Emiliano Velázquez">1</Player>
    <Player player_id="119403" player_name="Raúl de Tomás">2</Player>
    <Player player_id="94878" player_name="Stole Dimitrievski">1</Player>
    <Player player_id="165682" player_name="Álvaro García">2</Player>
    <Player player_id="80789" player_name="Jordi Amat">1</Player>
    <Player player_id="102738" player_name="Giannelli Imbula">2</Player>
    <Player player_id="106468" player_name="Álex Moreno">3</Player>
    <Player player_id="28644" player_name="Gorka Elustondo">1</Player>
  </Player>
  <Player cross_lost="1" cross_success="2" jersey_num="11" pass_lost="8" pass_success="9" player_id="132161" player_name="Adrián Embarba" position="Midfielder" position_id="3" x="50.87" y="47.22">
    <Player player_id="80789" player_name="Jordi Amat">1</Player>
    <Player player_id="102738" player_name="Giannelli Imbula">2</Player>
    <Player player_id="230071" player_name="Santiago Comesaña">1</Player>
    <Player player_id="40721" player_name="Óscar Trejo">2</Player>
    <Player cross="2" player_id="119403" player_name="Raúl de Tomás">3</Player>
  </Player>
  <Player cross_lost="0" cross_success="0" jersey_num="23" pass_lost="10" pass_success="21" player_id="90573" player_name="Alejandro Gálvez" position="Defender" position_id="2" x="27.38" y="45.26">
    <Player player_id="80789" player_name="Jordi Amat">4</Player>
    <Player player_id="102738" player_name="Giannelli Imbula">1</Player>
    <Player player_id="230071" player_name="Santiago Comesaña">1</Player>
    <Player player_id="132161" player_name="Adrián Embarba">1</Player>
    <Player player_id="40721" player_name="Óscar Trejo">1</Player>
    <Player player_id="151885" player_name="Emiliano Velázquez">2</Player>
    <Player player_id="106468" player_name="Álex Moreno">1</Player>
    <Player player_id="119403" player_name="Raúl de Tomás">1</Player>
    <Player player_id="94878" player_name="Stole Dimitrievski">6</Player>
    <Player player_id="165682" player_name="Álvaro García">2</Player>
    <Player player_id="114323" player_name="José Pozo">1</Player>
  </Player>
  <Player cross_lost="2" cross_success="0" jersey_num="8" pass_lost="11" pass_success="13" player_id="40721" player_name="Óscar Trejo" position="Midfielder" position_id="3" x="48.11" y="55.32">
    <Player player_id="230071" player_name="Santiago Comesaña">1</Player>
    <Player player_id="132161" player_name="Adrián Embarba">4</Player>
    <Player player_id="151885" player_name="Emiliano Velázquez">2</Player>
    <Player player_id="106468" player_name="Álex Moreno">1</Player>
    <Player player_id="119403" player_name="Raúl de Tomás">1</Player>
    <Player player_id="165682" player_name="Álvaro García">3</Player>
    <Player player_id="114323" player_name="José Pozo">1</Player>
  </Player>
  <Player cross_lost="0" cross_success="0" jersey_num="7" pass_lost="14" pass_success="14" player_id="106468" player_name="Álex Moreno" position="Defender" position_id="2" x="30.21" y="83.89">
    <Player player_id="80789" player_name="Jordi Amat">3</Player>
    <Player player_id="102738" player_name="Giannelli Imbula">2</Player>
    <Player player_id="230071" player_name="Santiago Comesaña">3</Player>
    <Player player_id="132161" player_name="Adrián Embarba">1</Player>
    <Player player_id="40721" player_name="Óscar Trejo">1</Player>
    <Player player_id="119403" player_name="Raúl de Tomás">3</Player>
    <Player player_id="165682" player_name="Álvaro García">1</Player>
  </Player>
  <Player cross_lost="0" cross_success="1" jersey_num="20" pass_lost="21" pass_success="5" player_id="151885" player_name="Emiliano Velázquez" position="Defender" position_id="2" x="31.43" y="23.73">
    <Player player_id="230071" player_name="Santiago Comesaña">1</Player>
    <Player cross="1" player_id="132161" player_name="Adrián Embarba">1</Player>
    <Player player_id="40721" player_name="Óscar Trejo">1</Player>
    <Player player_id="106468" player_name="Álex Moreno">1</Player>
    <Player player_id="165682" player_name="Álvaro García">1</Player>
  </Player>
  <Player cross_lost="0" cross_success="0" jersey_num="9" pass_lost="7" pass_success="6" player_id="119403" player_name="Raúl de Tomás" position="Forward" position_id="4" sub_off="79" x="56.41" y="47.85">
    <Player player_id="102738" player_name="Giannelli Imbula">1</Player>
    <Player player_id="132161" player_name="Adrián Embarba">1</Player>
    <Player player_id="106468" player_name="Álex Moreno">1</Player>
    <Player player_id="165682" player_name="Álvaro García">3</Player>
  </Player>
  <Player cross_lost="0" cross_success="0" jersey_num="6" pass_lost="2" pass_success="4" player_id="28644" player_name="Gorka Elustondo" position="Substitute" position_id="5" sub_off="73" sub_on="56" x="42.71" y="64.75">
    <Player player_id="151885" player_name="Emiliano Velázquez">2</Player>
    <Player player_id="119403" player_name="Raúl de Tomás">1</Player>
    <Player player_id="165682" player_name="Álvaro García">1</Player>
  </Player>
  <Player cross_lost="0" cross_success="0" jersey_num="13" pass_lost="15" pass_success="17" player_id="94878" player_name="Stole Dimitrievski" position="Goalkeeper" position_id="1" x="7.24" y="45.78">
    <Player player_id="230071" player_name="Santiago Comesaña">1</Player>
    <Player player_id="132161" player_name="Adrián Embarba">3</Player>
    <Player player_id="40721" player_name="Óscar Trejo">2</Player>
    <Player player_id="90573" player_name="Alejandro Gálvez">4</Player>
    <Player player_id="151885" player_name="Emiliano Velázquez">4</Player>
    <Player player_id="119403" player_name="Raúl de Tomás">2</Player>
    <Player player_id="165682" player_name="Álvaro García">1</Player>
  </Player>
  <Player cross_lost="2" cross_success="0" jersey_num="18" pass_lost="5" pass_success="11" player_id="165682" player_name="Álvaro García" position="Midfielder" position_id="3" x="39.75" y="71.26">
    <Player player_id="102738" player_name="Giannelli Imbula">2</Player>
    <Player player_id="230071" player_name="Santiago Comesaña">1</Player>
    <Player player_id="40721" player_name="Óscar Trejo">3</Player>
    <Player player_id="106468" player_name="Álex Moreno">2</Player>
    <Player player_id="119403" player_name="Raúl de Tomás">2</Player>
    <Player player_id="114323" player_name="José Pozo">1</Player>
  </Player>
  <Player cross_lost="0" cross_success="0" jersey_num="22" pass_lost="1" pass_success="2" player_id="114323" player_name="José Pozo" position="Substitute" position_id="5" sub_on="73" x="36.36" y="70.20">
    <Player player_id="132161" player_name="Adrián Embarba">1</Player>
    <Player player_id="40721" player_name="Óscar Trejo">1</Player>
  </Player>
</SoccerFeed>