﻿<?xml version="1.0" encoding="UTF-8"?>
<!-- Copyright 2001-2018 Opta Sportsdata Ltd. All rights reserved. -->
<!-- PRODUCTION HEADER
     produced on:        valde-jobq-a01.nexus.opta.net
     production time:    20181009T212746,553Z
     production module:  Opta::Feed::XML::Soccer::F27
-->
<SoccerFeed act_minute="95" act_period="2" act_second="20" away_team_id="186" away_team_name="Real Madrid" competition_id="23" competition_name="Spanish La Liga" game_date="2018-10-06 17:30:00" game_id="1009386" home_team_id="173" home_team_name="Alavés" season_id="2018" season_name="Season 2018/2019" team_id="186" team_name="Real Madrid">
  <Player cross_lost="0" cross_success="1" jersey_num="24" pass_lost="5" pass_success="57" player_id="182539" player_name="Dani Ceballos" position="Forward" position_id="4" x="58.89" y="50.12">
    <Player player_id="17861" player_name="Sergio Ramos">3</Player>
    <Player player_id="44989" player_name="Toni Kroos">15</Player>
    <Player player_id="36903" player_name="Gareth Bale">3</Player>
    <Player player_id="19927" player_name="Karim Benzema">3</Player>
    <Player player_id="90152" player_name="Raphael Varane">2</Player>
    <Player cross="1" player_id="88477" player_name="Nacho">6</Player>
    <Player player_id="61256" player_name="Casemiro">7</Player>
    <Player player_id="174292" player_name="Marco Asensio">1</Player>
    <Player player_id="37055" player_name="Luka Modric">9</Player>
    <Player player_id="178347" player_name="Mariano">1</Player>
    <Player player_id="246333" player_name="Vinícius Júnior">2</Player>
    <Player player_id="201172" player_name="Álvaro Odriozola">4</Player>
    <Player player_id="60772" player_name="Thibaut Courtois">1</Player>
  </Player>
  <Player cross_lost="0" cross_success="0" jersey_num="4" pass_lost="7" pass_success="91" player_id="17861" player_name="Sergio Ramos" position="Defender" position_id="2" x="39.06" y="69.51">
    <Player player_id="44989" player_name="Toni Kroos">28</Player>
    <Player player_id="36903" player_name="Gareth Bale">5</Player>
    <Player player_id="19927" player_name="Karim Benzema">3</Player>
    <Player player_id="88477" player_name="Nacho">17</Player>
    <Player player_id="90152" player_name="Raphael Varane">10</Player>
    <Player player_id="182539" player_name="Dani Ceballos">3</Player>
    <Player player_id="61256" player_name="Casemiro">14</Player>
    <Player player_id="174292" player_name="Marco Asensio">3</Player>
    <Player player_id="37055" player_name="Luka Modric">2</Player>
    <Player player_id="178347" player_name="Mariano">2</Player>
    <Player player_id="201172" player_name="Álvaro Odriozola">2</Player>
    <Player player_id="60772" player_name="Thibaut Courtois">2</Player>
  </Player>
  <Player cross_lost="4" cross_success="0" jersey_num="8" pass_lost="6" pass_success="92" player_id="44989" player_name="Toni Kroos" position="Midfielder" position_id="3" x="52.38" y="65.82">
    <Player player_id="17861" player_name="Sergio Ramos">15</Player>
    <Player player_id="36903" player_name="Gareth Bale">3</Player>
    <Player player_id="19927" player_name="Karim Benzema">2</Player>
    <Player player_id="88477" player_name="Nacho">13</Player>
    <Player player_id="90152" player_name="Raphael Varane">11</Player>
    <Player player_id="182539" player_name="Dani Ceballos">13</Player>
    <Player player_id="61256" player_name="Casemiro">9</Player>
    <Player player_id="174292" player_name="Marco Asensio">6</Player>
    <Player player_id="37055" player_name="Luka Modric">13</Player>
    <Player player_id="178347" player_name="Mariano">1</Player>
    <Player player_id="246333" player_name="Vinícius Júnior">1</Player>
    <Player player_id="201172" player_name="Álvaro Odriozola">5</Player>
  </Player>
  <Player cross_lost="4" cross_success="0" jersey_num="11" pass_lost="9" pass_success="24" player_id="36903" player_name="Gareth Bale" position="Forward" position_id="4" sub_off="80" x="67.59" y="46.85">
    <Player player_id="17861" player_name="Sergio Ramos">4</Player>
    <Player player_id="44989" player_name="Toni Kroos">2</Player>
    <Player player_id="19927" player_name="Karim Benzema">2</Player>
    <Player player_id="88477" player_name="Nacho">5</Player>
    <Player player_id="61256" player_name="Casemiro">1</Player>
    <Player player_id="174292" player_name="Marco Asensio">1</Player>
    <Player player_id="37055" player_name="Luka Modric">3</Player>
    <Player player_id="178347" player_name="Mariano">3</Player>
    <Player player_id="201172" player_name="Álvaro Odriozola">2</Player>
    <Player player_id="60772" player_name="Thibaut Courtois">1</Player>
  </Player>
  <Player cross_lost="0" cross_success="0" jersey_num="14" pass_lost="6" pass_success="60" player_id="61256" player_name="Casemiro" position="Midfielder" position_id="3" sub_off="62" x="43.14" y="44.59">
    <Player player_id="17861" player_name="Sergio Ramos">11</Player>
    <Player player_id="44989" player_name="Toni Kroos">12</Player>
    <Player player_id="36903" player_name="Gareth Bale">2</Player>
    <Player player_id="19927" player_name="Karim Benzema">1</Player>
    <Player player_id="90152" player_name="Raphael Varane">10</Player>
    <Player player_id="88477" player_name="Nacho">3</Player>
    <Player player_id="182539" player_name="Dani Ceballos">7</Player>
    <Player player_id="37055" player_name="Luka Modric">7</Player>
    <Player player_id="201172" player_name="Álvaro Odriozola">6</Player>
    <Player player_id="60772" player_name="Thibaut Courtois">1</Player>
  </Player>
  <Player cross_lost="2" cross_success="0" jersey_num="20" pass_lost="4" pass_success="19" player_id="174292" player_name="Marco Asensio" position="Substitute" position_id="5" sub_on="62" x="66.57" y="74.30">
    <Player player_id="17861" player_name="Sergio Ramos">2</Player>
    <Player player_id="182539" player_name="Dani Ceballos">3</Player>
    <Player player_id="44989" player_name="Toni Kroos">3</Player>
    <Player player_id="36903" player_name="Gareth Bale">1</Player>
    <Player player_id="37055" player_name="Luka Modric">3</Player>
    <Player player_id="178347" player_name="Mariano">2</Player>
    <Player player_id="88477" player_name="Nacho">5</Player>
  </Player>
  <Player cross_lost="0" cross_success="1" jersey_num="9" pass_lost="4" pass_success="14" player_id="19927" player_name="Karim Benzema" position="Forward" position_id="4" sub_off="45" x="68.67" y="57.42">
    <Player player_id="182539" player_name="Dani Ceballos">4</Player>
    <Player player_id="17861" player_name="Sergio Ramos">3</Player>
    <Player player_id="44989" player_name="Toni Kroos">3</Player>
    <Player cross="1" player_id="36903" player_name="Gareth Bale">0</Player>
    <Player player_id="61256" player_name="Casemiro">1</Player>
    <Player player_id="90152" player_name="Raphael Varane">2</Player>
    <Player player_id="88477" player_name="Nacho">1</Player>
  </Player>
  <Player cross_lost="0" cross_success="0" jersey_num="7" pass_lost="5" pass_success="6" player_id="178347" player_name="Mariano" position="Substitute" position_id="5" sub_on="45" x="70.01" y="54.26">
    <Player player_id="17861" player_name="Sergio Ramos">1</Player>
    <Player player_id="174292" player_name="Marco Asensio">1</Player>
    <Player player_id="37055" player_name="Luka Modric">3</Player>
    <Player player_id="246333" player_name="Vinícius Júnior">1</Player>
  </Player>
  <Player cross_lost="1" cross_success="0" jersey_num="10" pass_lost="8" pass_success="57" player_id="37055" player_name="Luka Modric" position="Midfielder" position_id="3" x="54.56" y="29.05">
    <Player player_id="182539" player_name="Dani Ceballos">9</Player>
    <Player player_id="17861" player_name="Sergio Ramos">10</Player>
    <Player player_id="44989" player_name="Toni Kroos">3</Player>
    <Player player_id="36903" player_name="Gareth Bale">12</Player>
    <Player player_id="61256" player_name="Casemiro">5</Player>
    <Player player_id="174292" player_name="Marco Asensio">4</Player>
    <Player player_id="19927" player_name="Karim Benzema">3</Player>
    <Player player_id="88477" player_name="Nacho">4</Player>
    <Player player_id="201172" player_name="Álvaro Odriozola">7</Player>
  </Player>
  <Player cross_lost="0" cross_success="0" jersey_num="5" pass_lost="9" pass_success="68" player_id="90152" player_name="Raphael Varane" position="Defender" position_id="2" x="35.52" y="28.34">
    <Player player_id="17861" player_name="Sergio Ramos">14</Player>
    <Player player_id="44989" player_name="Toni Kroos">5</Player>
    <Player player_id="36903" player_name="Gareth Bale">2</Player>
    <Player player_id="19927" player_name="Karim Benzema">1</Player>
    <Player player_id="88477" player_name="Nacho">2</Player>
    <Player player_id="182539" player_name="Dani Ceballos">7</Player>
    <Player player_id="61256" player_name="Casemiro">6</Player>
    <Player player_id="174292" player_name="Marco Asensio">1</Player>
    <Player player_id="37055" player_name="Luka Modric">9</Player>
    <Player player_id="201172" player_name="Álvaro Odriozola">14</Player>
    <Player player_id="60772" player_name="Thibaut Courtois">7</Player>
  </Player>
  <Player cross_lost="3" cross_success="1" jersey_num="6" pass_lost="6" pass_success="56" player_id="88477" player_name="Nacho" position="Defender" position_id="2" x="56.38" y="87.24">
    <Player player_id="17861" player_name="Sergio Ramos">11</Player>
    <Player player_id="182539" player_name="Dani Ceballos">8</Player>
    <Player player_id="44989" player_name="Toni Kroos">15</Player>
    <Player player_id="36903" player_name="Gareth Bale">5</Player>
    <Player player_id="61256" player_name="Casemiro">2</Player>
    <Player player_id="174292" player_name="Marco Asensio">5</Player>
    <Player player_id="19927" player_name="Karim Benzema">4</Player>
    <Player cross="1" player_id="178347" player_name="Mariano">1</Player>
    <Player player_id="246333" player_name="Vinícius Júnior">1</Player>
    <Player player_id="60772" player_name="Thibaut Courtois">4</Player>
  </Player>
  <Player cross_lost="0" cross_success="1" jersey_num="28" pass_lost="2" pass_success="2" player_id="246333" player_name="Vinícius Júnior" position="Substitute" position_id="5" sub_on="80" x="75.66" y="60.07">
    <Player player_id="182539" player_name="Dani Ceballos">1</Player>
    <Player player_id="90152" player_name="Raphael Varane">1</Player>
    <Player cross="1" player_id="88477" player_name="Nacho">0</Player>
  </Player>
  <Player cross_lost="3" cross_success="1" jersey_num="19" pass_lost="4" pass_success="41" player_id="201172" player_name="Álvaro Odriozola" position="Defender" position_id="2" x="53.83" y="12.34">
    <Player player_id="17861" player_name="Sergio Ramos">1</Player>
    <Player player_id="36903" player_name="Gareth Bale">4</Player>
    <Player cross="1" player_id="19927" player_name="Karim Benzema">1</Player>
    <Player player_id="90152" player_name="Raphael Varane">8</Player>
    <Player player_id="182539" player_name="Dani Ceballos">4</Player>
    <Player player_id="61256" player_name="Casemiro">10</Player>
    <Player player_id="174292" player_name="Marco Asensio">1</Player>
    <Player player_id="37055" player_name="Luka Modric">8</Player>
    <Player player_id="246333" player_name="Vinícius Júnior">1</Player>
    <Player player_id="60772" player_name="Thibaut Courtois">3</Player>
  </Player>
  <Player cross_lost="0" cross_success="0" jersey_num="25" pass_lost="4" pass_success="31" player_id="60772" player_name="Thibaut Courtois" position="Goalkeeper" position_id="1" x="11.11" y="47.60">
    <Player player_id="182539" player_name="Dani Ceballos">1</Player>
    <Player player_id="17861" player_name="Sergio Ramos">9</Player>
    <Player player_id="44989" player_name="Toni Kroos">2</Player>
    <Player player_id="61256" player_name="Casemiro">3</Player>
    <Player player_id="37055" player_name="Luka Modric">2</Player>
    <Player player_id="178347" player_name="Mariano">1</Player>
    <Player player_id="90152" player_name="Raphael Varane">11</Player>
    <Player player_id="201172" player_name="Álvaro Odriozola">2</Player>
  </Player>
</SoccerFeed>