﻿<?xml version="1.0" encoding="UTF-8"?>
<!-- Copyright 2001-2019 Opta Sportsdata Ltd. All rights reserved. -->
<!-- PRODUCTION HEADER
     produced on:        valde-jobq-a01.nexus.opta.net
     production time:    20190102T170116,624Z
     production module:  Opta::Feed::XML::Soccer::F27
-->
<SoccerFeed act_minute="94" act_period="2" act_second="20" away_team_id="953" away_team_name="Eibar" competition_id="23" competition_name="Spanish La Liga" game_date="2018-12-22 12:00:00" game_id="1009479" home_team_id="185" home_team_name="Real Betis" season_id="2018" season_name="Season 2018/2019" team_id="185" team_name="Real Betis">
  <Player cross_lost="3" cross_success="1" jersey_num="6" pass_lost="8" pass_success="40" player_id="56448" player_name="Sergio Canales" position="Forward" position_id="4" x="46.22" y="38.53">
    <Player player_id="200826" player_name="Giovani Lo Celso">14</Player>
    <Player cross="1" player_id="168598" player_name="Antonio Sanabria">0</Player>
    <Player player_id="10316" player_name="Joaquín">1</Player>
    <Player player_id="96122" player_name="William Carvalho">5</Player>
    <Player player_id="81138" player_name="Marc Bartra">4</Player>
    <Player player_id="432757" player_name="Francis">3</Player>
    <Player player_id="89747" player_name="Zouhair Feddal">2</Player>
    <Player player_id="86813" player_name="Aissa Mandi">5</Player>
    <Player player_id="86169" player_name="Cristian Tello">5</Player>
    <Player player_id="182960" player_name="Pau López">1</Player>
  </Player>
  <Player cross_lost="1" cross_success="0" jersey_num="21" pass_lost="6" pass_success="31" player_id="200826" player_name="Giovani Lo Celso" position="Midfielder" position_id="3" x="46.67" y="24.16">
    <Player player_id="56448" player_name="Sergio Canales">9</Player>
    <Player player_id="86813" player_name="Aissa Mandi">5</Player>
    <Player player_id="168598" player_name="Antonio Sanabria">2</Player>
    <Player player_id="86169" player_name="Cristian Tello">3</Player>
    <Player player_id="96122" player_name="William Carvalho">2</Player>
    <Player player_id="10316" player_name="Joaquín">3</Player>
    <Player player_id="81138" player_name="Marc Bartra">1</Player>
    <Player player_id="432757" player_name="Francis">6</Player>
  </Player>
  <Player cross_lost="0" cross_success="0" jersey_num="23" pass_lost="7" pass_success="59" player_id="86813" player_name="Aissa Mandi" position="Defender" position_id="2" x="29.41" y="27.92">
    <Player player_id="56448" player_name="Sergio Canales">4</Player>
    <Player player_id="200826" player_name="Giovani Lo Celso">3</Player>
    <Player player_id="168598" player_name="Antonio Sanabria">3</Player>
    <Player player_id="53142" player_name="Sidnei">1</Player>
    <Player player_id="10316" player_name="Joaquín">4</Player>
    <Player player_id="96122" player_name="William Carvalho">4</Player>
    <Player player_id="81138" player_name="Marc Bartra">14</Player>
    <Player player_id="20399" player_name="Antonio Barragán">1</Player>
    <Player player_id="182960" player_name="Pau López">9</Player>
    <Player player_id="432757" player_name="Francis">16</Player>
  </Player>
  <Player cross_lost="0" cross_success="0" jersey_num="9" pass_lost="2" pass_success="9" player_id="168598" player_name="Antonio Sanabria" position="Forward" position_id="4" x="54.75" y="51.44">
    <Player player_id="56448" player_name="Sergio Canales">3</Player>
    <Player player_id="86169" player_name="Cristian Tello">1</Player>
    <Player player_id="96122" player_name="William Carvalho">2</Player>
    <Player player_id="10316" player_name="Joaquín">1</Player>
    <Player player_id="89747" player_name="Zouhair Feddal">2</Player>
  </Player>
  <Player cross_lost="3" cross_success="1" jersey_num="11" pass_lost="5" pass_success="35" player_id="86169" player_name="Cristian Tello" position="Midfielder" position_id="3" x="49.69" y="80.69">
    <Player player_id="168598" player_name="Antonio Sanabria">1</Player>
    <Player player_id="53142" player_name="Sidnei">1</Player>
    <Player player_id="96122" player_name="William Carvalho">6</Player>
    <Player player_id="10316" player_name="Joaquín">12</Player>
    <Player player_id="81138" player_name="Marc Bartra">1</Player>
    <Player player_id="432757" player_name="Francis">1</Player>
    <Player player_id="89747" player_name="Zouhair Feddal">4</Player>
    <Player player_id="56448" player_name="Sergio Canales">6</Player>
    <Player cross="1" player_id="86813" player_name="Aissa Mandi">0</Player>
    <Player player_id="432751" player_name="Loren Morón">2</Player>
    <Player player_id="182960" player_name="Pau López">1</Player>
  </Player>
  <Player cross_lost="0" cross_success="0" jersey_num="12" pass_lost="0" pass_success="8" player_id="53142" player_name="Sidnei" position="Defender" position_id="2" sub_off="17" x="26.39" y="77.15">
    <Player player_id="86169" player_name="Cristian Tello">3</Player>
    <Player player_id="10316" player_name="Joaquín">1</Player>
    <Player player_id="81138" player_name="Marc Bartra">1</Player>
    <Player player_id="182960" player_name="Pau López">2</Player>
    <Player player_id="432757" player_name="Francis">1</Player>
  </Player>
  <Player cross_lost="1" cross_success="1" jersey_num="17" pass_lost="4" pass_success="30" player_id="10316" player_name="Joaquín" position="Forward" position_id="4" sub_off="83" x="54.09" y="75.56">
    <Player player_id="200826" player_name="Giovani Lo Celso">2</Player>
    <Player player_id="96122" player_name="William Carvalho">5</Player>
    <Player player_id="81138" player_name="Marc Bartra">2</Player>
    <Player player_id="432757" player_name="Francis">3</Player>
    <Player player_id="89747" player_name="Zouhair Feddal">6</Player>
    <Player player_id="56448" player_name="Sergio Canales">3</Player>
    <Player cross="1" player_id="86813" player_name="Aissa Mandi">1</Player>
    <Player player_id="86169" player_name="Cristian Tello">8</Player>
  </Player>
  <Player cross_lost="0" cross_success="0" jersey_num="14" pass_lost="7" pass_success="38" player_id="96122" player_name="William Carvalho" position="Midfielder" position_id="3" x="38.07" y="61.90">
    <Player player_id="200826" player_name="Giovani Lo Celso">5</Player>
    <Player player_id="53142" player_name="Sidnei">1</Player>
    <Player player_id="10316" player_name="Joaquín">4</Player>
    <Player player_id="81138" player_name="Marc Bartra">4</Player>
    <Player player_id="432757" player_name="Francis">5</Player>
    <Player player_id="89747" player_name="Zouhair Feddal">4</Player>
    <Player player_id="56448" player_name="Sergio Canales">5</Player>
    <Player player_id="86813" player_name="Aissa Mandi">3</Player>
    <Player player_id="86169" player_name="Cristian Tello">3</Player>
    <Player player_id="182960" player_name="Pau López">3</Player>
    <Player player_id="20399" player_name="Antonio Barragán">1</Player>
  </Player>
  <Player cross_lost="0" cross_success="0" jersey_num="16" pass_lost="0" pass_success="1" player_id="432751" player_name="Loren Morón" position="Substitute" position_id="5" sub_on="83" x="65.22" y="81.68">
    <Player player_id="89747" player_name="Zouhair Feddal">1</Player>
  </Player>
  <Player cross_lost="0" cross_success="0" jersey_num="5" pass_lost="9" pass_success="47" player_id="81138" player_name="Marc Bartra" position="Defender" position_id="2" x="26.12" y="59.87">
    <Player player_id="200826" player_name="Giovani Lo Celso">2</Player>
    <Player player_id="86813" player_name="Aissa Mandi">14</Player>
    <Player player_id="86169" player_name="Cristian Tello">1</Player>
    <Player player_id="53142" player_name="Sidnei">2</Player>
    <Player player_id="10316" player_name="Joaquín">4</Player>
    <Player player_id="96122" player_name="William Carvalho">4</Player>
    <Player player_id="182960" player_name="Pau López">6</Player>
    <Player player_id="432757" player_name="Francis">2</Player>
    <Player player_id="89747" player_name="Zouhair Feddal">12</Player>
  </Player>
  <Player cross_lost="0" cross_success="0" jersey_num="19" pass_lost="0" pass_success="2" player_id="20399" player_name="Antonio Barragán" position="Substitute" position_id="5" sub_on="87" x="31.35" y="16.37">
    <Player player_id="56448" player_name="Sergio Canales">1</Player>
    <Player player_id="200826" player_name="Giovani Lo Celso">1</Player>
  </Player>
  <Player cross_lost="0" cross_success="0" jersey_num="13" pass_lost="5" pass_success="45" player_id="182960" player_name="Pau López" position="Goalkeeper" position_id="1" x="7.64" y="52.35">
    <Player player_id="56448" player_name="Sergio Canales">1</Player>
    <Player player_id="200826" player_name="Giovani Lo Celso">2</Player>
    <Player player_id="86813" player_name="Aissa Mandi">17</Player>
    <Player player_id="168598" player_name="Antonio Sanabria">1</Player>
    <Player player_id="86169" player_name="Cristian Tello">4</Player>
    <Player player_id="53142" player_name="Sidnei">1</Player>
    <Player player_id="96122" player_name="William Carvalho">3</Player>
    <Player player_id="81138" player_name="Marc Bartra">8</Player>
    <Player player_id="20399" player_name="Antonio Barragán">1</Player>
    <Player player_id="432757" player_name="Francis">2</Player>
    <Player player_id="89747" player_name="Zouhair Feddal">5</Player>
  </Player>
  <Player cross_lost="2" cross_success="0" jersey_num="2" pass_lost="8" pass_success="31" player_id="432757" player_name="Francis" position="Midfielder" position_id="3" sub_off="87" x="36.30" y="15.67">
    <Player player_id="56448" player_name="Sergio Canales">8</Player>
    <Player player_id="200826" player_name="Giovani Lo Celso">8</Player>
    <Player player_id="86813" player_name="Aissa Mandi">11</Player>
    <Player player_id="10316" player_name="Joaquín">1</Player>
    <Player player_id="182960" player_name="Pau López">2</Player>
    <Player player_id="89747" player_name="Zouhair Feddal">1</Player>
  </Player>
  <Player cross_lost="1" cross_success="0" jersey_num="4" pass_lost="5" pass_success="38" player_id="89747" player_name="Zouhair Feddal" position="Substitute" position_id="5" sub_on="17" x="37.20" y="82.84">
    <Player player_id="56448" player_name="Sergio Canales">1</Player>
    <Player player_id="200826" player_name="Giovani Lo Celso">2</Player>
    <Player player_id="168598" player_name="Antonio Sanabria">1</Player>
    <Player player_id="86169" player_name="Cristian Tello">10</Player>
    <Player player_id="96122" player_name="William Carvalho">4</Player>
    <Player player_id="10316" player_name="Joaquín">5</Player>
    <Player player_id="81138" player_name="Marc Bartra">11</Player>
    <Player player_id="182960" player_name="Pau López">4</Player>
  </Player>
</SoccerFeed>