﻿<?xml version="1.0" encoding="UTF-8"?>
<!-- Copyright 2001-2018 Opta Sportsdata Ltd. All rights reserved. -->
<!-- PRODUCTION HEADER
     produced on:        valde-jobq-a04.nexus.opta.net
     production time:    20181212T140114,871Z
     production module:  Opta::Feed::XML::Soccer::F27
-->
<SoccerFeed act_minute="94" act_period="2" act_second="0" away_team_id="191" away_team_name="Valencia CF" competition_id="23" competition_name="Spanish La Liga" game_date="2018-09-29 12:00:00" game_id="1009379" home_team_id="188" home_team_name="Real Sociedad" season_id="2018" season_name="Season 2018/2019" team_id="188" team_name="Real Sociedad">
  <Player cross_lost="0" cross_success="0" jersey_num="21" pass_lost="0" pass_success="4" player_id="201182" player_name="Jon Bautista" position="Substitute" position_id="5" sub_on="76" x="62.23" y="53.86">
    <Player player_id="108438" player_name="Sandro Ramírez">2</Player>
    <Player player_id="54371" player_name="David Zurutuza">2</Player>
  </Player>
  <Player cross_lost="0" cross_success="0" jersey_num="4" pass_lost="5" pass_success="59" player_id="84086" player_name="Asier Illarramendi" position="Midfielder" position_id="3" x="46.27" y="63.06">
    <Player player_id="195384" player_name="Mikel Merino">1</Player>
    <Player player_id="219000" player_name="Mikel Oyarzabal">2</Player>
    <Player player_id="200957" player_name="Aritz Elustondo">5</Player>
    <Player player_id="54371" player_name="David Zurutuza">8</Player>
    <Player player_id="73314" player_name="Willian José">4</Player>
    <Player player_id="61814" player_name="Raúl Navas">10</Player>
    <Player player_id="216475" player_name="Igor Zubeldia">5</Player>
    <Player player_id="201182" player_name="Jon Bautista">1</Player>
    <Player player_id="90328" player_name="Rubén Pardo">4</Player>
    <Player player_id="98821" player_name="Joseba Zaldua">2</Player>
    <Player player_id="116626" player_name="Kévin Rodrigues">17</Player>
  </Player>
  <Player cross_lost="0" cross_success="0" jersey_num="8" pass_lost="1" pass_success="4" player_id="195384" player_name="Mikel Merino" position="Midfielder" position_id="3" sub_off="16" x="65.05" y="62.50">
    <Player player_id="84086" player_name="Asier Illarramendi">1</Player>
    <Player player_id="54371" player_name="David Zurutuza">1</Player>
    <Player player_id="61814" player_name="Raúl Navas">1</Player>
    <Player player_id="116626" player_name="Kévin Rodrigues">1</Player>
  </Player>
  <Player cross_lost="2" cross_success="0" jersey_num="24" pass_lost="6" pass_success="8" player_id="108438" player_name="Sandro Ramírez" position="Substitute" position_id="5" sub_on="45" x="57.07" y="64.35">
    <Player player_id="84086" player_name="Asier Illarramendi">2</Player>
    <Player player_id="200957" player_name="Aritz Elustondo">2</Player>
    <Player player_id="90328" player_name="Rubén Pardo">1</Player>
    <Player player_id="54371" player_name="David Zurutuza">1</Player>
    <Player player_id="73314" player_name="Willian José">2</Player>
  </Player>
  <Player cross_lost="5" cross_success="1" jersey_num="10" pass_lost="10" pass_success="19" player_id="219000" player_name="Mikel Oyarzabal" position="Midfielder" position_id="3" sub_off="76" x="57.61" y="25.51">
    <Player player_id="84086" player_name="Asier Illarramendi">1</Player>
    <Player cross="1" player_id="200957" player_name="Aritz Elustondo">1</Player>
    <Player player_id="90328" player_name="Rubén Pardo">2</Player>
    <Player player_id="54371" player_name="David Zurutuza">4</Player>
    <Player player_id="98821" player_name="Joseba Zaldua">8</Player>
    <Player player_id="216475" player_name="Igor Zubeldia">3</Player>
  </Player>
  <Player cross_lost="1" cross_success="0" jersey_num="15" pass_lost="8" pass_success="45" player_id="200957" player_name="Aritz Elustondo" position="Defender" position_id="2" x="36.10" y="25.75">
    <Player player_id="84086" player_name="Asier Illarramendi">3</Player>
    <Player player_id="219000" player_name="Mikel Oyarzabal">2</Player>
    <Player player_id="54371" player_name="David Zurutuza">3</Player>
    <Player player_id="61814" player_name="Raúl Navas">9</Player>
    <Player player_id="216475" player_name="Igor Zubeldia">8</Player>
    <Player player_id="201182" player_name="Jon Bautista">1</Player>
    <Player player_id="108438" player_name="Sandro Ramírez">2</Player>
    <Player player_id="16872" player_name="Miguel Ángel Moyá">5</Player>
    <Player player_id="90328" player_name="Rubén Pardo">2</Player>
    <Player player_id="98821" player_name="Joseba Zaldua">10</Player>
  </Player>
  <Player cross_lost="0" cross_success="0" jersey_num="13" pass_lost="5" pass_success="26" player_id="16872" player_name="Miguel Ángel Moyá" position="Goalkeeper" position_id="1" x="11.35" y="54.50">
    <Player player_id="84086" player_name="Asier Illarramendi">1</Player>
    <Player player_id="200957" player_name="Aritz Elustondo">8</Player>
    <Player player_id="54371" player_name="David Zurutuza">1</Player>
    <Player player_id="98821" player_name="Joseba Zaldua">1</Player>
    <Player player_id="61814" player_name="Raúl Navas">8</Player>
    <Player player_id="216475" player_name="Igor Zubeldia">5</Player>
    <Player player_id="116626" player_name="Kévin Rodrigues">2</Player>
  </Player>
  <Player cross_lost="3" cross_success="1" jersey_num="14" pass_lost="14" pass_success="33" player_id="90328" player_name="Rubén Pardo" position="Substitute" position_id="5" sub_on="16" x="56.40" y="44.20">
    <Player player_id="84086" player_name="Asier Illarramendi">3</Player>
    <Player player_id="219000" player_name="Mikel Oyarzabal">5</Player>
    <Player player_id="200957" player_name="Aritz Elustondo">1</Player>
    <Player cross="1" player_id="54371" player_name="David Zurutuza">5</Player>
    <Player player_id="73314" player_name="Willian José">1</Player>
    <Player player_id="61814" player_name="Raúl Navas">3</Player>
    <Player player_id="216475" player_name="Igor Zubeldia">1</Player>
    <Player player_id="201182" player_name="Jon Bautista">2</Player>
    <Player player_id="108438" player_name="Sandro Ramírez">3</Player>
    <Player player_id="98821" player_name="Joseba Zaldua">2</Player>
    <Player player_id="116626" player_name="Kévin Rodrigues">7</Player>
  </Player>
  <Player cross_lost="3" cross_success="0" jersey_num="17" pass_lost="8" pass_success="34" player_id="54371" player_name="David Zurutuza" position="Forward" position_id="4" x="62.03" y="50.35">
    <Player player_id="84086" player_name="Asier Illarramendi">7</Player>
    <Player player_id="108438" player_name="Sandro Ramírez">1</Player>
    <Player player_id="219000" player_name="Mikel Oyarzabal">2</Player>
    <Player player_id="200957" player_name="Aritz Elustondo">3</Player>
    <Player player_id="90328" player_name="Rubén Pardo">7</Player>
    <Player player_id="73314" player_name="Willian José">4</Player>
    <Player player_id="98821" player_name="Joseba Zaldua">1</Player>
    <Player player_id="61814" player_name="Raúl Navas">2</Player>
    <Player player_id="216475" player_name="Igor Zubeldia">2</Player>
    <Player player_id="116626" player_name="Kévin Rodrigues">5</Player>
  </Player>
  <Player cross_lost="1" cross_success="0" jersey_num="12" pass_lost="4" pass_success="22" player_id="73314" player_name="Willian José" position="Forward" position_id="4" x="65.28" y="71.04">
    <Player player_id="84086" player_name="Asier Illarramendi">7</Player>
    <Player player_id="195384" player_name="Mikel Merino">1</Player>
    <Player player_id="108438" player_name="Sandro Ramírez">3</Player>
    <Player player_id="219000" player_name="Mikel Oyarzabal">1</Player>
    <Player player_id="90328" player_name="Rubén Pardo">3</Player>
    <Player player_id="54371" player_name="David Zurutuza">5</Player>
    <Player player_id="116626" player_name="Kévin Rodrigues">2</Player>
  </Player>
  <Player cross_lost="2" cross_success="1" jersey_num="2" pass_lost="4" pass_success="28" player_id="98821" player_name="Joseba Zaldua" position="Defender" position_id="2" sub_off="45" x="51.27" y="11.00">
    <Player player_id="84086" player_name="Asier Illarramendi">1</Player>
    <Player cross="1" player_id="195384" player_name="Mikel Merino">0</Player>
    <Player player_id="219000" player_name="Mikel Oyarzabal">7</Player>
    <Player player_id="200957" player_name="Aritz Elustondo">4</Player>
    <Player player_id="54371" player_name="David Zurutuza">3</Player>
    <Player player_id="61814" player_name="Raúl Navas">1</Player>
    <Player player_id="216475" player_name="Igor Zubeldia">8</Player>
    <Player player_id="16872" player_name="Miguel Ángel Moyá">1</Player>
    <Player player_id="90328" player_name="Rubén Pardo">3</Player>
  </Player>
  <Player cross_lost="0" cross_success="0" jersey_num="22" pass_lost="12" pass_success="51" player_id="61814" player_name="Raúl Navas" position="Defender" position_id="2" x="30.02" y="70.02">
    <Player player_id="84086" player_name="Asier Illarramendi">8</Player>
    <Player player_id="195384" player_name="Mikel Merino">1</Player>
    <Player player_id="219000" player_name="Mikel Oyarzabal">2</Player>
    <Player player_id="200957" player_name="Aritz Elustondo">6</Player>
    <Player player_id="54371" player_name="David Zurutuza">2</Player>
    <Player player_id="73314" player_name="Willian José">3</Player>
    <Player player_id="216475" player_name="Igor Zubeldia">5</Player>
    <Player player_id="201182" player_name="Jon Bautista">2</Player>
    <Player player_id="108438" player_name="Sandro Ramírez">2</Player>
    <Player player_id="16872" player_name="Miguel Ángel Moyá">8</Player>
    <Player player_id="90328" player_name="Rubén Pardo">3</Player>
    <Player player_id="98821" player_name="Joseba Zaldua">1</Player>
    <Player player_id="116626" player_name="Kévin Rodrigues">8</Player>
  </Player>
  <Player cross_lost="0" cross_success="0" jersey_num="5" pass_lost="4" pass_success="50" player_id="216475" player_name="Igor Zubeldia" position="Midfielder" position_id="3" x="39.09" y="39.45">
    <Player player_id="84086" player_name="Asier Illarramendi">11</Player>
    <Player player_id="195384" player_name="Mikel Merino">1</Player>
    <Player player_id="219000" player_name="Mikel Oyarzabal">4</Player>
    <Player player_id="200957" player_name="Aritz Elustondo">13</Player>
    <Player player_id="54371" player_name="David Zurutuza">1</Player>
    <Player player_id="90328" player_name="Rubén Pardo">5</Player>
    <Player player_id="73314" player_name="Willian José">1</Player>
    <Player player_id="98821" player_name="Joseba Zaldua">7</Player>
    <Player player_id="61814" player_name="Raúl Navas">6</Player>
    <Player player_id="116626" player_name="Kévin Rodrigues">1</Player>
  </Player>
  <Player cross_lost="1" cross_success="2" jersey_num="20" pass_lost="9" pass_success="37" player_id="116626" player_name="Kévin Rodrigues" position="Defender" position_id="2" x="47.15" y="84.79">
    <Player player_id="84086" player_name="Asier Illarramendi">8</Player>
    <Player cross="1" player_id="219000" player_name="Mikel Oyarzabal">3</Player>
    <Player player_id="200957" player_name="Aritz Elustondo">1</Player>
    <Player player_id="54371" player_name="David Zurutuza">5</Player>
    <Player player_id="73314" player_name="Willian José">6</Player>
    <Player player_id="61814" player_name="Raúl Navas">6</Player>
    <Player player_id="108438" player_name="Sandro Ramírez">4</Player>
    <Player player_id="16872" player_name="Miguel Ángel Moyá">1</Player>
    <Player player_id="90328" player_name="Rubén Pardo">3</Player>
    <Player cross="1" player_id="98821" player_name="Joseba Zaldua">0</Player>
  </Player>
</SoccerFeed>