﻿<?xml version="1.0" encoding="UTF-8"?>
<!-- Copyright 2001-2019 Opta Sportsdata Ltd. All rights reserved. -->
<!-- PRODUCTION HEADER
     produced on:        valde-jobq-a03.nexus.opta.net
     production time:    20190129T224006,101Z
     production module:  Opta::Feed::XML::Soccer::F27
-->
<SoccerFeed act_minute="94" act_period="2" act_second="58" away_team_id="184" away_team_name="Rayo Vallecano" competition_id="23" competition_name="Spanish La Liga" game_date="2019-01-28 20:00:00" game_id="1009516" home_team_id="173" home_team_name="Alavés" season_id="2018" season_name="Season 2018/2019" team_id="173" team_name="Alavés">
  <Player cross_lost="0" cross_success="0" jersey_num="19" pass_lost="6" pass_success="16" player_id="55378" player_name="Manu García" position="Midfielder" position_id="3" sub_off="67" x="47.59" y="64.72">
    <Player player_id="246162" player_name="Martín Aguirregabiria">1</Player>
    <Player player_id="126119" player_name="Rubén Duarte">2</Player>
    <Player player_id="55179" player_name="Mubarak Wakaso">5</Player>
    <Player player_id="155335" player_name="Guillermo Maripán">3</Player>
    <Player player_id="84700" player_name="Darko Brasanac">2</Player>
    <Player player_id="83091" player_name="Borja Bastón">1</Player>
    <Player player_id="49370" player_name="Víctor Laguardia">2</Player>
  </Player>
  <Player cross_lost="1" cross_success="0" jersey_num="7" pass_lost="2" pass_success="4" player_id="112994" player_name="Rubén Sobrino" position="Substitute" position_id="5" sub_on="75" x="66.71" y="32.69">
    <Player player_id="246162" player_name="Martín Aguirregabiria">1</Player>
    <Player player_id="55179" player_name="Mubarak Wakaso">1</Player>
    <Player player_id="126119" player_name="Rubén Duarte">1</Player>
    <Player player_id="92190" player_name="Jony">1</Player>
  </Player>
  <Player cross_lost="4" cross_success="0" jersey_num="21" pass_lost="14" pass_success="31" player_id="246162" player_name="Martín Aguirregabiria" position="Defender" position_id="2" x="49.89" y="17.40">
    <Player player_id="163817" player_name="Burgui">7</Player>
    <Player player_id="49370" player_name="Víctor Laguardia">7</Player>
    <Player player_id="168287" player_name="Jonathan Calleri">3</Player>
    <Player player_id="112994" player_name="Rubén Sobrino">1</Player>
    <Player player_id="82970" player_name="John Guidetti">1</Player>
    <Player player_id="91406" player_name="Fernando Pacheco">1</Player>
    <Player player_id="84700" player_name="Darko Brasanac">4</Player>
    <Player player_id="155335" player_name="Guillermo Maripán">2</Player>
    <Player player_id="126119" player_name="Rubén Duarte">1</Player>
    <Player player_id="55179" player_name="Mubarak Wakaso">4</Player>
  </Player>
  <Player cross_lost="2" cross_success="0" jersey_num="12" pass_lost="4" pass_success="15" player_id="168287" player_name="Jonathan Calleri" position="Forward" position_id="4" x="67.14" y="50.84">
    <Player player_id="55378" player_name="Manu García">1</Player>
    <Player player_id="112994" player_name="Rubén Sobrino">2</Player>
    <Player player_id="246162" player_name="Martín Aguirregabiria">3</Player>
    <Player player_id="163817" player_name="Burgui">4</Player>
    <Player player_id="84700" player_name="Darko Brasanac">1</Player>
    <Player player_id="55179" player_name="Mubarak Wakaso">3</Player>
    <Player player_id="83091" player_name="Borja Bastón">1</Player>
  </Player>
  <Player cross_lost="0" cross_success="0" jersey_num="10" pass_lost="2" pass_success="4" player_id="82970" player_name="John Guidetti" position="Substitute" position_id="5" sub_on="75" x="81.51" y="64.29">
    <Player player_id="246162" player_name="Martín Aguirregabiria">1</Player>
    <Player player_id="92190" player_name="Jony">3</Player>
  </Player>
  <Player cross_lost="1" cross_success="0" jersey_num="14" pass_lost="6" pass_success="15" player_id="163817" player_name="Burgui" position="Midfielder" position_id="3" sub_off="75" x="62.30" y="23.61">
    <Player player_id="246162" player_name="Martín Aguirregabiria">9</Player>
    <Player player_id="84700" player_name="Darko Brasanac">3</Player>
    <Player player_id="55179" player_name="Mubarak Wakaso">2</Player>
    <Player player_id="92190" player_name="Jony">1</Player>
  </Player>
  <Player cross_lost="0" cross_success="0" jersey_num="1" pass_lost="8" pass_success="18" player_id="91406" player_name="Fernando Pacheco" position="Goalkeeper" position_id="1" x="14.05" y="56.06">
    <Player player_id="55378" player_name="Manu García">2</Player>
    <Player player_id="168287" player_name="Jonathan Calleri">6</Player>
    <Player player_id="246162" player_name="Martín Aguirregabiria">2</Player>
    <Player player_id="82970" player_name="John Guidetti">1</Player>
    <Player player_id="155335" player_name="Guillermo Maripán">4</Player>
    <Player player_id="83091" player_name="Borja Bastón">1</Player>
    <Player player_id="49370" player_name="Víctor Laguardia">2</Player>
  </Player>
  <Player cross_lost="7" cross_success="6" jersey_num="3" pass_lost="8" pass_success="29" player_id="126119" player_name="Rubén Duarte" position="Defender" position_id="2" x="45.40" y="83.28">
    <Player cross="1" player_id="55378" player_name="Manu García">2</Player>
    <Player player_id="92190" player_name="Jony">3</Player>
    <Player cross="1" player_id="49370" player_name="Víctor Laguardia">0</Player>
    <Player player_id="112994" player_name="Rubén Sobrino">1</Player>
    <Player cross="3" player_id="168287" player_name="Jonathan Calleri">3</Player>
    <Player player_id="82970" player_name="John Guidetti">1</Player>
    <Player player_id="91406" player_name="Fernando Pacheco">1</Player>
    <Player player_id="55179" player_name="Mubarak Wakaso">6</Player>
    <Player player_id="155335" player_name="Guillermo Maripán">8</Player>
    <Player cross="1" player_id="84700" player_name="Darko Brasanac">2</Player>
    <Player player_id="83091" player_name="Borja Bastón">2</Player>
  </Player>
  <Player cross_lost="5" cross_success="2" jersey_num="22" pass_lost="9" pass_success="27" player_id="55179" player_name="Mubarak Wakaso" position="Midfielder" position_id="3" x="55.12" y="70.04">
    <Player player_id="55378" player_name="Manu García">4</Player>
    <Player player_id="246162" player_name="Martín Aguirregabiria">4</Player>
    <Player player_id="163817" player_name="Burgui">1</Player>
    <Player player_id="92190" player_name="Jony">1</Player>
    <Player player_id="49370" player_name="Víctor Laguardia">4</Player>
    <Player cross="2" player_id="168287" player_name="Jonathan Calleri">2</Player>
    <Player player_id="126119" player_name="Rubén Duarte">4</Player>
    <Player player_id="84700" player_name="Darko Brasanac">3</Player>
    <Player player_id="155335" player_name="Guillermo Maripán">4</Player>
  </Player>
  <Player cross_lost="2" cross_success="1" jersey_num="20" pass_lost="6" pass_success="33" player_id="84700" player_name="Darko Brasanac" position="Midfielder" position_id="3" x="52.05" y="43.51">
    <Player player_id="55378" player_name="Manu García">1</Player>
    <Player player_id="246162" player_name="Martín Aguirregabiria">11</Player>
    <Player player_id="163817" player_name="Burgui">3</Player>
    <Player player_id="49370" player_name="Víctor Laguardia">3</Player>
    <Player cross="1" player_id="168287" player_name="Jonathan Calleri">4</Player>
    <Player player_id="82970" player_name="John Guidetti">1</Player>
    <Player player_id="155335" player_name="Guillermo Maripán">2</Player>
    <Player player_id="126119" player_name="Rubén Duarte">4</Player>
    <Player player_id="55179" player_name="Mubarak Wakaso">3</Player>
    <Player player_id="83091" player_name="Borja Bastón">1</Player>
  </Player>
  <Player cross_lost="0" cross_success="0" jersey_num="6" pass_lost="8" pass_success="33" player_id="155335" player_name="Guillermo Maripán" position="Defender" position_id="2" x="34.41" y="63.45">
    <Player player_id="55378" player_name="Manu García">1</Player>
    <Player player_id="168287" player_name="Jonathan Calleri">3</Player>
    <Player player_id="246162" player_name="Martín Aguirregabiria">3</Player>
    <Player player_id="163817" player_name="Burgui">1</Player>
    <Player player_id="91406" player_name="Fernando Pacheco">4</Player>
    <Player player_id="55179" player_name="Mubarak Wakaso">3</Player>
    <Player player_id="84700" player_name="Darko Brasanac">3</Player>
    <Player player_id="126119" player_name="Rubén Duarte">8</Player>
    <Player player_id="92190" player_name="Jony">1</Player>
    <Player player_id="49370" player_name="Víctor Laguardia">6</Player>
  </Player>
  <Player cross_lost="6" cross_success="1" jersey_num="23" pass_lost="5" pass_success="7" player_id="92190" player_name="Jony" position="Substitute" position_id="5" sub_on="67" x="67.72" y="70.19">
    <Player player_id="168287" player_name="Jonathan Calleri">2</Player>
    <Player player_id="82970" player_name="John Guidetti">1</Player>
    <Player player_id="126119" player_name="Rubén Duarte">1</Player>
    <Player cross="1" player_id="155335" player_name="Guillermo Maripán">0</Player>
    <Player player_id="84700" player_name="Darko Brasanac">1</Player>
    <Player player_id="55179" player_name="Mubarak Wakaso">2</Player>
  </Player>
  <Player cross_lost="0" cross_success="0" jersey_num="18" pass_lost="1" pass_success="10" player_id="83091" player_name="Borja Bastón" position="Forward" position_id="4" sub_off="75" x="56.75" y="49.55">
    <Player player_id="55378" player_name="Manu García">2</Player>
    <Player player_id="163817" player_name="Burgui">3</Player>
    <Player player_id="126119" player_name="Rubén Duarte">1</Player>
    <Player player_id="55179" player_name="Mubarak Wakaso">3</Player>
    <Player player_id="49370" player_name="Víctor Laguardia">1</Player>
  </Player>
  <Player cross_lost="0" cross_success="0" jersey_num="5" pass_lost="10" pass_success="30" player_id="49370" player_name="Víctor Laguardia" position="Defender" position_id="2" x="36.63" y="35.00">
    <Player player_id="112994" player_name="Rubén Sobrino">1</Player>
    <Player player_id="246162" player_name="Martín Aguirregabiria">9</Player>
    <Player player_id="168287" player_name="Jonathan Calleri">3</Player>
    <Player player_id="163817" player_name="Burgui">1</Player>
    <Player player_id="91406" player_name="Fernando Pacheco">3</Player>
    <Player player_id="126119" player_name="Rubén Duarte">2</Player>
    <Player player_id="55179" player_name="Mubarak Wakaso">2</Player>
    <Player player_id="84700" player_name="Darko Brasanac">5</Player>
    <Player player_id="155335" player_name="Guillermo Maripán">3</Player>
    <Player player_id="83091" player_name="Borja Bastón">1</Player>
  </Player>
</SoccerFeed>