﻿<?xml version="1.0" encoding="UTF-8"?>
<!-- Copyright 2001-2018 Opta Sportsdata Ltd. All rights reserved. -->
<!-- PRODUCTION HEADER
     produced on:        valde-jobq-a02.nexus.opta.net
     production time:    20181029T215309,676Z
     production module:  Opta::Feed::XML::Soccer::F27
-->
<SoccerFeed act_minute="93" act_period="2" act_second="11" away_team_id="2894" away_team_name="Huesca" competition_id="23" competition_name="Spanish La Liga" game_date="2018-10-28 19:45:00" game_id="1009414" home_team_id="179" home_team_name="Sevilla" season_id="2018" season_name="Season 2018/2019" team_id="179" team_name="Sevilla">
  <Player cross_lost="0" cross_success="0" jersey_num="1" pass_lost="11" pass_success="20" player_id="51945" player_name="Tomás Vaclik" position="Goalkeeper" position_id="1" x="9.39" y="48.63">
    <Player player_id="46479" player_name="Daniel Carriço">3</Player>
    <Player player_id="88484" player_name="Pablo Sarabia">1</Player>
    <Player player_id="49309" player_name="Éver Banega">6</Player>
    <Player player_id="193922" player_name="Guilherme Arana">1</Player>
    <Player player_id="86151" player_name="Sergi Gómez">3</Player>
    <Player player_id="55826" player_name="Gabriel Mercado">2</Player>
    <Player player_id="80758" player_name="Quincy Promes">1</Player>
    <Player player_id="48714" player_name="Simon Kjaer">3</Player>
  </Player>
  <Player cross_lost="0" cross_success="0" jersey_num="6" pass_lost="11" pass_success="58" player_id="46479" player_name="Daniel Carriço" position="Defender" position_id="2" x="36.20" y="42.64">
    <Player player_id="193922" player_name="Guilherme Arana">5</Player>
    <Player player_id="88484" player_name="Pablo Sarabia">5</Player>
    <Player player_id="49309" player_name="Éver Banega">13</Player>
    <Player player_id="17740" player_name="Jesús Navas">5</Player>
    <Player player_id="86151" player_name="Sergi Gómez">9</Player>
    <Player player_id="165811" player_name="André Silva">1</Player>
    <Player player_id="55826" player_name="Gabriel Mercado">8</Player>
    <Player player_id="100731" player_name="Franco Vázquez">5</Player>
    <Player player_id="80758" player_name="Quincy Promes">1</Player>
    <Player player_id="48714" player_name="Simon Kjaer">5</Player>
    <Player player_id="83912" player_name="Wissam Ben Yedder">1</Player>
  </Player>
  <Player cross_lost="3" cross_success="1" jersey_num="17" pass_lost="10" pass_success="47" player_id="88484" player_name="Pablo Sarabia" position="Forward" position_id="4" x="62.31" y="33.57">
    <Player player_id="46479" player_name="Daniel Carriço">3</Player>
    <Player cross="1" player_id="17740" player_name="Jesús Navas">8</Player>
    <Player player_id="55826" player_name="Gabriel Mercado">1</Player>
    <Player player_id="100731" player_name="Franco Vázquez">8</Player>
    <Player player_id="80758" player_name="Quincy Promes">1</Player>
    <Player player_id="193922" player_name="Guilherme Arana">2</Player>
    <Player player_id="49309" player_name="Éver Banega">7</Player>
    <Player player_id="86151" player_name="Sergi Gómez">1</Player>
    <Player player_id="165811" player_name="André Silva">2</Player>
    <Player player_id="83912" player_name="Wissam Ben Yedder">14</Player>
  </Player>
  <Player cross_lost="1" cross_success="0" jersey_num="23" pass_lost="7" pass_success="38" player_id="193922" player_name="Guilherme Arana" position="Midfielder" position_id="3" x="45.60" y="86.49">
    <Player player_id="51945" player_name="Tomás Vaclik">1</Player>
    <Player player_id="88484" player_name="Pablo Sarabia">1</Player>
    <Player player_id="49309" player_name="Éver Banega">5</Player>
    <Player player_id="86151" player_name="Sergi Gómez">15</Player>
    <Player player_id="100731" player_name="Franco Vázquez">12</Player>
    <Player player_id="80758" player_name="Quincy Promes">2</Player>
    <Player player_id="48714" player_name="Simon Kjaer">1</Player>
    <Player player_id="83912" player_name="Wissam Ben Yedder">1</Player>
  </Player>
  <Player cross_lost="0" cross_success="2" jersey_num="10" pass_lost="11" pass_success="84" player_id="49309" player_name="Éver Banega" position="Midfielder" position_id="3" sub_off="90" x="48.43" y="48.76">
    <Player player_id="51945" player_name="Tomás Vaclik">1</Player>
    <Player player_id="46479" player_name="Daniel Carriço">6</Player>
    <Player cross="1" player_id="17740" player_name="Jesús Navas">12</Player>
    <Player player_id="55826" player_name="Gabriel Mercado">4</Player>
    <Player player_id="100731" player_name="Franco Vázquez">14</Player>
    <Player player_id="193922" player_name="Guilherme Arana">7</Player>
    <Player player_id="88484" player_name="Pablo Sarabia">14</Player>
    <Player player_id="86151" player_name="Sergi Gómez">11</Player>
    <Player player_id="165811" player_name="André Silva">8</Player>
    <Player player_id="48714" player_name="Simon Kjaer">4</Player>
    <Player cross="1" player_id="83912" player_name="Wissam Ben Yedder">3</Player>
  </Player>
  <Player cross_lost="2" cross_success="0" jersey_num="16" pass_lost="13" pass_success="33" player_id="17740" player_name="Jesús Navas" position="Midfielder" position_id="3" x="59.38" y="12.72">
    <Player player_id="51945" player_name="Tomás Vaclik">1</Player>
    <Player player_id="46479" player_name="Daniel Carriço">4</Player>
    <Player player_id="88484" player_name="Pablo Sarabia">9</Player>
    <Player player_id="49309" player_name="Éver Banega">2</Player>
    <Player player_id="165811" player_name="André Silva">1</Player>
    <Player player_id="55826" player_name="Gabriel Mercado">11</Player>
    <Player player_id="100731" player_name="Franco Vázquez">2</Player>
    <Player player_id="80758" player_name="Quincy Promes">1</Player>
    <Player player_id="83912" player_name="Wissam Ben Yedder">2</Player>
  </Player>
  <Player cross_lost="0" cross_success="0" jersey_num="3" pass_lost="9" pass_success="57" player_id="86151" player_name="Sergi Gómez" position="Defender" position_id="2" x="36.86" y="80.32">
    <Player player_id="51945" player_name="Tomás Vaclik">5</Player>
    <Player player_id="46479" player_name="Daniel Carriço">11</Player>
    <Player player_id="193922" player_name="Guilherme Arana">14</Player>
    <Player player_id="49309" player_name="Éver Banega">10</Player>
    <Player player_id="165811" player_name="André Silva">1</Player>
    <Player player_id="55826" player_name="Gabriel Mercado">4</Player>
    <Player player_id="100731" player_name="Franco Vázquez">6</Player>
    <Player player_id="80758" player_name="Quincy Promes">3</Player>
    <Player player_id="48714" player_name="Simon Kjaer">3</Player>
  </Player>
  <Player cross_lost="0" cross_success="0" jersey_num="12" pass_lost="2" pass_success="8" player_id="165811" player_name="André Silva" position="Forward" position_id="4" sub_off="53" x="69.15" y="56.26">
    <Player player_id="88484" player_name="Pablo Sarabia">1</Player>
    <Player player_id="49309" player_name="Éver Banega">5</Player>
    <Player player_id="17740" player_name="Jesús Navas">1</Player>
    <Player player_id="100731" player_name="Franco Vázquez">1</Player>
  </Player>
  <Player cross_lost="0" cross_success="0" jersey_num="25" pass_lost="8" pass_success="38" player_id="55826" player_name="Gabriel Mercado" position="Substitute" position_id="5" sub_on="24" x="34.51" y="22.85">
    <Player player_id="51945" player_name="Tomás Vaclik">6</Player>
    <Player player_id="46479" player_name="Daniel Carriço">7</Player>
    <Player player_id="193922" player_name="Guilherme Arana">1</Player>
    <Player player_id="88484" player_name="Pablo Sarabia">5</Player>
    <Player player_id="49309" player_name="Éver Banega">10</Player>
    <Player player_id="17740" player_name="Jesús Navas">6</Player>
    <Player player_id="86151" player_name="Sergi Gómez">1</Player>
    <Player player_id="165811" player_name="André Silva">1</Player>
    <Player player_id="100731" player_name="Franco Vázquez">1</Player>
  </Player>
  <Player cross_lost="1" cross_success="0" jersey_num="22" pass_lost="9" pass_success="44" player_id="100731" player_name="Franco Vázquez" position="Midfielder" position_id="3" x="55.95" y="62.18">
    <Player player_id="46479" player_name="Daniel Carriço">6</Player>
    <Player player_id="17740" player_name="Jesús Navas">1</Player>
    <Player player_id="55826" player_name="Gabriel Mercado">1</Player>
    <Player player_id="80758" player_name="Quincy Promes">3</Player>
    <Player player_id="88484" player_name="Pablo Sarabia">7</Player>
    <Player player_id="49309" player_name="Éver Banega">9</Player>
    <Player player_id="193922" player_name="Guilherme Arana">7</Player>
    <Player player_id="86151" player_name="Sergi Gómez">4</Player>
    <Player player_id="165811" player_name="André Silva">4</Player>
    <Player player_id="48714" player_name="Simon Kjaer">1</Player>
    <Player player_id="83912" player_name="Wissam Ben Yedder">1</Player>
  </Player>
  <Player cross_lost="0" cross_success="0" jersey_num="21" pass_lost="2" pass_success="9" player_id="80758" player_name="Quincy Promes" position="Substitute" position_id="5" sub_on="53" x="62.49" y="68.89">
    <Player player_id="46479" player_name="Daniel Carriço">1</Player>
    <Player player_id="88484" player_name="Pablo Sarabia">2</Player>
    <Player player_id="49309" player_name="Éver Banega">1</Player>
    <Player player_id="193922" player_name="Guilherme Arana">1</Player>
    <Player player_id="100731" player_name="Franco Vázquez">1</Player>
    <Player player_id="83912" player_name="Wissam Ben Yedder">1</Player>
    <Player player_id="106899" player_name="Roque Mesa">1</Player>
  </Player>
  <Player cross_lost="0" cross_success="0" jersey_num="4" pass_lost="1" pass_success="19" player_id="48714" player_name="Simon Kjaer" position="Defender" position_id="2" sub_off="24" x="31.07" y="51.63">
    <Player player_id="51945" player_name="Tomás Vaclik">1</Player>
    <Player player_id="46479" player_name="Daniel Carriço">5</Player>
    <Player player_id="88484" player_name="Pablo Sarabia">1</Player>
    <Player player_id="49309" player_name="Éver Banega">4</Player>
    <Player player_id="86151" player_name="Sergi Gómez">4</Player>
    <Player player_id="165811" player_name="André Silva">2</Player>
    <Player player_id="100731" player_name="Franco Vázquez">2</Player>
  </Player>
  <Player cross_lost="0" cross_success="1" jersey_num="9" pass_lost="4" pass_success="19" player_id="83912" player_name="Wissam Ben Yedder" position="Forward" position_id="4" x="75.53" y="31.56">
    <Player cross="1" player_id="88484" player_name="Pablo Sarabia">7</Player>
    <Player player_id="17740" player_name="Jesús Navas">6</Player>
    <Player player_id="86151" player_name="Sergi Gómez">1</Player>
    <Player player_id="165811" player_name="André Silva">1</Player>
    <Player player_id="55826" player_name="Gabriel Mercado">1</Player>
    <Player player_id="100731" player_name="Franco Vázquez">1</Player>
    <Player player_id="80758" player_name="Quincy Promes">2</Player>
  </Player>
  <Player cross_lost="0" cross_success="0" jersey_num="7" pass_lost="0" pass_success="1" player_id="106899" player_name="Roque Mesa" position="Substitute" position_id="5" sub_on="90" x="19.15" y="54.38">
    <Player player_id="86151" player_name="Sergi Gómez">1</Player>
  </Player>
</SoccerFeed>