﻿<?xml version="1.0" encoding="UTF-8"?>
<!-- Copyright 2001-2018 Opta Sportsdata Ltd. All rights reserved. -->
<!-- PRODUCTION HEADER
     produced on:        valde-jobq-a02.nexus.opta.net
     production time:    20181202T203147,625Z
     production module:  Opta::Feed::XML::Soccer::F27
-->
<SoccerFeed act_minute="93" act_period="2" act_second="26" away_team_id="957" away_team_name="Leganés" competition_id="23" competition_name="Spanish La Liga" game_date="2018-12-01 15:15:00" game_id="1009455" home_team_id="192" home_team_name="Real Valladolid" season_id="2018" season_name="Season 2018/2019" team_id="192" team_name="Real Valladolid">
  <Player cross_lost="0" cross_success="0" jersey_num="9" pass_lost="1" pass_success="18" player_id="168636" player_name="Enes Ünal" position="Forward" position_id="4" x="67.28" y="53.73">
    <Player player_id="173219" player_name="Leo Suárez">2</Player>
    <Player player_id="96771" player_name="Rubén Alcaraz">2</Player>
    <Player player_id="58876" player_name="Míchel">4</Player>
    <Player player_id="242290" player_name="Toni Villa">2</Player>
    <Player player_id="87804" player_name="Antoñito">1</Player>
    <Player player_id="52686" player_name="Duje Cop">2</Player>
    <Player player_id="96785" player_name="Óscar Plano">1</Player>
    <Player player_id="90394" player_name="Nacho">1</Player>
    <Player player_id="153867" player_name="Daniele Verde">3</Player>
  </Player>
  <Player cross_lost="0" cross_success="0" jersey_num="32" pass_lost="4" pass_success="12" player_id="173219" player_name="Leo Suárez" position="Substitute" position_id="5" sub_on="76" x="63.77" y="35.29">
    <Player player_id="168636" player_name="Enes Ünal">1</Player>
    <Player player_id="58819" player_name="Kiko Olivas">1</Player>
    <Player player_id="58876" player_name="Míchel">2</Player>
    <Player player_id="87804" player_name="Antoñito">1</Player>
    <Player player_id="52686" player_name="Duje Cop">1</Player>
    <Player player_id="241869" player_name="Fernando Calero">2</Player>
    <Player player_id="96785" player_name="Óscar Plano">2</Player>
    <Player player_id="59944" player_name="Keko">2</Player>
  </Player>
  <Player cross_lost="0" cross_success="0" jersey_num="4" pass_lost="3" pass_success="65" player_id="58819" player_name="Kiko Olivas" position="Defender" position_id="2" x="38.41" y="29.90">
    <Player player_id="173219" player_name="Leo Suárez">1</Player>
    <Player player_id="96771" player_name="Rubén Alcaraz">7</Player>
    <Player player_id="58876" player_name="Míchel">17</Player>
    <Player player_id="242290" player_name="Toni Villa">1</Player>
    <Player player_id="87804" player_name="Antoñito">11</Player>
    <Player player_id="96785" player_name="Óscar Plano">3</Player>
    <Player player_id="241869" player_name="Fernando Calero">16</Player>
    <Player player_id="90394" player_name="Nacho">2</Player>
    <Player player_id="59944" player_name="Keko">2</Player>
    <Player player_id="86148" player_name="Jordi Masip">1</Player>
    <Player player_id="153867" player_name="Daniele Verde">4</Player>
  </Player>
  <Player cross_lost="0" cross_success="0" jersey_num="14" pass_lost="3" pass_success="65" player_id="96771" player_name="Rubén Alcaraz" position="Midfielder" position_id="3" sub_off="63" x="47.39" y="56.20">
    <Player player_id="168636" player_name="Enes Ünal">2</Player>
    <Player player_id="58819" player_name="Kiko Olivas">10</Player>
    <Player player_id="58876" player_name="Míchel">7</Player>
    <Player player_id="242290" player_name="Toni Villa">2</Player>
    <Player player_id="87804" player_name="Antoñito">13</Player>
    <Player player_id="96785" player_name="Óscar Plano">1</Player>
    <Player player_id="241869" player_name="Fernando Calero">13</Player>
    <Player player_id="90394" player_name="Nacho">15</Player>
    <Player player_id="153867" player_name="Daniele Verde">2</Player>
  </Player>
  <Player cross_lost="6" cross_success="0" jersey_num="21" pass_lost="14" pass_success="77" player_id="58876" player_name="Míchel" position="Midfielder" position_id="3" x="51.07" y="38.61">
    <Player player_id="96771" player_name="Rubén Alcaraz">9</Player>
    <Player player_id="87804" player_name="Antoñito">11</Player>
    <Player player_id="59944" player_name="Keko">2</Player>
    <Player player_id="86148" player_name="Jordi Masip">1</Player>
    <Player player_id="153867" player_name="Daniele Verde">8</Player>
    <Player player_id="173219" player_name="Leo Suárez">5</Player>
    <Player player_id="58819" player_name="Kiko Olivas">7</Player>
    <Player player_id="242290" player_name="Toni Villa">3</Player>
    <Player player_id="241869" player_name="Fernando Calero">8</Player>
    <Player player_id="96785" player_name="Óscar Plano">12</Player>
    <Player player_id="52686" player_name="Duje Cop">1</Player>
    <Player player_id="90394" player_name="Nacho">10</Player>
  </Player>
  <Player cross_lost="7" cross_success="2" jersey_num="18" pass_lost="11" pass_success="43" player_id="87804" player_name="Antoñito" position="Defender" position_id="2" sub_off="84" x="53.82" y="9.99">
    <Player player_id="96771" player_name="Rubén Alcaraz">2</Player>
    <Player player_id="86148" player_name="Jordi Masip">2</Player>
    <Player player_id="153867" player_name="Daniele Verde">6</Player>
    <Player player_id="58819" player_name="Kiko Olivas">8</Player>
    <Player player_id="173219" player_name="Leo Suárez">1</Player>
    <Player player_id="58876" player_name="Míchel">14</Player>
    <Player player_id="242290" player_name="Toni Villa">3</Player>
    <Player cross="1" player_id="96785" player_name="Óscar Plano">7</Player>
    <Player cross="1" player_id="52686" player_name="Duje Cop">0</Player>
  </Player>
  <Player cross_lost="3" cross_success="0" jersey_num="19" pass_lost="3" pass_success="27" player_id="242290" player_name="Toni Villa" position="Midfielder" position_id="3" sub_off="76" x="69.02" y="62.84">
    <Player player_id="96771" player_name="Rubén Alcaraz">4</Player>
    <Player player_id="58876" player_name="Míchel">1</Player>
    <Player player_id="87804" player_name="Antoñito">5</Player>
    <Player player_id="96785" player_name="Óscar Plano">4</Player>
    <Player player_id="241869" player_name="Fernando Calero">2</Player>
    <Player player_id="90394" player_name="Nacho">8</Player>
    <Player player_id="153867" player_name="Daniele Verde">3</Player>
  </Player>
  <Player cross_lost="1" cross_success="1" jersey_num="20" pass_lost="2" pass_success="4" player_id="52686" player_name="Duje Cop" position="Substitute" position_id="5" sub_on="63" x="85.42" y="66.41">
    <Player player_id="168636" player_name="Enes Ünal">1</Player>
    <Player player_id="173219" player_name="Leo Suárez">1</Player>
    <Player player_id="87804" player_name="Antoñito">1</Player>
    <Player cross="1" player_id="96785" player_name="Óscar Plano">0</Player>
    <Player player_id="153867" player_name="Daniele Verde">1</Player>
  </Player>
  <Player cross_lost="1" cross_success="0" jersey_num="10" pass_lost="7" pass_success="30" player_id="96785" player_name="Óscar Plano" position="Midfielder" position_id="3" x="61.72" y="37.86">
    <Player player_id="168636" player_name="Enes Ünal">3</Player>
    <Player player_id="96771" player_name="Rubén Alcaraz">3</Player>
    <Player player_id="87804" player_name="Antoñito">3</Player>
    <Player player_id="153867" player_name="Daniele Verde">4</Player>
    <Player player_id="58819" player_name="Kiko Olivas">3</Player>
    <Player player_id="173219" player_name="Leo Suárez">1</Player>
    <Player player_id="58876" player_name="Míchel">6</Player>
    <Player player_id="242290" player_name="Toni Villa">5</Player>
    <Player player_id="241869" player_name="Fernando Calero">1</Player>
    <Player player_id="52686" player_name="Duje Cop">1</Player>
  </Player>
  <Player cross_lost="0" cross_success="0" jersey_num="5" pass_lost="8" pass_success="78" player_id="241869" player_name="Fernando Calero" position="Defender" position_id="2" x="40.11" y="65.50">
    <Player player_id="168636" player_name="Enes Ünal">1</Player>
    <Player player_id="96771" player_name="Rubén Alcaraz">12</Player>
    <Player player_id="87804" player_name="Antoñito">1</Player>
    <Player player_id="153867" player_name="Daniele Verde">5</Player>
    <Player player_id="86148" player_name="Jordi Masip">3</Player>
    <Player player_id="58819" player_name="Kiko Olivas">17</Player>
    <Player player_id="173219" player_name="Leo Suárez">1</Player>
    <Player player_id="58876" player_name="Míchel">17</Player>
    <Player player_id="242290" player_name="Toni Villa">3</Player>
    <Player player_id="96785" player_name="Óscar Plano">1</Player>
    <Player player_id="90394" player_name="Nacho">17</Player>
  </Player>
  <Player cross_lost="6" cross_success="3" jersey_num="22" pass_lost="12" pass_success="51" player_id="90394" player_name="Nacho" position="Defender" position_id="2" x="56.70" y="82.66">
    <Player player_id="168636" player_name="Enes Ünal">2</Player>
    <Player player_id="96771" player_name="Rubén Alcaraz">15</Player>
    <Player player_id="87804" player_name="Antoñito">2</Player>
    <Player cross="1" player_id="153867" player_name="Daniele Verde">2</Player>
    <Player player_id="86148" player_name="Jordi Masip">1</Player>
    <Player player_id="58876" player_name="Míchel">1</Player>
    <Player player_id="242290" player_name="Toni Villa">10</Player>
    <Player cross="1" player_id="241869" player_name="Fernando Calero">13</Player>
    <Player player_id="96785" player_name="Óscar Plano">5</Player>
    <Player cross="1" player_id="52686" player_name="Duje Cop">0</Player>
  </Player>
  <Player cross_lost="1" cross_success="2" jersey_num="24" pass_lost="0" pass_success="5" player_id="59944" player_name="Keko" position="Substitute" position_id="5" sub_on="84" x="62.58" y="10.03">
    <Player cross="2" player_id="168636" player_name="Enes Ünal">0</Player>
    <Player player_id="173219" player_name="Leo Suárez">4</Player>
    <Player player_id="241869" player_name="Fernando Calero">1</Player>
  </Player>
  <Player cross_lost="0" cross_success="0" jersey_num="1" pass_lost="2" pass_success="20" player_id="86148" player_name="Jordi Masip" position="Goalkeeper" position_id="1" x="8.84" y="52.95">
    <Player player_id="168636" player_name="Enes Ünal">2</Player>
    <Player player_id="173219" player_name="Leo Suárez">1</Player>
    <Player player_id="58819" player_name="Kiko Olivas">2</Player>
    <Player player_id="96771" player_name="Rubén Alcaraz">1</Player>
    <Player player_id="58876" player_name="Míchel">1</Player>
    <Player player_id="87804" player_name="Antoñito">2</Player>
    <Player player_id="242290" player_name="Toni Villa">1</Player>
    <Player player_id="96785" player_name="Óscar Plano">1</Player>
    <Player player_id="241869" player_name="Fernando Calero">4</Player>
    <Player player_id="90394" player_name="Nacho">3</Player>
    <Player player_id="59944" player_name="Keko">1</Player>
  </Player>
  <Player cross_lost="12" cross_success="0" jersey_num="11" pass_lost="3" pass_success="40" player_id="153867" player_name="Daniele Verde" position="Midfielder" position_id="3" x="63.30" y="38.50">
    <Player player_id="168636" player_name="Enes Ünal">4</Player>
    <Player player_id="96771" player_name="Rubén Alcaraz">1</Player>
    <Player player_id="87804" player_name="Antoñito">6</Player>
    <Player player_id="173219" player_name="Leo Suárez">1</Player>
    <Player player_id="58819" player_name="Kiko Olivas">3</Player>
    <Player player_id="58876" player_name="Míchel">5</Player>
    <Player player_id="242290" player_name="Toni Villa">3</Player>
    <Player player_id="241869" player_name="Fernando Calero">5</Player>
    <Player player_id="96785" player_name="Óscar Plano">5</Player>
    <Player player_id="52686" player_name="Duje Cop">2</Player>
    <Player player_id="90394" player_name="Nacho">5</Player>
  </Player>
</SoccerFeed>