﻿<?xml version="1.0" encoding="UTF-8"?>
<!-- Copyright 2001-2018 Opta Sportsdata Ltd. All rights reserved. -->
<!-- PRODUCTION HEADER
     produced on:        valde-jobq-a03.nexus.opta.net
     production time:    20181129T165154,812Z
     production module:  Opta::Feed::XML::Soccer::F27
-->
<SoccerFeed act_minute="92" act_period="2" act_second="5" away_team_id="176" away_team_name="Celta de Vigo" competition_id="23" competition_name="Spanish La Liga" game_date="2018-09-26 21:00:00" game_id="1009371" home_team_id="191" home_team_name="Valencia CF" season_id="2018" season_name="Season 2018/2019" team_id="191" team_name="Valencia CF">
  <Player cross_lost="0" cross_success="0" jersey_num="8" pass_lost="4" pass_success="41" player_id="224860" player_name="Carlos Soler" position="Midfielder" position_id="3" x="48.09" y="45.45">
    <Player player_id="80954" player_name="Rodrigo Moreno">6</Player>
    <Player player_id="88754" player_name="Geoffrey Kondogbia">5</Player>
    <Player player_id="132105" player_name="José Gayá">3</Player>
    <Player player_id="181284" player_name="Gonçalo Guedes">4</Player>
    <Player player_id="56864" player_name="Francis Coquelin">3</Player>
    <Player player_id="88489" player_name="Denis Cheryshev">3</Player>
    <Player player_id="42779" player_name="Kevin Gameiro">1</Player>
    <Player player_id="92055" player_name="Cristiano Piccini">9</Player>
    <Player player_id="28525" player_name="Ezequiel Garay">2</Player>
    <Player player_id="56624" player_name="Daniel Wass">3</Player>
    <Player player_id="94245" player_name="Michy Batshuayi">2</Player>
  </Player>
  <Player cross_lost="0" cross_success="0" jersey_num="9" pass_lost="2" pass_success="3" player_id="42779" player_name="Kevin Gameiro" position="Substitute" position_id="5" sub_on="83" x="71.98" y="33.22">
    <Player player_id="224860" player_name="Carlos Soler">1</Player>
    <Player player_id="92055" player_name="Cristiano Piccini">1</Player>
    <Player player_id="88754" player_name="Geoffrey Kondogbia">1</Player>
  </Player>
  <Player cross_lost="3" cross_success="1" jersey_num="11" pass_lost="1" pass_success="5" player_id="88489" player_name="Denis Cheryshev" position="Substitute" position_id="5" sub_on="76" x="71.71" y="73.31">
    <Player player_id="224860" player_name="Carlos Soler">2</Player>
    <Player cross="1" player_id="80954" player_name="Rodrigo Moreno">0</Player>
    <Player player_id="88754" player_name="Geoffrey Kondogbia">1</Player>
    <Player player_id="132105" player_name="José Gayá">2</Player>
  </Player>
  <Player cross_lost="0" cross_success="0" jersey_num="13" pass_lost="11" pass_success="10" player_id="69752" player_name="Neto" position="Goalkeeper" position_id="1" x="7.66" y="51.95">
    <Player player_id="224860" player_name="Carlos Soler">1</Player>
    <Player player_id="88754" player_name="Geoffrey Kondogbia">1</Player>
    <Player player_id="56624" player_name="Daniel Wass">1</Player>
    <Player player_id="94245" player_name="Michy Batshuayi">3</Player>
    <Player player_id="181284" player_name="Gonçalo Guedes">2</Player>
    <Player player_id="132105" player_name="José Gayá">2</Player>
  </Player>
  <Player cross_lost="0" cross_success="0" jersey_num="17" pass_lost="5" pass_success="19" player_id="56864" player_name="Francis Coquelin" position="Midfielder" position_id="3" sub_off="70" x="39.39" y="53.99">
    <Player player_id="224860" player_name="Carlos Soler">4</Player>
    <Player player_id="92055" player_name="Cristiano Piccini">2</Player>
    <Player player_id="80954" player_name="Rodrigo Moreno">5</Player>
    <Player player_id="28525" player_name="Ezequiel Garay">1</Player>
    <Player player_id="56624" player_name="Daniel Wass">1</Player>
    <Player player_id="94245" player_name="Michy Batshuayi">2</Player>
    <Player player_id="181284" player_name="Gonçalo Guedes">2</Player>
    <Player player_id="132105" player_name="José Gayá">2</Player>
  </Player>
  <Player cross_lost="1" cross_success="0" jersey_num="19" pass_lost="5" pass_success="35" player_id="80954" player_name="Rodrigo Moreno" position="Forward" position_id="4" x="62.56" y="49.16">
    <Player player_id="88754" player_name="Geoffrey Kondogbia">3</Player>
    <Player player_id="181284" player_name="Gonçalo Guedes">8</Player>
    <Player player_id="132105" player_name="José Gayá">4</Player>
    <Player player_id="224860" player_name="Carlos Soler">2</Player>
    <Player player_id="56864" player_name="Francis Coquelin">4</Player>
    <Player player_id="42779" player_name="Kevin Gameiro">1</Player>
    <Player player_id="92055" player_name="Cristiano Piccini">2</Player>
    <Player player_id="28525" player_name="Ezequiel Garay">2</Player>
    <Player player_id="56624" player_name="Daniel Wass">6</Player>
    <Player player_id="94245" player_name="Michy Batshuayi">3</Player>
  </Player>
  <Player cross_lost="1" cross_success="1" jersey_num="21" pass_lost="5" pass_success="31" player_id="92055" player_name="Cristiano Piccini" position="Defender" position_id="2" x="45.19" y="16.83">
    <Player player_id="80954" player_name="Rodrigo Moreno">4</Player>
    <Player player_id="132105" player_name="José Gayá">1</Player>
    <Player player_id="224860" player_name="Carlos Soler">4</Player>
    <Player player_id="56864" player_name="Francis Coquelin">2</Player>
    <Player cross="1" player_id="42779" player_name="Kevin Gameiro">0</Player>
    <Player player_id="28525" player_name="Ezequiel Garay">7</Player>
    <Player player_id="56624" player_name="Daniel Wass">9</Player>
    <Player player_id="94245" player_name="Michy Batshuayi">3</Player>
    <Player player_id="107117" player_name="Jeison Murillo">1</Player>
  </Player>
  <Player cross_lost="0" cross_success="0" jersey_num="24" pass_lost="8" pass_success="23" player_id="28525" player_name="Ezequiel Garay" position="Defender" position_id="2" x="27.62" y="33.83">
    <Player player_id="224860" player_name="Carlos Soler">3</Player>
    <Player player_id="69752" player_name="Neto">2</Player>
    <Player player_id="56864" player_name="Francis Coquelin">3</Player>
    <Player player_id="92055" player_name="Cristiano Piccini">8</Player>
    <Player player_id="56624" player_name="Daniel Wass">3</Player>
    <Player player_id="94245" player_name="Michy Batshuayi">2</Player>
    <Player player_id="107117" player_name="Jeison Murillo">2</Player>
  </Player>
  <Player cross_lost="0" cross_success="0" jersey_num="6" pass_lost="3" pass_success="15" player_id="88754" player_name="Geoffrey Kondogbia" position="Substitute" position_id="5" sub_on="70" x="53.17" y="59.55">
    <Player player_id="224860" player_name="Carlos Soler">3</Player>
    <Player player_id="42779" player_name="Kevin Gameiro">1</Player>
    <Player player_id="88489" player_name="Denis Cheryshev">3</Player>
    <Player player_id="56624" player_name="Daniel Wass">2</Player>
    <Player player_id="94245" player_name="Michy Batshuayi">1</Player>
    <Player player_id="132105" player_name="José Gayá">2</Player>
    <Player player_id="107117" player_name="Jeison Murillo">3</Player>
  </Player>
  <Player cross_lost="3" cross_success="1" jersey_num="18" pass_lost="9" pass_success="26" player_id="56624" player_name="Daniel Wass" position="Midfielder" position_id="3" x="60.67" y="26.82">
    <Player player_id="224860" player_name="Carlos Soler">7</Player>
    <Player player_id="92055" player_name="Cristiano Piccini">4</Player>
    <Player player_id="80954" player_name="Rodrigo Moreno">6</Player>
    <Player player_id="28525" player_name="Ezequiel Garay">1</Player>
    <Player player_id="88754" player_name="Geoffrey Kondogbia">1</Player>
    <Player player_id="94245" player_name="Michy Batshuayi">6</Player>
    <Player cross="1" player_id="181284" player_name="Gonçalo Guedes">1</Player>
  </Player>
  <Player cross_lost="0" cross_success="0" jersey_num="23" pass_lost="6" pass_success="18" player_id="94245" player_name="Michy Batshuayi" position="Forward" position_id="4" sub_off="83" x="61.31" y="47.88">
    <Player player_id="224860" player_name="Carlos Soler">3</Player>
    <Player player_id="80954" player_name="Rodrigo Moreno">4</Player>
    <Player player_id="92055" player_name="Cristiano Piccini">2</Player>
    <Player player_id="88754" player_name="Geoffrey Kondogbia">1</Player>
    <Player player_id="56624" player_name="Daniel Wass">3</Player>
    <Player player_id="181284" player_name="Gonçalo Guedes">5</Player>
  </Player>
  <Player cross_lost="1" cross_success="2" jersey_num="7" pass_lost="5" pass_success="19" player_id="181284" player_name="Gonçalo Guedes" position="Midfielder" position_id="3" sub_off="76" x="58.53" y="68.33">
    <Player player_id="56864" player_name="Francis Coquelin">2</Player>
    <Player player_id="92055" player_name="Cristiano Piccini">1</Player>
    <Player player_id="80954" player_name="Rodrigo Moreno">3</Player>
    <Player cross="1" player_id="56624" player_name="Daniel Wass">1</Player>
    <Player cross="1" player_id="94245" player_name="Michy Batshuayi">3</Player>
    <Player player_id="132105" player_name="José Gayá">7</Player>
    <Player player_id="107117" player_name="Jeison Murillo">2</Player>
  </Player>
  <Player cross_lost="1" cross_success="2" jersey_num="14" pass_lost="8" pass_success="24" player_id="132105" player_name="José Gayá" position="Defender" position_id="2" x="48.93" y="86.19">
    <Player cross="1" player_id="80954" player_name="Rodrigo Moreno">1</Player>
    <Player player_id="88754" player_name="Geoffrey Kondogbia">1</Player>
    <Player player_id="181284" player_name="Gonçalo Guedes">6</Player>
    <Player player_id="224860" player_name="Carlos Soler">2</Player>
    <Player player_id="56864" player_name="Francis Coquelin">2</Player>
    <Player player_id="88489" player_name="Denis Cheryshev">3</Player>
    <Player player_id="92055" player_name="Cristiano Piccini">1</Player>
    <Player cross="1" player_id="56624" player_name="Daniel Wass">1</Player>
    <Player player_id="94245" player_name="Michy Batshuayi">2</Player>
    <Player player_id="107117" player_name="Jeison Murillo">5</Player>
  </Player>
  <Player cross_lost="0" cross_success="0" jersey_num="4" pass_lost="1" pass_success="16" player_id="107117" player_name="Jeison Murillo" position="Defender" position_id="2" x="32.51" y="64.23">
    <Player player_id="224860" player_name="Carlos Soler">4</Player>
    <Player player_id="42779" player_name="Kevin Gameiro">1</Player>
    <Player player_id="56864" player_name="Francis Coquelin">1</Player>
    <Player player_id="80954" player_name="Rodrigo Moreno">2</Player>
    <Player player_id="28525" player_name="Ezequiel Garay">2</Player>
    <Player player_id="88754" player_name="Geoffrey Kondogbia">2</Player>
    <Player player_id="132105" player_name="José Gayá">3</Player>
    <Player player_id="181284" player_name="Gonçalo Guedes">1</Player>
  </Player>
</SoccerFeed>