﻿<?xml version="1.0" encoding="UTF-8"?>
<!-- Copyright 2001-2018 Opta Sportsdata Ltd. All rights reserved. -->
<!-- PRODUCTION HEADER
     produced on:        valde-jobq-a03.nexus.opta.net
     production time:    20180904T183711,306Z
     production module:  Opta::Feed::XML::Soccer::F27
-->
<SoccerFeed act_minute="94" act_period="2" act_second="0" away_team_id="188" away_team_name="Real Sociedad" competition_id="23" competition_name="Spanish La Liga" game_date="2018-08-31 21:00:00" game_id="1009339" home_team_id="953" home_team_name="Eibar" season_id="2018" season_name="Season 2018/2019" team_id="953" team_name="Eibar">
  <Player cross_lost="1" cross_success="2" jersey_num="24" pass_lost="9" pass_success="19" player_id="195364" player_name="Joan Jordán" position="Substitute" position_id="5" sub_on="45+1" x="56.82" y="21.81">
    <Player player_id="244363" player_name="Marc Cardona">1</Player>
    <Player player_id="175090" player_name="Pere Milla">1</Player>
    <Player cross="1" player_id="80791" player_name="Sergi Enrich">1</Player>
    <Player player_id="27672" player_name="Pape Diop">2</Player>
    <Player player_id="83578" player_name="Sergio Álvarez">2</Player>
    <Player player_id="126290" player_name="Rubén Peña">7</Player>
    <Player player_id="86349" player_name="Charles">2</Player>
    <Player player_id="59140" player_name="Cote">2</Player>
    <Player player_id="87499" player_name="Paulo Oliveira">1</Player>
  </Player>
  <Player cross_lost="0" cross_success="0" jersey_num="1" pass_lost="14" pass_success="14" player_id="94618" player_name="Marko Dmitrovic" position="Goalkeeper" position_id="1" x="12.46" y="52.48">
    <Player player_id="91393" player_name="Pedro Bigas">1</Player>
    <Player player_id="175090" player_name="Pere Milla">1</Player>
    <Player player_id="80791" player_name="Sergi Enrich">5</Player>
    <Player player_id="126290" player_name="Rubén Peña">1</Player>
    <Player player_id="87026" player_name="Anaitz Arbilla">3</Player>
    <Player player_id="86349" player_name="Charles">1</Player>
    <Player player_id="87499" player_name="Paulo Oliveira">2</Player>
  </Player>
  <Player cross_lost="0" cross_success="0" jersey_num="3" pass_lost="9" pass_success="17" player_id="91393" player_name="Pedro Bigas" position="Defender" position_id="2" sub_off="45" x="38.10" y="59.10">
    <Player player_id="94618" player_name="Marko Dmitrovic">1</Player>
    <Player player_id="175090" player_name="Pere Milla">2</Player>
    <Player player_id="80791" player_name="Sergi Enrich">1</Player>
    <Player player_id="27672" player_name="Pape Diop">1</Player>
    <Player player_id="83578" player_name="Sergio Álvarez">3</Player>
    <Player player_id="126290" player_name="Rubén Peña">2</Player>
    <Player player_id="87026" player_name="Anaitz Arbilla">3</Player>
    <Player player_id="87499" player_name="Paulo Oliveira">4</Player>
  </Player>
  <Player cross_lost="0" cross_success="0" jersey_num="7" pass_lost="5" pass_success="11" player_id="244363" player_name="Marc Cardona" position="Forward" position_id="4" sub_off="73" x="70.08" y="57.84">
    <Player player_id="80791" player_name="Sergi Enrich">2</Player>
    <Player player_id="175090" player_name="Pere Milla">3</Player>
    <Player player_id="27672" player_name="Pape Diop">2</Player>
    <Player player_id="83578" player_name="Sergio Álvarez">2</Player>
    <Player player_id="126290" player_name="Rubén Peña">1</Player>
    <Player player_id="87026" player_name="Anaitz Arbilla">1</Player>
  </Player>
  <Player cross_lost="4" cross_success="2" jersey_num="22" pass_lost="15" pass_success="15" player_id="175090" player_name="Pere Milla" position="Midfielder" position_id="3" x="63.11" y="79.00">
    <Player player_id="244363" player_name="Marc Cardona">1</Player>
    <Player player_id="91393" player_name="Pedro Bigas">2</Player>
    <Player cross="1" player_id="80791" player_name="Sergi Enrich">4</Player>
    <Player player_id="83578" player_name="Sergio Álvarez">1</Player>
    <Player cross="1" player_id="48854" player_name="Fabián Orellana">0</Player>
    <Player player_id="126290" player_name="Rubén Peña">2</Player>
    <Player player_id="87026" player_name="Anaitz Arbilla">4</Player>
    <Player player_id="59140" player_name="Cote">1</Player>
  </Player>
  <Player cross_lost="0" cross_success="0" jersey_num="9" pass_lost="9" pass_success="36" player_id="80791" player_name="Sergi Enrich" position="Forward" position_id="4" x="67.50" y="50.46">
    <Player player_id="195364" player_name="Joan Jordán">5</Player>
    <Player player_id="244363" player_name="Marc Cardona">2</Player>
    <Player player_id="91393" player_name="Pedro Bigas">1</Player>
    <Player player_id="80791" player_name="Sergi Enrich">1</Player>
    <Player player_id="175090" player_name="Pere Milla">5</Player>
    <Player player_id="83578" player_name="Sergio Álvarez">1</Player>
    <Player player_id="87026" player_name="Anaitz Arbilla">3</Player>
    <Player player_id="27672" player_name="Pape Diop">4</Player>
    <Player player_id="48854" player_name="Fabián Orellana">5</Player>
    <Player player_id="126290" player_name="Rubén Peña">3</Player>
    <Player player_id="86349" player_name="Charles">3</Player>
    <Player player_id="59140" player_name="Cote">3</Player>
  </Player>
  <Player cross_lost="0" cross_success="0" jersey_num="6" pass_lost="9" pass_success="32" player_id="83578" player_name="Sergio Álvarez" position="Midfielder" position_id="3" x="45.01" y="36.56">
    <Player player_id="195364" player_name="Joan Jordán">3</Player>
    <Player player_id="91393" player_name="Pedro Bigas">2</Player>
    <Player player_id="244363" player_name="Marc Cardona">1</Player>
    <Player player_id="175090" player_name="Pere Milla">2</Player>
    <Player player_id="80791" player_name="Sergi Enrich">4</Player>
    <Player player_id="27672" player_name="Pape Diop">1</Player>
    <Player player_id="126290" player_name="Rubén Peña">8</Player>
    <Player player_id="87026" player_name="Anaitz Arbilla">4</Player>
    <Player player_id="48854" player_name="Fabián Orellana">4</Player>
    <Player player_id="86349" player_name="Charles">2</Player>
    <Player player_id="87499" player_name="Paulo Oliveira">1</Player>
  </Player>
  <Player cross_lost="1" cross_success="0" jersey_num="8" pass_lost="11" pass_success="21" player_id="27672" player_name="Pape Diop" position="Midfielder" position_id="3" x="48.59" y="45.19">
    <Player player_id="195364" player_name="Joan Jordán">2</Player>
    <Player player_id="94618" player_name="Marko Dmitrovic">2</Player>
    <Player player_id="244363" player_name="Marc Cardona">3</Player>
    <Player player_id="175090" player_name="Pere Milla">2</Player>
    <Player player_id="80791" player_name="Sergi Enrich">1</Player>
    <Player player_id="126290" player_name="Rubén Peña">3</Player>
    <Player player_id="87026" player_name="Anaitz Arbilla">4</Player>
    <Player player_id="48854" player_name="Fabián Orellana">3</Player>
    <Player player_id="87499" player_name="Paulo Oliveira">1</Player>
  </Player>
  <Player cross_lost="1" cross_success="0" jersey_num="23" pass_lost="15" pass_success="33" player_id="87026" player_name="Anaitz Arbilla" position="Defender" position_id="2" x="44.25" y="73.59">
    <Player player_id="94618" player_name="Marko Dmitrovic">4</Player>
    <Player player_id="244363" player_name="Marc Cardona">1</Player>
    <Player player_id="91393" player_name="Pedro Bigas">3</Player>
    <Player player_id="175090" player_name="Pere Milla">11</Player>
    <Player player_id="27672" player_name="Pape Diop">1</Player>
    <Player player_id="48854" player_name="Fabián Orellana">2</Player>
    <Player player_id="126290" player_name="Rubén Peña">3</Player>
    <Player player_id="59140" player_name="Cote">5</Player>
    <Player player_id="87499" player_name="Paulo Oliveira">3</Player>
  </Player>
  <Player cross_lost="1" cross_success="1" jersey_num="14" pass_lost="7" pass_success="19" player_id="48854" player_name="Fabián Orellana" position="Midfielder" position_id="3" sub_off="45+1" x="63.93" y="16.97">
    <Player player_id="91393" player_name="Pedro Bigas">1</Player>
    <Player player_id="80791" player_name="Sergi Enrich">4</Player>
    <Player player_id="175090" player_name="Pere Milla">3</Player>
    <Player player_id="83578" player_name="Sergio Álvarez">2</Player>
    <Player cross="1" player_id="87026" player_name="Anaitz Arbilla">0</Player>
    <Player player_id="94618" player_name="Marko Dmitrovic">1</Player>
    <Player player_id="126290" player_name="Rubén Peña">7</Player>
    <Player player_id="48854" player_name="Fabián Orellana">1</Player>
  </Player>
  <Player cross_lost="6" cross_success="1" jersey_num="11" pass_lost="14" pass_success="29" player_id="126290" player_name="Rubén Peña" position="Defender" position_id="2" x="50.79" y="14.34">
    <Player player_id="195364" player_name="Joan Jordán">6</Player>
    <Player player_id="91393" player_name="Pedro Bigas">3</Player>
    <Player cross="1" player_id="80791" player_name="Sergi Enrich">5</Player>
    <Player player_id="83578" player_name="Sergio Álvarez">2</Player>
    <Player player_id="87026" player_name="Anaitz Arbilla">2</Player>
    <Player player_id="87499" player_name="Paulo Oliveira">3</Player>
    <Player player_id="94618" player_name="Marko Dmitrovic">2</Player>
    <Player player_id="27672" player_name="Pape Diop">2</Player>
    <Player player_id="48854" player_name="Fabián Orellana">4</Player>
  </Player>
  <Player cross_lost="0" cross_success="0" jersey_num="19" pass_lost="2" pass_success="9" player_id="86349" player_name="Charles" position="Substitute" position_id="5" sub_on="73" x="58.90" y="43.25">
    <Player player_id="195364" player_name="Joan Jordán">3</Player>
    <Player player_id="80791" player_name="Sergi Enrich">2</Player>
    <Player player_id="175090" player_name="Pere Milla">1</Player>
    <Player player_id="83578" player_name="Sergio Álvarez">1</Player>
    <Player player_id="59140" player_name="Cote">2</Player>
  </Player>
  <Player cross_lost="2" cross_success="1" jersey_num="15" pass_lost="13" pass_success="11" player_id="59140" player_name="Cote" position="Substitute" position_id="5" sub_on="45" x="51.12" y="85.73">
    <Player player_id="195364" player_name="Joan Jordán">2</Player>
    <Player player_id="244363" player_name="Marc Cardona">2</Player>
    <Player player_id="175090" player_name="Pere Milla">3</Player>
    <Player cross="1" player_id="80791" player_name="Sergi Enrich">1</Player>
    <Player player_id="83578" player_name="Sergio Álvarez">2</Player>
    <Player player_id="86349" player_name="Charles">1</Player>
  </Player>
  <Player cross_lost="0" cross_success="0" jersey_num="12" pass_lost="18" pass_success="21" player_id="87499" player_name="Paulo Oliveira" position="Defender" position_id="2" x="31.01" y="30.26">
    <Player player_id="195364" player_name="Joan Jordán">1</Player>
    <Player player_id="244363" player_name="Marc Cardona">1</Player>
    <Player player_id="91393" player_name="Pedro Bigas">1</Player>
    <Player player_id="175090" player_name="Pere Milla">1</Player>
    <Player player_id="80791" player_name="Sergi Enrich">4</Player>
    <Player player_id="83578" player_name="Sergio Álvarez">1</Player>
    <Player player_id="87026" player_name="Anaitz Arbilla">2</Player>
    <Player player_id="94618" player_name="Marko Dmitrovic">1</Player>
    <Player player_id="27672" player_name="Pape Diop">1</Player>
    <Player player_id="126290" player_name="Rubén Peña">4</Player>
    <Player player_id="48854" player_name="Fabián Orellana">4</Player>
  </Player>
</SoccerFeed>