﻿<?xml version="1.0" encoding="UTF-8"?>
<!-- Copyright 2001-2018 Opta Sportsdata Ltd. All rights reserved. -->
<!-- PRODUCTION HEADER
     produced on:        valde-jobq-a02.nexus.opta.net
     production time:    20180828T175732,206Z
     production module:  Opta::Feed::XML::Soccer::F27
-->
<SoccerFeed act_minute="93" act_period="2" act_second="2" away_team_id="2894" away_team_name="Huesca" competition_id="23" competition_name="Spanish La Liga" game_date="2018-08-27 21:00:00" game_id="1009327" home_team_id="174" home_team_name="Athletic Club" season_id="2018" season_name="Season 2018/2019" team_id="2894" team_name="Huesca">
  <Player cross_lost="0" cross_success="0" jersey_num="1" pass_lost="23" pass_success="14" player_id="122815" player_name="Axel Werner" position="Goalkeeper" position_id="1" x="9.35" y="47.10">
    <Player player_id="195457" player_name="Gonzalo Melero">1</Player>
    <Player player_id="58637" player_name="Xabier Etxeita">2</Player>
    <Player player_id="89334" player_name="Jorge Miramón">1</Player>
    <Player player_id="103844" player_name="Luisinho">1</Player>
    <Player player_id="76744" player_name="Damián Musto">2</Player>
    <Player player_id="88925" player_name="Jorge Pulido">1</Player>
    <Player player_id="244716" player_name="Juan Camilo Hernández">2</Player>
    <Player player_id="90657" player_name="David Ferreiro">1</Player>
    <Player player_id="81045" player_name="Samuele Longo">2</Player>
  </Player>
  <Player cross_lost="4" cross_success="0" jersey_num="6" pass_lost="3" pass_success="15" player_id="109243" player_name="Moi Gómez" position="Midfielder" position_id="3" sub_off="61" x="47.29" y="78.59">
    <Player player_id="195457" player_name="Gonzalo Melero">3</Player>
    <Player player_id="103844" player_name="Luisinho">2</Player>
    <Player player_id="244716" player_name="Juan Camilo Hernández">3</Player>
    <Player player_id="97636" player_name="Álex Gallar">7</Player>
  </Player>
  <Player cross_lost="0" cross_success="1" jersey_num="21" pass_lost="3" pass_success="5" player_id="78631" player_name="Serdar Gurler" position="Substitute" position_id="5" sub_on="68" x="71.35" y="16.82">
    <Player player_id="89334" player_name="Jorge Miramón">4</Player>
    <Player cross="1" player_id="244716" player_name="Juan Camilo Hernández">1</Player>
  </Player>
  <Player cross_lost="0" cross_success="0" jersey_num="8" pass_lost="9" pass_success="35" player_id="195457" player_name="Gonzalo Melero" position="Midfielder" position_id="3" x="46.28" y="57.46">
    <Player player_id="122815" player_name="Axel Werner">1</Player>
    <Player player_id="205992" player_name="Ezequiel Ávila">1</Player>
    <Player player_id="89334" player_name="Jorge Miramón">2</Player>
    <Player player_id="103844" player_name="Luisinho">4</Player>
    <Player player_id="58637" player_name="Xabier Etxeita">4</Player>
    <Player player_id="76744" player_name="Damián Musto">6</Player>
    <Player player_id="88925" player_name="Jorge Pulido">4</Player>
    <Player player_id="244716" player_name="Juan Camilo Hernández">6</Player>
    <Player player_id="81045" player_name="Samuele Longo">1</Player>
    <Player player_id="90657" player_name="David Ferreiro">2</Player>
    <Player player_id="97636" player_name="Álex Gallar">4</Player>
  </Player>
  <Player cross_lost="0" cross_success="0" jersey_num="19" pass_lost="1" pass_success="0" player_id="205992" player_name="Ezequiel Ávila" position="Substitute" position_id="5" sub_on="77" x="66.79" y="49.36" />
  <Player cross_lost="0" cross_success="0" jersey_num="16" pass_lost="5" pass_success="30" player_id="103844" player_name="Luisinho" position="Defender" position_id="2" x="39.65" y="83.25">
    <Player player_id="122815" player_name="Axel Werner">2</Player>
    <Player player_id="109243" player_name="Moi Gómez">10</Player>
    <Player player_id="195457" player_name="Gonzalo Melero">8</Player>
    <Player player_id="58637" player_name="Xabier Etxeita">4</Player>
    <Player player_id="76744" player_name="Damián Musto">1</Player>
    <Player player_id="244716" player_name="Juan Camilo Hernández">3</Player>
    <Player player_id="90657" player_name="David Ferreiro">1</Player>
    <Player player_id="81045" player_name="Samuele Longo">1</Player>
  </Player>
  <Player cross_lost="0" cross_success="3" jersey_num="24" pass_lost="8" pass_success="25" player_id="89334" player_name="Jorge Miramón" position="Defender" position_id="2" x="41.90" y="14.46">
    <Player player_id="122815" player_name="Axel Werner">2</Player>
    <Player player_id="78631" player_name="Serdar Gurler">6</Player>
    <Player player_id="195457" player_name="Gonzalo Melero">1</Player>
    <Player cross="1" player_id="205992" player_name="Ezequiel Ávila">0</Player>
    <Player player_id="58637" player_name="Xabier Etxeita">1</Player>
    <Player player_id="76744" player_name="Damián Musto">1</Player>
    <Player player_id="88925" player_name="Jorge Pulido">4</Player>
    <Player cross="2" player_id="244716" player_name="Juan Camilo Hernández">4</Player>
    <Player player_id="81045" player_name="Samuele Longo">1</Player>
    <Player player_id="97636" player_name="Álex Gallar">5</Player>
  </Player>
  <Player cross_lost="0" cross_success="0" jersey_num="3" pass_lost="5" pass_success="25" player_id="58637" player_name="Xabier Etxeita" position="Defender" position_id="2" x="30.13" y="67.06">
    <Player player_id="109243" player_name="Moi Gómez">1</Player>
    <Player player_id="122815" player_name="Axel Werner">5</Player>
    <Player player_id="195457" player_name="Gonzalo Melero">2</Player>
    <Player player_id="103844" player_name="Luisinho">7</Player>
    <Player player_id="89334" player_name="Jorge Miramón">2</Player>
    <Player player_id="76744" player_name="Damián Musto">1</Player>
    <Player player_id="88925" player_name="Jorge Pulido">5</Player>
    <Player player_id="97636" player_name="Álex Gallar">2</Player>
  </Player>
  <Player cross_lost="0" cross_success="0" jersey_num="23" pass_lost="7" pass_success="23" player_id="76744" player_name="Damián Musto" position="Midfielder" position_id="3" x="42.20" y="47.25">
    <Player player_id="195457" player_name="Gonzalo Melero">5</Player>
    <Player player_id="58637" player_name="Xabier Etxeita">2</Player>
    <Player player_id="103844" player_name="Luisinho">3</Player>
    <Player player_id="89334" player_name="Jorge Miramón">4</Player>
    <Player player_id="88925" player_name="Jorge Pulido">1</Player>
    <Player player_id="244716" player_name="Juan Camilo Hernández">3</Player>
    <Player player_id="81045" player_name="Samuele Longo">1</Player>
    <Player player_id="97636" player_name="Álex Gallar">4</Player>
  </Player>
  <Player cross_lost="0" cross_success="0" jersey_num="14" pass_lost="8" pass_success="22" player_id="88925" player_name="Jorge Pulido" position="Defender" position_id="2" x="34.21" y="34.44">
    <Player player_id="122815" player_name="Axel Werner">3</Player>
    <Player player_id="78631" player_name="Serdar Gurler">1</Player>
    <Player player_id="195457" player_name="Gonzalo Melero">2</Player>
    <Player player_id="89334" player_name="Jorge Miramón">7</Player>
    <Player player_id="58637" player_name="Xabier Etxeita">3</Player>
    <Player player_id="76744" player_name="Damián Musto">2</Player>
    <Player player_id="244716" player_name="Juan Camilo Hernández">1</Player>
    <Player player_id="97636" player_name="Álex Gallar">3</Player>
  </Player>
  <Player cross_lost="3" cross_success="0" jersey_num="9" pass_lost="5" pass_success="21" player_id="244716" player_name="Juan Camilo Hernández" position="Forward" position_id="4" x="61.41" y="53.66">
    <Player player_id="109243" player_name="Moi Gómez">1</Player>
    <Player player_id="58637" player_name="Xabier Etxeita">2</Player>
    <Player player_id="89334" player_name="Jorge Miramón">2</Player>
    <Player player_id="76744" player_name="Damián Musto">2</Player>
    <Player player_id="97636" player_name="Álex Gallar">3</Player>
    <Player player_id="195457" player_name="Gonzalo Melero">5</Player>
    <Player player_id="103844" player_name="Luisinho">3</Player>
    <Player player_id="88925" player_name="Jorge Pulido">1</Player>
    <Player player_id="81045" player_name="Samuele Longo">1</Player>
    <Player player_id="90657" player_name="David Ferreiro">1</Player>
  </Player>
  <Player cross_lost="5" cross_success="1" jersey_num="7" pass_lost="2" pass_success="4" player_id="90657" player_name="David Ferreiro" position="Substitute" position_id="5" sub_on="61" x="55.60" y="79.56">
    <Player player_id="195457" player_name="Gonzalo Melero">1</Player>
    <Player player_id="103844" player_name="Luisinho">2</Player>
    <Player player_id="76744" player_name="Damián Musto">1</Player>
    <Player cross="1" player_id="244716" player_name="Juan Camilo Hernández">0</Player>
  </Player>
  <Player cross_lost="0" cross_success="0" jersey_num="12" pass_lost="3" pass_success="7" player_id="81045" player_name="Samuele Longo" position="Forward" position_id="4" sub_off="77" x="56.86" y="59.66">
    <Player player_id="109243" player_name="Moi Gómez">1</Player>
    <Player player_id="195457" player_name="Gonzalo Melero">1</Player>
    <Player player_id="89334" player_name="Jorge Miramón">1</Player>
    <Player player_id="76744" player_name="Damián Musto">1</Player>
    <Player player_id="244716" player_name="Juan Camilo Hernández">1</Player>
    <Player player_id="97636" player_name="Álex Gallar">2</Player>
  </Player>
  <Player cross_lost="1" cross_success="0" jersey_num="11" pass_lost="8" pass_success="27" player_id="97636" player_name="Álex Gallar" position="Midfielder" position_id="3" sub_off="68" x="52.11" y="33.23">
    <Player player_id="109243" player_name="Moi Gómez">4</Player>
    <Player player_id="195457" player_name="Gonzalo Melero">4</Player>
    <Player player_id="89334" player_name="Jorge Miramón">2</Player>
    <Player player_id="103844" player_name="Luisinho">3</Player>
    <Player player_id="76744" player_name="Damián Musto">2</Player>
    <Player player_id="88925" player_name="Jorge Pulido">1</Player>
    <Player player_id="244716" player_name="Juan Camilo Hernández">6</Player>
    <Player player_id="81045" player_name="Samuele Longo">5</Player>
  </Player>
</SoccerFeed>