﻿<?xml version="1.0" encoding="UTF-8"?>
<!-- Copyright 2001-2018 Opta Sportsdata Ltd. All rights reserved. -->
<!-- PRODUCTION HEADER
     produced on:        valde-jobq-a01.nexus.opta.net
     production time:    20181220T091836,696Z
     production module:  Opta::Feed::XML::Soccer::F27
-->
<SoccerFeed act_minute="94" act_period="2" act_second="50" away_team_id="953" away_team_name="Eibar" competition_id="23" competition_name="Spanish La Liga" game_date="2018-09-15 12:00:00" game_id="1009347" home_team_id="175" home_team_name="Atlético de Madrid" season_id="2018" season_name="Season 2018/2019" team_id="953" team_name="Eibar">
  <Player cross_lost="1" cross_success="0" jersey_num="5" pass_lost="2" pass_success="18" player_id="156305" player_name="Gonzalo Escalante" position="Substitute" position_id="5" sub_on="57" x="53.91" y="58.42">
    <Player player_id="195364" player_name="Joan Jordán">4</Player>
    <Player player_id="80791" player_name="Sergi Enrich">1</Player>
    <Player player_id="83578" player_name="Sergio Álvarez">1</Player>
    <Player player_id="87026" player_name="Anaitz Arbilla">1</Player>
    <Player player_id="126290" player_name="Rubén Peña">2</Player>
    <Player player_id="59140" player_name="Cote">4</Player>
    <Player player_id="126510" player_name="Pablo De Blasis">5</Player>
  </Player>
  <Player cross_lost="1" cross_success="1" jersey_num="24" pass_lost="6" pass_success="27" player_id="195364" player_name="Joan Jordán" position="Midfielder" position_id="3" x="56.57" y="38.79">
    <Player player_id="156305" player_name="Gonzalo Escalante">2</Player>
    <Player player_id="80791" player_name="Sergi Enrich">5</Player>
    <Player player_id="175090" player_name="Pere Milla">2</Player>
    <Player player_id="83578" player_name="Sergio Álvarez">3</Player>
    <Player player_id="27672" player_name="Pape Diop">3</Player>
    <Player player_id="126290" player_name="Rubén Peña">7</Player>
    <Player player_id="86349" player_name="Charles">1</Player>
    <Player player_id="59140" player_name="Cote">1</Player>
    <Player cross="1" player_id="126510" player_name="Pablo De Blasis">3</Player>
  </Player>
  <Player cross_lost="0" cross_success="0" jersey_num="1" pass_lost="17" pass_success="12" player_id="94618" player_name="Marko Dmitrovic" position="Goalkeeper" position_id="1" x="9.28" y="52.63">
    <Player player_id="244363" player_name="Marc Cardona">1</Player>
    <Player player_id="80791" player_name="Sergi Enrich">3</Player>
    <Player player_id="175090" player_name="Pere Milla">1</Player>
    <Player player_id="126290" player_name="Rubén Peña">1</Player>
    <Player player_id="87026" player_name="Anaitz Arbilla">1</Player>
    <Player player_id="86349" player_name="Charles">3</Player>
    <Player player_id="87499" player_name="Paulo Oliveira">1</Player>
    <Player player_id="126510" player_name="Pablo De Blasis">1</Player>
  </Player>
  <Player cross_lost="0" cross_success="0" jersey_num="7" pass_lost="1" pass_success="2" player_id="244363" player_name="Marc Cardona" position="Substitute" position_id="5" sub_on="80" x="46.86" y="47.24">
    <Player player_id="156305" player_name="Gonzalo Escalante">1</Player>
    <Player player_id="195364" player_name="Joan Jordán">1</Player>
  </Player>
  <Player cross_lost="0" cross_success="0" jersey_num="9" pass_lost="4" pass_success="17" player_id="80791" player_name="Sergi Enrich" position="Substitute" position_id="5" sub_on="57" x="60.00" y="62.83">
    <Player player_id="195364" player_name="Joan Jordán">2</Player>
    <Player player_id="156305" player_name="Gonzalo Escalante">3</Player>
    <Player player_id="244363" player_name="Marc Cardona">1</Player>
    <Player player_id="27672" player_name="Pape Diop">2</Player>
    <Player player_id="126290" player_name="Rubén Peña">2</Player>
    <Player player_id="59140" player_name="Cote">1</Player>
    <Player player_id="126510" player_name="Pablo De Blasis">5</Player>
  </Player>
  <Player cross_lost="3" cross_success="0" jersey_num="22" pass_lost="10" pass_success="16" player_id="175090" player_name="Pere Milla" position="Midfielder" position_id="3" sub_off="57" x="59.11" y="78.92">
    <Player player_id="195364" player_name="Joan Jordán">4</Player>
    <Player player_id="83578" player_name="Sergio Álvarez">2</Player>
    <Player player_id="27672" player_name="Pape Diop">1</Player>
    <Player player_id="86349" player_name="Charles">2</Player>
    <Player player_id="59140" player_name="Cote">7</Player>
  </Player>
  <Player cross_lost="0" cross_success="0" jersey_num="6" pass_lost="11" pass_success="27" player_id="83578" player_name="Sergio Álvarez" position="Midfielder" position_id="3" x="44.90" y="41.15">
    <Player player_id="156305" player_name="Gonzalo Escalante">2</Player>
    <Player player_id="195364" player_name="Joan Jordán">3</Player>
    <Player player_id="244363" player_name="Marc Cardona">1</Player>
    <Player player_id="175090" player_name="Pere Milla">3</Player>
    <Player player_id="27672" player_name="Pape Diop">1</Player>
    <Player player_id="87026" player_name="Anaitz Arbilla">3</Player>
    <Player player_id="126290" player_name="Rubén Peña">7</Player>
    <Player player_id="59140" player_name="Cote">4</Player>
    <Player player_id="87499" player_name="Paulo Oliveira">1</Player>
    <Player player_id="126510" player_name="Pablo De Blasis">2</Player>
  </Player>
  <Player cross_lost="0" cross_success="0" jersey_num="8" pass_lost="15" pass_success="22" player_id="27672" player_name="Pape Diop" position="Midfielder" position_id="3" sub_off="80" x="50.59" y="48.24">
    <Player player_id="156305" player_name="Gonzalo Escalante">1</Player>
    <Player player_id="195364" player_name="Joan Jordán">4</Player>
    <Player player_id="80791" player_name="Sergi Enrich">2</Player>
    <Player player_id="175090" player_name="Pere Milla">3</Player>
    <Player player_id="83578" player_name="Sergio Álvarez">3</Player>
    <Player player_id="126290" player_name="Rubén Peña">4</Player>
    <Player player_id="87026" player_name="Anaitz Arbilla">2</Player>
    <Player player_id="59140" player_name="Cote">1</Player>
    <Player player_id="126510" player_name="Pablo De Blasis">2</Player>
  </Player>
  <Player cross_lost="0" cross_success="0" jersey_num="23" pass_lost="6" pass_success="30" player_id="87026" player_name="Anaitz Arbilla" position="Defender" position_id="2" x="33.81" y="63.01">
    <Player player_id="94618" player_name="Marko Dmitrovic">2</Player>
    <Player player_id="80791" player_name="Sergi Enrich">1</Player>
    <Player player_id="175090" player_name="Pere Milla">5</Player>
    <Player player_id="27672" player_name="Pape Diop">1</Player>
    <Player player_id="83578" player_name="Sergio Álvarez">2</Player>
    <Player player_id="126290" player_name="Rubén Peña">6</Player>
    <Player player_id="59140" player_name="Cote">8</Player>
    <Player player_id="87499" player_name="Paulo Oliveira">4</Player>
    <Player player_id="126510" player_name="Pablo De Blasis">1</Player>
  </Player>
  <Player cross_lost="1" cross_success="2" jersey_num="11" pass_lost="17" pass_success="39" player_id="126290" player_name="Rubén Peña" position="Defender" position_id="2" x="45.35" y="13.27">
    <Player cross="1" player_id="156305" player_name="Gonzalo Escalante">4</Player>
    <Player cross="1" player_id="195364" player_name="Joan Jordán">6</Player>
    <Player player_id="244363" player_name="Marc Cardona">1</Player>
    <Player player_id="80791" player_name="Sergi Enrich">1</Player>
    <Player player_id="175090" player_name="Pere Milla">1</Player>
    <Player player_id="83578" player_name="Sergio Álvarez">3</Player>
    <Player player_id="87026" player_name="Anaitz Arbilla">4</Player>
    <Player player_id="87499" player_name="Paulo Oliveira">2</Player>
    <Player player_id="94618" player_name="Marko Dmitrovic">1</Player>
    <Player player_id="27672" player_name="Pape Diop">8</Player>
    <Player player_id="86349" player_name="Charles">3</Player>
    <Player player_id="126510" player_name="Pablo De Blasis">5</Player>
  </Player>
  <Player cross_lost="0" cross_success="0" jersey_num="19" pass_lost="2" pass_success="8" player_id="86349" player_name="Charles" position="Forward" position_id="4" sub_off="57" x="57.31" y="42.88">
    <Player player_id="175090" player_name="Pere Milla">1</Player>
    <Player player_id="27672" player_name="Pape Diop">2</Player>
    <Player player_id="83578" player_name="Sergio Álvarez">1</Player>
    <Player player_id="87026" player_name="Anaitz Arbilla">1</Player>
    <Player player_id="59140" player_name="Cote">1</Player>
    <Player player_id="126510" player_name="Pablo De Blasis">2</Player>
  </Player>
  <Player cross_lost="2" cross_success="1" jersey_num="15" pass_lost="8" pass_success="30" player_id="59140" player_name="Cote" position="Defender" position_id="2" x="39.35" y="83.14">
    <Player player_id="156305" player_name="Gonzalo Escalante">1</Player>
    <Player cross="1" player_id="195364" player_name="Joan Jordán">1</Player>
    <Player player_id="80791" player_name="Sergi Enrich">2</Player>
    <Player player_id="175090" player_name="Pere Milla">7</Player>
    <Player player_id="83578" player_name="Sergio Álvarez">4</Player>
    <Player player_id="87026" player_name="Anaitz Arbilla">11</Player>
    <Player player_id="94618" player_name="Marko Dmitrovic">1</Player>
    <Player player_id="126290" player_name="Rubén Peña">1</Player>
    <Player player_id="126510" player_name="Pablo De Blasis">2</Player>
  </Player>
  <Player cross_lost="0" cross_success="0" jersey_num="12" pass_lost="11" pass_success="17" player_id="87499" player_name="Paulo Oliveira" position="Defender" position_id="2" x="28.96" y="40.01">
    <Player player_id="156305" player_name="Gonzalo Escalante">1</Player>
    <Player player_id="94618" player_name="Marko Dmitrovic">2</Player>
    <Player player_id="80791" player_name="Sergi Enrich">1</Player>
    <Player player_id="27672" player_name="Pape Diop">1</Player>
    <Player player_id="83578" player_name="Sergio Álvarez">2</Player>
    <Player player_id="87026" player_name="Anaitz Arbilla">1</Player>
    <Player player_id="126290" player_name="Rubén Peña">6</Player>
    <Player player_id="59140" player_name="Cote">1</Player>
    <Player player_id="126510" player_name="Pablo De Blasis">2</Player>
  </Player>
  <Player cross_lost="4" cross_success="0" jersey_num="16" pass_lost="14" pass_success="22" player_id="126510" player_name="Pablo De Blasis" position="Midfielder" position_id="3" x="55.05" y="54.15">
    <Player player_id="156305" player_name="Gonzalo Escalante">3</Player>
    <Player player_id="195364" player_name="Joan Jordán">1</Player>
    <Player player_id="244363" player_name="Marc Cardona">1</Player>
    <Player player_id="80791" player_name="Sergi Enrich">2</Player>
    <Player player_id="27672" player_name="Pape Diop">3</Player>
    <Player player_id="83578" player_name="Sergio Álvarez">1</Player>
    <Player player_id="126290" player_name="Rubén Peña">4</Player>
    <Player player_id="87026" player_name="Anaitz Arbilla">2</Player>
    <Player player_id="59140" player_name="Cote">4</Player>
    <Player player_id="87499" player_name="Paulo Oliveira">1</Player>
  </Player>
</SoccerFeed>