﻿<?xml version="1.0" encoding="UTF-8"?>
<!-- Copyright 2001-2019 Opta Sportsdata Ltd. All rights reserved. -->
<!-- PRODUCTION HEADER
     produced on:        valde-jobq-a01.nexus.opta.net
     production time:    20190213T190139,791Z
     production module:  Opta::Feed::XML::Soccer::F27
-->
<SoccerFeed act_minute="93" act_period="2" act_second="4" away_team_id="449" away_team_name="Villarreal" competition_id="23" competition_name="Spanish La Liga" game_date="2019-02-08 20:00:00" game_id="1009541" home_team_id="192" home_team_name="Real Valladolid" season_id="2018" season_name="Season 2018/2019" team_id="449" team_name="Villarreal">
  <Player cross_lost="0" cross_success="0" jersey_num="3" pass_lost="8" pass_success="38" player_id="96084" player_name="Álvaro González" position="Defender" position_id="2" x="38.85" y="16.37">
    <Player player_id="19524" player_name="Santi Cazorla">2</Player>
    <Player player_id="48772" player_name="Sergio Asenjo">2</Player>
    <Player player_id="93721" player_name="Gerard Moreno">3</Player>
    <Player player_id="54513" player_name="Vicente Iborra">9</Player>
    <Player player_id="208380" player_name="Alfonso Pedraza">1</Player>
    <Player player_id="7261" player_name="Daniele Bonera">16</Player>
    <Player player_id="220162" player_name="Miguelón">4</Player>
    <Player player_id="193454" player_name="Karl Toko Ekambi">1</Player>
  </Player>
  <Player cross_lost="4" cross_success="0" jersey_num="19" pass_lost="8" pass_success="48" player_id="19524" player_name="Santi Cazorla" position="Midfielder" position_id="3" x="46.84" y="67.28">
    <Player player_id="96084" player_name="Álvaro González">6</Player>
    <Player player_id="93721" player_name="Gerard Moreno">5</Player>
    <Player player_id="54513" player_name="Vicente Iborra">3</Player>
    <Player player_id="217593" player_name="Pablo Fornals">2</Player>
    <Player player_id="208380" player_name="Alfonso Pedraza">9</Player>
    <Player player_id="7261" player_name="Daniele Bonera">8</Player>
    <Player player_id="220162" player_name="Miguelón">4</Player>
    <Player player_id="193454" player_name="Karl Toko Ekambi">2</Player>
    <Player player_id="121221" player_name="Ramiro Funes Mori">9</Player>
  </Player>
  <Player cross_lost="0" cross_success="0" jersey_num="1" pass_lost="9" pass_success="19" player_id="48772" player_name="Sergio Asenjo" position="Goalkeeper" position_id="1" x="7.13" y="46.32">
    <Player player_id="96084" player_name="Álvaro González">2</Player>
    <Player player_id="19524" player_name="Santi Cazorla">2</Player>
    <Player player_id="93721" player_name="Gerard Moreno">7</Player>
    <Player player_id="217593" player_name="Pablo Fornals">1</Player>
    <Player player_id="208380" player_name="Alfonso Pedraza">3</Player>
    <Player player_id="220162" player_name="Miguelón">1</Player>
    <Player player_id="121221" player_name="Ramiro Funes Mori">3</Player>
  </Player>
  <Player cross_lost="0" cross_success="0" jersey_num="9" pass_lost="3" pass_success="1" player_id="111274" player_name="Carlos Bacca" position="Substitute" position_id="5" sub_on="72" x="49.71" y="65.03">
    <Player player_id="96084" player_name="Álvaro González">1</Player>
  </Player>
  <Player cross_lost="0" cross_success="0" jersey_num="7" pass_lost="8" pass_success="27" player_id="93721" player_name="Gerard Moreno" position="Forward" position_id="4" x="56.17" y="39.42">
    <Player player_id="96084" player_name="Álvaro González">1</Player>
    <Player player_id="19524" player_name="Santi Cazorla">1</Player>
    <Player player_id="54513" player_name="Vicente Iborra">4</Player>
    <Player player_id="217593" player_name="Pablo Fornals">3</Player>
    <Player player_id="208380" player_name="Alfonso Pedraza">10</Player>
    <Player player_id="7261" player_name="Daniele Bonera">1</Player>
    <Player player_id="220162" player_name="Miguelón">5</Player>
    <Player player_id="121221" player_name="Ramiro Funes Mori">1</Player>
    <Player player_id="218328" player_name="Samuel Chukwueze">1</Player>
  </Player>
  <Player cross_lost="1" cross_success="0" jersey_num="10" pass_lost="11" pass_success="34" player_id="54513" player_name="Vicente Iborra" position="Midfielder" position_id="3" x="45.91" y="49.55">
    <Player player_id="96084" player_name="Álvaro González">3</Player>
    <Player player_id="19524" player_name="Santi Cazorla">8</Player>
    <Player player_id="93721" player_name="Gerard Moreno">2</Player>
    <Player player_id="7261" player_name="Daniele Bonera">4</Player>
    <Player player_id="217593" player_name="Pablo Fornals">3</Player>
    <Player player_id="208380" player_name="Alfonso Pedraza">2</Player>
    <Player player_id="220162" player_name="Miguelón">6</Player>
    <Player player_id="193454" player_name="Karl Toko Ekambi">1</Player>
    <Player player_id="121221" player_name="Ramiro Funes Mori">5</Player>
  </Player>
  <Player cross_lost="0" cross_success="0" jersey_num="8" pass_lost="3" pass_success="24" player_id="217593" player_name="Pablo Fornals" position="Midfielder" position_id="3" sub_off="72" x="54.32" y="59.80">
    <Player player_id="96084" player_name="Álvaro González">2</Player>
    <Player player_id="19524" player_name="Santi Cazorla">4</Player>
    <Player player_id="93721" player_name="Gerard Moreno">4</Player>
    <Player player_id="54513" player_name="Vicente Iborra">4</Player>
    <Player player_id="208380" player_name="Alfonso Pedraza">2</Player>
    <Player player_id="7261" player_name="Daniele Bonera">2</Player>
    <Player player_id="220162" player_name="Miguelón">1</Player>
    <Player player_id="121221" player_name="Ramiro Funes Mori">1</Player>
    <Player player_id="193454" player_name="Karl Toko Ekambi">4</Player>
  </Player>
  <Player cross_lost="0" cross_success="0" jersey_num="23" pass_lost="4" pass_success="43" player_id="7261" player_name="Daniele Bonera" position="Defender" position_id="2" sub_off="88" x="34.31" y="46.58">
    <Player player_id="96084" player_name="Álvaro González">6</Player>
    <Player player_id="19524" player_name="Santi Cazorla">12</Player>
    <Player player_id="93721" player_name="Gerard Moreno">3</Player>
    <Player player_id="208380" player_name="Alfonso Pedraza">1</Player>
    <Player player_id="217593" player_name="Pablo Fornals">4</Player>
    <Player player_id="220162" player_name="Miguelón">4</Player>
    <Player player_id="193454" player_name="Karl Toko Ekambi">1</Player>
    <Player player_id="121221" player_name="Ramiro Funes Mori">12</Player>
  </Player>
  <Player cross_lost="5" cross_success="2" jersey_num="16" pass_lost="12" pass_success="20" player_id="208380" player_name="Alfonso Pedraza" position="Midfielder" position_id="3" x="49.24" y="86.72">
    <Player player_id="19524" player_name="Santi Cazorla">4</Player>
    <Player player_id="111274" player_name="Carlos Bacca">1</Player>
    <Player player_id="93721" player_name="Gerard Moreno">3</Player>
    <Player player_id="54513" player_name="Vicente Iborra">2</Player>
    <Player player_id="217593" player_name="Pablo Fornals">4</Player>
    <Player cross="2" player_id="220162" player_name="Miguelón">0</Player>
    <Player player_id="121221" player_name="Ramiro Funes Mori">1</Player>
    <Player player_id="193454" player_name="Karl Toko Ekambi">4</Player>
    <Player player_id="58792" player_name="Jaume Costa">1</Player>
  </Player>
  <Player cross_lost="2" cross_success="1" jersey_num="15" pass_lost="10" pass_success="17" player_id="220162" player_name="Miguelón" position="Midfielder" position_id="3" x="44.83" y="13.15">
    <Player player_id="96084" player_name="Álvaro González">7</Player>
    <Player player_id="19524" player_name="Santi Cazorla">2</Player>
    <Player player_id="48772" player_name="Sergio Asenjo">1</Player>
    <Player player_id="93721" player_name="Gerard Moreno">1</Player>
    <Player player_id="54513" player_name="Vicente Iborra">2</Player>
    <Player player_id="217593" player_name="Pablo Fornals">2</Player>
    <Player cross="1" player_id="193454" player_name="Karl Toko Ekambi">1</Player>
    <Player player_id="218328" player_name="Samuel Chukwueze">1</Player>
  </Player>
  <Player cross_lost="1" cross_success="1" jersey_num="17" pass_lost="1" pass_success="8" player_id="193454" player_name="Karl Toko Ekambi" position="Forward" position_id="4" sub_off="81" x="68.22" y="58.83">
    <Player player_id="19524" player_name="Santi Cazorla">2</Player>
    <Player cross="1" player_id="93721" player_name="Gerard Moreno">2</Player>
    <Player player_id="208380" player_name="Alfonso Pedraza">2</Player>
    <Player player_id="217593" player_name="Pablo Fornals">1</Player>
    <Player player_id="220162" player_name="Miguelón">1</Player>
  </Player>
  <Player cross_lost="1" cross_success="0" jersey_num="4" pass_lost="9" pass_success="42" player_id="121221" player_name="Ramiro Funes Mori" position="Defender" position_id="2" x="33.85" y="74.82">
    <Player player_id="96084" player_name="Álvaro González">5</Player>
    <Player player_id="19524" player_name="Santi Cazorla">12</Player>
    <Player player_id="48772" player_name="Sergio Asenjo">4</Player>
    <Player player_id="93721" player_name="Gerard Moreno">1</Player>
    <Player player_id="54513" player_name="Vicente Iborra">3</Player>
    <Player player_id="217593" player_name="Pablo Fornals">1</Player>
    <Player player_id="7261" player_name="Daniele Bonera">10</Player>
    <Player player_id="208380" player_name="Alfonso Pedraza">5</Player>
    <Player player_id="218328" player_name="Samuel Chukwueze">1</Player>
  </Player>
  <Player cross_lost="0" cross_success="0" jersey_num="11" pass_lost="3" pass_success="1" player_id="58792" player_name="Jaume Costa" position="Substitute" position_id="5" sub_on="88" x="50.85" y="86.50">
    <Player player_id="121221" player_name="Ramiro Funes Mori">1</Player>
  </Player>
  <Player cross_lost="0" cross_success="0" jersey_num="30" pass_lost="2" pass_success="0" player_id="218328" player_name="Samuel Chukwueze" position="Substitute" position_id="5" sub_on="81" x="56.20" y="19.47" />
</SoccerFeed>