﻿<?xml version="1.0" encoding="UTF-8"?>
<!-- Copyright 2001-2018 Opta Sportsdata Ltd. All rights reserved. -->
<!-- PRODUCTION HEADER
     produced on:        valde-jobq-a01.nexus.opta.net
     production time:    20181129T165055,908Z
     production module:  Opta::Feed::XML::Soccer::F27
-->
<SoccerFeed act_minute="95" act_period="2" act_second="3" away_team_id="175" away_team_name="Atlético de Madrid" competition_id="23" competition_name="Spanish La Liga" game_date="2018-09-22 17:30:00" game_id="1009363" home_team_id="1450" home_team_name="Getafe" season_id="2018" season_name="Season 2018/2019" team_id="1450" team_name="Getafe">
  <Player cross_lost="0" cross_success="0" jersey_num="8" pass_lost="11" pass_success="34" player_id="80795" player_name="Francisco Portillo" position="Midfielder" position_id="3" x="57.86" y="23.68">
    <Player player_id="56419" player_name="Ángel Rodríguez">9</Player>
    <Player player_id="98976" player_name="Bruno González">1</Player>
    <Player player_id="76555" player_name="Jorge Molina">2</Player>
    <Player player_id="99005" player_name="Damián Suárez">10</Player>
    <Player player_id="149838" player_name="Djené Dakonam">1</Player>
    <Player player_id="89850" player_name="Sergi Guardiola">1</Player>
    <Player player_id="171222" player_name="Mauro Arambarri">10</Player>
  </Player>
  <Player cross_lost="0" cross_success="0" jersey_num="11" pass_lost="3" pass_success="8" player_id="225463" player_name="Amath Ndiaye" position="Midfielder" position_id="3" sub_off="63" x="66.10" y="66.96">
    <Player player_id="56419" player_name="Ángel Rodríguez">1</Player>
    <Player player_id="149838" player_name="Djené Dakonam">6</Player>
    <Player player_id="39621" player_name="Vitorino Antunes">1</Player>
  </Player>
  <Player cross_lost="0" cross_success="0" jersey_num="13" pass_lost="12" pass_success="14" player_id="175204" player_name="David Soria" position="Goalkeeper" position_id="1" x="12.67" y="49.64">
    <Player player_id="80795" player_name="Francisco Portillo">1</Player>
    <Player player_id="225463" player_name="Amath Ndiaye">1</Player>
    <Player player_id="56419" player_name="Ángel Rodríguez">3</Player>
    <Player player_id="64662" player_name="Leandro Cabrera">1</Player>
    <Player player_id="98976" player_name="Bruno González">1</Player>
    <Player player_id="76555" player_name="Jorge Molina">2</Player>
    <Player player_id="99005" player_name="Damián Suárez">2</Player>
    <Player player_id="151978" player_name="Sebastián Cristóforo">1</Player>
    <Player player_id="89850" player_name="Sergi Guardiola">1</Player>
    <Player player_id="39621" player_name="Vitorino Antunes">1</Player>
  </Player>
  <Player cross_lost="2" cross_success="1" jersey_num="9" pass_lost="5" pass_success="16" player_id="56419" player_name="Ángel Rodríguez" position="Forward" position_id="4" x="67.85" y="45.45">
    <Player player_id="80795" player_name="Francisco Portillo">3</Player>
    <Player player_id="225463" player_name="Amath Ndiaye">2</Player>
    <Player player_id="64662" player_name="Leandro Cabrera">2</Player>
    <Player player_id="99005" player_name="Damián Suárez">1</Player>
    <Player cross="1" player_id="76555" player_name="Jorge Molina">5</Player>
    <Player player_id="149838" player_name="Djené Dakonam">1</Player>
    <Player player_id="89850" player_name="Sergi Guardiola">1</Player>
    <Player player_id="39621" player_name="Vitorino Antunes">1</Player>
  </Player>
  <Player cross_lost="0" cross_success="0" jersey_num="6" pass_lost="10" pass_success="38" player_id="64662" player_name="Leandro Cabrera" position="Defender" position_id="2" x="38.00" y="65.49">
    <Player player_id="80795" player_name="Francisco Portillo">1</Player>
    <Player player_id="225463" player_name="Amath Ndiaye">2</Player>
    <Player player_id="56419" player_name="Ángel Rodríguez">3</Player>
    <Player player_id="98976" player_name="Bruno González">5</Player>
    <Player player_id="76555" player_name="Jorge Molina">1</Player>
    <Player player_id="99005" player_name="Damián Suárez">7</Player>
    <Player player_id="149838" player_name="Djené Dakonam">3</Player>
    <Player player_id="39621" player_name="Vitorino Antunes">14</Player>
    <Player player_id="171222" player_name="Mauro Arambarri">2</Player>
  </Player>
  <Player cross_lost="0" cross_success="0" jersey_num="4" pass_lost="15" pass_success="30" player_id="98976" player_name="Bruno González" position="Defender" position_id="2" x="35.35" y="32.94">
    <Player player_id="80795" player_name="Francisco Portillo">2</Player>
    <Player player_id="175204" player_name="David Soria">3</Player>
    <Player player_id="64662" player_name="Leandro Cabrera">9</Player>
    <Player player_id="76555" player_name="Jorge Molina">1</Player>
    <Player player_id="99005" player_name="Damián Suárez">12</Player>
    <Player player_id="89850" player_name="Sergi Guardiola">1</Player>
    <Player player_id="39621" player_name="Vitorino Antunes">2</Player>
  </Player>
  <Player cross_lost="2" cross_success="0" jersey_num="22" pass_lost="13" pass_success="49" player_id="99005" player_name="Damián Suárez" position="Defender" position_id="2" x="49.11" y="15.28">
    <Player player_id="175204" player_name="David Soria">5</Player>
    <Player player_id="56419" player_name="Ángel Rodríguez">4</Player>
    <Player player_id="39621" player_name="Vitorino Antunes">4</Player>
    <Player player_id="171222" player_name="Mauro Arambarri">4</Player>
    <Player player_id="80795" player_name="Francisco Portillo">16</Player>
    <Player player_id="225463" player_name="Amath Ndiaye">2</Player>
    <Player player_id="98976" player_name="Bruno González">3</Player>
    <Player player_id="64662" player_name="Leandro Cabrera">3</Player>
    <Player player_id="76555" player_name="Jorge Molina">4</Player>
    <Player player_id="149838" player_name="Djené Dakonam">1</Player>
    <Player player_id="89850" player_name="Sergi Guardiola">1</Player>
    <Player player_id="179926" player_name="Iván Alejo">2</Player>
  </Player>
  <Player cross_lost="0" cross_success="0" jersey_num="19" pass_lost="7" pass_success="13" player_id="76555" player_name="Jorge Molina" position="Forward" position_id="4" sub_off="70" x="71.65" y="43.52">
    <Player player_id="80795" player_name="Francisco Portillo">3</Player>
    <Player player_id="225463" player_name="Amath Ndiaye">2</Player>
    <Player player_id="56419" player_name="Ángel Rodríguez">2</Player>
    <Player player_id="64662" player_name="Leandro Cabrera">1</Player>
    <Player player_id="99005" player_name="Damián Suárez">1</Player>
    <Player player_id="149838" player_name="Djené Dakonam">1</Player>
    <Player player_id="179926" player_name="Iván Alejo">1</Player>
    <Player player_id="171222" player_name="Mauro Arambarri">2</Player>
  </Player>
  <Player cross_lost="0" cross_success="0" jersey_num="15" pass_lost="0" pass_success="3" player_id="151978" player_name="Sebastián Cristóforo" position="Substitute" position_id="5" sub_on="78" x="40.19" y="48.67">
    <Player player_id="80795" player_name="Francisco Portillo">1</Player>
    <Player player_id="175204" player_name="David Soria">1</Player>
    <Player player_id="99005" player_name="Damián Suárez">1</Player>
  </Player>
  <Player cross_lost="0" cross_success="1" jersey_num="2" pass_lost="7" pass_success="24" player_id="149838" player_name="Djené Dakonam" position="Midfielder" position_id="3" sub_off="78" x="58.48" y="62.21">
    <Player cross="1" player_id="56419" player_name="Ángel Rodríguez">0</Player>
    <Player player_id="39621" player_name="Vitorino Antunes">7</Player>
    <Player player_id="171222" player_name="Mauro Arambarri">2</Player>
    <Player player_id="80795" player_name="Francisco Portillo">5</Player>
    <Player player_id="64662" player_name="Leandro Cabrera">2</Player>
    <Player player_id="98976" player_name="Bruno González">1</Player>
    <Player player_id="76555" player_name="Jorge Molina">2</Player>
    <Player player_id="99005" player_name="Damián Suárez">4</Player>
    <Player player_id="89850" player_name="Sergi Guardiola">1</Player>
  </Player>
  <Player cross_lost="2" cross_success="0" jersey_num="14" pass_lost="3" pass_success="2" player_id="89850" player_name="Sergi Guardiola" position="Substitute" position_id="5" sub_on="70" x="72.76" y="57.41">
    <Player player_id="80795" player_name="Francisco Portillo">1</Player>
    <Player player_id="39621" player_name="Vitorino Antunes">1</Player>
  </Player>
  <Player cross_lost="4" cross_success="2" jersey_num="3" pass_lost="7" pass_success="32" player_id="39621" player_name="Vitorino Antunes" position="Defender" position_id="2" x="55.59" y="82.65">
    <Player player_id="175204" player_name="David Soria">1</Player>
    <Player cross="1" player_id="56419" player_name="Ángel Rodríguez">2</Player>
    <Player player_id="171222" player_name="Mauro Arambarri">2</Player>
    <Player player_id="80795" player_name="Francisco Portillo">4</Player>
    <Player player_id="225463" player_name="Amath Ndiaye">3</Player>
    <Player player_id="64662" player_name="Leandro Cabrera">7</Player>
    <Player player_id="98976" player_name="Bruno González">1</Player>
    <Player cross="1" player_id="76555" player_name="Jorge Molina">1</Player>
    <Player player_id="99005" player_name="Damián Suárez">2</Player>
    <Player player_id="151978" player_name="Sebastián Cristóforo">1</Player>
    <Player player_id="149838" player_name="Djené Dakonam">5</Player>
    <Player player_id="89850" player_name="Sergi Guardiola">3</Player>
  </Player>
  <Player cross_lost="0" cross_success="0" jersey_num="23" pass_lost="0" pass_success="1" player_id="179926" player_name="Iván Alejo" position="Substitute" position_id="5" sent_off="67" sub_on="63" x="58.83" y="8.24">
    <Player player_id="98976" player_name="Bruno González">1</Player>
  </Player>
  <Player cross_lost="1" cross_success="0" jersey_num="18" pass_lost="10" pass_success="31" player_id="171222" player_name="Mauro Arambarri" position="Midfielder" position_id="3" x="50.43" y="32.01">
    <Player player_id="80795" player_name="Francisco Portillo">5</Player>
    <Player player_id="56419" player_name="Ángel Rodríguez">3</Player>
    <Player player_id="64662" player_name="Leandro Cabrera">4</Player>
    <Player player_id="98976" player_name="Bruno González">4</Player>
    <Player player_id="76555" player_name="Jorge Molina">1</Player>
    <Player player_id="99005" player_name="Damián Suárez">4</Player>
    <Player player_id="149838" player_name="Djené Dakonam">1</Player>
    <Player player_id="39621" player_name="Vitorino Antunes">8</Player>
    <Player player_id="179926" player_name="Iván Alejo">1</Player>
  </Player>
</SoccerFeed>