﻿<?xml version="1.0" encoding="UTF-8"?>
<!-- Copyright 2001-2018 Opta Sportsdata Ltd. All rights reserved. -->
<!-- PRODUCTION HEADER
     produced on:        valde-jobq-a03.nexus.opta.net
     production time:    20181113T151743,778Z
     production module:  Opta::Feed::XML::Soccer::F27
-->
<SoccerFeed act_minute="95" act_period="2" act_second="0" away_team_id="449" away_team_name="Villarreal" competition_id="23" competition_name="Spanish La Liga" game_date="2018-11-11 17:30:00" game_id="1009432" home_team_id="184" home_team_name="Rayo Vallecano" season_id="2018" season_name="Season 2018/2019" team_id="449" team_name="Villarreal">
  <Player cross_lost="0" cross_success="0" jersey_num="3" pass_lost="9" pass_success="26" player_id="96084" player_name="Álvaro González" position="Defender" position_id="2" sent_off="90+2" x="35.47" y="33.65">
    <Player player_id="241160" player_name="Santiago Cáseres">6</Player>
    <Player player_id="98961" player_name="Manu Trigueros">4</Player>
    <Player player_id="220162" player_name="Miguelón">4</Player>
    <Player player_id="193454" player_name="Karl Toko Ekambi">1</Player>
    <Player player_id="81033" player_name="Nicola Sansone">1</Player>
    <Player player_id="121221" player_name="Ramiro Funes Mori">3</Player>
    <Player player_id="58792" player_name="Jaume Costa">3</Player>
    <Player player_id="218328" player_name="Samuel Chukwueze">4</Player>
  </Player>
  <Player cross_lost="1" cross_success="0" jersey_num="19" pass_lost="0" pass_success="8" player_id="19524" player_name="Santi Cazorla" position="Substitute" position_id="5" sub_on="81" x="60.11" y="70.61">
    <Player player_id="96084" player_name="Álvaro González">1</Player>
    <Player player_id="241160" player_name="Santiago Cáseres">1</Player>
    <Player player_id="98961" player_name="Manu Trigueros">1</Player>
    <Player player_id="208380" player_name="Alfonso Pedraza">4</Player>
    <Player player_id="81033" player_name="Nicola Sansone">1</Player>
  </Player>
  <Player cross_lost="0" cross_success="0" jersey_num="5" pass_lost="8" pass_success="39" player_id="241160" player_name="Santiago Cáseres" position="Midfielder" position_id="3" x="47.02" y="50.07">
    <Player player_id="96084" player_name="Álvaro González">3</Player>
    <Player player_id="19524" player_name="Santi Cazorla">1</Player>
    <Player player_id="241160" player_name="Santiago Cáseres">1</Player>
    <Player player_id="98961" player_name="Manu Trigueros">11</Player>
    <Player player_id="93721" player_name="Gerard Moreno">1</Player>
    <Player player_id="220162" player_name="Miguelón">5</Player>
    <Player player_id="81033" player_name="Nicola Sansone">1</Player>
    <Player player_id="193454" player_name="Karl Toko Ekambi">4</Player>
    <Player player_id="121221" player_name="Ramiro Funes Mori">5</Player>
    <Player player_id="218328" player_name="Samuel Chukwueze">1</Player>
    <Player player_id="58792" player_name="Jaume Costa">6</Player>
  </Player>
  <Player cross_lost="0" cross_success="0" jersey_num="1" pass_lost="8" pass_success="14" player_id="48772" player_name="Sergio Asenjo" position="Goalkeeper" position_id="1" x="7.11" y="48.03">
    <Player player_id="96084" player_name="Álvaro González">3</Player>
    <Player player_id="98961" player_name="Manu Trigueros">1</Player>
    <Player player_id="220162" player_name="Miguelón">3</Player>
    <Player player_id="81033" player_name="Nicola Sansone">1</Player>
    <Player player_id="193454" player_name="Karl Toko Ekambi">1</Player>
    <Player player_id="121221" player_name="Ramiro Funes Mori">5</Player>
  </Player>
  <Player cross_lost="3" cross_success="0" jersey_num="14" pass_lost="10" pass_success="52" player_id="98961" player_name="Manu Trigueros" position="Midfielder" position_id="3" x="46.09" y="57.11">
    <Player player_id="93721" player_name="Gerard Moreno">2</Player>
    <Player player_id="217593" player_name="Pablo Fornals">6</Player>
    <Player player_id="220162" player_name="Miguelón">4</Player>
    <Player player_id="81033" player_name="Nicola Sansone">2</Player>
    <Player player_id="193454" player_name="Karl Toko Ekambi">4</Player>
    <Player player_id="58792" player_name="Jaume Costa">10</Player>
    <Player player_id="218328" player_name="Samuel Chukwueze">5</Player>
    <Player player_id="96084" player_name="Álvaro González">3</Player>
    <Player player_id="19524" player_name="Santi Cazorla">2</Player>
    <Player player_id="241160" player_name="Santiago Cáseres">3</Player>
    <Player player_id="208380" player_name="Alfonso Pedraza">5</Player>
    <Player player_id="121221" player_name="Ramiro Funes Mori">6</Player>
  </Player>
  <Player cross_lost="1" cross_success="0" jersey_num="7" pass_lost="5" pass_success="7" player_id="93721" player_name="Gerard Moreno" position="Forward" position_id="4" sub_off="59" x="55.61" y="44.33">
    <Player player_id="96084" player_name="Álvaro González">1</Player>
    <Player player_id="241160" player_name="Santiago Cáseres">1</Player>
    <Player player_id="217593" player_name="Pablo Fornals">2</Player>
    <Player player_id="193454" player_name="Karl Toko Ekambi">1</Player>
    <Player player_id="58792" player_name="Jaume Costa">2</Player>
  </Player>
  <Player cross_lost="1" cross_success="2" jersey_num="16" pass_lost="1" pass_success="6" player_id="208380" player_name="Alfonso Pedraza" position="Substitute" position_id="5" sub_on="59" x="62.82" y="80.79">
    <Player player_id="19524" player_name="Santi Cazorla">1</Player>
    <Player player_id="98961" player_name="Manu Trigueros">3</Player>
    <Player player_id="217593" player_name="Pablo Fornals">1</Player>
    <Player cross="1" player_id="81033" player_name="Nicola Sansone">1</Player>
    <Player cross="1" player_id="193454" player_name="Karl Toko Ekambi">0</Player>
  </Player>
  <Player cross_lost="1" cross_success="0" jersey_num="8" pass_lost="8" pass_success="23" player_id="217593" player_name="Pablo Fornals" position="Midfielder" position_id="3" sub_off="81" x="54.47" y="64.26">
    <Player player_id="98961" player_name="Manu Trigueros">3</Player>
    <Player player_id="93721" player_name="Gerard Moreno">2</Player>
    <Player player_id="220162" player_name="Miguelón">2</Player>
    <Player player_id="81033" player_name="Nicola Sansone">2</Player>
    <Player player_id="193454" player_name="Karl Toko Ekambi">1</Player>
    <Player player_id="218328" player_name="Samuel Chukwueze">1</Player>
    <Player player_id="58792" player_name="Jaume Costa">4</Player>
    <Player player_id="96084" player_name="Álvaro González">3</Player>
    <Player player_id="241160" player_name="Santiago Cáseres">4</Player>
    <Player player_id="121221" player_name="Ramiro Funes Mori">1</Player>
  </Player>
  <Player cross_lost="3" cross_success="0" jersey_num="15" pass_lost="2" pass_success="22" player_id="220162" player_name="Miguelón" position="Defender" position_id="2" x="39.63" y="17.86">
    <Player player_id="96084" player_name="Álvaro González">4</Player>
    <Player player_id="241160" player_name="Santiago Cáseres">3</Player>
    <Player player_id="98961" player_name="Manu Trigueros">2</Player>
    <Player player_id="93721" player_name="Gerard Moreno">2</Player>
    <Player player_id="217593" player_name="Pablo Fornals">2</Player>
    <Player player_id="218328" player_name="Samuel Chukwueze">9</Player>
  </Player>
  <Player cross_lost="1" cross_success="0" jersey_num="10" pass_lost="0" pass_success="4" player_id="81033" player_name="Nicola Sansone" position="Substitute" position_id="5" sub_on="73" x="57.95" y="68.01">
    <Player player_id="98961" player_name="Manu Trigueros">2</Player>
    <Player player_id="208380" player_name="Alfonso Pedraza">1</Player>
    <Player player_id="121221" player_name="Ramiro Funes Mori">1</Player>
  </Player>
  <Player cross_lost="0" cross_success="0" jersey_num="17" pass_lost="7" pass_success="12" player_id="193454" player_name="Karl Toko Ekambi" position="Forward" position_id="4" x="66.02" y="64.69">
    <Player player_id="241160" player_name="Santiago Cáseres">2</Player>
    <Player player_id="98961" player_name="Manu Trigueros">3</Player>
    <Player player_id="217593" player_name="Pablo Fornals">4</Player>
    <Player player_id="58792" player_name="Jaume Costa">1</Player>
    <Player player_id="218328" player_name="Samuel Chukwueze">2</Player>
  </Player>
  <Player cross_lost="0" cross_success="0" jersey_num="4" pass_lost="2" pass_success="34" player_id="121221" player_name="Ramiro Funes Mori" position="Defender" position_id="2" x="29.29" y="63.23">
    <Player player_id="96084" player_name="Álvaro González">5</Player>
    <Player player_id="19524" player_name="Santi Cazorla">2</Player>
    <Player player_id="241160" player_name="Santiago Cáseres">6</Player>
    <Player player_id="48772" player_name="Sergio Asenjo">2</Player>
    <Player player_id="98961" player_name="Manu Trigueros">6</Player>
    <Player player_id="93721" player_name="Gerard Moreno">1</Player>
    <Player player_id="217593" player_name="Pablo Fornals">2</Player>
    <Player player_id="220162" player_name="Miguelón">1</Player>
    <Player player_id="193454" player_name="Karl Toko Ekambi">1</Player>
    <Player player_id="218328" player_name="Samuel Chukwueze">2</Player>
    <Player player_id="58792" player_name="Jaume Costa">6</Player>
  </Player>
  <Player cross_lost="2" cross_success="0" jersey_num="11" pass_lost="5" pass_success="28" player_id="58792" player_name="Jaume Costa" position="Defender" position_id="2" sub_off="73" x="48.86" y="87.55">
    <Player player_id="241160" player_name="Santiago Cáseres">2</Player>
    <Player player_id="48772" player_name="Sergio Asenjo">1</Player>
    <Player player_id="98961" player_name="Manu Trigueros">9</Player>
    <Player player_id="208380" player_name="Alfonso Pedraza">2</Player>
    <Player player_id="217593" player_name="Pablo Fornals">6</Player>
    <Player player_id="193454" player_name="Karl Toko Ekambi">3</Player>
    <Player player_id="121221" player_name="Ramiro Funes Mori">5</Player>
  </Player>
  <Player cross_lost="1" cross_success="0" jersey_num="30" pass_lost="2" pass_success="19" player_id="218328" player_name="Samuel Chukwueze" position="Midfielder" position_id="3" x="59.21" y="25.49">
    <Player player_id="96084" player_name="Álvaro González">1</Player>
    <Player player_id="19524" player_name="Santi Cazorla">1</Player>
    <Player player_id="241160" player_name="Santiago Cáseres">4</Player>
    <Player player_id="98961" player_name="Manu Trigueros">5</Player>
    <Player player_id="93721" player_name="Gerard Moreno">2</Player>
    <Player player_id="217593" player_name="Pablo Fornals">3</Player>
    <Player player_id="220162" player_name="Miguelón">1</Player>
    <Player player_id="121221" player_name="Ramiro Funes Mori">1</Player>
    <Player player_id="193454" player_name="Karl Toko Ekambi">1</Player>
  </Player>
</SoccerFeed>