﻿<?xml version="1.0" encoding="UTF-8"?>
<!-- Copyright 2001-2018 Opta Sportsdata Ltd. All rights reserved. -->
<!-- PRODUCTION HEADER
     produced on:        valde-jobq-a03.nexus.opta.net
     production time:    20180904T183711,236Z
     production module:  Opta::Feed::XML::Soccer::F27
-->
<SoccerFeed act_minute="94" act_period="2" act_second="0" away_team_id="188" away_team_name="Real Sociedad" competition_id="23" competition_name="Spanish La Liga" game_date="2018-08-31 21:00:00" game_id="1009339" home_team_id="953" home_team_name="Eibar" season_id="2018" season_name="Season 2018/2019" team_id="188" team_name="Real Sociedad">
  <Player cross_lost="0" cross_success="0" jersey_num="21" pass_lost="10" pass_success="11" player_id="201182" player_name="Jon Bautista" position="Substitute" position_id="5" sub_on="18" x="58.52" y="58.07">
    <Player player_id="84086" player_name="Asier Illarramendi">2</Player>
    <Player player_id="219000" player_name="Mikel Oyarzabal">3</Player>
    <Player player_id="80287" player_name="Juanmi">3</Player>
    <Player player_id="98821" player_name="Joseba Zaldua">1</Player>
    <Player player_id="201179" player_name="Luca Sangalli">1</Player>
    <Player player_id="216475" player_name="Igor Zubeldia">1</Player>
  </Player>
  <Player cross_lost="2" cross_success="1" jersey_num="4" pass_lost="15" pass_success="23" player_id="84086" player_name="Asier Illarramendi" position="Midfielder" position_id="3" sub_off="85" x="35.75" y="40.96">
    <Player player_id="84086" player_name="Asier Illarramendi">1</Player>
    <Player cross="1" player_id="200957" player_name="Aritz Elustondo">5</Player>
    <Player player_id="222784" player_name="Theo Hernández">3</Player>
    <Player player_id="80287" player_name="Juanmi">1</Player>
    <Player player_id="98821" player_name="Joseba Zaldua">8</Player>
    <Player player_id="201179" player_name="Luca Sangalli">4</Player>
    <Player player_id="216475" player_name="Igor Zubeldia">1</Player>
  </Player>
  <Player cross_lost="0" cross_success="0" jersey_num="10" pass_lost="13" pass_success="10" player_id="219000" player_name="Mikel Oyarzabal" position="Midfielder" position_id="3" x="50.82" y="79.01">
    <Player player_id="84086" player_name="Asier Illarramendi">1</Player>
    <Player player_id="201182" player_name="Jon Bautista">4</Player>
    <Player player_id="222784" player_name="Theo Hernández">1</Player>
    <Player player_id="80287" player_name="Juanmi">2</Player>
    <Player player_id="216475" player_name="Igor Zubeldia">1</Player>
  </Player>
  <Player cross_lost="0" cross_success="0" injury="89" jersey_num="16" pass_lost="0" pass_success="0" player_id="201177" player_name="Martín Merquelanz" position="Substitute" position_id="5" sub_on="85" x="66.50" y="93.50" />
  <Player cross_lost="0" cross_success="0" jersey_num="15" pass_lost="14" pass_success="22" player_id="200957" player_name="Aritz Elustondo" position="Defender" position_id="2" x="26.88" y="36.74">
    <Player player_id="201182" player_name="Jon Bautista">2</Player>
    <Player player_id="84086" player_name="Asier Illarramendi">2</Player>
    <Player player_id="222784" player_name="Theo Hernández">1</Player>
    <Player player_id="54371" player_name="David Zurutuza">2</Player>
    <Player player_id="80287" player_name="Juanmi">1</Player>
    <Player player_id="98821" player_name="Joseba Zaldua">6</Player>
    <Player player_id="201179" player_name="Luca Sangalli">2</Player>
    <Player player_id="49656" player_name="Héctor Moreno">3</Player>
    <Player player_id="216475" player_name="Igor Zubeldia">1</Player>
    <Player player_id="106921" player_name="Gerónimo Rulli">2</Player>
  </Player>
  <Player cross_lost="1" cross_success="0" jersey_num="19" pass_lost="11" pass_success="16" player_id="222784" player_name="Theo Hernández" position="Defender" position_id="2" x="39.49" y="84.31">
    <Player player_id="201182" player_name="Jon Bautista">1</Player>
    <Player player_id="84086" player_name="Asier Illarramendi">1</Player>
    <Player player_id="219000" player_name="Mikel Oyarzabal">3</Player>
    <Player player_id="54371" player_name="David Zurutuza">1</Player>
    <Player player_id="106921" player_name="Gerónimo Rulli">1</Player>
    <Player player_id="49656" player_name="Héctor Moreno">4</Player>
    <Player player_id="216475" player_name="Igor Zubeldia">5</Player>
  </Player>
  <Player cross_lost="0" cross_success="0" jersey_num="17" pass_lost="3" pass_success="4" player_id="54371" player_name="David Zurutuza" position="Substitute" position_id="5" sub_on="73" x="42.65" y="40.27">
    <Player player_id="219000" player_name="Mikel Oyarzabal">1</Player>
    <Player player_id="201179" player_name="Luca Sangalli">2</Player>
    <Player player_id="216475" player_name="Igor Zubeldia">1</Player>
  </Player>
  <Player cross_lost="0" cross_success="0" jersey_num="7" pass_lost="3" pass_success="10" player_id="80287" player_name="Juanmi" position="Forward" position_id="4" sub_off="73" x="53.08" y="52.41">
    <Player player_id="84086" player_name="Asier Illarramendi">2</Player>
    <Player player_id="219000" player_name="Mikel Oyarzabal">3</Player>
    <Player player_id="200957" player_name="Aritz Elustondo">1</Player>
    <Player player_id="222784" player_name="Theo Hernández">1</Player>
    <Player player_id="98821" player_name="Joseba Zaldua">1</Player>
    <Player player_id="201179" player_name="Luca Sangalli">2</Player>
  </Player>
  <Player cross_lost="0" cross_success="0" jersey_num="12" pass_lost="4" pass_success="1" player_id="73314" player_name="Willian José" position="Forward" position_id="4" sub_off="18" x="54.53" y="46.39">
    <Player player_id="219000" player_name="Mikel Oyarzabal">1</Player>
  </Player>
  <Player cross_lost="1" cross_success="0" jersey_num="2" pass_lost="19" pass_success="13" player_id="98821" player_name="Joseba Zaldua" position="Defender" position_id="2" x="37.09" y="15.33">
    <Player player_id="84086" player_name="Asier Illarramendi">3</Player>
    <Player player_id="219000" player_name="Mikel Oyarzabal">1</Player>
    <Player player_id="200957" player_name="Aritz Elustondo">5</Player>
    <Player player_id="54371" player_name="David Zurutuza">1</Player>
    <Player player_id="201179" player_name="Luca Sangalli">1</Player>
    <Player player_id="216475" player_name="Igor Zubeldia">2</Player>
  </Player>
  <Player cross_lost="1" cross_success="0" jersey_num="23" pass_lost="10" pass_success="8" player_id="201179" player_name="Luca Sangalli" position="Midfielder" position_id="3" x="53.19" y="25.01">
    <Player player_id="54371" player_name="David Zurutuza">1</Player>
    <Player player_id="80287" player_name="Juanmi">1</Player>
    <Player player_id="73314" player_name="Willian José">1</Player>
    <Player player_id="98821" player_name="Joseba Zaldua">4</Player>
    <Player player_id="216475" player_name="Igor Zubeldia">1</Player>
  </Player>
  <Player cross_lost="0" cross_success="0" jersey_num="5" pass_lost="12" pass_success="27" player_id="216475" player_name="Igor Zubeldia" position="Midfielder" position_id="3" x="38.27" y="63.94">
    <Player player_id="201182" player_name="Jon Bautista">3</Player>
    <Player player_id="84086" player_name="Asier Illarramendi">4</Player>
    <Player player_id="219000" player_name="Mikel Oyarzabal">3</Player>
    <Player player_id="200957" player_name="Aritz Elustondo">3</Player>
    <Player player_id="222784" player_name="Theo Hernández">6</Player>
    <Player player_id="80287" player_name="Juanmi">2</Player>
    <Player player_id="201179" player_name="Luca Sangalli">2</Player>
    <Player player_id="106921" player_name="Gerónimo Rulli">1</Player>
    <Player player_id="49656" player_name="Héctor Moreno">3</Player>
  </Player>
  <Player cross_lost="0" cross_success="0" jersey_num="6" pass_lost="8" pass_success="21" player_id="49656" player_name="Héctor Moreno" position="Defender" position_id="2" x="28.61" y="69.53">
    <Player player_id="201182" player_name="Jon Bautista">6</Player>
    <Player player_id="219000" player_name="Mikel Oyarzabal">1</Player>
    <Player player_id="200957" player_name="Aritz Elustondo">3</Player>
    <Player player_id="222784" player_name="Theo Hernández">3</Player>
    <Player player_id="73314" player_name="Willian José">1</Player>
    <Player player_id="216475" player_name="Igor Zubeldia">3</Player>
    <Player player_id="106921" player_name="Gerónimo Rulli">4</Player>
  </Player>
  <Player cross_lost="0" cross_success="0" jersey_num="1" pass_lost="16" pass_success="19" player_id="106921" player_name="Gerónimo Rulli" position="Goalkeeper" position_id="1" x="13.20" y="54.39">
    <Player player_id="84086" player_name="Asier Illarramendi">1</Player>
    <Player player_id="201182" player_name="Jon Bautista">5</Player>
    <Player player_id="219000" player_name="Mikel Oyarzabal">1</Player>
    <Player player_id="200957" player_name="Aritz Elustondo">1</Player>
    <Player player_id="222784" player_name="Theo Hernández">6</Player>
    <Player player_id="73314" player_name="Willian José">1</Player>
    <Player player_id="201179" player_name="Luca Sangalli">2</Player>
    <Player player_id="49656" player_name="Héctor Moreno">2</Player>
  </Player>
</SoccerFeed>