﻿<?xml version="1.0" encoding="UTF-8"?>
<!-- Copyright 2001-2018 Opta Sportsdata Ltd. All rights reserved. -->
<!-- PRODUCTION HEADER
     produced on:        valde-jobq-a02.nexus.opta.net
     production time:    20181217T153050,933Z
     production module:  Opta::Feed::XML::Soccer::F27
-->
<SoccerFeed act_minute="92" act_period="2" act_second="0" away_team_id="178" away_team_name="Barcelona" competition_id="23" competition_name="Spanish La Liga" game_date="2018-12-16 19:45:00" game_id="1009472" home_team_id="855" home_team_name="Levante" season_id="2018" season_name="Season 2018/2019" team_id="178" team_name="Barcelona">
  <Player cross_lost="0" cross_success="0" jersey_num="15" pass_lost="2" pass_success="42" player_id="171101" player_name="Clément Lenglet" position="Defender" position_id="2" x="27.45" y="59.68">
    <Player player_id="18221" player_name="Gerard Piqué">12</Player>
    <Player player_id="54104" player_name="Sergio Busquets">2</Player>
    <Player player_id="39336" player_name="Luis Suárez">3</Player>
    <Player player_id="34703" player_name="Ivan Rakitic">7</Player>
    <Player player_id="204043" player_name="Arthur">3</Player>
    <Player player_id="219438" player_name="Ousmane Dembélé">1</Player>
    <Player player_id="42565" player_name="Arturo Vidal">3</Player>
    <Player player_id="52356" player_name="Jordi Alba">7</Player>
    <Player player_id="15943" player_name="Thomas Vermaelen">4</Player>
  </Player>
  <Player cross_lost="0" cross_success="0" jersey_num="7" pass_lost="1" pass_success="10" player_id="84583" player_name="Coutinho" position="Substitute" position_id="5" sub_on="78" x="50.01" y="63.45">
    <Player player_id="54104" player_name="Sergio Busquets">4</Player>
    <Player player_id="204043" player_name="Arthur">2</Player>
    <Player player_id="52356" player_name="Jordi Alba">2</Player>
    <Player player_id="19054" player_name="Lionel Messi">2</Player>
  </Player>
  <Player cross_lost="0" cross_success="0" jersey_num="3" pass_lost="5" pass_success="52" player_id="18221" player_name="Gerard Piqué" position="Defender" position_id="2" x="26.94" y="34.71">
    <Player player_id="171101" player_name="Clément Lenglet">8</Player>
    <Player player_id="84583" player_name="Coutinho">2</Player>
    <Player player_id="54104" player_name="Sergio Busquets">5</Player>
    <Player player_id="77318" player_name="Marc-André ter Stegen">3</Player>
    <Player player_id="39336" player_name="Luis Suárez">2</Player>
    <Player player_id="34703" player_name="Ivan Rakitic">7</Player>
    <Player player_id="204043" player_name="Arthur">6</Player>
    <Player player_id="219438" player_name="Ousmane Dembélé">11</Player>
    <Player player_id="42565" player_name="Arturo Vidal">4</Player>
    <Player player_id="52356" player_name="Jordi Alba">1</Player>
    <Player player_id="19054" player_name="Lionel Messi">2</Player>
    <Player player_id="15943" player_name="Thomas Vermaelen">1</Player>
  </Player>
  <Player cross_lost="0" cross_success="0" jersey_num="1" pass_lost="6" pass_success="29" player_id="77318" player_name="Marc-André ter Stegen" position="Goalkeeper" position_id="1" x="7.06" y="50.59">
    <Player player_id="171101" player_name="Clément Lenglet">8</Player>
    <Player player_id="84583" player_name="Coutinho">1</Player>
    <Player player_id="18221" player_name="Gerard Piqué">3</Player>
    <Player player_id="39336" player_name="Luis Suárez">1</Player>
    <Player player_id="34703" player_name="Ivan Rakitic">3</Player>
    <Player player_id="219438" player_name="Ousmane Dembélé">4</Player>
    <Player player_id="42565" player_name="Arturo Vidal">4</Player>
    <Player player_id="52356" player_name="Jordi Alba">1</Player>
    <Player player_id="15943" player_name="Thomas Vermaelen">1</Player>
    <Player player_id="19054" player_name="Lionel Messi">2</Player>
  </Player>
  <Player cross_lost="0" cross_success="0" jersey_num="5" pass_lost="5" pass_success="60" player_id="54104" player_name="Sergio Busquets" position="Midfielder" position_id="3" x="40.62" y="51.54">
    <Player player_id="171101" player_name="Clément Lenglet">2</Player>
    <Player player_id="84583" player_name="Coutinho">1</Player>
    <Player player_id="18221" player_name="Gerard Piqué">5</Player>
    <Player player_id="39336" player_name="Luis Suárez">1</Player>
    <Player player_id="89572" player_name="Denis Suárez">1</Player>
    <Player player_id="204043" player_name="Arthur">10</Player>
    <Player player_id="42565" player_name="Arturo Vidal">7</Player>
    <Player player_id="19054" player_name="Lionel Messi">16</Player>
    <Player player_id="34703" player_name="Ivan Rakitic">12</Player>
    <Player player_id="219438" player_name="Ousmane Dembélé">1</Player>
    <Player player_id="52356" player_name="Jordi Alba">4</Player>
  </Player>
  <Player cross_lost="0" cross_success="0" jersey_num="9" pass_lost="4" pass_success="21" player_id="39336" player_name="Luis Suárez" position="Forward" position_id="4" x="60.70" y="59.78">
    <Player player_id="18221" player_name="Gerard Piqué">1</Player>
    <Player player_id="54104" player_name="Sergio Busquets">5</Player>
    <Player player_id="34703" player_name="Ivan Rakitic">2</Player>
    <Player player_id="219438" player_name="Ousmane Dembélé">3</Player>
    <Player player_id="42565" player_name="Arturo Vidal">2</Player>
    <Player player_id="52356" player_name="Jordi Alba">2</Player>
    <Player player_id="19054" player_name="Lionel Messi">6</Player>
  </Player>
  <Player cross_lost="0" cross_success="0" jersey_num="6" pass_lost="0" pass_success="5" player_id="89572" player_name="Denis Suárez" position="Substitute" position_id="5" sub_on="81" x="48.10" y="16.46">
    <Player player_id="34703" player_name="Ivan Rakitic">3</Player>
    <Player player_id="204043" player_name="Arthur">1</Player>
    <Player player_id="19054" player_name="Lionel Messi">1</Player>
  </Player>
  <Player cross_lost="0" cross_success="0" jersey_num="4" pass_lost="3" pass_success="60" player_id="34703" player_name="Ivan Rakitic" position="Midfielder" position_id="3" x="40.46" y="33.05">
    <Player player_id="171101" player_name="Clément Lenglet">7</Player>
    <Player player_id="18221" player_name="Gerard Piqué">10</Player>
    <Player player_id="77318" player_name="Marc-André ter Stegen">4</Player>
    <Player player_id="54104" player_name="Sergio Busquets">7</Player>
    <Player player_id="39336" player_name="Luis Suárez">8</Player>
    <Player player_id="89572" player_name="Denis Suárez">1</Player>
    <Player player_id="204043" player_name="Arthur">1</Player>
    <Player player_id="42565" player_name="Arturo Vidal">5</Player>
    <Player player_id="15943" player_name="Thomas Vermaelen">4</Player>
    <Player player_id="19054" player_name="Lionel Messi">3</Player>
    <Player player_id="219438" player_name="Ousmane Dembélé">10</Player>
  </Player>
  <Player cross_lost="0" cross_success="0" jersey_num="8" pass_lost="3" pass_success="31" player_id="204043" player_name="Arthur" position="Substitute" position_id="5" sub_on="52" x="46.46" y="61.53">
    <Player player_id="171101" player_name="Clément Lenglet">1</Player>
    <Player player_id="84583" player_name="Coutinho">3</Player>
    <Player player_id="18221" player_name="Gerard Piqué">2</Player>
    <Player player_id="77318" player_name="Marc-André ter Stegen">1</Player>
    <Player player_id="54104" player_name="Sergio Busquets">4</Player>
    <Player player_id="39336" player_name="Luis Suárez">3</Player>
    <Player player_id="89572" player_name="Denis Suárez">3</Player>
    <Player player_id="19054" player_name="Lionel Messi">4</Player>
    <Player player_id="34703" player_name="Ivan Rakitic">2</Player>
    <Player player_id="219438" player_name="Ousmane Dembélé">1</Player>
    <Player player_id="52356" player_name="Jordi Alba">7</Player>
  </Player>
  <Player cross_lost="1" cross_success="1" jersey_num="11" pass_lost="7" pass_success="28" player_id="219438" player_name="Ousmane Dembélé" position="Midfielder" position_id="3" sub_off="81" x="52.62" y="16.77">
    <Player player_id="171101" player_name="Clément Lenglet">1</Player>
    <Player player_id="18221" player_name="Gerard Piqué">4</Player>
    <Player player_id="54104" player_name="Sergio Busquets">6</Player>
    <Player player_id="39336" player_name="Luis Suárez">1</Player>
    <Player player_id="34703" player_name="Ivan Rakitic">5</Player>
    <Player cross="1" player_id="42565" player_name="Arturo Vidal">3</Player>
    <Player player_id="19054" player_name="Lionel Messi">8</Player>
  </Player>
  <Player cross_lost="0" cross_success="0" jersey_num="22" pass_lost="3" pass_success="41" player_id="42565" player_name="Arturo Vidal" position="Midfielder" position_id="3" sub_off="78" x="46.35" y="51.19">
    <Player player_id="171101" player_name="Clément Lenglet">2</Player>
    <Player player_id="18221" player_name="Gerard Piqué">6</Player>
    <Player player_id="54104" player_name="Sergio Busquets">3</Player>
    <Player player_id="39336" player_name="Luis Suárez">3</Player>
    <Player player_id="34703" player_name="Ivan Rakitic">7</Player>
    <Player player_id="219438" player_name="Ousmane Dembélé">3</Player>
    <Player player_id="52356" player_name="Jordi Alba">7</Player>
    <Player player_id="19054" player_name="Lionel Messi">7</Player>
    <Player player_id="15943" player_name="Thomas Vermaelen">3</Player>
  </Player>
  <Player cross_lost="0" cross_success="0" jersey_num="18" pass_lost="7" pass_success="41" player_id="52356" player_name="Jordi Alba" position="Midfielder" position_id="3" x="42.31" y="83.23">
    <Player player_id="171101" player_name="Clément Lenglet">5</Player>
    <Player player_id="84583" player_name="Coutinho">5</Player>
    <Player player_id="77318" player_name="Marc-André ter Stegen">1</Player>
    <Player player_id="54104" player_name="Sergio Busquets">7</Player>
    <Player player_id="39336" player_name="Luis Suárez">5</Player>
    <Player player_id="34703" player_name="Ivan Rakitic">1</Player>
    <Player player_id="204043" player_name="Arthur">5</Player>
    <Player player_id="42565" player_name="Arturo Vidal">4</Player>
    <Player player_id="15943" player_name="Thomas Vermaelen">5</Player>
    <Player player_id="19054" player_name="Lionel Messi">3</Player>
  </Player>
  <Player cross_lost="0" cross_success="0" jersey_num="24" pass_lost="3" pass_success="18" player_id="15943" player_name="Thomas Vermaelen" position="Defender" position_id="2" sub_off="52" x="29.84" y="77.24">
    <Player player_id="171101" player_name="Clément Lenglet">5</Player>
    <Player player_id="77318" player_name="Marc-André ter Stegen">3</Player>
    <Player player_id="54104" player_name="Sergio Busquets">2</Player>
    <Player player_id="34703" player_name="Ivan Rakitic">1</Player>
    <Player player_id="52356" player_name="Jordi Alba">7</Player>
  </Player>
  <Player cross_lost="1" cross_success="1" jersey_num="10" pass_lost="14" pass_success="36" player_id="19054" player_name="Lionel Messi" position="Forward" position_id="4" x="61.46" y="44.64">
    <Player player_id="171101" player_name="Clément Lenglet">2</Player>
    <Player player_id="84583" player_name="Coutinho">2</Player>
    <Player player_id="18221" player_name="Gerard Piqué">3</Player>
    <Player player_id="54104" player_name="Sergio Busquets">4</Player>
    <Player player_id="39336" player_name="Luis Suárez">3</Player>
    <Player player_id="89572" player_name="Denis Suárez">1</Player>
    <Player player_id="204043" player_name="Arthur">6</Player>
    <Player player_id="42565" player_name="Arturo Vidal">4</Player>
    <Player cross="1" player_id="15943" player_name="Thomas Vermaelen">0</Player>
    <Player player_id="34703" player_name="Ivan Rakitic">2</Player>
    <Player player_id="219438" player_name="Ousmane Dembélé">7</Player>
    <Player player_id="52356" player_name="Jordi Alba">2</Player>
  </Player>
</SoccerFeed>